{"loss": [1.4830498695373535, 0.7138753533363342, 0.1290111541748047, 0.03719351440668106, 0.04179729148745537, 0.026690926402807236, 0.09792432934045792, 0.0556725449860096, 0.02487800270318985, 0.020646315068006516, 0.004169152583926916, 0.04190238565206528, 0.02991473115980625, 0.030424602329730988, 0.002761502517387271, 0.009634112939238548, 0.020041625946760178, 0.007673889398574829, 0.0071498011238873005, 0.013357375748455524, 0.027046721428632736, 0.006361966021358967, 0.0010328426724299788, 0.017268329858779907, 0.0008509744657203555, 0.004759359173476696, 0.010181320831179619, 0.01854017935693264, 0.0006248786812648177, 0.0004299599677324295, 0.0062830024398863316, 0.0005408877041190863, 0.005092722829431295, 0.015907205641269684, 0.004373370669782162, 0.011792085133492947, 0.0006275086780078709, 0.005791380535811186, 0.0030926179606467485, 0.00024972748360596597, 0.0002857061044778675, 0.0076811243779957294, 0.010080214589834213, 0.00417088670656085, 0.008252998813986778, 0.01560143195092678, 0.01759575866162777, 0.0037858581636101007, 0.0047692591324448586, 0.008694404736161232, 0.010469656437635422, 0.0020793103612959385, 0.0003269632870797068, 0.004393137525767088, 0.005704039242118597, 0.0003728025476448238, 0.0037227615248411894, 0.00644183112308383, 0.00020376280008349568, 0.002780477050691843, 0.001932288520038128, 0.0056060682982206345, 0.00047485664254054427, 0.008044486865401268, 0.0024880049750208855], "acurracy": [0.8887500166893005, 0.9918749928474426, 0.9971874952316284, 1.0, 0.996874988079071, 0.9965624809265137, 0.9859374761581421, 0.9918749928474426, 0.9934375286102295, 0.9956250190734863, 1.0, 0.9925000071525574, 0.9918749928474426, 0.9956250190734863, 1.0, 0.9978125095367432, 0.9956250190734863, 0.9984375238418579, 0.9990624785423279, 0.9956250190734863, 0.9934375286102295, 0.9987499713897705, 1.0, 0.996874988079071, 1.0, 0.9993749856948853, 0.9981250166893005, 0.9962499737739563, 1.0, 1.0, 0.9987499713897705, 1.0, 0.9984375238418579, 0.9965624809265137, 0.9987499713897705, 0.9971874952316284, 1.0, 0.9981250166893005, 0.9996874928474426, 1.0, 1.0, 0.9981250166893005, 0.9981250166893005, 0.9987499713897705, 0.9987499713897705, 0.9956250190734863, 0.9950000047683716, 0.9993749856948853, 0.9993749856948853, 0.9975000023841858, 0.996874988079071, 0.9996874928474426, 1.0, 0.9984375238418579, 0.9984375238418579, 1.0, 0.9984375238418579, 0.9981250166893005, 1.0, 0.9993749856948853, 0.9993749856948853, 0.9990624785423279, 1.0, 0.9978125095367432, 0.9990624785423279], "val_loss": [1.385542392730713, 1.7336170673370361, 2.241665840148926, 2.609940528869629, 2.6562411785125732, 2.528867244720459, 2.0023813247680664, 1.547247290611267, 1.4344578981399536, 1.3678685426712036, 1.4157830476760864, 1.2669587135314941, 0.9307228922843933, 0.842604398727417, 0.8370984792709351, 0.8525391221046448, 0.8024089336395264, 0.798400342464447, 0.7920857071876526, 0.769143283367157, 0.6776818037033081, 0.6720131635665894, 0.6622141003608704, 0.6043521165847778, 0.5986261963844299, 0.6052258610725403, 0.6119186282157898, 0.5470603704452515, 0.556043267250061, 0.5560702085494995, 0.5287280082702637, 0.5198467373847961, 0.5149810314178467, 0.5424939393997192, 0.5041467547416687, 0.51127690076828, 0.5120278000831604, 0.5214574337005615, 0.5329307317733765, 0.5176201462745667, 0.5158580541610718, 0.5176942944526672, 0.5716192126274109, 0.5194571018218994, 0.4688695967197418, 0.49299851059913635, 0.4440869092941284, 0.4526783227920532, 0.44427064061164856, 0.40999317169189453, 0.45149940252304077, 0.4573880434036255, 0.48625051975250244, 0.4351738691329956, 0.44166186451911926, 0.4912271499633789, 0.514060914516449, 0.4741738438606262, 0.47876831889152527, 0.47169697284698486, 0.5037849545478821, 0.49218448996543884, 0.5437660217285156, 0.49084922671318054, 0.4959408938884735], "val_acurracy": [0.5706250071525574, 0.5799999833106995, 0.5859375, 0.5909374952316284, 0.578125, 0.5818750262260437, 0.590624988079071, 0.7003124952316284, 0.7649999856948853, 0.8068749904632568, 0.8003125190734863, 0.817187488079071, 0.8765624761581421, 0.8893749713897705, 0.8912500143051147, 0.8943750262260437, 0.909375011920929, 0.9128124713897705, 0.9128124713897705, 0.9168750047683716, 0.9156249761581421, 0.9175000190734863, 0.9146875143051147, 0.9190624952316284, 0.9165624976158142, 0.9175000190734863, 0.918749988079071, 0.917187511920929, 0.917187511920929, 0.9162499904632568, 0.9215624928474426, 0.9181249737739563, 0.9243749976158142, 0.918749988079071, 0.9162499904632568, 0.921875, 0.9212499856948853, 0.9168750047683716, 0.9221875071525574, 0.9196875095367432, 0.9206249713897705, 0.9234374761581421, 0.9181249737739563, 0.9190624952316284, 0.9150000214576721, 0.9106249809265137, 0.9153125286102295, 0.9181249737739563, 0.918749988079071, 0.917187511920929, 0.9168750047683716, 0.9184374809265137, 0.9162499904632568, 0.9200000166893005, 0.9196875095367432, 0.917187511920929, 0.9146875143051147, 0.9225000143051147, 0.921875, 0.9243749976158142, 0.9234374761581421, 0.9228125214576721, 0.9206249713897705, 0.925000011920929, 0.9246875047683716]}