{"loss": [0.720115065574646, 0.07912875711917877, 0.020254366099834442, 0.014162628911435604, 0.031444478780031204, 0.010415412485599518, 0.0202963724732399, 0.008131507784128189, 0.015292774885892868, 0.008917794562876225, 0.008656499907374382, 0.0002675668802112341, 0.00734212389215827, 0.006515083368867636, 0.005458899307996035, 0.0075469594448804855], "acurracy": [0.9424999952316284, 0.9881250262260437, 0.9962499737739563, 0.996874988079071, 0.9909374713897705, 0.9965624809265137, 0.9934375286102295, 0.9984375238418579, 0.9959375262260437, 0.9975000023841858, 0.9981250166893005, 1.0, 0.9984375238418579, 0.9987499713897705, 0.9990624785423279, 0.9981250166893005], "val_loss": [1.7277261018753052, 1.9854403734207153, 2.1264305114746094, 2.296517848968506, 2.531956195831299, 2.6313652992248535, 2.779543161392212, 2.8439342975616455, 2.9378719329833984, 2.972956657409668, 3.137072801589966, 3.1750051975250244, 3.2526421546936035, 3.281198740005493, 3.331355333328247, 3.347717046737671], "val_acurracy": [0.5590624809265137, 0.5709375143051147, 0.5731250047683716, 0.5509374737739563, 0.4950000047683716, 0.44468748569488525, 0.3409374952316284, 0.3018749952316284, 0.27531251311302185, 0.25437501072883606, 0.2199999988079071, 0.22718749940395355, 0.2056249976158142, 0.18718749284744263, 0.1759375035762787, 0.1615625023841858]}