{"loss": [1.406421184539795, 0.41051194071769714, 0.10109218955039978, 0.02027861773967743, 0.010013247840106487, 0.038196492940187454, 0.051212552934885025, 0.03627684339880943, 0.02873171865940094, 0.06337454169988632, 0.003650113008916378, 0.0021480084396898746, 0.013388251885771751, 0.012597602792084217, 0.0013795499689877033, 0.024628598242998123, 0.001501972321420908, 0.005059387534856796, 0.00779682444408536, 0.006195776630192995, 0.012312858365476131, 0.015355175361037254, 0.022175360471010208, 0.0065783727914094925, 0.0009074336849153042, 0.017610948532819748, 0.0009029473294503987, 0.0004160457756370306, 0.011611311696469784, 0.006535561289638281, 0.004004205577075481, 0.004617511760443449, 0.0032706588972359896, 0.006710278335958719, 0.008366087451577187, 0.011786353774368763, 0.0002239329187432304, 0.0002378556819166988, 0.009498102590441704, 0.00232577882707119, 0.009340839460492134, 0.004029447212815285, 0.0026606598403304815, 0.009565513581037521, 0.007419283967465162, 0.00013392492837738246, 0.005338973365724087, 0.009717941284179688, 0.0036606788635253906, 0.020934993401169777, 0.0006466882769018412, 0.0002718501491472125, 0.00034508039243519306, 0.004003557376563549, 8.880518726073205e-05, 0.008124644868075848, 0.010199062526226044, 0.00544141186401248, 0.004880404565483332, 0.00913221761584282, 0.00011989583435934037, 0.009925656951963902, 0.003633036045357585, 0.011957666836678982, 0.003912168554961681], "acurracy": [0.9384375214576721, 1.0, 0.9903125166893005, 1.0, 1.0, 0.9965624809265137, 0.9937499761581421, 0.995312511920929, 0.9928125143051147, 0.989062488079071, 1.0, 1.0, 0.9975000023841858, 0.9978125095367432, 1.0, 0.9975000023841858, 1.0, 0.9993749856948853, 0.9987499713897705, 0.9993749856948853, 0.9981250166893005, 0.9975000023841858, 0.995312511920929, 0.9990624785423279, 1.0, 0.9965624809265137, 1.0, 1.0, 0.9975000023841858, 0.9984375238418579, 0.9996874928474426, 0.9987499713897705, 0.9990624785423279, 0.9987499713897705, 0.9975000023841858, 0.996874988079071, 1.0, 1.0, 0.996874988079071, 0.9993749856948853, 0.9971874952316284, 0.9987499713897705, 0.9993749856948853, 0.9975000023841858, 0.9987499713897705, 1.0, 0.9987499713897705, 0.9971874952316284, 0.9990624785423279, 0.9956250190734863, 1.0, 1.0, 1.0, 0.9987499713897705, 1.0, 0.9984375238418579, 0.996874988079071, 0.9981250166893005, 0.9987499713897705, 0.9978125095367432, 1.0, 0.996874988079071, 0.9990624785423279, 0.996874988079071, 0.9990624785423279], "val_loss": [1.3168654441833496, 1.7047709226608276, 1.8213379383087158, 2.0124330520629883, 2.149806261062622, 2.028343915939331, 1.7415298223495483, 1.5481356382369995, 1.5720546245574951, 1.1481120586395264, 1.2352122068405151, 1.2708781957626343, 1.097205638885498, 1.107092261314392, 1.1128623485565186, 0.9850079417228699, 0.9559192061424255, 0.990854024887085, 0.8922173380851746, 0.8750684261322021, 0.7735405564308167, 0.6525184512138367, 0.535298228263855, 0.5269336700439453, 0.5397009253501892, 0.4986656904220581, 0.5280033946037292, 0.5122145414352417, 0.5341728329658508, 0.49398449063301086, 0.5064111948013306, 0.5097255110740662, 0.5207377076148987, 0.4974185526371002, 0.4988885819911957, 0.4803766906261444, 0.5235739350318909, 0.49923259019851685, 0.4719570577144623, 0.5437512993812561, 0.5106963515281677, 0.5210543274879456, 0.5608554482460022, 0.5016182065010071, 0.562319815158844, 0.5138639807701111, 0.5269966721534729, 0.5072060227394104, 0.5168983936309814, 0.4592755436897278, 0.5193817019462585, 0.5172967314720154, 0.5006575584411621, 0.5064572095870972, 0.48388367891311646, 0.534089982509613, 0.5074865221977234, 0.501603901386261, 0.5219036340713501, 0.49200454354286194, 0.5039929747581482, 0.5044098496437073, 0.48906445503234863, 0.49692508578300476, 0.5148212313652039], "val_acurracy": [0.5793750286102295, 0.5806249976158142, 0.5975000262260437, 0.5921875238418579, 0.5859375, 0.6784374713897705, 0.8221874833106995, 0.8518750071525574, 0.8600000143051147, 0.878125011920929, 0.875, 0.8774999976158142, 0.885937511920929, 0.8815624713897705, 0.8853124976158142, 0.8946874737739563, 0.8934375047683716, 0.8896874785423279, 0.8974999785423279, 0.8984375, 0.9040625095367432, 0.9096875190734863, 0.9103124737739563, 0.9121875166893005, 0.910937488079071, 0.9084374904632568, 0.9090625047683716, 0.9118750095367432, 0.909375011920929, 0.9137499928474426, 0.9143750071525574, 0.917187511920929, 0.9181249737739563, 0.9184374809265137, 0.9128124713897705, 0.9150000214576721, 0.9128124713897705, 0.9150000214576721, 0.9206249713897705, 0.9165624976158142, 0.9184374809265137, 0.9175000190734863, 0.9162499904632568, 0.9196875095367432, 0.9193750023841858, 0.9212499856948853, 0.9231250286102295, 0.9212499856948853, 0.9221875071525574, 0.9209374785423279, 0.9159374833106995, 0.9206249713897705, 0.9150000214576721, 0.9231250286102295, 0.9200000166893005, 0.9165624976158142, 0.9237499833106995, 0.9212499856948853, 0.9225000143051147, 0.9181249737739563, 0.9162499904632568, 0.9215624928474426, 0.9206249713897705, 0.9246875047683716, 0.9193750023841858]}