{"loss": [1.4745759963989258, 0.524164080619812, 0.05049256980419159, 0.007812095806002617, 0.03150756657123566, 0.04205683618783951, 0.01699730008840561, 0.014849774539470673, 0.0014304295182228088, 0.009492656216025352, 0.021105902269482613, 0.01521284505724907, 0.014074688777327538, 0.0006964319036342204, 0.014427092857658863, 0.0169207900762558], "acurracy": [0.9784374833106995, 0.9956250190734863, 0.9912499785423279, 1.0, 0.9900000095367432, 0.9846875071525574, 0.9962499737739563, 0.9971874952316284, 1.0, 0.9965624809265137, 0.9921875, 0.9943749904632568, 0.9946874976158142, 1.0, 0.995312511920929, 0.9956250190734863], "val_loss": [1.267439603805542, 1.9029639959335327, 2.3816893100738525, 2.6454131603240967, 2.882108211517334, 2.9687604904174805, 2.9348394870758057, 3.061037063598633, 3.0715298652648926, 3.158243417739868, 3.1542606353759766, 3.188754081726074, 3.354924201965332, 3.286111831665039, 3.3139069080352783, 3.120640754699707], "val_acurracy": [0.7293750047683716, 0.6043750047683716, 0.5853124856948853, 0.5768749713897705, 0.5703125, 0.7049999833106995, 0.6103125214576721, 0.6165624856948853, 0.612500011920929, 0.6887500286102295, 0.6146875023841858, 0.6071875095367432, 0.6006249785423279, 0.6440625190734863, 0.6840624809265137, 0.5268750190734863]}