{"loss": [1.276257872581482, 0.24139957129955292, 0.043611157685518265, 0.040674734860658646, 0.011236390098929405, 0.022707493975758553, 0.0009777896339073777, 0.025162937119603157, 0.03304996341466904, 0.027001429349184036, 0.018801257014274597, 0.022707898169755936, 0.029708731919527054, 0.01602134294807911, 0.00026801545755006373, 0.01788594387471676, 0.014479231089353561, 0.015633994713425636, 0.010607818141579628, 0.006462495308369398, 0.009706703014671803, 0.013515222817659378, 0.014362731017172337, 0.004846556112170219, 0.00018392715719528496, 0.019661230966448784, 0.0035188598558306694, 0.01322968490421772, 0.015483060851693153, 0.01053440198302269, 0.014748327434062958, 0.006005670875310898, 0.024163559079170227, 0.00016571267042309046, 0.014503722079098225, 0.008354616351425648, 0.00014303097850643098, 0.009685065597295761, 0.008764464408159256], "acurracy": [0.9196875095367432, 0.9959375262260437, 0.9921875, 0.9881250262260437, 0.996874988079071, 0.9912499785423279, 1.0, 0.9903125166893005, 0.9893749952316284, 0.9918749928474426, 0.995312511920929, 0.9946874976158142, 0.995312511920929, 0.9959375262260437, 1.0, 0.9975000023841858, 0.996874988079071, 0.9959375262260437, 0.9984375238418579, 0.9993749856948853, 0.9984375238418579, 0.9975000023841858, 0.9971874952316284, 0.9990624785423279, 1.0, 0.9946874976158142, 0.9993749856948853, 0.9956250190734863, 0.9962499737739563, 0.9965624809265137, 0.995312511920929, 0.9984375238418579, 0.9931250214576721, 1.0, 0.9962499737739563, 0.9978125095367432, 1.0, 0.9978125095367432, 0.9975000023841858], "val_loss": [1.347888469696045, 1.3684273958206177, 1.447879433631897, 1.4967387914657593, 1.5406653881072998, 1.5417535305023193, 1.616197109222412, 1.584232211112976, 1.522611141204834, 1.513522982597351, 1.458298921585083, 1.4178204536437988, 1.3666208982467651, 1.3048295974731445, 1.3031266927719116, 1.2991241216659546, 1.2157536745071411, 1.2173629999160767, 1.1755549907684326, 1.196192979812622, 1.0522311925888062, 1.0955662727355957, 1.0626152753829956, 1.0512863397598267, 1.1265913248062134, 1.0732080936431885, 1.1029143333435059, 1.18458890914917, 1.1527537107467651, 1.201563835144043, 1.2037079334259033, 1.25738525390625, 1.087188482284546, 1.178485631942749, 1.0886178016662598, 1.1202785968780518, 1.1418198347091675, 1.1265134811401367, 1.0797247886657715], "val_acurracy": [0.5440624952316284, 0.5834375023841858, 0.6459375023841858, 0.7381250262260437, 0.7571874856948853, 0.7962499856948853, 0.7953125238418579, 0.8268749713897705, 0.8365625143051147, 0.839062511920929, 0.8459374904632568, 0.8450000286102295, 0.8434374928474426, 0.84375, 0.84375, 0.8371875286102295, 0.8362500071525574, 0.839062511920929, 0.8434374928474426, 0.8393750190734863, 0.8465625047683716, 0.8431249856948853, 0.8462499976158142, 0.8446875214576721, 0.8415625095367432, 0.8493750095367432, 0.8431249856948853, 0.8343750238418579, 0.8387500047683716, 0.8371875286102295, 0.8381249904632568, 0.839062511920929, 0.8465625047683716, 0.8412500023841858, 0.8478124737739563, 0.8450000286102295, 0.8440625071525574, 0.8481249809265137, 0.8503124713897705]}