{"loss": [1.3425790071487427, 0.3024703860282898, 0.031434424221515656, 0.033966708928346634, 0.04509102180600166, 0.005826790817081928, 0.01054264698177576, 0.0029265570919960737, 0.009483501315116882, 0.07341648638248444, 0.020062701776623726, 0.002409418113529682, 0.02497229538857937, 0.02195689268410206, 0.014631817117333412, 0.016969231888651848, 0.015511685982346535, 0.006935979705303907, 0.006892121862620115, 0.05259237810969353, 0.014597326517105103, 0.001667949603870511, 0.017706120386719704, 0.001247215666808188, 0.0008817280177026987, 0.004493300803005695, 0.007968557067215443, 0.006784020457416773, 0.005003202706575394, 0.0005747296963818371, 0.00032987509621307254, 0.000313339929562062, 0.00881735049188137, 0.0029273610562086105, 0.012510093860328197, 0.005718511994928122, 0.006888392381370068, 0.004572655539959669, 0.0030063344165682793, 0.002195698907598853, 0.011161326430737972, 0.004175352863967419, 0.00024299201322719455, 0.003252664813771844, 0.002964028622955084, 0.0017337400931864977, 0.005718525033444166, 0.0023935220669955015, 0.007329201325774193, 0.0001854176225606352, 0.01548099610954523, 0.017649339511990547], "acurracy": [0.9443749785423279, 0.9965624809265137, 1.0, 0.996874988079071, 0.9912499785423279, 1.0, 0.9978125095367432, 1.0, 0.9971874952316284, 0.9925000071525574, 0.9981250166893005, 1.0, 0.9962499737739563, 0.9987499713897705, 0.9990624785423279, 0.9990624785423279, 0.9975000023841858, 0.9990624785423279, 0.9990624785423279, 0.9915624856948853, 0.9978125095367432, 1.0, 0.9959375262260437, 1.0, 1.0, 0.9996874928474426, 0.9987499713897705, 0.9987499713897705, 0.9984375238418579, 1.0, 1.0, 1.0, 0.9987499713897705, 0.9996874928474426, 0.995312511920929, 0.9987499713897705, 0.9984375238418579, 0.9987499713897705, 0.9990624785423279, 0.9996874928474426, 0.9978125095367432, 0.9990624785423279, 1.0, 0.9990624785423279, 0.9990624785423279, 0.9996874928474426, 0.9984375238418579, 0.9993749856948853, 0.9984375238418579, 1.0, 0.995312511920929, 0.995312511920929], "val_loss": [1.2362221479415894, 1.7154814004898071, 2.025264024734497, 2.0371177196502686, 2.0528769493103027, 2.0461463928222656, 2.141061544418335, 2.200125217437744, 2.252479314804077, 1.6291896104812622, 1.5405144691467285, 1.5749932527542114, 1.4221006631851196, 1.3536698818206787, 1.2989658117294312, 1.1265544891357422, 0.9616618156433105, 1.0349441766738892, 1.0135306119918823, 0.622718095779419, 0.5783930420875549, 0.5623784065246582, 0.5209792256355286, 0.5351001620292664, 0.5187579393386841, 0.5327861905097961, 0.4823949933052063, 0.5081701278686523, 0.48943692445755005, 0.5154992341995239, 0.5100014209747314, 0.5101034045219421, 0.4653722643852234, 0.4700898826122284, 0.4627995789051056, 0.46727997064590454, 0.4276143014431, 0.487787127494812, 0.4904634356498718, 0.5121780633926392, 0.43079930543899536, 0.45126476883888245, 0.48468345403671265, 0.48948556184768677, 0.4775235652923584, 0.454768568277359, 0.4811632037162781, 0.4797801971435547, 0.4902385473251343, 0.4703301191329956, 0.476459264755249, 0.4479339122772217], "val_acurracy": [0.6284375190734863, 0.7503125071525574, 0.7506250143051147, 0.7903125286102295, 0.8324999809265137, 0.8381249904632568, 0.8450000286102295, 0.8487499952316284, 0.8550000190734863, 0.862500011920929, 0.864062488079071, 0.8643749952316284, 0.8684375286102295, 0.8650000095367432, 0.8656250238418579, 0.8700000047683716, 0.8806250095367432, 0.8771874904632568, 0.8753125071525574, 0.8959375023841858, 0.8996875286102295, 0.901562511920929, 0.9068750143051147, 0.9028124809265137, 0.9068750143051147, 0.9090625047683716, 0.9056249856948853, 0.9049999713897705, 0.9103124737739563, 0.9065625071525574, 0.9084374904632568, 0.9065625071525574, 0.9134374856948853, 0.9100000262260437, 0.9121875166893005, 0.9121875166893005, 0.9100000262260437, 0.9071875214576721, 0.90625, 0.9037500023841858, 0.9087499976158142, 0.9078124761581421, 0.9081249833106995, 0.9068750143051147, 0.9106249809265137, 0.9096875190734863, 0.9118750095367432, 0.9103124737739563, 0.9103124737739563, 0.9106249809265137, 0.9128124713897705, 0.9203125238418579]}