{"loss": [1.5027297735214233, 0.9968067407608032, 0.49724194407463074, 0.2366560697555542, 0.1167302131652832, 0.10106877982616425, 0.10019237548112869, 0.032200444489717484, 0.021976618096232414, 0.06292328983545303, 0.07647312432527542, 0.05092991888523102, 0.06520252674818039, 0.052764326333999634, 0.053941935300827026, 0.08391731977462769, 0.048447538167238235, 0.021257255226373672], "acurracy": [0.40937501192092896, 0.9599999785423279, 1.0, 0.995312511920929, 0.9975000023841858, 0.9912499785423279, 0.9884374737739563, 1.0, 1.0, 0.9928125143051147, 0.9893749952316284, 0.9943749904632568, 0.9909374713897705, 0.9928125143051147, 0.9921875, 0.987500011920929, 0.9928125143051147, 0.9978125095367432], "val_loss": [1.4881806373596191, 1.3243168592453003, 1.2748210430145264, 1.388192892074585, 1.5832397937774658, 1.7747645378112793, 1.8562170267105103, 2.0352492332458496, 2.1960959434509277, 2.293212413787842, 2.365446090698242, 2.397071123123169, 2.4576165676116943, 2.6310791969299316, 2.6119143962860107, 2.6664364337921143, 2.721536636352539, 2.833087682723999], "val_acurracy": [0.5687500238418579, 0.5774999856948853, 0.5806249976158142, 0.5815625190734863, 0.5796874761581421, 0.5753124952316284, 0.5849999785423279, 0.582812488079071, 0.5806249976158142, 0.5793750286102295, 0.5743749737739563, 0.5837500095367432, 0.5849999785423279, 0.5693749785423279, 0.5803124904632568, 0.5793750286102295, 0.5790625214576721, 0.581250011920929]}