{"loss": [1.4924159049987793, 0.9792210459709167, 0.4580763280391693, 0.2226419448852539, 0.11900611966848373, 0.0502680204808712, 0.07886997610330582, 0.040756501257419586, 0.01794825680553913, 0.08845428377389908, 0.03195927292108536, 0.0359901562333107, 0.05528062954545021, 0.02950885146856308, 0.04478582739830017, 0.036527007818222046, 0.050896354019641876, 0.038278255611658096], "acurracy": [0.4143750071525574, 0.9703124761581421, 1.0, 0.9884374737739563, 0.9921875, 1.0, 0.9918749928474426, 0.9971874952316284, 1.0, 0.9871875047683716, 0.996874988079071, 0.9956250190734863, 0.9925000071525574, 0.996874988079071, 0.9937499761581421, 0.9950000047683716, 0.9925000071525574, 0.9946874976158142], "val_loss": [1.4769058227539062, 1.3168580532073975, 1.3163940906524658, 1.4974077939987183, 1.7126071453094482, 1.9005945920944214, 2.0968751907348633, 2.2271835803985596, 2.3628885746002197, 2.414623975753784, 2.537152051925659, 2.670048475265503, 2.6834969520568848, 2.786252737045288, 2.8667969703674316, 2.848132610321045, 2.8370351791381836, 2.896972894668579], "val_acurracy": [0.5740625262260437, 0.5793750286102295, 0.5768749713897705, 0.5740625262260437, 0.5746874809265137, 0.5778124928474426, 0.5728124976158142, 0.5787500143051147, 0.5831249952316284, 0.5837500095367432, 0.5787500143051147, 0.573437511920929, 0.5787500143051147, 0.5771874785423279, 0.5706250071525574, 0.5809375047683716, 0.5815625190734863, 0.5821874737739563]}