{"loss": [1.5593605041503906, 1.0346264839172363, 0.5037821531295776, 0.216115802526474, 0.11054492741823196, 0.12943068146705627, 0.0781710147857666, 0.09217258542776108, 0.048919081687927246, 0.06965041160583496, 0.03378121927380562, 0.059541378170251846, 0.02609335631132126, 0.008527569472789764, 0.12667442858219147, 0.06407584249973297, 0.05343107134103775, 0.03294019401073456], "acurracy": [0.40843749046325684, 0.9806249737739563, 0.9950000047683716, 0.9925000071525574, 0.9950000047683716, 0.9837499856948853, 0.9928125143051147, 0.9884374737739563, 0.9950000047683716, 0.9903125166893005, 0.9962499737739563, 0.9912499785423279, 0.9975000023841858, 1.0, 0.9793750047683716, 0.9900000095367432, 0.9915624856948853, 0.9956250190734863], "val_loss": [1.5119622945785522, 1.362802267074585, 1.3370428085327148, 1.5499451160430908, 1.7818365097045898, 2.0140459537506104, 2.1479430198669434, 2.4043920040130615, 2.5330944061279297, 2.67922306060791, 2.8283679485321045, 2.9331068992614746, 3.0083322525024414, 3.2083899974823, 3.225407123565674, 3.3035876750946045, 3.3797686100006104, 3.576052188873291], "val_acurracy": [0.5753124952316284, 0.573437511920929, 0.5859375, 0.5818750262260437, 0.5821874737739563, 0.5759375095367432, 0.5881249904632568, 0.5771874785423279, 0.5837500095367432, 0.5774999856948853, 0.5762500166893005, 0.5784375071525574, 0.5865625143051147, 0.5768749713897705, 0.5721874833106995, 0.5756250023841858, 0.5831249952316284, 0.5706250071525574]}