{"loss": [1.1484806537628174, 0.08801498264074326, 0.007742696441709995, 0.020320460200309753, 0.031465083360672, 0.05557733401656151, 0.021945660933852196, 0.010327983647584915, 0.02767440490424633, 0.0004225668963044882, 0.008871829137206078, 0.014994313940405846, 0.015610482543706894, 0.00017103174468502402, 0.005319710820913315, 0.015586534515023232], "acurracy": [0.8809375166893005, 1.0, 1.0, 0.9943749904632568, 0.9937499761581421, 0.989062488079071, 0.9956250190734863, 0.9978125095367432, 0.9940624833106995, 1.0, 0.9987499713897705, 0.9971874952316284, 0.9965624809265137, 1.0, 0.9984375238418579, 0.995312511920929], "val_loss": [1.6076359748840332, 2.256375551223755, 2.5589330196380615, 2.800469160079956, 3.0091135501861572, 3.651406764984131, 3.7856109142303467, 3.9790825843811035, 4.016552925109863, 4.146535396575928, 4.260268688201904, 4.474327564239502, 4.64682149887085, 4.741926193237305, 4.845627307891846, 4.857868671417236], "val_acurracy": [0.5106250047683716, 0.5462499856948853, 0.5559375286102295, 0.49687498807907104, 0.42406249046325684, 0.28468748927116394, 0.27156248688697815, 0.2434374988079071, 0.22187499701976776, 0.21968750655651093, 0.2056249976158142, 0.19750000536441803, 0.1784375011920929, 0.1731249988079071, 0.1731249988079071, 0.16093750298023224]}