{"loss": [1.3602495193481445, 0.337297260761261, 0.055227600038051605, 0.03574696555733681, 0.02425421215593815, 0.020270895212888718, 0.004434931557625532, 0.03726164996623993, 0.017513345927000046, 0.001940252142958343, 0.047313857823610306, 0.04130220040678978, 0.007653587963432074, 0.002132488414645195, 0.0014852466993033886, 0.04947350546717644, 0.005104222800582647, 0.016164075583219528, 0.0012563248164951801, 0.010159752331674099, 0.019632479175925255, 0.00651056133210659, 0.0007768981740809977, 0.0007976781344041228, 0.0204455628991127, 0.007060974836349487, 0.0006644742679782212, 0.00921876635402441, 0.000456827663583681, 0.015165561810135841, 0.003975238651037216, 0.008164575323462486, 0.0002892701595555991, 0.010022619739174843, 0.0056961821392178535, 0.01216608565300703, 0.004569441545754671, 0.0001974133338080719, 0.005887235514819622, 0.002357650548219681, 0.010151168331503868, 0.000295463454676792, 0.007294016890227795, 0.006020139437168837, 0.0003733883786480874, 0.00019580445950850844, 0.012871400453150272, 0.005926608573645353, 0.00027028872864320874, 0.0025298886466771364, 0.011704760603606701, 0.005383148789405823, 0.0041083903051912785, 8.999945566756651e-05, 0.005522804334759712, 0.005554105620831251, 0.001565122278407216, 0.005064284894615412, 0.005547549109905958], "acurracy": [0.9271875023841858, 0.9925000071525574, 0.996874988079071, 0.995312511920929, 0.995312511920929, 0.9978125095367432, 1.0, 0.9943749904632568, 0.9975000023841858, 1.0, 0.9956250190734863, 0.9937499761581421, 0.9990624785423279, 1.0, 1.0, 0.9931250214576721, 0.9996874928474426, 0.996874988079071, 1.0, 0.9987499713897705, 0.9962499737739563, 0.9990624785423279, 1.0, 1.0, 0.9946874976158142, 0.9984375238418579, 1.0, 0.9978125095367432, 1.0, 0.9959375262260437, 0.9990624785423279, 0.9978125095367432, 1.0, 0.9978125095367432, 0.9987499713897705, 0.996874988079071, 0.9990624785423279, 1.0, 0.9990624785423279, 0.9996874928474426, 0.996874988079071, 1.0, 0.9981250166893005, 0.9990624785423279, 1.0, 1.0, 0.9962499737739563, 0.9990624785423279, 1.0, 0.9996874928474426, 0.9965624809265137, 0.9984375238418579, 0.9993749856948853, 1.0, 0.9981250166893005, 0.9984375238418579, 0.9996874928474426, 0.9987499713897705, 0.9987499713897705], "val_loss": [1.3314825296401978, 1.6037667989730835, 1.8274281024932861, 1.8631646633148193, 1.9440962076187134, 1.792608380317688, 1.8808670043945312, 1.667688012123108, 1.611322283744812, 1.633582592010498, 1.2826471328735352, 1.0177011489868164, 1.034409523010254, 1.0854629278182983, 1.1059868335723877, 0.7514013648033142, 0.7482540011405945, 0.7095987200737, 0.7530313730239868, 0.7064476013183594, 0.5924504995346069, 0.6071492433547974, 0.6310812830924988, 0.5983301997184753, 0.5582501888275146, 0.504421055316925, 0.5736110210418701, 0.5552972555160522, 0.5685442090034485, 0.5522031188011169, 0.5083315372467041, 0.5132472515106201, 0.5037065148353577, 0.4504759907722473, 0.46758174896240234, 0.4887063503265381, 0.45950183272361755, 0.49258577823638916, 0.5264060497283936, 0.49196940660476685, 0.4701883792877197, 0.47641438245773315, 0.4728986620903015, 0.4232443869113922, 0.4465366005897522, 0.45132526755332947, 0.4700748324394226, 0.4749896228313446, 0.47339072823524475, 0.49716687202453613, 0.4582088887691498, 0.4749026596546173, 0.4797276258468628, 0.48034343123435974, 0.4908038377761841, 0.45628830790519714, 0.43888866901397705, 0.43573909997940063, 0.4507262408733368], "val_acurracy": [0.5674999952316284, 0.621874988079071, 0.6784374713897705, 0.7662500143051147, 0.8096874952316284, 0.8224999904632568, 0.8246874809265137, 0.8362500071525574, 0.8512499928474426, 0.8509374856948853, 0.862500011920929, 0.8712499737739563, 0.8728125095367432, 0.8696874976158142, 0.8715624809265137, 0.8921874761581421, 0.8896874785423279, 0.8981249928474426, 0.895312488079071, 0.8943750262260437, 0.9009374976158142, 0.8987500071525574, 0.9009374976158142, 0.9012500047683716, 0.9046875238418579, 0.9071875214576721, 0.9034374952316284, 0.9024999737739563, 0.9021875262260437, 0.9024999737739563, 0.9043750166893005, 0.9065625071525574, 0.9065625071525574, 0.910937488079071, 0.9043750166893005, 0.9065625071525574, 0.9090625047683716, 0.9065625071525574, 0.9049999713897705, 0.9053124785423279, 0.9096875190734863, 0.9043750166893005, 0.9084374904632568, 0.9121875166893005, 0.9103124737739563, 0.9125000238418579, 0.9059374928474426, 0.9081249833106995, 0.9087499976158142, 0.909375011920929, 0.9100000262260437, 0.9153125286102295, 0.9131249785423279, 0.9146875143051147, 0.9162499904632568, 0.9153125286102295, 0.9175000190734863, 0.9143750071525574, 0.9153125286102295]}