{"loss": [1.2588329315185547, 0.14837639033794403, 0.05424104630947113, 0.018161417916417122, 0.0025228769518435, 0.02645990438759327, 0.011999146081507206, 0.013802438043057919, 0.011151695623993874, 0.024453749880194664, 0.02371540293097496, 0.03980713710188866, 0.01942698284983635, 0.00024942352320067585, 0.01554107666015625, 0.028942491859197617], "acurracy": [0.8634374737739563, 1.0, 0.9871875047683716, 0.9956250190734863, 1.0, 0.9928125143051147, 0.9965624809265137, 0.9965624809265137, 0.9962499737739563, 0.9931250214576721, 0.9918749928474426, 0.9853125214576721, 0.9934375286102295, 1.0, 0.9946874976158142, 0.9896875023841858], "val_loss": [1.5430009365081787, 2.252579689025879, 2.74027156829834, 2.9870636463165283, 3.216413974761963, 3.5519137382507324, 3.762052059173584, 3.9416849613189697, 4.134787082672119, 4.358309745788574, 4.495950698852539, 4.697115421295166, 4.9399189949035645, 4.86690092086792, 5.072921276092529, 5.248867988586426], "val_acurracy": [0.5199999809265137, 0.5534374713897705, 0.5465624928474426, 0.5684375166893005, 0.5631250143051147, 0.5687500238418579, 0.5646874904632568, 0.5759375095367432, 0.5799999833106995, 0.5778124928474426, 0.5740625262260437, 0.5184375047683716, 0.5159375071525574, 0.5256249904632568, 0.4243749976158142, 0.20624999701976776]}