{"loss": [1.0988960266113281, 0.11446688324213028, 0.0374629944562912, 0.005496381316334009, 0.015736401081085205, 0.044575534760951996, 0.022440001368522644, 0.03942178189754486, 0.01756206341087818, 0.00123638438526541, 0.02209032140672207, 0.01847163587808609, 0.017928393557667732, 0.0159163661301136, 0.011056380346417427, 0.013464953750371933, 0.011408128775656223, 0.012126276269555092, 0.00981343723833561, 0.011457034386694431, 0.00027419638354331255, 0.004433752037584782, 0.004529646132141352, 0.009364555589854717, 0.014803294092416763, 0.005923792719841003, 0.0001544395345263183, 0.014336854219436646, 0.0035470062866806984, 0.009999880567193031, 0.003066857112571597, 0.0001144667694461532, 0.00011211940000066534, 0.003656174521893263, 0.0036333955358713865, 0.01215355284512043, 0.0041153402999043465, 0.00012418445840012282, 0.004994380287826061, 0.005225792992860079, 0.002178039401769638, 0.0022222641855478287, 6.938762089703232e-05, 0.0015571287367492914, 0.0013553905300796032, 0.010908974334597588, 0.002108413726091385, 0.0025452980771660805, 0.004007356241345406, 0.003067967016249895, 4.359552985988557e-05, 0.0017385391984134912, 2.069781294267159e-05, 0.011218463070690632, 0.006286954507231712, 0.00715792877599597, 8.65367201186018e-06], "acurracy": [0.9706249833106995, 0.9937499761581421, 0.9934375286102295, 1.0, 0.9975000023841858, 0.9900000095367432, 0.9971874952316284, 0.9943749904632568, 0.9965624809265137, 1.0, 0.9965624809265137, 0.9962499737739563, 0.996874988079071, 0.996874988079071, 0.9984375238418579, 0.9984375238418579, 0.9978125095367432, 0.9984375238418579, 0.9987499713897705, 0.9981250166893005, 1.0, 0.9990624785423279, 0.9990624785423279, 0.9975000023841858, 0.9962499737739563, 0.9981250166893005, 1.0, 0.9971874952316284, 0.9990624785423279, 0.9978125095367432, 0.9993749856948853, 1.0, 1.0, 0.9990624785423279, 0.9987499713897705, 0.9975000023841858, 0.9984375238418579, 1.0, 0.9990624785423279, 0.9984375238418579, 0.9993749856948853, 0.9996874928474426, 1.0, 0.9993749856948853, 0.9996874928474426, 0.9965624809265137, 0.9993749856948853, 0.9993749856948853, 0.9987499713897705, 0.9990624785423279, 1.0, 0.9996874928474426, 1.0, 0.9975000023841858, 0.9984375238418579, 0.9978125095367432, 1.0], "val_loss": [1.3256378173828125, 1.3311342000961304, 1.2976951599121094, 1.3431031703948975, 1.3098609447479248, 1.113938570022583, 1.1044923067092896, 0.9807283282279968, 0.9714610576629639, 0.962188720703125, 0.9175437092781067, 0.8568426370620728, 0.7958109378814697, 0.7213630080223083, 0.7107999324798584, 0.6611950397491455, 0.6421182751655579, 0.5813447833061218, 0.5271931886672974, 0.5079648494720459, 0.5133697986602783, 0.4879872798919678, 0.4863855242729187, 0.4501118063926697, 0.42501214146614075, 0.4202015995979309, 0.43083858489990234, 0.4005838632583618, 0.39730265736579895, 0.3769012689590454, 0.3588657081127167, 0.3672354817390442, 0.36208680272102356, 0.39583641290664673, 0.3701651692390442, 0.3542686402797699, 0.35146334767341614, 0.36873364448547363, 0.35313788056373596, 0.34513014554977417, 0.3519912660121918, 0.3360491096973419, 0.3402283489704132, 0.3420943021774292, 0.34591609239578247, 0.3537006378173828, 0.37311336398124695, 0.3860853910446167, 0.3598119616508484, 0.3673182725906372, 0.36430996656417847, 0.3458186686038971, 0.379675030708313, 0.3785157799720764, 0.37369200587272644, 0.3745020925998688, 0.3718203008174896], "val_acurracy": [0.5846874713897705, 0.6709374785423279, 0.770312488079071, 0.7728124856948853, 0.7959374785423279, 0.8403124809265137, 0.8434374928474426, 0.864062488079071, 0.8712499737739563, 0.8756250143051147, 0.8834375143051147, 0.8865625262260437, 0.8943750262260437, 0.9003124833106995, 0.9024999737739563, 0.9115625023841858, 0.9003124833106995, 0.90625, 0.9131249785423279, 0.9096875190734863, 0.9056249856948853, 0.9103124737739563, 0.9071875214576721, 0.9081249833106995, 0.9084374904632568, 0.910937488079071, 0.9100000262260437, 0.909375011920929, 0.910937488079071, 0.9125000238418579, 0.9165624976158142, 0.9159374833106995, 0.9153125286102295, 0.9096875190734863, 0.9121875166893005, 0.910937488079071, 0.9121875166893005, 0.9106249809265137, 0.9128124713897705, 0.9175000190734863, 0.917187511920929, 0.9184374809265137, 0.9150000214576721, 0.9165624976158142, 0.9215624928474426, 0.9196875095367432, 0.9140625, 0.9121875166893005, 0.9181249737739563, 0.9140625, 0.9168750047683716, 0.918749988079071, 0.9162499904632568, 0.9156249761581421, 0.9150000214576721, 0.9165624976158142, 0.9181249737739563]}