{"loss": [1.5097471475601196, 0.8121774792671204, 0.1381666213274002, 0.04796122387051582, 0.04236375913023949, 0.026287617161870003, 0.008895687758922577, 0.020459013059735298, 0.015752576291561127, 0.013721494935452938, 0.022189022973179817, 0.009247368201613426, 0.047426432371139526, 0.015268245711922646, 0.027962977066636086, 0.0016649364260956645, 0.01040346547961235, 0.01088801585137844, 0.0009286089916713536, 0.01770428940653801, 0.004611126612871885, 0.019452441483736038, 0.0036231090780347586, 0.009210363030433655, 0.003991490229964256, 0.0005410691956058145, 0.007696920074522495, 0.012647046707570553, 0.0038718858268111944, 0.006245140451937914, 0.005410679150372744, 0.00046893220860511065, 0.005312821362167597, 0.002955996198579669, 0.009488502517342567, 0.007156981620937586, 0.0025652700569480658, 0.0003353531938046217, 0.003130521159619093, 0.011159976944327354, 0.004465984646230936, 0.007138106040656567, 0.014523130841553211, 0.009607094340026379, 0.0002090880152536556, 0.0001279917050851509, 0.0012846074532717466, 0.013339581899344921, 0.005185868591070175, 0.003875055583193898], "acurracy": [0.8471875190734863, 0.981249988079071, 0.9981250166893005, 0.996874988079071, 0.9950000047683716, 0.9975000023841858, 1.0, 0.9981250166893005, 0.9962499737739563, 0.9981250166893005, 0.996874988079071, 0.9984375238418579, 0.9928125143051147, 0.9971874952316284, 0.9931250214576721, 1.0, 0.9978125095367432, 0.9981250166893005, 1.0, 0.9959375262260437, 0.9987499713897705, 0.9950000047683716, 0.9996874928474426, 0.9978125095367432, 0.9993749856948853, 1.0, 0.9984375238418579, 0.996874988079071, 0.9990624785423279, 0.9987499713897705, 0.9981250166893005, 1.0, 0.9984375238418579, 0.9993749856948853, 0.996874988079071, 0.9981250166893005, 0.9990624785423279, 1.0, 0.9990624785423279, 0.9965624809265137, 0.9984375238418579, 0.9978125095367432, 0.9959375262260437, 0.9975000023841858, 1.0, 1.0, 0.9996874928474426, 0.996874988079071, 0.9987499713897705, 0.9987499713897705], "val_loss": [1.3778475522994995, 1.291514277458191, 1.6765795946121216, 1.8475958108901978, 1.9097193479537964, 1.7440252304077148, 1.8982892036437988, 1.6769496202468872, 1.621748447418213, 1.3603124618530273, 1.1417995691299438, 1.0529457330703735, 0.7500860691070557, 0.7489094734191895, 0.5842435359954834, 0.6071203351020813, 0.6278793811798096, 0.589064359664917, 0.5756898522377014, 0.5287345051765442, 0.5162497162818909, 0.5084044933319092, 0.5071048736572266, 0.4807749092578888, 0.5169673562049866, 0.5176594257354736, 0.5180806517601013, 0.48987510800361633, 0.5079817771911621, 0.5047088265419006, 0.5317277908325195, 0.5228766202926636, 0.5448577404022217, 0.5255504846572876, 0.4805021286010742, 0.5328308939933777, 0.5464561581611633, 0.5467674136161804, 0.5066235661506653, 0.5731130242347717, 0.5072459578514099, 0.5604764223098755, 0.5217716693878174, 0.5074654221534729, 0.5596576929092407, 0.5502128601074219, 0.5485162734985352, 0.49984973669052124, 0.48309117555618286, 0.5339850783348083], "val_acurracy": [0.6065624952316284, 0.8187500238418579, 0.8278124928474426, 0.8324999809265137, 0.8475000262260437, 0.859375, 0.8503124713897705, 0.8631250262260437, 0.8700000047683716, 0.8834375143051147, 0.8824999928474426, 0.8899999856948853, 0.9071875214576721, 0.9075000286102295, 0.9156249761581421, 0.9128124713897705, 0.9090625047683716, 0.9118750095367432, 0.9137499928474426, 0.9181249737739563, 0.9190624952316284, 0.9140625, 0.9175000190734863, 0.9175000190734863, 0.9178125262260437, 0.9181249737739563, 0.9181249737739563, 0.9200000166893005, 0.9234374761581421, 0.9200000166893005, 0.9193750023841858, 0.925000011920929, 0.9203125238418579, 0.9243749976158142, 0.9246875047683716, 0.9175000190734863, 0.9162499904632568, 0.9153125286102295, 0.9200000166893005, 0.9206249713897705, 0.9243749976158142, 0.9237499833106995, 0.9240624904632568, 0.9228125214576721, 0.9206249713897705, 0.921875, 0.9190624952316284, 0.9196875095367432, 0.9231250286102295, 0.9234374761581421]}