{"loss": [1.3406850099563599, 0.2715872824192047, 0.03311280533671379, 0.031506676226854324, 0.03800395876169205, 0.009704322554171085, 0.001173931173980236, 0.008128797635436058, 0.019606970250606537, 0.013292262330651283, 0.0003380578709766269, 0.006227666046470404, 0.0054013668559491634, 0.02200266346335411, 0.028731388971209526, 0.009935748763382435], "acurracy": [0.7537500262260437, 0.9918749928474426, 0.9965624809265137, 0.9931250214576721, 0.9943749904632568, 0.9990624785423279, 1.0, 0.9984375238418579, 0.9956250190734863, 0.9981250166893005, 1.0, 0.9987499713897705, 0.9984375238418579, 0.9959375262260437, 0.9921875, 0.9971874952316284], "val_loss": [1.5947935581207275, 2.018719434738159, 2.4335711002349854, 2.765873432159424, 3.1786904335021973, 3.3555541038513184, 3.4554648399353027, 3.6161234378814697, 3.8177595138549805, 4.028995513916016, 4.107719898223877, 4.192771911621094, 4.329773426055908, 4.387932777404785, 4.556754112243652, 4.708401679992676], "val_acurracy": [0.21687500178813934, 0.2953124940395355, 0.2800000011920929, 0.24781249463558197, 0.20593750476837158, 0.19625000655651093, 0.19374999403953552, 0.18781250715255737, 0.17406250536441803, 0.15593749284744263, 0.15625, 0.14906249940395355, 0.14000000059604645, 0.1303125023841858, 0.12343750149011612, 0.11312499642372131]}