{"loss": [1.0205286741256714, 0.07584451138973236, 0.011839883401989937, 0.05265507102012634, 0.010857698507606983, 0.019867174327373505, 0.009645635262131691, 0.008723345585167408, 0.0005025987629778683, 0.000423150573624298, 0.01661291904747486, 0.0002359356585657224, 0.0001893098815344274, 0.014314072206616402, 0.01550251618027687, 0.00646935822442174], "acurracy": [0.8521875143051147, 1.0, 1.0, 0.9865624904632568, 0.9987499713897705, 0.9956250190734863, 0.9981250166893005, 0.9990624785423279, 1.0, 1.0, 0.9975000023841858, 1.0, 1.0, 0.9971874952316284, 0.9962499737739563, 0.9993749856948853], "val_loss": [1.6623698472976685, 2.009324312210083, 2.191864490509033, 2.5455241203308105, 2.698045253753662, 2.951234817504883, 3.1450893878936768, 3.273750066757202, 3.340214252471924, 3.383117914199829, 3.674182415008545, 3.6735873222351074, 3.778557062149048, 3.895127773284912, 3.948323965072632, 3.959897518157959], "val_acurracy": [0.40562498569488525, 0.4390625059604645, 0.44593751430511475, 0.34375, 0.32624998688697815, 0.28468748927116394, 0.25468748807907104, 0.23343749344348907, 0.2356249988079071, 0.23499999940395355, 0.20218749344348907, 0.20812499523162842, 0.20624999701976776, 0.18593749403953552, 0.16625000536441803, 0.16718749701976776]}