{"loss": [1.3250269889831543, 0.273281991481781, 0.017229218035936356, 0.017309274524450302, 0.014369716867804527, 0.009332769550383091, 0.008961942046880722, 0.0309638399630785, 0.015397709794342518, 0.000674492446705699, 0.0062612807378172874, 0.023112323135137558, 0.010702457278966904, 0.012242917902767658, 0.007677738554775715, 0.015450148843228817, 0.0003728684096131474, 0.009435303509235382, 0.015082638710737228, 0.0002202939213020727, 0.0063346982933580875, 0.006275341380387545, 0.0151046272367239, 0.01236521452665329, 0.007004170212894678, 0.0002079779515042901, 0.017153829336166382, 0.008994543924927711, 0.01679842546582222, 0.004840148147195578, 0.0035164153669029474, 0.014558549970388412, 0.019547894597053528, 0.00579909747466445, 0.01246436033397913, 0.0032137816306203604, 0.0001228366163559258, 0.0035800074692815542, 8.094903023447841e-05, 0.008485563099384308, 0.007938756607472897, 0.011902643367648125, 8.670037641422823e-05, 0.026180444285273552, 0.006135438568890095, 4.767380596604198e-05, 0.0055945152416825294, 4.446657476364635e-05], "acurracy": [0.9278125166893005, 0.9853125214576721, 1.0, 0.9959375262260437, 0.9965624809265137, 0.9978125095367432, 0.9965624809265137, 0.9878125190734863, 0.9971874952316284, 1.0, 0.9971874952316284, 0.9943749904632568, 0.9962499737739563, 0.9956250190734863, 0.996874988079071, 0.9940624833106995, 1.0, 0.996874988079071, 0.9962499737739563, 1.0, 0.9987499713897705, 0.9990624785423279, 0.9978125095367432, 0.9984375238418579, 0.9984375238418579, 1.0, 0.9965624809265137, 0.9981250166893005, 0.9965624809265137, 0.9987499713897705, 0.9993749856948853, 0.9975000023841858, 0.9950000047683716, 0.9984375238418579, 0.9975000023841858, 0.9996874928474426, 1.0, 0.9993749856948853, 1.0, 0.9981250166893005, 0.9981250166893005, 0.996874988079071, 1.0, 0.9937499761581421, 0.9984375238418579, 1.0, 0.9990624785423279, 1.0], "val_loss": [1.3828693628311157, 1.4224228858947754, 1.6230189800262451, 1.5939327478408813, 1.5916833877563477, 1.6472457647323608, 1.7253059148788452, 1.5978909730911255, 1.4607787132263184, 1.5424988269805908, 1.5346630811691284, 1.4003468751907349, 1.3553135395050049, 1.2887881994247437, 1.2893590927124023, 1.2124133110046387, 1.2040820121765137, 1.1830459833145142, 1.1094889640808105, 1.0462400913238525, 1.0907063484191895, 1.0584821701049805, 0.8975184559822083, 0.8909875750541687, 0.7625131011009216, 0.8518965840339661, 0.6941860318183899, 0.6522396802902222, 0.5693770051002502, 0.5551416277885437, 0.5555960536003113, 0.5477389693260193, 0.5124062895774841, 0.536516010761261, 0.5376975536346436, 0.5329270362854004, 0.5458118319511414, 0.553297758102417, 0.5669116377830505, 0.5710140466690063, 0.5546431541442871, 0.5723934769630432, 0.5140788555145264, 0.5327506065368652, 0.5405749678611755, 0.5251015424728394, 0.5315365195274353, 0.6106500029563904], "val_acurracy": [0.5803124904632568, 0.581250011920929, 0.5753124952316284, 0.5787500143051147, 0.5818750262260437, 0.5809375047683716, 0.5796874761581421, 0.5796874761581421, 0.5849999785423279, 0.5778124928474426, 0.5840625166893005, 0.5921875238418579, 0.6665624976158142, 0.7965624928474426, 0.8571875095367432, 0.8809375166893005, 0.8849999904632568, 0.8843749761581421, 0.8893749713897705, 0.8943750262260437, 0.8884375095367432, 0.8890625238418579, 0.8896874785423279, 0.8887500166893005, 0.9003124833106995, 0.8931249976158142, 0.9006249904632568, 0.8974999785423279, 0.901562511920929, 0.9021875262260437, 0.8999999761581421, 0.8987500071525574, 0.901562511920929, 0.903124988079071, 0.9009374976158142, 0.8974999785423279, 0.8984375, 0.8984375, 0.895312488079071, 0.8978124856948853, 0.901562511920929, 0.8956249952316284, 0.9012500047683716, 0.8956249952316284, 0.8996875286102295, 0.9024999737739563, 0.9006249904632568, 0.8956249952316284]}