{"loss": [1.18416166305542, 0.20937597751617432, 0.022742776200175285, 0.00791857112199068, 0.037087731063365936, 0.004498364869505167, 0.0711531713604927, 0.0839167982339859, 0.044224224984645844, 0.07557050883769989, 0.053358688950538635, 0.006591166835278273, 0.03402610868215561, 0.0429752841591835, 0.003684203140437603, 0.03243212401866913, 0.07187167555093765, 0.09891363233327866, 0.0786731168627739, 0.009609987959265709, 0.05292993038892746, 0.03685399144887924, 0.08075406402349472, 0.06562017649412155, 0.10741773247718811, 0.042180728167295456, 0.03584219142794609, 0.06549034267663956, 0.1143774539232254, 0.05800584331154823, 0.053748901933431625, 0.030468763783574104, 0.0736585184931755, 0.07854852080345154, 0.055975764989852905, 0.02296372503042221, 0.02629174292087555, 0.05889293551445007, 0.10045427083969116, 0.05712759867310524, 0.007731873542070389, 0.0036763930693268776, 0.06255331635475159, 0.02449171058833599], "acurracy": [0.8381249904632568, 0.9900000095367432, 1.0, 1.0, 0.9962499737739563, 1.0, 0.9925000071525574, 0.9903125166893005, 0.995312511920929, 0.9921875, 0.9943749904632568, 1.0, 0.9959375262260437, 0.995312511920929, 1.0, 0.9962499737739563, 0.9912499785423279, 0.9868749976158142, 0.989062488079071, 1.0, 0.9937499761581421, 0.9956250190734863, 0.9900000095367432, 0.9912499785423279, 0.9850000143051147, 0.995312511920929, 0.9956250190734863, 0.9918749928474426, 0.9828125238418579, 0.9921875, 0.9928125143051147, 0.9965624809265137, 0.9893749952316284, 0.9884374737739563, 0.9921875, 0.9978125095367432, 0.9971874952316284, 0.9925000071525574, 0.9856250286102295, 0.9921875, 1.0, 1.0, 0.9921875, 0.996874988079071], "val_loss": [1.3282949924468994, 1.2282299995422363, 1.2359291315078735, 1.2828418016433716, 1.2819852828979492, 1.2641932964324951, 1.2513593435287476, 1.228896141052246, 1.2236647605895996, 1.2201805114746094, 1.2086372375488281, 1.244835615158081, 1.230960488319397, 1.238497257232666, 1.243249773979187, 1.237819790840149, 1.2217789888381958, 1.1961005926132202, 1.209896206855774, 1.2228401899337769, 1.20975661277771, 1.2019336223602295, 1.198784351348877, 1.2072583436965942, 1.1896414756774902, 1.1912932395935059, 1.195920467376709, 1.21454656124115, 1.1850534677505493, 1.2077760696411133, 1.1908318996429443, 1.197180986404419, 1.2075049877166748, 1.2025210857391357, 1.2059608697891235, 1.2401098012924194, 1.238127589225769, 1.2075343132019043, 1.2050507068634033, 1.2281370162963867, 1.2464203834533691, 1.2721585035324097, 1.2462782859802246, 1.268468976020813], "val_acurracy": [0.5790625214576721, 0.590624988079071, 0.5931249856948853, 0.5962499976158142, 0.596875011920929, 0.6000000238418579, 0.6071875095367432, 0.620312511920929, 0.6278125047683716, 0.621874988079071, 0.6271874904632568, 0.6318749785423279, 0.6378124952316284, 0.6324999928474426, 0.6399999856948853, 0.640625, 0.6390625238418579, 0.6499999761581421, 0.6543750166893005, 0.6503124833106995, 0.6474999785423279, 0.6474999785423279, 0.651562511920929, 0.6484375, 0.6537500023841858, 0.6493750214576721, 0.653124988079071, 0.6565625071525574, 0.6590625047683716, 0.6474999785423279, 0.6524999737739563, 0.6534374952316284, 0.6490625143051147, 0.6449999809265137, 0.6493750214576721, 0.643750011920929, 0.6418750286102295, 0.6371874809265137, 0.6334375143051147, 0.6284375190734863, 0.6287500262260437, 0.6312500238418579, 0.6284375190734863, 0.6246874928474426]}