{"loss": [1.5007407665252686, 0.8021708130836487, 0.11468220502138138, 0.021982062608003616, 0.019847365096211433, 0.020968277007341385, 0.003809128189459443, 0.015100150369107723, 0.0021140077151358128, 0.007715580984950066, 0.0183718204498291, 0.018576594069600105, 0.010480204597115517, 0.0054554385133087635, 0.0064567383378744125, 0.0005323590594343841, 0.00047052587615326047, 0.010643723420798779, 0.003020249539986253, 0.011679450049996376, 0.0002542975707910955, 0.002996472641825676, 0.005773048847913742, 0.003007398219779134, 0.004229450132697821, 0.00018718039791565388, 0.009022707119584084, 0.008030607365071774, 0.004090741742402315, 0.008279097266495228, 0.0057935453951358795, 0.00259598670527339, 0.006503344979137182, 8.683110354468226e-05, 0.006283677648752928, 0.007630465552210808, 0.010393683798611164, 0.008507735095918179, 0.007949795573949814, 0.0012981094187125564, 0.0022057632450014353, 0.0020748055540025234, 0.0016510639106854796, 0.0036234238650649786, 0.001613507280126214, 0.005694644059985876, 0.001609924016520381, 0.005306131672114134, 2.6241823434247635e-05, 2.4680728529347107e-05, 0.0004921885556541383, 2.66887218458578e-05, 0.01095430739223957, 0.0012997965095564723, 0.0023865841794759035, 1.9555518520064652e-05, 2.5456954972469248e-05, 0.0035121417604386806], "acurracy": [0.8843749761581421, 0.9962499737739563, 0.9900000095367432, 0.9987499713897705, 0.9975000023841858, 0.9946874976158142, 1.0, 0.9981250166893005, 1.0, 0.9987499713897705, 0.9971874952316284, 0.9965624809265137, 0.9984375238418579, 0.9990624785423279, 0.9987499713897705, 1.0, 1.0, 0.9987499713897705, 0.9996874928474426, 0.996874988079071, 1.0, 0.9993749856948853, 0.9984375238418579, 0.9993749856948853, 0.9990624785423279, 1.0, 0.9981250166893005, 0.9978125095367432, 0.9987499713897705, 0.9978125095367432, 0.9981250166893005, 0.9990624785423279, 0.9984375238418579, 1.0, 0.9981250166893005, 0.9975000023841858, 0.9975000023841858, 0.9975000023841858, 0.9978125095367432, 0.9996874928474426, 0.9993749856948853, 0.9993749856948853, 0.9993749856948853, 0.9990624785423279, 0.9996874928474426, 0.9981250166893005, 0.9993749856948853, 0.9987499713897705, 1.0, 1.0, 1.0, 1.0, 0.9962499737739563, 0.9993749856948853, 0.9993749856948853, 1.0, 1.0, 0.9990624785423279], "val_loss": [1.3799418210983276, 0.9528767466545105, 0.9748908281326294, 1.0238580703735352, 1.0001301765441895, 0.8723130226135254, 0.8852357268333435, 0.8433600068092346, 0.8399913311004639, 0.840644121170044, 0.7863017916679382, 0.7468365430831909, 0.7039048075675964, 0.6954092383384705, 0.607750654220581, 0.6557558178901672, 0.6890223622322083, 0.5889955759048462, 0.6196832656860352, 0.5828586220741272, 0.5731208324432373, 0.5434250831604004, 0.5664925575256348, 0.5776304602622986, 0.5702884197235107, 0.5542360544204712, 0.5501806139945984, 0.5162307620048523, 0.5327783823013306, 0.5521537065505981, 0.5809255838394165, 0.5590754151344299, 0.5881264209747314, 0.5703566074371338, 0.5937265157699585, 0.5725976824760437, 0.5234190821647644, 0.5718634128570557, 0.5442190170288086, 0.4943196773529053, 0.5425530076026917, 0.5237868428230286, 0.4884149432182312, 0.5362961888313293, 0.5238521695137024, 0.5477935671806335, 0.548038125038147, 0.5346134305000305, 0.549242377281189, 0.5573705434799194, 0.5426806807518005, 0.5684199333190918, 0.5624484419822693, 0.6043272614479065, 0.5278119444847107, 0.5383675694465637, 0.49875766038894653, 0.5022134184837341], "val_acurracy": [0.5806249976158142, 0.6146875023841858, 0.7143750190734863, 0.7556250095367432, 0.7659375071525574, 0.8650000095367432, 0.8628125190734863, 0.8821874856948853, 0.8831250071525574, 0.8918750286102295, 0.8993750214576721, 0.9034374952316284, 0.9049999713897705, 0.9090625047683716, 0.9078124761581421, 0.9084374904632568, 0.9059374928474426, 0.9156249761581421, 0.9128124713897705, 0.9081249833106995, 0.909375011920929, 0.910937488079071, 0.9121875166893005, 0.9165624976158142, 0.9181249737739563, 0.9193750023841858, 0.9156249761581421, 0.9234374761581421, 0.918749988079071, 0.9221875071525574, 0.9221875071525574, 0.9225000143051147, 0.921875, 0.9215624928474426, 0.918749988079071, 0.9212499856948853, 0.9221875071525574, 0.9209374785423279, 0.921875, 0.9259374737739563, 0.921875, 0.9246875047683716, 0.9262499809265137, 0.9225000143051147, 0.9275000095367432, 0.9256250262260437, 0.9259374737739563, 0.9253125190734863, 0.926562488079071, 0.925000011920929, 0.9246875047683716, 0.9253125190734863, 0.9278125166893005, 0.9243749976158142, 0.9256250262260437, 0.9271875023841858, 0.926562488079071, 0.9246875047683716]}