{"loss": [1.2458105087280273, 0.2605552077293396, 0.08107736706733704, 0.06042301654815674, 0.010325492359697819, 0.11575821787118912, 0.009718646295368671, 0.005641615949571133, 0.11969011276960373, 0.006917970720678568, 0.08368631452322006, 0.03616887703537941, 0.13759809732437134, 0.06382263451814651, 0.03569783270359039, 0.00788769032806158, 0.0578373521566391], "acurracy": [0.8396875262260437, 1.0, 0.9925000071525574, 0.9946874976158142, 1.0, 0.9871875047683716, 1.0, 1.0, 0.9865624904632568, 1.0, 0.9900000095367432, 0.9962499737739563, 0.9803125262260437, 0.9918749928474426, 0.9959375262260437, 1.0, 0.9921875], "val_loss": [1.3771008253097534, 1.274756669998169, 1.3005037307739258, 1.3345030546188354, 1.4068267345428467, 1.3156129121780396, 1.3527566194534302, 1.4123642444610596, 1.3748310804367065, 1.3944993019104004, 1.3406460285186768, 1.4057154655456543, 1.3907259702682495, 1.3852226734161377, 1.4110568761825562, 1.4644715785980225, 1.4599425792694092], "val_acurracy": [0.578125, 0.578125, 0.5840625166893005, 0.5771874785423279, 0.5728124976158142, 0.5765625238418579, 0.5803124904632568, 0.5803124904632568, 0.5740625262260437, 0.5796874761581421, 0.589062511920929, 0.5743749737739563, 0.5756250023841858, 0.5846874713897705, 0.5803124904632568, 0.5809375047683716, 0.5803124904632568]}