{"loss": [1.4980392456054688, 0.5074548125267029, 0.0631045326590538, 0.0742717832326889, 0.07264970242977142, 0.07410693913698196, 0.03876049816608429, 0.006954155396670103, 0.04884384945034981, 0.0057220752350986, 0.003248813096433878, 0.15713158249855042, 0.039701204746961594, 0.10032172501087189, 0.04619646072387695, 0.055209580808877945, 0.03702138364315033], "acurracy": [0.5325000286102295, 0.995312511920929, 0.995312511920929, 0.9909374713897705, 0.9909374713897705, 0.9912499785423279, 0.9959375262260437, 1.0, 0.9937499761581421, 1.0, 1.0, 0.9806249737739563, 0.9959375262260437, 0.9865624904632568, 0.9943749904632568, 0.9928125143051147, 0.995312511920929], "val_loss": [1.5307499170303345, 1.338741660118103, 1.3719110488891602, 1.3553152084350586, 1.3915438652038574, 1.4032235145568848, 1.387395977973938, 1.4364120960235596, 1.4014384746551514, 1.4177533388137817, 1.4582475423812866, 1.376160740852356, 1.3681459426879883, 1.3802944421768188, 1.3804494142532349, 1.434782862663269, 1.4239609241485596], "val_acurracy": [0.5625, 0.5740625262260437, 0.573437511920929, 0.5718749761581421, 0.5678125023841858, 0.565625011920929, 0.5681250095367432, 0.5640624761581421, 0.5712500214576721, 0.5718749761581421, 0.5746874809265137, 0.5684375166893005, 0.5765625238418579, 0.574999988079071, 0.5737500190734863, 0.5615624785423279, 0.5721874833106995]}