{"loss": [1.6008634567260742, 1.3475419282913208, 0.380470871925354, 0.06256981194019318, 0.020424019545316696, 0.019714541733264923, 0.018732162192463875, 0.0031813555397093296, 0.007387425284832716, 0.012701606377959251, 0.005056436639279127, 0.015294142998754978, 0.0008625173359178007, 0.006003211718052626, 0.010082096792757511, 0.012283435091376305, 0.015862267464399338, 0.0057780807837843895, 0.004722806625068188, 0.003067613346502185, 0.011009948328137398, 0.00589537201449275, 0.006438447628170252, 0.0002011926262639463, 0.003933047875761986, 0.003544815583154559, 0.007590314373373985, 0.00016257497190963477, 0.0016617494402453303, 0.00011241212632739916, 0.0011491830227896571, 0.00763894384726882, 0.0017255075508728623, 0.005027787294238806, 0.007662171497941017, 0.007135280407965183, 0.003797853598371148, 7.72293860791251e-05, 0.00038169376784935594, 0.0014834469184279442, 0.005069868639111519, 0.004167911596596241, 0.00238501257263124, 0.003329563420265913, 0.008567290380597115, 5.1679948228411376e-05, 4.5533412048825994e-05, 0.004662016872316599, 0.0043825372122228146, 0.001680151792243123], "acurracy": [0.9921875, 0.9921875, 1.0, 0.9903125166893005, 0.9975000023841858, 0.9965624809265137, 0.9975000023841858, 1.0, 0.9993749856948853, 0.9981250166893005, 0.9993749856948853, 0.9975000023841858, 1.0, 0.9990624785423279, 0.9987499713897705, 0.9962499737739563, 0.9962499737739563, 0.9984375238418579, 0.9990624785423279, 0.9990624785423279, 0.9962499737739563, 0.9984375238418579, 0.9981250166893005, 1.0, 0.9990624785423279, 0.9990624785423279, 0.9981250166893005, 1.0, 0.9993749856948853, 1.0, 0.9996874928474426, 0.9971874952316284, 0.9996874928474426, 0.9984375238418579, 0.9978125095367432, 0.9971874952316284, 0.9984375238418579, 1.0, 1.0, 0.9993749856948853, 0.9984375238418579, 0.9987499713897705, 0.9993749856948853, 0.9990624785423279, 0.9971874952316284, 1.0, 1.0, 0.9984375238418579, 0.9984375238418579, 0.9996874928474426], "val_loss": [1.552119493484497, 1.065319538116455, 1.1080596446990967, 0.9330860376358032, 0.9688888788223267, 0.8908181190490723, 0.8305186629295349, 0.8550174236297607, 0.8060308694839478, 0.7839757800102234, 0.790880560874939, 0.6758190393447876, 0.6845042705535889, 0.6914017200469971, 0.6670469045639038, 0.560490071773529, 0.550565779209137, 0.5251617431640625, 0.5329679846763611, 0.5308785438537598, 0.5116652250289917, 0.4555549621582031, 0.4957384765148163, 0.5207608938217163, 0.5099828839302063, 0.47645309567451477, 0.4989880323410034, 0.4888022243976593, 0.4535158574581146, 0.46777600049972534, 0.527146577835083, 0.49586963653564453, 0.4848795235157013, 0.46788886189460754, 0.4534239172935486, 0.45720013976097107, 0.47112858295440674, 0.4565902650356293, 0.4926777780056, 0.4717056155204773, 0.4645591676235199, 0.5081485509872437, 0.5131521821022034, 0.46674254536628723, 0.5072817802429199, 0.49408042430877686, 0.5036352276802063, 0.5349851846694946, 0.4918293356895447, 0.5420622825622559], "val_acurracy": [0.5953124761581421, 0.5943750143051147, 0.5837500095367432, 0.7093750238418579, 0.7709375023841858, 0.8262500166893005, 0.8618749976158142, 0.8609374761581421, 0.8737499713897705, 0.8918750286102295, 0.8896874785423279, 0.9024999737739563, 0.9078124761581421, 0.9009374976158142, 0.9043750166893005, 0.910937488079071, 0.9103124737739563, 0.9115625023841858, 0.9150000214576721, 0.9150000214576721, 0.9175000190734863, 0.9287499785423279, 0.9228125214576721, 0.9193750023841858, 0.9231250286102295, 0.9262499809265137, 0.9259374737739563, 0.9246875047683716, 0.9243749976158142, 0.9225000143051147, 0.9203125238418579, 0.9262499809265137, 0.9281250238418579, 0.9175000190734863, 0.9237499833106995, 0.926562488079071, 0.925000011920929, 0.9278125166893005, 0.9271875023841858, 0.9231250286102295, 0.926562488079071, 0.9262499809265137, 0.9228125214576721, 0.9281250238418579, 0.9287499785423279, 0.9303125143051147, 0.9271875023841858, 0.9240624904632568, 0.9281250238418579, 0.9271875023841858]}