{"loss": [1.4899210929870605, 1.046289086341858, 0.27242985367774963, 0.06553094834089279, 0.02964211069047451, 0.008864099159836769, 0.06143055111169815, 0.010767224244773388, 0.0036999883595854044, 0.024608192965388298, 0.021352333948016167, 0.016564959660172462, 0.010921559296548367, 0.006633264012634754, 0.03150218352675438, 0.008504966273903847, 0.006982215214520693, 0.025922689586877823, 0.0007121383678168058, 0.010678434744477272, 0.017984770238399506, 0.0005030820611864328, 0.0004855681909248233, 0.011597382836043835, 0.029446130618453026, 0.00034530030097812414, 0.022952482104301453, 0.0038706939667463303, 0.010617570951581001, 0.011481123976409435, 0.0037888376973569393, 0.00022666506993118674, 0.00021659843332599849, 0.002946999855339527, 0.011712432838976383, 0.003764876164495945, 0.0025597938802093267, 0.004502719733864069, 0.005363343749195337, 0.00011559835547814146, 0.013545378111302853, 0.00013161548122297972, 0.0019541741348803043, 8.678057201905176e-05, 6.289102748269215e-05, 6.11490904702805e-05, 7.192004704847932e-05, 0.011927732266485691, 0.007346876431256533, 0.005570902954787016, 0.0021604455541819334, 0.0014806054532527924, 0.006826139520853758, 0.001430570031516254, 0.003296304028481245, 0.004823894705623388, 0.002823958406224847, 0.003956092521548271, 2.777761073957663e-05, 0.003869864623993635, 3.729690797626972e-05, 0.006914176512509584, 2.646292523422744e-05, 0.0013170185266062617, 3.094026033068076e-05, 0.0034940207842737436, 0.006157068535685539], "acurracy": [0.8721874952316284, 1.0, 0.9962499737739563, 0.9940624833106995, 0.9962499737739563, 1.0, 0.9837499856948853, 0.9975000023841858, 1.0, 0.9912499785423279, 0.9918749928474426, 0.9925000071525574, 0.995312511920929, 0.9971874952316284, 0.9859374761581421, 0.995312511920929, 0.9962499737739563, 0.9853125214576721, 1.0, 0.9956250190734863, 0.9918749928474426, 1.0, 1.0, 0.9950000047683716, 0.9887499809265137, 1.0, 0.9909374713897705, 0.9990624785423279, 0.9971874952316284, 0.9975000023841858, 0.9993749856948853, 1.0, 1.0, 0.9996874928474426, 0.9978125095367432, 0.9990624785423279, 0.9996874928474426, 0.9990624785423279, 0.9984375238418579, 1.0, 0.9971874952316284, 1.0, 1.0, 1.0, 1.0, 1.0, 1.0, 0.9971874952316284, 0.9975000023841858, 0.9984375238418579, 0.9993749856948853, 0.9996874928474426, 0.9975000023841858, 0.9996874928474426, 0.9987499713897705, 0.9990624785423279, 0.9990624785423279, 0.9990624785423279, 1.0, 0.9984375238418579, 1.0, 0.9975000023841858, 1.0, 0.9996874928474426, 1.0, 0.9987499713897705, 0.9984375238418579], "val_loss": [1.4279413223266602, 1.289901852607727, 1.7411690950393677, 1.487227439880371, 1.4803718328475952, 1.5450531244277954, 1.0243386030197144, 1.0438334941864014, 1.0514636039733887, 0.9909444451332092, 0.9360845685005188, 0.9335472583770752, 0.9305292367935181, 0.9193859100341797, 0.8962504863739014, 0.8870464563369751, 0.8709977865219116, 0.8596562147140503, 0.8260688185691833, 0.8329678177833557, 0.7977077960968018, 0.8164470195770264, 0.8045477867126465, 0.7909954786300659, 0.7446057200431824, 0.7572659254074097, 0.6929142475128174, 0.6705968976020813, 0.670742392539978, 0.6362829804420471, 0.6011843681335449, 0.5940965414047241, 0.6197950839996338, 0.5915853381156921, 0.5287349224090576, 0.5126744508743286, 0.535645067691803, 0.5050255060195923, 0.5431612730026245, 0.505387544631958, 0.48958221077919006, 0.518721342086792, 0.5128756165504456, 0.46854647994041443, 0.4566834270954132, 0.49049463868141174, 0.4807755947113037, 0.49431151151657104, 0.4957297444343567, 0.491891473531723, 0.49086204171180725, 0.4519798755645752, 0.472345232963562, 0.48415902256965637, 0.48835015296936035, 0.5424349308013916, 0.48142009973526, 0.5173216462135315, 0.5462053418159485, 0.5170900225639343, 0.49598750472068787, 0.4928421676158905, 0.46536511182785034, 0.4545632302761078, 0.5339718461036682, 0.49983179569244385, 0.4959644377231598], "val_acurracy": [0.5759375095367432, 0.5743749737739563, 0.5737500190734863, 0.5793750286102295, 0.5743749737739563, 0.5790625214576721, 0.5821874737739563, 0.5756250023841858, 0.5821874737739563, 0.5846874713897705, 0.5796874761581421, 0.5762500166893005, 0.5840625166893005, 0.5790625214576721, 0.5774999856948853, 0.5903124809265137, 0.6299999952316284, 0.7387499809265137, 0.7318750023841858, 0.7771875262260437, 0.8253124952316284, 0.8209375143051147, 0.8168749809265137, 0.8359375, 0.8846874833106995, 0.8949999809265137, 0.9084374904632568, 0.9100000262260437, 0.9125000238418579, 0.9175000190734863, 0.921875, 0.9203125238418579, 0.9190624952316284, 0.9156249761581421, 0.9228125214576721, 0.9253125190734863, 0.9240624904632568, 0.9284374713897705, 0.9243749976158142, 0.9281250238418579, 0.9271875023841858, 0.9240624904632568, 0.9225000143051147, 0.9284374713897705, 0.9271875023841858, 0.9278125166893005, 0.9256250262260437, 0.9212499856948853, 0.921875, 0.9206249713897705, 0.9215624928474426, 0.9253125190734863, 0.925000011920929, 0.921875, 0.9206249713897705, 0.9203125238418579, 0.9240624904632568, 0.9243749976158142, 0.9196875095367432, 0.9243749976158142, 0.9275000095367432, 0.9275000095367432, 0.9306250214576721, 0.9306250214576721, 0.9262499809265137, 0.9234374761581421, 0.926562488079071]}