{"loss": [1.5362200736999512, 1.067839503288269, 0.20477573573589325, 0.03552083671092987, 0.022022129967808723, 0.025974735617637634, 0.02288212813436985, 0.003208261914551258, 0.01605997607111931, 0.006627826485782862, 0.005559710785746574, 0.02111818641424179, 0.0047329263761639595, 0.013152127154171467, 0.0046925670467317104, 0.006834076251834631, 0.00442163459956646, 0.014188489876687527, 0.009474197402596474, 0.002022341126576066, 0.002847292460501194, 0.0061890240758657455, 0.006537997629493475, 0.007216287311166525, 0.00018883547454606742, 0.006123535800725222, 0.010746816173195839, 0.005688690114766359, 0.00012916221749037504, 0.0014681187458336353, 0.0020788342226296663, 0.004911242518573999, 9.78508687694557e-05, 0.00010376180580351502, 0.0059683541767299175, 0.00044047858682461083, 7.026002276688814e-05, 6.160594784887508e-05, 0.0012725777924060822, 4.8980593419400975e-05, 5.2916853746864945e-05, 4.689269553637132e-05, 0.006307522766292095, 0.0025919966865330935], "acurracy": [0.8956249952316284, 0.995312511920929, 1.0, 0.996874988079071, 0.9971874952316284, 0.9956250190734863, 0.9962499737739563, 1.0, 0.9971874952316284, 0.9984375238418579, 0.9993749856948853, 0.9962499737739563, 0.9993749856948853, 0.9971874952316284, 0.9993749856948853, 0.9987499713897705, 0.9990624785423279, 0.996874988079071, 0.9975000023841858, 0.9993749856948853, 0.9990624785423279, 0.9987499713897705, 0.9978125095367432, 0.9981250166893005, 1.0, 0.9981250166893005, 0.9965624809265137, 0.9984375238418579, 1.0, 0.9996874928474426, 0.9993749856948853, 0.9981250166893005, 1.0, 1.0, 0.9984375238418579, 1.0, 1.0, 1.0, 0.9996874928474426, 1.0, 1.0, 1.0, 0.9984375238418579, 0.9990624785423279], "val_loss": [1.395260214805603, 0.957102358341217, 1.231115460395813, 1.2004170417785645, 1.0454128980636597, 0.8384652137756348, 0.7275573015213013, 0.7533473968505859, 0.7160850763320923, 0.7033994197845459, 0.6888687610626221, 0.6420290470123291, 0.6212103962898254, 0.5649687051773071, 0.553679883480072, 0.5359384417533875, 0.5019097328186035, 0.4427013695240021, 0.4508780241012573, 0.44525641202926636, 0.4477013647556305, 0.4514314532279968, 0.4495209753513336, 0.4329510033130646, 0.4476504623889923, 0.47431623935699463, 0.46051955223083496, 0.42006343603134155, 0.4184817373752594, 0.4362468421459198, 0.442043274641037, 0.4894733130931854, 0.4692269265651703, 0.48716801404953003, 0.47296732664108276, 0.4696383774280548, 0.4892439544200897, 0.4783165752887726, 0.4840790033340454, 0.5063007473945618, 0.49818241596221924, 0.46286842226982117, 0.4826924502849579, 0.5179188251495361], "val_acurracy": [0.629687488079071, 0.6393749713897705, 0.6287500262260437, 0.7387499809265137, 0.7912499904632568, 0.8353124856948853, 0.862500011920929, 0.8631250262260437, 0.8837500214576721, 0.8881250023841858, 0.8890625238418579, 0.8943750262260437, 0.8993750214576721, 0.9021875262260437, 0.9028124809265137, 0.903124988079071, 0.9100000262260437, 0.9084374904632568, 0.9096875190734863, 0.9118750095367432, 0.909375011920929, 0.9078124761581421, 0.9143750071525574, 0.918749988079071, 0.9200000166893005, 0.9162499904632568, 0.9206249713897705, 0.921875, 0.921875, 0.9253125190734863, 0.9175000190734863, 0.9125000238418579, 0.9159374833106995, 0.9146875143051147, 0.917187511920929, 0.917187511920929, 0.917187511920929, 0.9168750047683716, 0.9165624976158142, 0.9140625, 0.9146875143051147, 0.917187511920929, 0.9162499904632568, 0.9200000166893005]}