{"loss": [1.171472191810608, 0.14751306176185608, 0.037636417895555496, 0.00742133567109704, 0.04114291071891785, 0.004314109683036804, 0.0745403841137886, 0.03715599328279495, 0.03943739831447601, 0.0038549574092030525, 0.053420618176460266, 0.05704968795180321, 0.006414126604795456, 0.10972732305526733, 0.06477212905883789, 0.04448516294360161, 0.005379595328122377, 0.030756507068872452, 0.03033645637333393, 0.08647945523262024, 0.04697323963046074, 0.03632987663149834, 0.11776681244373322, 0.07948265224695206, 0.008823959156870842, 0.053150806576013565, 0.005028116516768932, 0.046653226017951965, 0.004416703246533871, 0.07670389860868454, 0.09171069413423538, 0.027824796736240387, 0.07695814222097397, 0.008482200093567371, 0.10540365427732468, 0.011843281798064709, 0.02931809425354004, 0.04465175047516823, 0.06949631869792938, 0.03042767010629177, 0.07941988110542297, 0.059850167483091354, 0.07454814016819, 0.021844524890184402, 0.031977329403162, 0.04792139679193497, 0.04932606220245361, 0.005268685985356569, 0.05174367502331734, 0.005141484551131725, 0.03735251724720001, 0.003846239997074008, 0.10797327011823654, 0.08635988086462021, 0.008202016353607178, 0.003934178501367569, 0.0024170647375285625, 0.07982137054204941, 0.05997655913233757, 0.04921998828649521, 0.023838894441723824, 0.004530942998826504, 0.060243863612413406, 0.05467474088072777, 0.033357370644807816, 0.004552983678877354, 0.035723742097616196, 0.0222970861941576, 0.03433741256594658, 0.0036560166627168655, 0.05632376670837402, 0.08463329076766968, 0.07126587629318237, 0.008098481222987175, 0.025884587317705154, 0.003351987339556217, 0.09406396001577377, 0.027597054839134216, 0.00470956414937973, 0.03441173955798149, 0.03413655608892441, 0.029948240146040916, 0.06764702498912811, 0.05446682870388031, 0.06737389415502548, 0.006918757688254118, 0.0028294811490923166, 0.0014665140770375729], "acurracy": [0.8253124952316284, 0.9959375262260437, 0.9965624809265137, 1.0, 0.9962499737739563, 1.0, 0.9921875, 0.9962499737739563, 0.9956250190734863, 1.0, 0.9940624833106995, 0.9931250214576721, 1.0, 0.9859374761581421, 0.9921875, 0.9946874976158142, 1.0, 0.9965624809265137, 0.9965624809265137, 0.9884374737739563, 0.9943749904632568, 0.9956250190734863, 0.9834374785423279, 0.9887499809265137, 1.0, 0.9928125143051147, 1.0, 0.9940624833106995, 1.0, 0.9900000095367432, 0.9865624904632568, 0.996874988079071, 0.989062488079071, 1.0, 0.9868749976158142, 1.0, 0.9965624809265137, 0.9946874976158142, 0.9906250238418579, 0.9962499737739563, 0.9884374737739563, 0.9915624856948853, 0.9893749952316284, 0.9975000023841858, 0.9965624809265137, 0.9940624833106995, 0.9937499761581421, 1.0, 0.9934375286102295, 1.0, 0.995312511920929, 1.0, 0.9840624928474426, 0.9878125190734863, 1.0, 1.0, 1.0, 0.9900000095367432, 0.9915624856948853, 0.9931250214576721, 0.996874988079071, 1.0, 0.9918749928474426, 0.9928125143051147, 0.9962499737739563, 1.0, 0.9956250190734863, 0.9971874952316284, 0.995312511920929, 1.0, 0.9925000071525574, 0.9884374737739563, 0.9893749952316284, 1.0, 0.996874988079071, 1.0, 0.9862499833106995, 0.996874988079071, 1.0, 0.9956250190734863, 0.9959375262260437, 0.996874988079071, 0.9915624856948853, 0.9925000071525574, 0.9912499785423279, 1.0, 1.0, 1.0], "val_loss": [1.281727910041809, 1.1472077369689941, 1.1524471044540405, 1.1683197021484375, 1.152504324913025, 1.1834187507629395, 1.1422113180160522, 1.126346230506897, 1.1503264904022217, 1.164980411529541, 1.1444997787475586, 1.12045156955719, 1.166126012802124, 1.1208891868591309, 1.1223398447036743, 1.1246200799942017, 1.1466745138168335, 1.1223803758621216, 1.1601203680038452, 1.125193476676941, 1.1109073162078857, 1.1052911281585693, 1.097515344619751, 1.085829257965088, 1.1374832391738892, 1.115208625793457, 1.138278603553772, 1.1208772659301758, 1.1414819955825806, 1.1000819206237793, 1.0841522216796875, 1.09364652633667, 1.0999096632003784, 1.1111996173858643, 1.0884140729904175, 1.103743076324463, 1.0974711179733276, 1.0957424640655518, 1.0866343975067139, 1.078402042388916, 1.07670259475708, 1.0787395238876343, 1.0536588430404663, 1.0847153663635254, 1.0843415260314941, 1.0653773546218872, 1.0848408937454224, 1.0779309272766113, 1.0681958198547363, 1.0808684825897217, 1.068044900894165, 1.0890727043151855, 1.0489975214004517, 1.0427953004837036, 1.0690268278121948, 1.0815706253051758, 1.0987361669540405, 1.0696024894714355, 1.058366298675537, 1.054447054862976, 1.0462697744369507, 1.070340633392334, 1.0509837865829468, 1.0351961851119995, 1.0377410650253296, 1.0541328191757202, 1.0550671815872192, 1.0605677366256714, 1.0571292638778687, 1.061130166053772, 1.065802812576294, 1.027012825012207, 1.0264217853546143, 1.0463734865188599, 1.0601338148117065, 1.058138370513916, 1.0480716228485107, 1.044764757156372, 1.0680170059204102, 1.0487240552902222, 1.058382511138916, 1.0647187232971191, 1.0631452798843384, 1.064476728439331, 1.0427933931350708, 1.0593527555465698, 1.1021971702575684, 1.0985610485076904], "val_acurracy": [0.5665624737739563, 0.5575000047683716, 0.5553125143051147, 0.5571874976158142, 0.5568749904632568, 0.5584375262260437, 0.565625011920929, 0.5640624761581421, 0.557812511920929, 0.5590624809265137, 0.5678125023841858, 0.5668749809265137, 0.5625, 0.5631250143051147, 0.5640624761581421, 0.5662500262260437, 0.5646874904632568, 0.5737500190734863, 0.5584375262260437, 0.559374988079071, 0.5706250071525574, 0.5665624737739563, 0.5706250071525574, 0.5724999904632568, 0.5684375166893005, 0.5684375166893005, 0.5715625286102295, 0.5768749713897705, 0.5681250095367432, 0.5712500214576721, 0.5762500166893005, 0.5790625214576721, 0.5681250095367432, 0.573437511920929, 0.5721874833106995, 0.5728124976158142, 0.5728124976158142, 0.5765625238418579, 0.5712500214576721, 0.5806249976158142, 0.5712500214576721, 0.5762500166893005, 0.5765625238418579, 0.5668749809265137, 0.5693749785423279, 0.5799999833106995, 0.5681250095367432, 0.5753124952316284, 0.578125, 0.5740625262260437, 0.5778124928474426, 0.5759375095367432, 0.5806249976158142, 0.581250011920929, 0.5799999833106995, 0.581250011920929, 0.5846874713897705, 0.5718749761581421, 0.5737500190734863, 0.5731250047683716, 0.5790625214576721, 0.5737500190734863, 0.574999988079071, 0.5787500143051147, 0.5799999833106995, 0.5796874761581421, 0.5768749713897705, 0.5743749737739563, 0.5743749737739563, 0.5756250023841858, 0.5703125, 0.5790625214576721, 0.5790625214576721, 0.5818750262260437, 0.5768749713897705, 0.582812488079071, 0.5771874785423279, 0.5784375071525574, 0.5778124928474426, 0.5774999856948853, 0.5787500143051147, 0.5724999904632568, 0.5740625262260437, 0.5796874761581421, 0.5840625166893005, 0.5806249976158142, 0.5753124952316284, 0.5796874761581421]}