{"loss": [1.2797465324401855, 0.25094902515411377, 0.0964384451508522, 0.05102439969778061, 0.04999937117099762, 0.09221115708351135, 0.069428451359272, 0.04202912747859955, 0.04183962941169739, 0.027914438396692276, 0.03809306398034096, 0.06928329169750214, 0.030668191611766815, 0.0764203667640686, 0.05051176995038986, 0.03645571321249008, 0.08358913660049438], "acurracy": [0.7356250286102295, 0.9940624833106995, 0.9896875023841858, 0.995312511920929, 0.9946874976158142, 0.9887499809265137, 0.9915624856948853, 0.9956250190734863, 0.9962499737739563, 0.9971874952316284, 0.9959375262260437, 0.9921875, 0.996874988079071, 0.9912499785423279, 0.9943749904632568, 0.9962499737739563, 0.989062488079071], "val_loss": [1.3096431493759155, 1.2220215797424316, 1.2789158821105957, 1.2979103326797485, 1.353538155555725, 1.3242536783218384, 1.3113881349563599, 1.3300765752792358, 1.3498148918151855, 1.3430099487304688, 1.343162178993225, 1.3624950647354126, 1.3830510377883911, 1.3147704601287842, 1.3163241147994995, 1.3779852390289307, 1.3273224830627441], "val_acurracy": [0.5806249976158142, 0.582812488079071, 0.5737500190734863, 0.5831249952316284, 0.5731250047683716, 0.5712500214576721, 0.5806249976158142, 0.5768749713897705, 0.5815625190734863, 0.578125, 0.5821874737739563, 0.5778124928474426, 0.5771874785423279, 0.5759375095367432, 0.5821874737739563, 0.5724999904632568, 0.5790625214576721]}