{"loss": [0.511580228805542, 0.1524532288312912, 0.0561666376888752, 0.056932125240564346, 0.027757175266742706, 0.033226821571588516, 0.01943902298808098, 0.04134290665388107, 0.014361483976244926, 0.03143928200006485, 0.0790315642952919, 0.032190270721912384, 0.02533351257443428, 0.04901173710823059, 0.055508244782686234, 0.028871478512883186, 0.01843421906232834, 0.02464749664068222, 0.02178935520350933, 0.0035695484839379787, 0.06890494376420975, 0.03352556377649307, 0.0420229434967041, 0.017940890043973923, 0.04252362623810768, 0.04782942682504654, 0.04862884059548378, 0.04351174458861351, 0.005444856360554695, 0.07413941621780396, 0.0297496747225523, 0.04289959371089935, 0.06329837441444397, 0.012651997618377209, 0.030852843075990677], "accuracy": [0.9037500023841858, 0.9828125238418579, 0.9893749952316284, 0.9868749976158142, 0.9950000047683716, 0.9931250214576721, 0.9959375262260437, 0.9893749952316284, 0.9981250166893005, 0.9934375286102295, 0.9793750047683716, 0.9918749928474426, 0.9937499761581421, 0.987500011920929, 0.9846875071525574, 0.9925000071525574, 0.9956250190734863, 0.9940624833106995, 0.995312511920929, 1.0, 0.9831249713897705, 0.9918749928474426, 0.989062488079071, 0.9950000047683716, 0.9887499809265137, 0.984375, 0.9859374761581421, 0.987500011920929, 1.0, 0.9781249761581421, 0.9909374713897705, 0.989062488079071, 0.9771875143051147, 0.9975000023841858, 0.9887499809265137], "val_loss": [0.6067659258842468, 0.5098715424537659, 0.47433239221572876, 0.4590858221054077, 0.4411149322986603, 0.4308653771877289, 0.4213774502277374, 0.42779526114463806, 0.41789862513542175, 0.4215947985649109, 0.44096001982688904, 0.43960416316986084, 0.42968884110450745, 0.43867412209510803, 0.44810763001441956, 0.4408825933933258, 0.4322609305381775, 0.42508620023727417, 0.42595481872558594, 0.41444769501686096, 0.4404109716415405, 0.4404114782810211, 0.44368094205856323, 0.43513375520706177, 0.4354971647262573, 0.4451929032802582, 0.45089957118034363, 0.4551444351673126, 0.43812641501426697, 0.4605501592159271, 0.4571726322174072, 0.4546034634113312, 0.473766028881073, 0.4530072510242462, 0.456516832113266], "val_accuracy": [0.9068750143051147, 0.9068750143051147, 0.9068750143051147, 0.9068750143051147, 0.9068750143051147, 0.9068750143051147, 0.9068750143051147, 0.9068750143051147, 0.9068750143051147, 0.9068750143051147, 0.9068750143051147, 0.9068750143051147, 0.9068750143051147, 0.9068750143051147, 0.9068750143051147, 0.9068750143051147, 0.9068750143051147, 0.9068750143051147, 0.9068750143051147, 0.9068750143051147, 0.9068750143051147, 0.9068750143051147, 0.9068750143051147, 0.9068750143051147, 0.9068750143051147, 0.9068750143051147, 0.9068750143051147, 0.9068750143051147, 0.9068750143051147, 0.9068750143051147, 0.9068750143051147, 0.9068750143051147, 0.9068750143051147, 0.9068750143051147, 0.9075000286102295]}