{"loss": [0.5914753079414368, 0.3419077694416046, 0.14664576947689056, 0.06128816306591034, 0.04776599258184433, 0.042349543422460556, 0.0526769682765007, 0.04940657690167427, 0.05079321563243866, 0.06854233890771866, 0.06325078755617142, 0.037242546677589417, 0.0659065768122673, 0.04832034558057785, 0.07209523022174835, 0.06826631724834442, 0.07163864374160767, 0.047997429966926575, 0.054838526993989944], "accuracy": [0.8612499833106995, 0.996874988079071, 0.9896875023841858, 0.9956250190734863, 0.9940624833106995, 0.995312511920929, 0.9909374713897705, 0.9912499785423279, 0.9900000095367432, 0.9878125190734863, 0.987500011920929, 0.9937499761581421, 0.987500011920929, 0.9909374713897705, 0.9853125214576721, 0.987500011920929, 0.9837499856948853, 0.9909374713897705, 0.9878125190734863], "val_loss": [0.6201289892196655, 0.48958534002304077, 0.39467766880989075, 0.37015941739082336, 0.372933030128479, 0.38044100999832153, 0.3836835026741028, 0.3876742124557495, 0.38649222254753113, 0.38526928424835205, 0.3805653750896454, 0.38557887077331543, 0.3801485002040863, 0.384978324174881, 0.3793964385986328, 0.3777502179145813, 0.37798529863357544, 0.3806552588939667, 0.3821982443332672], "val_accuracy": [0.9068750143051147, 0.9068750143051147, 0.9068750143051147, 0.9068750143051147, 0.9068750143051147, 0.9068750143051147, 0.9068750143051147, 0.9068750143051147, 0.9068750143051147, 0.9068750143051147, 0.9068750143051147, 0.9068750143051147, 0.9068750143051147, 0.9068750143051147, 0.9068750143051147, 0.9068750143051147, 0.9068750143051147, 0.9068750143051147, 0.9068750143051147]}