{"loss": [0.5717282295227051, 0.14338962733745575, 0.04351365193724632, 0.010636882856488228, 0.047326747328042984, 0.059319332242012024, 0.051464829593896866, 0.039310552179813385, 0.01318155787885189, 0.0220898799598217, 0.010468495078384876, 0.020619817078113556, 0.052796486765146255, 0.022900810465216637, 0.017017684876918793, 0.05027914047241211, 0.018296001479029655, 0.04389262571930885, 0.0366169773042202, 0.059322744607925415, 0.0265247393399477, 0.032972972840070724, 0.02079586312174797, 0.024611882865428925, 0.01731957122683525, 0.012441289611160755], "accuracy": [0.9190624952316284, 0.9971874952316284, 0.9903125166893005, 0.9981250166893005, 0.9868749976158142, 0.9821875095367432, 0.9837499856948853, 0.9887499809265137, 0.9971874952316284, 0.9934375286102295, 0.996874988079071, 0.9950000047683716, 0.9831249713897705, 0.9921875, 0.9943749904632568, 0.9850000143051147, 0.9946874976158142, 0.9853125214576721, 0.9853125214576721, 0.9784374833106995, 0.9909374713897705, 0.9887499809265137, 0.9925000071525574, 0.9906250238418579, 0.9956250190734863, 0.9959375262260437], "val_loss": [0.5923629999160767, 0.451162189245224, 0.4202307462692261, 0.4075470268726349, 0.4106006622314453, 0.42017680406570435, 0.4215458333492279, 0.4135877192020416, 0.40732625126838684, 0.4044335186481476, 0.40100201964378357, 0.4023510813713074, 0.41628560423851013, 0.4120233952999115, 0.4118613004684448, 0.4226319491863251, 0.4172251522541046, 0.4281701147556305, 0.4280042350292206, 0.4490435719490051, 0.4378994405269623, 0.43734097480773926, 0.4344100058078766, 0.436633825302124, 0.43290984630584717, 0.4289948344230652], "val_accuracy": [0.9068750143051147, 0.9068750143051147, 0.9065625071525574, 0.9065625071525574, 0.9065625071525574, 0.9065625071525574, 0.9065625071525574, 0.9065625071525574, 0.9065625071525574, 0.9068750143051147, 0.9065625071525574, 0.9068750143051147, 0.9068750143051147, 0.9068750143051147, 0.9068750143051147, 0.9065625071525574, 0.9065625071525574, 0.9065625071525574, 0.9059374928474426, 0.9040625095367432, 0.9043750166893005, 0.9056249856948853, 0.9068750143051147, 0.9071875214576721, 0.9065625071525574, 0.9071875214576721]}