{"loss": [0.5473426580429077, 0.12618307769298553, 0.05419168621301651, 0.023328833281993866, 0.04516817256808281, 0.020067928358912468, 0.040237221866846085, 0.04118591919541359, 0.029800279065966606, 0.02645724080502987, 0.05055839940905571, 0.02079298347234726, 0.016992060467600822, 0.04537183418869972, 0.0292502474039793, 0.008332866244018078, 0.03099827468395233, 0.016052599996328354, 0.009989422746002674], "accuracy": [0.8853124976158142, 0.9909374713897705, 0.9831249713897705, 0.9928125143051147, 0.9856250286102295, 0.9943749904632568, 0.987500011920929, 0.984375, 0.9887499809265137, 0.9906250238418579, 0.9787499904632568, 0.9915624856948853, 0.9946874976158142, 0.9793750047683716, 0.9881250262260437, 0.9971874952316284, 0.9862499833106995, 0.9950000047683716, 0.9965624809265137], "val_loss": [0.613884449005127, 0.5107238292694092, 0.4891466498374939, 0.47746509313583374, 0.48169997334480286, 0.478328138589859, 0.48562297224998474, 0.4939047694206238, 0.5014587044715881, 0.5069486498832703, 0.5186591148376465, 0.5179253816604614, 0.5138709545135498, 0.5267274975776672, 0.5261351466178894, 0.5223901271820068, 0.5292330384254456, 0.5276835560798645, 0.528017520904541], "val_accuracy": [0.9068750143051147, 0.9056249856948853, 0.9046875238418579, 0.9056249856948853, 0.9043750166893005, 0.9037500023841858, 0.9046875238418579, 0.9046875238418579, 0.903124988079071, 0.9043750166893005, 0.9040625095367432, 0.9028124809265137, 0.9056249856948853, 0.9065625071525574, 0.9065625071525574, 0.9068750143051147, 0.9068750143051147, 0.9068750143051147, 0.9068750143051147]}