{"loss": [0.6384603977203369, 0.3480859398841858, 0.1012725904583931, 0.03908498212695122, 0.03486480563879013, 0.06148472800850868, 0.006506896112114191, 0.04399432614445686, 0.01869397610425949, 0.07701615989208221, 0.055225469172000885, 0.040521860122680664, 0.029114075005054474, 0.04454787075519562, 0.005120331421494484, 0.05319646745920181, 0.03383832052350044, 0.04830779507756233, 0.02864684909582138, 0.01873575896024704, 0.003078230656683445, 0.03703775256872177, 0.074077308177948, 0.017920037731528282, 0.06353912502527237, 0.07000245153903961, 0.02670087106525898, 0.025581974536180496, 0.02970268949866295, 0.01039813831448555, 0.04074706882238388, 0.06817582249641418, 0.02593909576535225, 0.02258916199207306, 0.03278785198926926, 0.015811044722795486, 0.04608552157878876, 0.039167460054159164, 0.014053702354431152, 0.019607998430728912, 0.023139333352446556, 0.021915864199399948, 0.0517602264881134, 0.02658403106033802, 0.027140837162733078, 0.02353060431778431, 0.04342837631702423, 0.002723962999880314, 0.016377519816160202, 0.022343851625919342, 0.022939221933484077, 0.02135656774044037, 0.012282525189220905, 0.014311544597148895, 0.02113967388868332, 0.028261642903089523, 0.005919727496802807, 0.007557414937764406, 0.008784257806837559, 0.02745712921023369, 0.023028217256069183, 0.013315749354660511], "accuracy": [0.9181249737739563, 0.9915624856948853, 0.9871875047683716, 0.9937499761581421, 0.9956250190734863, 0.9878125190734863, 1.0, 0.9906250238418579, 0.9962499737739563, 0.9850000143051147, 0.9859374761581421, 0.9921875, 0.9940624833106995, 0.9915624856948853, 1.0, 0.9868749976158142, 0.9906250238418579, 0.989062488079071, 0.9909374713897705, 0.995312511920929, 1.0, 0.9918749928474426, 0.9806249737739563, 0.9971874952316284, 0.9800000190734863, 0.9759374856948853, 0.9950000047683716, 0.9937499761581421, 0.9896875023841858, 0.9978125095367432, 0.9865624904632568, 0.9784374833106995, 0.9896875023841858, 0.9943749904632568, 0.9893749952316284, 0.9943749904632568, 0.9846875071525574, 0.987500011920929, 0.9962499737739563, 0.9928125143051147, 0.9937499761581421, 0.9931250214576721, 0.9831249713897705, 0.9906250238418579, 0.9893749952316284, 0.9937499761581421, 0.9834374785423279, 1.0, 0.9937499761581421, 0.9918749928474426, 0.9921875, 0.9918749928474426, 0.9946874976158142, 0.996874988079071, 0.9903125166893005, 0.9884374737739563, 0.9975000023841858, 0.996874988079071, 0.9965624809265137, 0.9906250238418579, 0.9912499785423279, 0.9950000047683716], "val_loss": [0.5966583490371704, 0.40258416533470154, 0.39584171772003174, 0.42230719327926636, 0.44068557024002075, 0.4253895580768585, 0.45272132754325867, 0.44276362657546997, 0.4567823112010956, 0.40214836597442627, 0.3868196904659271, 0.39075127243995667, 0.3891960382461548, 0.37953585386276245, 0.4040655493736267, 0.39242303371429443, 0.38122081756591797, 0.37263402342796326, 0.37966904044151306, 0.3860347867012024, 0.4053591191768646, 0.38964763283729553, 0.3477327227592468, 0.3624269962310791, 0.33793121576309204, 0.32641592621803284, 0.33599090576171875, 0.34257957339286804, 0.3462926745414734, 0.36090555787086487, 0.34803685545921326, 0.32136908173561096, 0.3255472481250763, 0.3340068757534027, 0.32758739590644836, 0.3397364318370819, 0.3279564380645752, 0.3215087652206421, 0.33768516778945923, 0.33930230140686035, 0.3376491069793701, 0.3325778841972351, 0.3102298676967621, 0.30997252464294434, 0.32060733437538147, 0.3128579556941986, 0.3043517470359802, 0.3232104480266571, 0.33183932304382324, 0.32814574241638184, 0.32108601927757263, 0.3252843916416168, 0.33279919624328613, 0.33579930663108826, 0.3360134959220886, 0.3323037624359131, 0.3434482216835022, 0.3483477532863617, 0.35075247287750244, 0.3377144932746887, 0.3132106065750122, 0.32212337851524353], "val_accuracy": [0.9068750143051147, 0.9065625071525574, 0.90625, 0.9068750143051147, 0.9068750143051147, 0.9068750143051147, 0.9068750143051147, 0.9068750143051147, 0.9068750143051147, 0.9068750143051147, 0.9068750143051147, 0.9068750143051147, 0.9068750143051147, 0.9068750143051147, 0.9068750143051147, 0.9068750143051147, 0.9075000286102295, 0.9075000286102295, 0.9059374928474426, 0.9059374928474426, 0.90625, 0.9059374928474426, 0.9053124785423279, 0.9049999713897705, 0.9049999713897705, 0.9034374952316284, 0.9024999737739563, 0.9024999737739563, 0.9021875262260437, 0.9018750190734863, 0.9003124833106995, 0.9003124833106995, 0.903124988079071, 0.9034374952316284, 0.8999999761581421, 0.8978124856948853, 0.8987500071525574, 0.8943750262260437, 0.8962500095367432, 0.8962500095367432, 0.8984375, 0.8978124856948853, 0.895312488079071, 0.8918750286102295, 0.8918750286102295, 0.8912500143051147, 0.8899999856948853, 0.890625, 0.8912500143051147, 0.8915625214576721, 0.8931249976158142, 0.895312488079071, 0.8949999809265137, 0.895312488079071, 0.8956249952316284, 0.8971874713897705, 0.8962500095367432, 0.8946874737739563, 0.8974999785423279, 0.8921874761581421, 0.8903124928474426, 0.8915625214576721]}