{"loss": [0.6253405213356018, 0.382944792509079, 0.10097700357437134, 0.04256828874349594, 0.02681877836585045, 0.08219105005264282, 0.04614218696951866, 0.06439412385225296, 0.05497191101312637, 0.06272398680448532, 0.02239283360540867, 0.027298398315906525, 0.046650342643260956, 0.03931507468223572, 0.04026360064744949, 0.02540784887969494, 0.08260884881019592, 0.03441806137561798, 0.029407711699604988, 0.020767817273736, 0.013477049767971039, 0.04258407652378082, 0.027290700003504753, 0.029147034510970116, 0.031162891536951065, 0.045697763562202454, 0.03347604349255562, 0.05249027907848358, 0.0270489901304245, 0.04223014786839485, 0.03554126247763634, 0.035765476524829865, 0.021435057744383812, 0.034767087548971176, 0.018489772453904152, 0.01979728974401951, 0.002550288336351514, 0.02130010537803173, 0.025025608018040657, 0.013583490625023842, 0.016131950542330742, 0.02888900600373745, 0.019901184365153313], "accuracy": [0.9862499833106995, 0.989062488079071, 0.9956250190734863, 0.9959375262260437, 0.9965624809265137, 0.9856250286102295, 0.9925000071525574, 0.9878125190734863, 0.9881250262260437, 0.9884374737739563, 0.9962499737739563, 0.9946874976158142, 0.9900000095367432, 0.9918749928474426, 0.9909374713897705, 0.9931250214576721, 0.9793750047683716, 0.9921875, 0.9940624833106995, 0.9959375262260437, 0.9975000023841858, 0.989062488079071, 0.9934375286102295, 0.9909374713897705, 0.9903125166893005, 0.989062488079071, 0.9912499785423279, 0.9815624952316284, 0.9918749928474426, 0.9896875023841858, 0.9884374737739563, 0.989062488079071, 0.9931250214576721, 0.9884374737739563, 0.9940624833106995, 0.9940624833106995, 1.0, 0.9931250214576721, 0.9931250214576721, 0.9956250190734863, 0.995312511920929, 0.9912499785423279, 0.9931250214576721], "val_loss": [0.5745212435722351, 0.36107712984085083, 0.37172070145606995, 0.4261680543422699, 0.4630705714225769, 0.4230455458164215, 0.42378100752830505, 0.40607476234436035, 0.4045912027359009, 0.3830462694168091, 0.40120741724967957, 0.4097657799720764, 0.4010661840438843, 0.3895023465156555, 0.3883019983768463, 0.3912881910800934, 0.3535832464694977, 0.353803813457489, 0.3533468246459961, 0.36472460627555847, 0.37666934728622437, 0.35956135392189026, 0.3599610924720764, 0.36196187138557434, 0.3627779483795166, 0.344573050737381, 0.3278094232082367, 0.31650498509407043, 0.3272998332977295, 0.32297831773757935, 0.3255515396595001, 0.31957581639289856, 0.3268657624721527, 0.32744118571281433, 0.3264094889163971, 0.33591774106025696, 0.3449638783931732, 0.33866995573043823, 0.3297554850578308, 0.3371284008026123, 0.33662399649620056, 0.321590781211853, 0.32316988706588745], "val_accuracy": [0.9068750143051147, 0.9068750143051147, 0.9068750143051147, 0.9068750143051147, 0.9068750143051147, 0.9068750143051147, 0.9068750143051147, 0.9068750143051147, 0.9068750143051147, 0.9068750143051147, 0.9068750143051147, 0.9068750143051147, 0.9068750143051147, 0.9068750143051147, 0.9068750143051147, 0.9068750143051147, 0.9068750143051147, 0.9068750143051147, 0.9068750143051147, 0.9068750143051147, 0.9059374928474426, 0.9065625071525574, 0.9078124761581421, 0.90625, 0.9065625071525574, 0.90625, 0.9068750143051147, 0.9056249856948853, 0.9046875238418579, 0.9040625095367432, 0.9037500023841858, 0.9056249856948853, 0.9049999713897705, 0.9037500023841858, 0.9034374952316284, 0.9018750190734863, 0.9028124809265137, 0.9024999737739563, 0.8990625143051147, 0.8990625143051147, 0.9021875262260437, 0.8984375, 0.8984375]}