{"loss": [0.6642706990242004, 0.4653216302394867, 0.15642349421977997, 0.08187172561883926, 0.05097607523202896, 0.0323856845498085, 0.053599633276462555, 0.03611850365996361, 0.043232034891843796, 0.04000099003314972, 0.042904842644929886, 0.051003143191337585, 0.07311256229877472, 0.014143259264528751, 0.0210270956158638, 0.019916778430342674, 0.00319394888356328, 0.049656037241220474], "accuracy": [0.9840624928474426, 0.9950000047683716, 0.9881250262260437, 0.9862499833106995, 0.9906250238418579, 0.9943749904632568, 0.9850000143051147, 0.9915624856948853, 0.987500011920929, 0.9893749952316284, 0.9887499809265137, 0.9846875071525574, 0.9768750071525574, 0.996874988079071, 0.9946874976158142, 0.995312511920929, 1.0, 0.9850000143051147], "val_loss": [0.6228676438331604, 0.37559422850608826, 0.2969033718109131, 0.31111228466033936, 0.328972727060318, 0.3481277525424957, 0.3411289155483246, 0.3468014597892761, 0.3453545868396759, 0.3503013551235199, 0.3380664587020874, 0.3235851228237152, 0.2992043197154999, 0.3163648545742035, 0.3232153654098511, 0.32709193229675293, 0.3438449800014496, 0.3234352469444275], "val_accuracy": [0.9071875214576721, 0.9068750143051147, 0.9068750143051147, 0.9059374928474426, 0.90625, 0.9065625071525574, 0.9065625071525574, 0.9068750143051147, 0.9084374904632568, 0.9071875214576721, 0.9071875214576721, 0.9037500023841858, 0.9053124785423279, 0.9056249856948853, 0.9053124785423279, 0.9075000286102295, 0.9068750143051147, 0.9071875214576721]}