{"loss": [0.6138238310813904, 0.36246052384376526, 0.13186176121234894, 0.06934881955385208, 0.03715868294239044, 0.05020315200090408, 0.019783921539783478, 0.045610055327415466, 0.06449652463197708, 0.019022788852453232, 0.03784027695655823, 0.029061665758490562, 0.03267933055758476, 0.005196133628487587, 0.0037935576401650906, 0.016446661204099655, 0.033921483904123306, 0.028353894129395485, 0.03615475073456764, 0.027770623564720154], "accuracy": [0.8293750286102295, 0.9800000190734863, 0.9868749976158142, 0.9878125190734863, 0.9940624833106995, 0.9887499809265137, 0.9975000023841858, 0.9906250238418579, 0.9856250286102295, 0.9971874952316284, 0.9921875, 0.9934375286102295, 0.9928125143051147, 1.0, 1.0, 0.9971874952316284, 0.9937499761581421, 0.9934375286102295, 0.9931250214576721, 0.9943749904632568], "val_loss": [0.6231018304824829, 0.48968181014060974, 0.3924827575683594, 0.36541426181793213, 0.35957759618759155, 0.3597604036331177, 0.3630753457546234, 0.36371099948883057, 0.3616584837436676, 0.3646669387817383, 0.3668154776096344, 0.36681628227233887, 0.36739814281463623, 0.3758379817008972, 0.38517892360687256, 0.389395534992218, 0.3886338174343109, 0.3786059617996216, 0.3740895390510559, 0.37341707944869995], "val_accuracy": [0.9068750143051147, 0.9068750143051147, 0.9068750143051147, 0.9068750143051147, 0.9068750143051147, 0.9068750143051147, 0.9068750143051147, 0.9068750143051147, 0.9068750143051147, 0.9068750143051147, 0.9068750143051147, 0.9068750143051147, 0.9068750143051147, 0.9068750143051147, 0.9068750143051147, 0.9068750143051147, 0.9068750143051147, 0.9068750143051147, 0.9068750143051147, 0.9068750143051147]}