{"loss": [0.5549455285072327, 0.3130229711532593, 0.17104484140872955, 0.06818143278360367, 0.08452862501144409, 0.059333764016628265, 0.05056736618280411, 0.047346726059913635, 0.05873490497469902, 0.05978647619485855, 0.05925882235169411, 0.1050323024392128, 0.0381522998213768, 0.03732366859912872, 0.0752808153629303, 0.11599823832511902, 0.07580637186765671, 0.06684396415948868, 0.03528253734111786], "accuracy": [0.9046875238418579, 1.0, 0.9878125190734863, 1.0, 0.9865624904632568, 0.9915624856948853, 0.9931250214576721, 0.9937499761581421, 0.9912499785423279, 0.9903125166893005, 0.9906250238418579, 0.9806249737739563, 0.9946874976158142, 0.9946874976158142, 0.9878125190734863, 0.979687511920929, 0.9878125190734863, 0.9884374737739563, 0.995312511920929], "val_loss": [0.6024253964424133, 0.4781494140625, 0.4012486934661865, 0.381667822599411, 0.39019671082496643, 0.40302756428718567, 0.4177964925765991, 0.43353816866874695, 0.4353654086589813, 0.4353737235069275, 0.434836208820343, 0.4206652045249939, 0.4308297336101532, 0.44516521692276, 0.4402885437011719, 0.41862618923187256, 0.4240763187408447, 0.42114144563674927, 0.4390069246292114], "val_accuracy": [0.9068750143051147, 0.9068750143051147, 0.9068750143051147, 0.9068750143051147, 0.9068750143051147, 0.9068750143051147, 0.9068750143051147, 0.9068750143051147, 0.9068750143051147, 0.9068750143051147, 0.9068750143051147, 0.9068750143051147, 0.9068750143051147, 0.9068750143051147, 0.9068750143051147, 0.9068750143051147, 0.9068750143051147, 0.9068750143051147, 0.9068750143051147]}