{"loss": [0.6150006055831909, 0.12634706497192383, 0.05345155671238899, 0.03200622648000717, 0.022413287311792374, 0.007644901052117348, 0.005196406971663237], "acurracy": [0.800000011920929, 0.984375, 0.9943749904632568, 0.996874988079071, 0.9978125095367432, 1.0, 1.0], "val_loss": [1.370956540107727, 1.1631873846054077, 1.1736955642700195, 1.2370882034301758, 1.2509368658065796, 1.3558039665222168, 1.416447639465332], "val_acurracy": [0.5353124737739563, 0.5756250023841858, 0.5774999856948853, 0.5818750262260437, 0.5809375047683716, 0.5787500143051147, 0.5831249952316284]}