{"loss": [0.4506880044937134, 0.06468598544597626, 0.016969529911875725, 0.04231129586696625, 0.13534659147262573, 0.010660793632268906, 0.041681285947561264, 0.006399990525096655, 0.11584922671318054, 0.007474168669432402, 0.06000903621315956, 0.005579575430601835, 0.03534358739852905, 0.0598960779607296, 0.005436616484075785, 0.0030993435066193342, 0.021737802773714066, 0.0022803405299782753, 0.08575857430696487, 0.0048371655866503716, 0.13593806326389313, 0.029936499893665314, 0.031730785965919495, 0.08841104805469513, 0.006881622597575188, 0.0037684650160372257, 0.03333023190498352, 0.02924495004117489, 0.031853724271059036, 0.11148997396230698, 0.010067339986562729, 0.02898223325610161, 0.028851378709077835, 0.004917973652482033, 0.0025267377495765686, 0.0016987883718684316, 0.0014507665764540434], "acurracy": [0.8543750047683716, 0.9946874976158142, 0.9996874928474426, 0.9959375262260437, 0.9828125238418579, 0.9996874928474426, 0.9956250190734863, 1.0, 0.9868749976158142, 1.0, 0.9931250214576721, 1.0, 0.9962499737739563, 0.9921875, 1.0, 1.0, 0.9975000023841858, 1.0, 0.9900000095367432, 1.0, 0.9818750023841858, 0.9962499737739563, 0.9962499737739563, 0.9881250262260437, 1.0, 1.0, 0.9959375262260437, 0.9959375262260437, 0.9959375262260437, 0.9831249713897705, 1.0, 0.9959375262260437, 0.995312511920929, 1.0, 1.0, 1.0, 1.0], "val_loss": [1.5732229948043823, 1.633704423904419, 1.7407286167144775, 1.7455322742462158, 1.4328678846359253, 1.5515862703323364, 1.6351616382598877, 1.6029144525527954, 1.298580288887024, 1.4008111953735352, 1.233026385307312, 1.3019975423812866, 1.2528237104415894, 1.111010193824768, 1.1479238271713257, 1.2315847873687744, 1.1592386960983276, 1.2154502868652344, 0.9915929436683655, 1.0681350231170654, 0.8052741289138794, 0.8401451706886292, 0.8152788281440735, 0.7519739270210266, 0.7890753746032715, 0.8203898072242737, 0.7717781066894531, 0.7471016049385071, 0.7148178815841675, 0.6326058506965637, 0.6419146656990051, 0.6242249608039856, 0.6343597173690796, 0.6427369713783264, 0.6714389324188232, 0.6766813397407532, 0.6817209124565125], "val_acurracy": [0.5737500190734863, 0.5778124928474426, 0.5765625238418579, 0.5790625214576721, 0.5831249952316284, 0.5809375047683716, 0.5768749713897705, 0.5728124976158142, 0.578125, 0.5790625214576721, 0.5759375095367432, 0.581250011920929, 0.5759375095367432, 0.5787500143051147, 0.582812488079071, 0.5765625238418579, 0.5803124904632568, 0.5790625214576721, 0.5762500166893005, 0.5684375166893005, 0.6731250286102295, 0.6553124785423279, 0.6734374761581421, 0.7437499761581421, 0.7250000238418579, 0.6974999904632568, 0.7362499833106995, 0.7628124952316284, 0.7837499976158142, 0.848437488079071, 0.8478124737739563, 0.8575000166893005, 0.8575000166893005, 0.8543750047683716, 0.8506249785423279, 0.8443750143051147, 0.8381249904632568]}