{"loss": [0.5107932090759277, 0.1239813044667244, 0.052789926528930664, 0.04200463742017746, 0.04889781400561333, 0.054670508950948715], "acurracy": [0.824999988079071, 0.9868749976158142, 0.9956250190734863, 0.9965624809265137, 0.995312511920929, 0.9943749904632568], "val_loss": [1.4302012920379639, 1.4397625923156738, 1.4310767650604248, 1.4561240673065186, 1.4646172523498535, 1.4706088304519653], "val_acurracy": [0.5253124833106995, 0.5459374785423279, 0.5546875, 0.5496875047683716, 0.5509374737739563, 0.5456249713897705]}