{"loss": [0.44705748558044434, 0.09273982048034668, 0.042386170476675034, 0.06588193029165268, 0.06251587718725204, 0.09372950345277786, 0.05024896562099457, 0.050581321120262146, 0.006312049459666014, 0.055436111986637115, 0.0059458850882947445, 0.025916902348399162, 0.03273627907037735, 0.004283600952476263, 0.01852905936539173, 0.03716199845075607, 0.04012744501233101, 0.015767114236950874, 0.0430077463388443, 0.011566238477826118, 0.014159769751131535, 0.0024827318266034126, 0.04022542014718056, 0.011701386421918869], "acurracy": [0.8550000190734863, 0.9887499809265137, 0.9956250190734863, 0.9915624856948853, 0.9915624856948853, 0.9865624904632568, 0.9925000071525574, 0.9925000071525574, 1.0, 0.9909374713897705, 1.0, 0.9959375262260437, 0.9937499761581421, 1.0, 0.9962499737739563, 0.9925000071525574, 0.9915624856948853, 0.996874988079071, 0.9906250238418579, 0.9984375238418579, 0.9971874952316284, 1.0, 0.9921875, 0.9984375238418579], "val_loss": [1.4960837364196777, 1.360103726387024, 1.325291633605957, 1.184104084968567, 1.0586938858032227, 0.8507459759712219, 0.8043025135993958, 0.7491174936294556, 0.7914690971374512, 0.6508821845054626, 0.6865282654762268, 0.6817615628242493, 0.6286636590957642, 0.606759250164032, 0.6206927299499512, 0.5524118542671204, 0.5442448854446411, 0.5430008172988892, 0.5394327044487, 0.5502992868423462, 0.5413562059402466, 0.5689951181411743, 0.5750424265861511, 0.5729222297668457], "val_acurracy": [0.5762500166893005, 0.581250011920929, 0.5796874761581421, 0.581250011920929, 0.5971875190734863, 0.6428124904632568, 0.6818749904632568, 0.7334374785423279, 0.7212499976158142, 0.8256250023841858, 0.8087499737739563, 0.8184375166893005, 0.846875011920929, 0.8540624976158142, 0.8512499928474426, 0.8696874976158142, 0.8650000095367432, 0.8662499785423279, 0.8693749904632568, 0.8671875, 0.8725000023841858, 0.8690624833106995, 0.8693749904632568, 0.8715624809265137]}