{"loss": [0.35889697074890137, 0.16508477926254272, 0.08782036602497101, 0.06109834089875221, 0.04428984224796295, 0.03219873085618019, 0.061142150312662125, 0.03183672949671745, 0.03708638623356819, 0.06936537474393845, 0.005881870165467262, 0.06817268580198288, 0.005909240338951349, 0.03090713731944561, 0.04145531356334686, 0.041380900889635086, 0.02821081131696701, 0.04203559085726738, 0.08032842725515366, 0.035467781126499176, 0.03373730555176735, 0.012066526338458061, 0.07072747498750687, 0.020291399210691452, 0.030549991875886917, 0.003636477282270789, 0.002460756339132786, 0.026230111718177795, 0.0025144200772047043, 0.024136211723089218, 0.03696896508336067, 0.00539950467646122, 0.01539284735918045, 0.016128450632095337], "acurracy": [0.8912500143051147, 0.9781249761581421, 0.9884374737739563, 0.9921875, 0.9946874976158142, 0.9956250190734863, 0.9915624856948853, 0.9962499737739563, 0.995312511920929, 0.9893749952316284, 1.0, 0.9887499809265137, 1.0, 0.9959375262260437, 0.9925000071525574, 0.9934375286102295, 0.995312511920929, 0.9925000071525574, 0.9809374809265137, 0.9928125143051147, 0.9928125143051147, 0.9981250166893005, 0.9856250286102295, 0.996874988079071, 0.9940624833106995, 1.0, 1.0, 0.9937499761581421, 1.0, 0.9950000047683716, 0.9900000095367432, 0.9987499713897705, 0.9962499737739563, 0.9965624809265137], "val_loss": [1.5506186485290527, 1.2732471227645874, 1.1293429136276245, 0.9863734245300293, 0.9065418243408203, 0.9328782558441162, 0.8122076392173767, 0.7979629635810852, 0.7574293613433838, 0.698479175567627, 0.7062116861343384, 0.6663377285003662, 0.6353704333305359, 0.6395394206047058, 0.6105904579162598, 0.5995185375213623, 0.6031230688095093, 0.5885030031204224, 0.5556915402412415, 0.5371081829071045, 0.5182639956474304, 0.4957776665687561, 0.49104073643684387, 0.4763329327106476, 0.4505963623523712, 0.45522359013557434, 0.4573735296726227, 0.45530131459236145, 0.4291101098060608, 0.43333572149276733, 0.4520655870437622, 0.43920981884002686, 0.45049425959587097, 0.4382632076740265], "val_acurracy": [0.49937498569488525, 0.5471875071525574, 0.5640624761581421, 0.5834375023841858, 0.604687511920929, 0.5928124785423279, 0.659375011920929, 0.6728125214576721, 0.7268750071525574, 0.8087499737739563, 0.7818750143051147, 0.8290625214576721, 0.8346874713897705, 0.8475000262260437, 0.8665624856948853, 0.8734375238418579, 0.8559374809265137, 0.8587499856948853, 0.8662499785423279, 0.8709375262260437, 0.8721874952316284, 0.879687488079071, 0.8762500286102295, 0.8799999952316284, 0.885937511920929, 0.8896874785423279, 0.8868749737739563, 0.8881250023841858, 0.8968750238418579, 0.8934375047683716, 0.8803125023841858, 0.885937511920929, 0.8868749737739563, 0.8865625262260437]}