{"loss": [0.7199015617370605, 0.12153716385364532, 0.030389592051506042, 0.04189782962203026, 0.06067287549376488, 0.01023657713085413, 0.08016456663608551, 0.051284242421388626, 0.12156957387924194, 0.11067315191030502, 0.014131482690572739, 0.03670298680663109], "acurracy": [0.7459375262260437, 0.9896875023841858, 0.9990624785423279, 0.9962499737739563, 0.9937499761581421, 1.0, 0.9909374713897705, 0.9946874976158142, 0.9850000143051147, 0.9846875071525574, 1.0, 0.9965624809265137], "val_loss": [1.9336146116256714, 1.8382792472839355, 1.7487051486968994, 1.6960742473602295, 1.6349449157714844, 1.5756300687789917, 1.5279898643493652, 1.5578019618988037, 1.5999966859817505, 1.6689627170562744, 1.62775456905365, 1.6003566980361938], "val_acurracy": [0.23468750715255737, 0.37437498569488525, 0.5184375047683716, 0.5481250286102295, 0.557812511920929, 0.5724999904632568, 0.5653125047683716, 0.43812501430511475, 0.2828125059604645, 0.21875, 0.2434374988079071, 0.2540625035762787]}