{"loss": [0.6084127426147461, 0.06692203134298325, 0.019038911908864975, 0.034277379512786865, 0.06783720850944519, 0.02962357923388481, 0.005960347596555948, 0.07339587062597275, 0.08838719129562378, 0.07791775465011597, 0.009019988588988781, 0.004539928864687681, 0.023596668615937233, 0.04877220466732979, 0.022242940962314606, 0.025224989280104637, 0.0040092384442687035, 0.04244028404355049, 0.003514410462230444, 0.06504165381193161, 0.040183499455451965, 0.04329754784703255, 0.06398257613182068, 0.03173412010073662, 0.027225522324442863, 0.03430415317416191, 0.04914740473031998, 0.006545109674334526, 0.034130074083805084, 0.006234961561858654, 0.03882338106632233, 0.015307196415960789, 0.003681756556034088, 0.036671388894319534, 0.02985858917236328, 0.02953220345079899, 0.029710514470934868, 0.011039814911782742, 0.014585611410439014, 0.04857407882809639, 0.0111163929104805, 0.04154612869024277, 0.01746104285120964], "acurracy": [0.7978125214576721, 0.995312511920929, 0.9996874928474426, 0.9965624809265137, 0.9909374713897705, 0.9965624809265137, 1.0, 0.9906250238418579, 0.9865624904632568, 0.9868749976158142, 1.0, 1.0, 0.996874988079071, 0.9921875, 0.9965624809265137, 0.996874988079071, 1.0, 0.9934375286102295, 1.0, 0.9906250238418579, 0.9937499761581421, 0.9925000071525574, 0.987500011920929, 0.9925000071525574, 0.9956250190734863, 0.9921875, 0.9893749952316284, 0.9996874928474426, 0.9921875, 0.9990624785423279, 0.9915624856948853, 0.996874988079071, 1.0, 0.9887499809265137, 0.9931250214576721, 0.9937499761581421, 0.9937499761581421, 0.9971874952316284, 0.996874988079071, 0.989062488079071, 0.9975000023841858, 0.9909374713897705, 0.9971874952316284], "val_loss": [1.4053854942321777, 1.2847477197647095, 1.211738109588623, 1.141872763633728, 1.0393489599227905, 1.018660068511963, 1.0041829347610474, 0.9581115245819092, 0.8905891180038452, 0.8250164985656738, 0.795620322227478, 0.7866075038909912, 0.7818357944488525, 0.7582733631134033, 0.7224090695381165, 0.703122079372406, 0.7048933506011963, 0.6860557794570923, 0.6726294755935669, 0.6673040986061096, 0.6448096632957458, 0.6522453427314758, 0.6315338611602783, 0.6200007796287537, 0.5948202013969421, 0.5936374068260193, 0.5986315011978149, 0.5785472393035889, 0.5982435345649719, 0.5558021068572998, 0.562760591506958, 0.5597507357597351, 0.5469267964363098, 0.5453969836235046, 0.5700206756591797, 0.5581895709037781, 0.5455642938613892, 0.5425088405609131, 0.5425673723220825, 0.5625340938568115, 0.5542276501655579, 0.5608998537063599, 0.5554746985435486], "val_acurracy": [0.35624998807907104, 0.46281251311302185, 0.5118749737739563, 0.5696874856948853, 0.6596875190734863, 0.6746875047683716, 0.6684374809265137, 0.7253124713897705, 0.7596874833106995, 0.7884374856948853, 0.7953125238418579, 0.7990624904632568, 0.8012499809265137, 0.8090624809265137, 0.8181250095367432, 0.8240625262260437, 0.8159375190734863, 0.8215625286102295, 0.8237500190734863, 0.8231250047683716, 0.8349999785423279, 0.8224999904632568, 0.8349999785423279, 0.8393750190734863, 0.8453124761581421, 0.8424999713897705, 0.848437488079071, 0.8475000262260437, 0.846875011920929, 0.8531249761581421, 0.8531249761581421, 0.8559374809265137, 0.8578125238418579, 0.8568750023841858, 0.8534374833106995, 0.8553125262260437, 0.856249988079071, 0.8603125214576721, 0.8556249737739563, 0.8531249761581421, 0.8528125286102295, 0.8568750023841858, 0.8540624976158142]}