{"loss": [0.34750834107398987, 0.0228117685765028, 0.05625586211681366, 0.09977550804615021, 0.0410250648856163, 0.007066268939524889, 0.028308406472206116, 0.018884828314185143, 0.019018592312932014, 0.022852294147014618, 0.0025489628314971924, 0.0021087632048875093, 0.06076515093445778, 0.012471538968384266, 0.02119320072233677, 0.014495084062218666, 0.0019034533761441708, 0.020175859332084656, 0.021995291113853455, 0.008128616027534008, 0.0013460129266604781, 0.00981813669204712, 0.016877584159374237], "acurracy": [0.8968750238418579, 1.0, 0.9928125143051147, 0.984375, 0.9946874976158142, 1.0, 0.995312511920929, 0.9965624809265137, 0.996874988079071, 0.9962499737739563, 1.0, 1.0, 0.9850000143051147, 0.9962499737739563, 0.9931250214576721, 0.996874988079071, 1.0, 0.9937499761581421, 0.9921875, 0.9981250166893005, 1.0, 0.996874988079071, 0.9950000047683716], "val_loss": [1.3187212944030762, 1.3290907144546509, 1.166630506515503, 0.8428323864936829, 0.7192944884300232, 0.6996591091156006, 0.6886171698570251, 0.5524240136146545, 0.5398609638214111, 0.4940938651561737, 0.5148449540138245, 0.5185336470603943, 0.42442217469215393, 0.401372492313385, 0.4026089608669281, 0.39648351073265076, 0.3965257406234741, 0.39100751280784607, 0.40624552965164185, 0.3961016833782196, 0.39670470356941223, 0.40100374817848206, 0.40106990933418274], "val_acurracy": [0.5765625238418579, 0.5753124952316284, 0.5784375071525574, 0.6106250286102295, 0.6818749904632568, 0.6971874833106995, 0.706250011920929, 0.8128125071525574, 0.8274999856948853, 0.8506249785423279, 0.8393750190734863, 0.8387500047683716, 0.8709375262260437, 0.8759375214576721, 0.871874988079071, 0.8731250166893005, 0.8721874952316284, 0.8743749856948853, 0.8728125095367432, 0.878125011920929, 0.878125011920929, 0.8743749856948853, 0.8768749833106995]}