{"loss": [0.45373985171318054, 0.0461064949631691, 0.03794796019792557, 0.009779327549040318, 0.09508796036243439, 0.008856972679495811], "acurracy": [0.8653125166893005, 0.9975000023841858, 0.996874988079071, 1.0, 0.9884374737739563, 1.0], "val_loss": [1.3936184644699097, 1.408583402633667, 1.4602972269058228, 1.5282657146453857, 1.4379472732543945, 1.5118058919906616], "val_acurracy": [0.5234375, 0.5450000166893005, 0.5484374761581421, 0.5543749928474426, 0.5565624833106995, 0.5531250238418579]}