{"loss": [0.41300228238105774, 0.04937725514173508, 0.012550297193229198, 0.026188213378190994, 0.051255788654088974, 0.034577544778585434, 0.00446507940068841, 0.04029357433319092, 0.05052806809544563, 0.05241002142429352, 0.04771648347377777, 0.04614660143852234, 0.0048864153213799, 0.03504481166601181, 0.023176969960331917, 0.021978938952088356, 0.04247426614165306, 0.0036369841545820236, 0.021767405793070793, 0.01793493889272213, 0.05492293834686279, 0.039149459451436996, 0.003830787492915988, 0.035653356462717056, 0.024170946329832077, 0.009225217625498772, 0.039970871061086655, 0.018807925283908844, 0.020938968285918236, 0.008852528408169746, 0.008537480607628822, 0.001346392324194312, 0.01213749498128891, 0.02475886419415474, 0.008676569908857346, 0.009596663527190685, 0.0015952273970469832], "acurracy": [0.864062488079071, 0.9956250190734863, 1.0, 0.9975000023841858, 0.9934375286102295, 0.9959375262260437, 1.0, 0.9950000047683716, 0.9928125143051147, 0.9912499785423279, 0.9921875, 0.9915624856948853, 1.0, 0.9934375286102295, 0.9965624809265137, 0.9965624809265137, 0.9918749928474426, 1.0, 0.9962499737739563, 0.9962499737739563, 0.9862499833106995, 0.9893749952316284, 1.0, 0.9915624856948853, 0.9918749928474426, 0.9971874952316284, 0.9871875047683716, 0.995312511920929, 0.9950000047683716, 0.9981250166893005, 0.9981250166893005, 1.0, 0.9959375262260437, 0.9928125143051147, 0.9975000023841858, 0.9965624809265137, 1.0], "val_loss": [1.812522292137146, 1.8541828393936157, 1.941836953163147, 1.9397759437561035, 1.704369068145752, 1.6261333227157593, 1.7029173374176025, 1.5410343408584595, 1.3452050685882568, 1.1665433645248413, 1.0611521005630493, 1.0081545114517212, 1.015184998512268, 0.9164128303527832, 0.9477460980415344, 0.8737676739692688, 0.7589972019195557, 0.7942226529121399, 0.7839919924736023, 0.7488512396812439, 0.6818078756332397, 0.6943430304527283, 0.7134907245635986, 0.681185245513916, 0.6514369249343872, 0.6545644402503967, 0.6452716588973999, 0.6388469934463501, 0.6581919193267822, 0.6447953581809998, 0.6378180980682373, 0.635864794254303, 0.6571592688560486, 0.6521555185317993, 0.6509536504745483, 0.6460825204849243, 0.6363871097564697], "val_acurracy": [0.41593751311302185, 0.45093750953674316, 0.46937501430511475, 0.47749999165534973, 0.5012500286102295, 0.5199999809265137, 0.5193750262260437, 0.5221874713897705, 0.5299999713897705, 0.5384374856948853, 0.5584375262260437, 0.5809375047683716, 0.5887500047683716, 0.6284375190734863, 0.6159374713897705, 0.651562511920929, 0.7221875190734863, 0.6974999904632568, 0.7109375, 0.7331249713897705, 0.7728124856948853, 0.7537500262260437, 0.7509375214576721, 0.7631250023841858, 0.7834374904632568, 0.7868750095367432, 0.7606250047683716, 0.7721874713897705, 0.746874988079071, 0.7578125, 0.7618749737739563, 0.7628124952316284, 0.7446874976158142, 0.746874988079071, 0.7509375214576721, 0.7534375190734863, 0.7565624713897705]}