{"loss": [0.8255741596221924, 0.09167903661727905, 0.05360495671629906, 0.04186834394931793, 0.035842157900333405, 0.04463930055499077], "acurracy": [0.7215625047683716, 0.9915624856948853, 0.9959375262260437, 0.9965624809265137, 0.996874988079071, 0.9956250190734863], "val_loss": [1.4644962549209595, 1.51513671875, 1.5727065801620483, 1.6260746717453003, 1.66794753074646, 1.6991897821426392], "val_acurracy": [0.5662500262260437, 0.5793750286102295, 0.5787500143051147, 0.5774999856948853, 0.5778124928474426, 0.5765625238418579]}