{"loss": [0.21859925985336304, 0.06148320809006691, 0.00942288525402546, 0.004645552020519972, 0.039164893329143524, 0.08120039850473404, 0.04238709807395935, 0.004496457055211067, 0.0025847535580396652, 0.0017986358143389225, 0.051861099898815155, 0.003167754039168358, 0.05395381897687912, 0.0041596670635044575, 0.023109767585992813, 0.0028196508064866066, 0.001838258933275938, 0.0594593808054924, 0.024023182690143585, 0.030920539051294327, 0.02523532323539257, 0.027448467910289764, 0.0026693223044276237, 0.026170795783400536, 0.0024054679088294506, 0.045925382524728775, 0.01920219510793686, 0.022781595587730408, 0.018061771988868713, 0.002270912053063512, 0.04018901288509369, 0.03030654601752758, 0.03471662849187851, 0.014792881906032562, 0.04886716976761818, 0.021146053448319435, 0.004176496062427759, 0.049047209322452545, 0.03023899532854557, 0.01772749237716198, 0.0017380653880536556, 0.04065137729048729, 0.016448846086859703, 0.002566572045907378, 0.022505827248096466, 0.0034135791938751936, 0.0014489515451714396, 0.0129151726141572], "acurracy": [0.9521874785423279, 0.9934375286102295, 1.0, 1.0, 0.9962499737739563, 0.9903125166893005, 0.995312511920929, 1.0, 1.0, 1.0, 0.9934375286102295, 1.0, 0.9928125143051147, 1.0, 0.996874988079071, 1.0, 1.0, 0.9912499785423279, 0.9965624809265137, 0.995312511920929, 0.995312511920929, 0.9959375262260437, 1.0, 0.9940624833106995, 1.0, 0.9887499809265137, 0.9965624809265137, 0.9962499737739563, 0.9959375262260437, 1.0, 0.9931250214576721, 0.9928125143051147, 0.9950000047683716, 0.9971874952316284, 0.9906250238418579, 0.9956250190734863, 1.0, 0.989062488079071, 0.9931250214576721, 0.996874988079071, 1.0, 0.9900000095367432, 0.9981250166893005, 1.0, 0.9943749904632568, 0.9993749856948853, 1.0, 0.9965624809265137], "val_loss": [1.4512567520141602, 1.4583282470703125, 1.592992901802063, 1.6860084533691406, 1.496076226234436, 1.283969759941101, 1.1674094200134277, 1.2233037948608398, 1.2995209693908691, 1.311085820198059, 1.042747974395752, 1.0815999507904053, 0.9397650957107544, 0.9845098257064819, 0.958997905254364, 0.9410392045974731, 0.9913130402565002, 0.8247566819190979, 0.8274614810943604, 0.8171732425689697, 0.7393455505371094, 0.7214545607566833, 0.7541309595108032, 0.6935001611709595, 0.7283132076263428, 0.6570253968238831, 0.6724412441253662, 0.6248109340667725, 0.6420638561248779, 0.6693159341812134, 0.620639979839325, 0.5562947392463684, 0.5418623685836792, 0.5407885909080505, 0.5176998376846313, 0.5261681079864502, 0.5377576351165771, 0.4945480227470398, 0.4772983491420746, 0.4807469844818115, 0.48579615354537964, 0.5007081031799316, 0.45256203413009644, 0.4887959659099579, 0.47342371940612793, 0.48333796858787537, 0.5028801560401917, 0.5120574235916138], "val_acurracy": [0.5612499713897705, 0.5746874809265137, 0.5756250023841858, 0.578125, 0.5837500095367432, 0.5740625262260437, 0.582812488079071, 0.5837500095367432, 0.5771874785423279, 0.581250011920929, 0.6103125214576721, 0.6053125262260437, 0.6553124785423279, 0.6378124952316284, 0.6709374785423279, 0.6778125166893005, 0.6581249833106995, 0.7437499761581421, 0.7518749833106995, 0.7721874713897705, 0.7918750047683716, 0.7993749976158142, 0.7893750071525574, 0.8290625214576721, 0.8206250071525574, 0.8415625095367432, 0.8412500023841858, 0.8509374856948853, 0.8428124785423279, 0.8412500023841858, 0.8418750166893005, 0.8571875095367432, 0.8490625023841858, 0.8600000143051147, 0.8700000047683716, 0.8696874976158142, 0.8678125143051147, 0.870312511920929, 0.8687499761581421, 0.8665624856948853, 0.8671875, 0.8681250214576721, 0.8715624809265137, 0.8675000071525574, 0.8715624809265137, 0.8693749904632568, 0.8665624856948853, 0.8656250238418579]}