{"loss": [0.6821224093437195, 0.10378790646791458, 0.0613558292388916, 0.10025773197412491, 0.03401000425219536, 0.021129542961716652, 0.006236702669411898, 0.005239658989012241, 0.0695490762591362, 0.02519836835563183, 0.027862295508384705, 0.015787377953529358, 0.038586925715208054, 0.0426933616399765, 0.04017137363553047, 0.027741294354200363, 0.013161676935851574, 0.01831159181892872, 0.014438428916037083], "acurracy": [0.7778124809265137, 0.9884374737739563, 0.9928125143051147, 0.9831249713897705, 0.9956250190734863, 0.9971874952316284, 1.0, 1.0, 0.9884374737739563, 0.9962499737739563, 0.9946874976158142, 0.9962499737739563, 0.9921875, 0.9903125166893005, 0.9909374713897705, 0.9940624833106995, 0.9981250166893005, 0.9956250190734863, 0.9965624809265137], "val_loss": [1.0698702335357666, 0.9181808233261108, 0.8464571237564087, 0.7500321865081787, 0.741060197353363, 0.7495484948158264, 0.743532657623291, 0.7645455002784729, 0.6730689406394958, 0.641262412071228, 0.6570795178413391, 0.6226137280464172, 0.6107515692710876, 0.5960109233856201, 0.6048377752304077, 0.6000462770462036, 0.6159505248069763, 0.6434170603752136, 0.6143137216567993], "val_acurracy": [0.6418750286102295, 0.7103124856948853, 0.7524999976158142, 0.807812511920929, 0.8028125166893005, 0.7906249761581421, 0.7856249809265137, 0.7715625166893005, 0.8224999904632568, 0.8374999761581421, 0.8368750214576721, 0.8450000286102295, 0.8368750214576721, 0.832812488079071, 0.8240625262260437, 0.8293750286102295, 0.8243749737739563, 0.8212500214576721, 0.8290625214576721]}