{"loss": [0.3720052242279053, 0.042639974504709244, 0.06664103269577026, 0.047917481511831284, 0.006882616318762302, 0.004705294035375118, 0.06256821006536484, 0.004361727740615606, 0.0026314067654311657, 0.023836825042963028, 0.017261125147342682, 0.0072410013526678085, 0.0016727674519643188, 0.03353407606482506, 0.01617664285004139, 0.001604109420441091, 0.01212695986032486, 0.015279697254300117, 0.0010826977668330073, 0.015242094174027443, 0.0007499122875742614, 0.02097877487540245, 0.020485492423176765, 0.020805273205041885, 0.011660640127956867, 0.015035204589366913, 0.007762066554278135, 0.003953148610889912, 0.003666358534246683, 0.0004754626424983144, 0.00955984741449356, 0.016856014728546143, 0.005978953093290329, 0.00630148546770215, 0.008871840313076973, 0.004583964589983225, 0.004055677447468042, 0.01610187441110611, 0.008302433416247368, 0.0002843936672434211, 0.002889381255954504, 0.003175012767314911, 0.010801894590258598, 0.021006319671869278, 0.0002437774819554761, 0.00020418860367499292], "acurracy": [0.885937511920929, 0.9956250190734863, 0.9884374737739563, 0.9903125166893005, 1.0, 1.0, 0.9846875071525574, 1.0, 1.0, 0.9934375286102295, 0.995312511920929, 0.9978125095367432, 1.0, 0.9909374713897705, 0.995312511920929, 1.0, 0.996874988079071, 0.9950000047683716, 1.0, 0.9962499737739563, 1.0, 0.9950000047683716, 0.9940624833106995, 0.9950000047683716, 0.9971874952316284, 0.9962499737739563, 0.9978125095367432, 0.9984375238418579, 0.9990624785423279, 1.0, 0.996874988079071, 0.9950000047683716, 0.9987499713897705, 0.9978125095367432, 0.9975000023841858, 0.9984375238418579, 0.9987499713897705, 0.9946874976158142, 0.9975000023841858, 1.0, 0.9996874928474426, 0.9990624785423279, 0.996874988079071, 0.9943749904632568, 1.0, 1.0], "val_loss": [1.3331348896026611, 1.30961275100708, 1.224123477935791, 1.133621335029602, 1.1179174184799194, 1.154539942741394, 1.0233228206634521, 1.0237079858779907, 1.05549955368042, 0.9817782044410706, 0.9747350811958313, 0.9177954196929932, 0.9409642815589905, 0.8723373413085938, 0.8248794674873352, 0.8289161920547485, 0.807432234287262, 0.7989295721054077, 0.7897170186042786, 0.7601361870765686, 0.7628400921821594, 0.7377330660820007, 0.6853665113449097, 0.6540756821632385, 0.672121524810791, 0.6380079388618469, 0.6516668796539307, 0.6331415772438049, 0.5914809703826904, 0.6166599988937378, 0.6097618341445923, 0.5957569479942322, 0.5803593993186951, 0.5949764847755432, 0.5990908145904541, 0.568135678768158, 0.5988492369651794, 0.5608603954315186, 0.5607580542564392, 0.5571814775466919, 0.5566684603691101, 0.5776898860931396, 0.5635056495666504, 0.5610358119010925, 0.56731778383255, 0.5796511173248291], "val_acurracy": [0.38343751430511475, 0.40187498927116394, 0.48906248807907104, 0.573437511920929, 0.5903124809265137, 0.5703125, 0.6581249833106995, 0.6600000262260437, 0.6418750286102295, 0.6734374761581421, 0.6850000023841858, 0.7115625143051147, 0.7003124952316284, 0.7334374785423279, 0.7578125, 0.7521874904632568, 0.7603124976158142, 0.7643749713897705, 0.7649999856948853, 0.7753124833106995, 0.7771875262260437, 0.7793750166893005, 0.7909374833106995, 0.7925000190734863, 0.7865625023841858, 0.7956249713897705, 0.7890625, 0.7962499856948853, 0.8100000023841858, 0.801562488079071, 0.8096874952316284, 0.8134375214576721, 0.8199999928474426, 0.8128125071525574, 0.8062499761581421, 0.8168749809265137, 0.8028125166893005, 0.8221874833106995, 0.8218749761581421, 0.8215625286102295, 0.8196874856948853, 0.8162500262260437, 0.817187488079071, 0.8224999904632568, 0.8209375143051147, 0.8199999928474426]}