{"loss": [0.4146730303764343, 0.07019446790218353, 0.015545692294836044, 0.0450698584318161, 0.054231319576501846, 0.06846222281455994, 0.04164858162403107, 0.040133923292160034], "acurracy": [0.8731250166893005, 0.9925000071525574, 1.0, 0.995312511920929, 0.9931250214576721, 0.9909374713897705, 0.995312511920929, 0.995312511920929], "val_loss": [1.25038480758667, 1.2381552457809448, 1.2255324125289917, 1.264655590057373, 1.3029049634933472, 1.3517677783966064, 1.4150182008743286, 1.4704487323760986], "val_acurracy": [0.5756250023841858, 0.581250011920929, 0.5868750214576721, 0.581250011920929, 0.5821874737739563, 0.5753124952316284, 0.5853124856948853, 0.5787500143051147]}