{"loss": [0.4038546085357666, 0.10031680762767792, 0.08123727887868881, 0.012206015177071095, 0.03359014168381691, 0.06436311453580856, 0.0336298905313015, 0.0058067007921636105, 0.07985086739063263, 0.059524063020944595, 0.03554385527968407, 0.005588648375123739, 0.03778931498527527, 0.0039396993815898895, 0.04627176374197006, 0.0628196969628334, 0.00486133573576808, 0.0026782345958054066, 0.11118145287036896, 0.06892978399991989, 0.008239233866333961, 0.06130647286772728, 0.037266213446855545, 0.08052293956279755, 0.023736590519547462, 0.02420704998075962, 0.0575631819665432], "acurracy": [0.8759375214576721, 0.9871875047683716, 0.9903125166893005, 1.0, 0.9956250190734863, 0.9921875, 0.9962499737739563, 1.0, 0.9896875023841858, 0.9934375286102295, 0.9959375262260437, 1.0, 0.9956250190734863, 1.0, 0.9940624833106995, 0.9915624856948853, 1.0, 1.0, 0.9837499856948853, 0.9884374737739563, 1.0, 0.989062488079071, 0.9943749904632568, 0.9846875071525574, 0.9971874952316284, 0.9965624809265137, 0.9887499809265137], "val_loss": [1.0914164781570435, 0.9937145709991455, 0.9111680388450623, 0.9280768036842346, 0.9326599836349487, 0.7876954674720764, 0.7638250589370728, 0.8166651725769043, 0.7015525102615356, 0.6530234813690186, 0.6489701867103577, 0.6722995042800903, 0.6455277800559998, 0.660978376865387, 0.6286535859107971, 0.5571991205215454, 0.5766302943229675, 0.5858886241912842, 0.5469380617141724, 0.530299961566925, 0.5440220236778259, 0.5295934677124023, 0.5386978983879089, 0.5488018989562988, 0.5510329008102417, 0.5570178627967834, 0.5676758289337158], "val_acurracy": [0.5762500166893005, 0.5878124833106995, 0.5868750214576721, 0.5796874761581421, 0.5849999785423279, 0.621874988079071, 0.645312488079071, 0.6178125143051147, 0.7425000071525574, 0.7953125238418579, 0.7956249713897705, 0.7762500047683716, 0.8043749928474426, 0.7918750047683716, 0.8206250071525574, 0.8646875023841858, 0.8590624928474426, 0.8531249761581421, 0.862500011920929, 0.8731250166893005, 0.8725000023841858, 0.8700000047683716, 0.8709375262260437, 0.8612499833106995, 0.8637499809265137, 0.8615624904632568, 0.8543750047683716]}