{"loss": [0.4809149503707886, 0.03203877806663513, 0.012180192396044731, 0.028295647352933884, 0.03913272172212601, 0.02841617539525032], "acurracy": [0.8434374928474426, 0.9990624785423279, 1.0, 0.9962499737739563, 0.9943749904632568, 0.9950000047683716], "val_loss": [1.0983824729919434, 1.1458172798156738, 1.235135555267334, 1.2928833961486816, 1.330431342124939, 1.3715013265609741], "val_acurracy": [0.5653125047683716, 0.557812511920929, 0.5521875023841858, 0.5493749976158142, 0.5440624952316284, 0.5296875238418579]}