{"loss": [0.46951058506965637, 0.02953037992119789, 0.01080224011093378, 0.029773833230137825, 0.004480412695556879, 0.01816880889236927], "acurracy": [0.8518750071525574, 0.9996874928474426, 0.9993749856948853, 0.9946874976158142, 1.0, 0.9962499737739563], "val_loss": [1.3409380912780762, 1.4068100452423096, 1.4022825956344604, 1.463627815246582, 1.5117698907852173, 1.6024664640426636], "val_acurracy": [0.5621874928474426, 0.551562488079071, 0.5612499713897705, 0.5603125095367432, 0.5462499856948853, 0.5334374904632568]}