{"loss": [0.4736713767051697, 0.04206056892871857, 0.04238925874233246, 0.036656297743320465, 0.01866341196000576, 0.0035092714242637157, 0.022621674463152885, 0.002259643981233239, 0.055012039840221405, 0.021400874480605125, 0.012687130831182003, 0.010420016944408417, 0.014268772676587105, 0.007968831807374954, 0.016631606966257095, 0.001200277591124177, 0.013004750944674015, 0.015869854018092155, 0.009365055710077286, 0.010399093851447105, 0.0009599468903616071, 0.023392057046294212, 0.0051079499535262585, 0.01371155958622694, 0.004662462044507265, 0.012713431380689144, 0.008288923650979996, 0.007122369017452002, 0.019280163571238518, 0.002516771201044321, 0.00044030879507772624, 0.011470003053545952, 0.0048101856373250484, 0.00030302011873573065, 0.003732688957825303, 0.0111750653013587, 0.0003536583390086889, 0.00887828879058361, 0.016218286007642746, 0.003571526613086462, 0.00027763337129727006, 0.02438989467918873, 0.009123713709414005], "acurracy": [0.8528125286102295, 0.9959375262260437, 0.9940624833106995, 0.9940624833106995, 0.9962499737739563, 1.0, 0.9950000047683716, 1.0, 0.9871875047683716, 0.9950000047683716, 0.9959375262260437, 0.9978125095367432, 0.9965624809265137, 0.9984375238418579, 0.9959375262260437, 1.0, 0.9965624809265137, 0.9956250190734863, 0.9978125095367432, 0.9978125095367432, 1.0, 0.9937499761581421, 0.9987499713897705, 0.9962499737739563, 0.9990624785423279, 0.9965624809265137, 0.9971874952316284, 0.9975000023841858, 0.9943749904632568, 0.9996874928474426, 1.0, 0.9975000023841858, 0.9978125095367432, 1.0, 0.9987499713897705, 0.996874988079071, 1.0, 0.9971874952316284, 0.9962499737739563, 0.9990624785423279, 1.0, 0.9925000071525574, 0.9975000023841858], "val_loss": [1.5560216903686523, 1.4788703918457031, 1.3455188274383545, 1.2630257606506348, 1.252697467803955, 1.2891126871109009, 1.204265832901001, 1.221443772315979, 0.9782546162605286, 0.9462490677833557, 0.9019073247909546, 0.8994810581207275, 0.8614537715911865, 0.8318385481834412, 0.8071856498718262, 0.8164498209953308, 0.8148805499076843, 0.7825480103492737, 0.7341243028640747, 0.7541701793670654, 0.7744244933128357, 0.7087502479553223, 0.6924993991851807, 0.6851356029510498, 0.6800859570503235, 0.6501078605651855, 0.6515529751777649, 0.6248993873596191, 0.5998671650886536, 0.60371994972229, 0.6008628606796265, 0.6085014343261719, 0.5991247296333313, 0.6087925434112549, 0.6056299805641174, 0.5858885049819946, 0.588535487651825, 0.5713217258453369, 0.598446786403656, 0.5840587019920349, 0.5907630920410156, 0.5757983922958374, 0.6169151067733765], "val_acurracy": [0.38999998569488525, 0.45218750834465027, 0.5115625262260437, 0.5540624856948853, 0.5559375286102295, 0.5543749928474426, 0.5806249976158142, 0.5787500143051147, 0.6796875, 0.6971874833106995, 0.7162500023841858, 0.7190625071525574, 0.7400000095367432, 0.7521874904632568, 0.7581250071525574, 0.7534375190734863, 0.7543749809265137, 0.7621874809265137, 0.7762500047683716, 0.7762500047683716, 0.7662500143051147, 0.784375011920929, 0.7875000238418579, 0.7903125286102295, 0.7956249713897705, 0.8012499809265137, 0.8028125166893005, 0.8062499761581421, 0.8162500262260437, 0.8118749856948853, 0.8112499713897705, 0.8112499713897705, 0.8146874904632568, 0.8100000023841858, 0.8106250166893005, 0.8112499713897705, 0.8112499713897705, 0.8193749785423279, 0.8087499737739563, 0.8137500286102295, 0.8140624761581421, 0.8187500238418579, 0.8062499761581421]}