{"loss": [0.4900303781032562, 0.040328532457351685, 0.012750556692481041, 0.03166056051850319, 0.0214982982724905, 0.047875724732875824], "acurracy": [0.8396875262260437, 0.9965624809265137, 0.9996874928474426, 0.9928125143051147, 0.9956250190734863, 0.9878125190734863], "val_loss": [1.6548765897750854, 1.8143424987792969, 1.8862920999526978, 1.9978492259979248, 2.0818252563476562, 2.248723030090332], "val_acurracy": [0.29624998569488525, 0.24406249821186066, 0.23781250417232513, 0.24156250059604645, 0.24375000596046448, 0.20250000059604645]}