{"loss": [0.6500519514083862, 0.08206040412187576, 0.05447686091065407, 0.10307231545448303, 0.03816897049546242, 0.07450929284095764, 0.03212770074605942, 0.02898940071463585, 0.03612576797604561, 0.06560911238193512, 0.007510393392294645, 0.004893614444881678, 0.028234900906682014, 0.03274796903133392, 0.02120632492005825, 0.003958095796406269, 0.01859787479043007, 0.01975860446691513, 0.049721039831638336, 0.02240753173828125, 0.003925683908164501, 0.022849824279546738, 0.017805088311433792, 0.03621157258749008, 0.019836019724607468, 0.020490791648626328, 0.0027666972018778324, 0.05418102443218231, 0.017742030322551727, 0.03046540543437004, 0.02111247554421425, 0.02497764118015766, 0.021703608334064484, 0.016688073053956032], "acurracy": [0.7818750143051147, 0.9934375286102295, 0.9946874976158142, 0.9846875071525574, 0.9965624809265137, 0.9893749952316284, 0.9962499737739563, 0.9959375262260437, 0.995312511920929, 0.9906250238418579, 1.0, 1.0, 0.9959375262260437, 0.9956250190734863, 0.9965624809265137, 1.0, 0.9971874952316284, 0.9971874952316284, 0.9918749928474426, 0.9965624809265137, 1.0, 0.9965624809265137, 0.996874988079071, 0.9934375286102295, 0.9971874952316284, 0.9962499737739563, 1.0, 0.9881250262260437, 0.9975000023841858, 0.9928125143051147, 0.9950000047683716, 0.9943749904632568, 0.9950000047683716, 0.9975000023841858], "val_loss": [1.229612946510315, 1.3246183395385742, 1.413771152496338, 1.2413673400878906, 1.3194891214370728, 1.0338876247406006, 0.9717429876327515, 0.9657260179519653, 0.960594117641449, 0.8042300343513489, 0.822651207447052, 0.8792909383773804, 0.8137297034263611, 0.7375354766845703, 0.7184921503067017, 0.7515340447425842, 0.7088062167167664, 0.6915236711502075, 0.622749924659729, 0.6240708827972412, 0.6587755680084229, 0.6338377594947815, 0.6436451077461243, 0.6062169671058655, 0.5883890986442566, 0.612835168838501, 0.5972371101379395, 0.6105272769927979, 0.580817699432373, 0.5850812792778015, 0.6276174783706665, 0.6116902828216553, 0.5995087027549744, 0.5956052541732788], "val_acurracy": [0.590624988079071, 0.5856249928474426, 0.5771874785423279, 0.5759375095367432, 0.581250011920929, 0.5859375, 0.6028125286102295, 0.6156250238418579, 0.6221874952316284, 0.7034375071525574, 0.7096874713897705, 0.6790624856948853, 0.7265625, 0.7793750166893005, 0.8009374737739563, 0.784375011920929, 0.8140624761581421, 0.8334375023841858, 0.859375, 0.8578125238418579, 0.8525000214576721, 0.8565624952316284, 0.8600000143051147, 0.8600000143051147, 0.8631250262260437, 0.8587499856948853, 0.8653125166893005, 0.8556249737739563, 0.862500011920929, 0.8618749976158142, 0.8534374833106995, 0.8556249737739563, 0.8571875095367432, 0.8587499856948853]}