{"loss": [0.6989980936050415, 0.09289848059415817, 0.05199955031275749, 0.01380134467035532, 0.033175889402627945, 0.08242069184780121], "acurracy": [0.7584375143051147, 0.9915624856948853, 0.9956250190734863, 0.9996874928474426, 0.9971874952316284, 0.9912499785423279], "val_loss": [1.3600047826766968, 1.4474003314971924, 1.4579044580459595, 1.4423773288726807, 1.427964687347412, 1.4610998630523682], "val_acurracy": [0.49031248688697815, 0.35093748569488525, 0.3409374952316284, 0.3646875023841858, 0.37031251192092896, 0.31718748807907104]}