{"loss": [0.9051246047019958, 0.06061023101210594, 0.05322753265500069, 0.08124841004610062, 0.02233334816992283, 0.06035759299993515, 0.02238846756517887], "acurracy": [0.7012500166893005, 0.996874988079071, 0.9934375286102295, 0.984375, 0.9959375262260437, 0.9862499833106995, 0.9950000047683716], "val_loss": [1.693139672279358, 1.6516188383102417, 1.6987555027008057, 2.1045916080474854, 2.1638736724853516, 2.486639976501465, 2.7996551990509033], "val_acurracy": [0.3096874952316284, 0.38843750953674316, 0.39656248688697815, 0.2615624964237213, 0.2528125047683716, 0.19343750178813934, 0.15343749523162842]}