{"loss": [0.17577314376831055, 0.013202487491071224, 0.04464270919561386, 0.02612166851758957, 0.06811204552650452, 0.046785321086645126, 0.061356477439403534, 0.005697301123291254, 0.02418389730155468, 0.0310526080429554, 0.02371041849255562, 0.06207599490880966, 0.05090126022696495, 0.00563857750967145, 0.02318483032286167, 0.00316779431886971, 0.06741783022880554, 0.006242141593247652, 0.045107606798410416, 0.006210507825016975, 0.06266237050294876, 0.019729699939489365, 0.022587575018405914, 0.04670170694589615, 0.02231595106422901, 0.013481094501912594, 0.013289629481732845, 0.022042207419872284, 0.002516135573387146, 0.023230265825986862, 0.001839744858443737, 0.0182499960064888, 0.01792696863412857, 0.002361277351155877, 0.015809133648872375], "acurracy": [0.9665625095367432, 1.0, 0.9956250190734863, 0.9965624809265137, 0.9918749928474426, 0.9934375286102295, 0.9915624856948853, 1.0, 0.9959375262260437, 0.9956250190734863, 0.9965624809265137, 0.9903125166893005, 0.9896875023841858, 1.0, 0.9959375262260437, 1.0, 0.9865624904632568, 1.0, 0.9906250238418579, 0.9990624785423279, 0.9865624904632568, 0.9965624809265137, 0.9962499737739563, 0.989062488079071, 0.9959375262260437, 0.996874988079071, 0.9971874952316284, 0.9946874976158142, 1.0, 0.9962499737739563, 1.0, 0.9956250190734863, 0.9956250190734863, 1.0, 0.9965624809265137], "val_loss": [1.2180067300796509, 1.208595633506775, 1.2107995748519897, 1.2268526554107666, 1.065911889076233, 0.9214270114898682, 0.8215466141700745, 0.8486753702163696, 0.8229907155036926, 0.7724601030349731, 0.7313792705535889, 0.6318686008453369, 0.6129912734031677, 0.6308465003967285, 0.6191312074661255, 0.6147969961166382, 0.5479874014854431, 0.5584456920623779, 0.5105628967285156, 0.5321381092071533, 0.5090543031692505, 0.4857993423938751, 0.4900808036327362, 0.5100152492523193, 0.49278369545936584, 0.49833619594573975, 0.48003825545310974, 0.4931814670562744, 0.5123549699783325, 0.4690724313259125, 0.47547662258148193, 0.47101733088493347, 0.4981209933757782, 0.49229347705841064, 0.49598902463912964], "val_acurracy": [0.5743749737739563, 0.5790625214576721, 0.5784375071525574, 0.582812488079071, 0.5853124856948853, 0.6121875047683716, 0.6887500286102295, 0.6740624904632568, 0.7087500095367432, 0.7359374761581421, 0.7640625238418579, 0.823437511920929, 0.8478124737739563, 0.8424999713897705, 0.848437488079071, 0.8503124713897705, 0.8687499761581421, 0.8650000095367432, 0.8684375286102295, 0.8678125143051147, 0.8628125190734863, 0.870312511920929, 0.864062488079071, 0.8618749976158142, 0.8634374737739563, 0.8612499833106995, 0.8659374713897705, 0.8675000071525574, 0.8612499833106995, 0.8690624833106995, 0.8684375286102295, 0.8696874976158142, 0.8634374737739563, 0.8646875023841858, 0.8656250238418579]}