{"loss": [0.27744558453559875, 0.017474370077252388, 0.06040117144584656, 0.0428134948015213, 0.01290174387395382, 0.026941532269120216], "acurracy": [0.9246875047683716, 0.9996874928474426, 0.9887499809265137, 0.9906250238418579, 0.9978125095367432, 0.9931250214576721], "val_loss": [1.2021613121032715, 1.2521135807037354, 1.4070711135864258, 1.5465413331985474, 1.7281243801116943, 1.9648493528366089], "val_acurracy": [0.5615624785423279, 0.5590624809265137, 0.4481250047683716, 0.3265624940395355, 0.21062499284744263, 0.12312500178813934]}