{"loss": [0.3906119465827942, 0.02147819846868515, 0.026543976739048958, 0.026563329622149467, 0.04143040254712105, 0.030157696455717087], "acurracy": [0.8756250143051147, 1.0, 0.9962499737739563, 0.9956250190734863, 0.9921875, 0.9937499761581421], "val_loss": [1.5644978284835815, 1.6403874158859253, 1.6948257684707642, 1.7929250001907349, 2.003546953201294, 2.2577850818634033], "val_acurracy": [0.44343748688697815, 0.4059374928474426, 0.40406250953674316, 0.39281249046325684, 0.3396874964237213, 0.2693749964237213]}