{"loss": [0.8449991345405579, 0.1368538737297058, 0.02890336513519287, 0.015734544023871422, 0.009053660556674004, 0.058493852615356445, 0.07189824432134628, 0.10000958293676376, 0.010298372246325016, 0.04385337233543396, 0.0574064739048481, 0.021777397021651268, 0.004845412448048592, 0.06812550872564316, 0.05706259235739708, 0.006098817568272352, 0.08824606239795685, 0.0343732126057148, 0.034280065447092056, 0.005095069296658039, 0.003142658853903413, 0.03443008288741112, 0.04271982982754707, 0.031475529074668884, 0.003854722948744893, 0.05791453272104263, 0.004668003413826227, 0.032049451023340225], "acurracy": [0.7131249904632568, 0.9853125214576721, 0.9996874928474426, 1.0, 1.0, 0.9934375286102295, 0.9918749928474426, 0.9865624904632568, 1.0, 0.9950000047683716, 0.9934375286102295, 0.9981250166893005, 1.0, 0.9925000071525574, 0.9925000071525574, 1.0, 0.9881250262260437, 0.9962499737739563, 0.9962499737739563, 1.0, 1.0, 0.9962499737739563, 0.9956250190734863, 0.9965624809265137, 1.0, 0.9915624856948853, 1.0, 0.9965624809265137], "val_loss": [1.4340672492980957, 1.316166639328003, 1.2651976346969604, 1.2301890850067139, 1.2103192806243896, 1.1223970651626587, 1.0646554231643677, 0.9753254055976868, 0.9636566638946533, 0.9371864795684814, 0.8835127353668213, 0.8865453600883484, 0.8965440392494202, 0.8542982339859009, 0.8408019542694092, 0.8251292705535889, 0.7667416334152222, 0.7591184973716736, 0.7581969499588013, 0.7456928491592407, 0.7473182678222656, 0.7454897165298462, 0.7338911294937134, 0.7438495755195618, 0.7385186553001404, 0.7368267774581909, 0.739793062210083, 0.7438117861747742], "val_acurracy": [0.48906248807907104, 0.5303124785423279, 0.5396875143051147, 0.5531250238418579, 0.5565624833106995, 0.5709375143051147, 0.5753124952316284, 0.6025000214576721, 0.6009374856948853, 0.614062488079071, 0.6346874833106995, 0.6309375166893005, 0.6196874976158142, 0.6499999761581421, 0.6534374952316284, 0.6584374904632568, 0.71875, 0.7284374833106995, 0.7265625, 0.7250000238418579, 0.7225000262260437, 0.7293750047683716, 0.7434375286102295, 0.7412499785423279, 0.7475000023841858, 0.7434375286102295, 0.7428125143051147, 0.7378125190734863]}