{"loss": [0.516732394695282, 0.06827566772699356, 0.05723995715379715, 0.012733038514852524, 0.07806823402643204, 0.007923707365989685], "acurracy": [0.839062511920929, 0.9959375262260437, 0.9943749904632568, 0.9996874928474426, 0.9906250238418579, 1.0], "val_loss": [1.352759838104248, 1.4438034296035767, 1.4849977493286133, 1.6627256870269775, 1.3870970010757446, 1.503841519355774], "val_acurracy": [0.5771874785423279, 0.5759375095367432, 0.578125, 0.5762500166893005, 0.5818750262260437, 0.5815625190734863]}