{"loss": [0.30080804228782654, 0.026287101209163666, 0.037530120462179184, 0.007296816911548376, 0.07617862522602081, 0.043997541069984436, 0.0055097537115216255, 0.06984879821538925, 0.005994990933686495, 0.033630453050136566, 0.028180383145809174, 0.07657173275947571, 0.04810929670929909, 0.07485772669315338, 0.04594955965876579, 0.08549124747514725, 0.009290174581110477, 0.004554128739982843, 0.08904039114713669, 0.07664918154478073, 0.06359928101301193, 0.02934955433011055, 0.023189468309283257, 0.030135922133922577, 0.029772739857435226, 0.04880291968584061, 0.04005374386906624, 0.05507327988743782], "acurracy": [0.917187511920929, 0.9987499713897705, 0.9959375262260437, 1.0, 0.9903125166893005, 0.9956250190734863, 1.0, 0.9921875, 1.0, 0.9959375262260437, 0.996874988079071, 0.9915624856948853, 0.9943749904632568, 0.9915624856948853, 0.9940624833106995, 0.9884374737739563, 1.0, 1.0, 0.9893749952316284, 0.9896875023841858, 0.9918749928474426, 0.9965624809265137, 0.9975000023841858, 0.9965624809265137, 0.9965624809265137, 0.9928125143051147, 0.9943749904632568, 0.9928125143051147], "val_loss": [1.0665510892868042, 1.0233980417251587, 1.0154039859771729, 1.0931280851364136, 0.9690654277801514, 0.8608012199401855, 0.8984300494194031, 0.8356192111968994, 0.8049611449241638, 0.7870276570320129, 0.805004358291626, 0.715498685836792, 0.697090744972229, 0.6718397736549377, 0.6530686020851135, 0.6224069595336914, 0.6510502696037292, 0.6742056012153625, 0.6031887531280518, 0.5945013165473938, 0.5871188044548035, 0.5858572125434875, 0.5700634717941284, 0.5981143712997437, 0.5918779969215393, 0.6121527552604675, 0.5948267579078674, 0.5878668427467346], "val_acurracy": [0.5853124856948853, 0.5821874737739563, 0.5837500095367432, 0.5787500143051147, 0.5862500071525574, 0.5946875214576721, 0.5868750214576721, 0.6128125190734863, 0.6196874976158142, 0.6303125023841858, 0.6196874976158142, 0.6818749904632568, 0.7196875214576721, 0.7446874976158142, 0.7821875214576721, 0.8071874976158142, 0.7659375071525574, 0.7362499833106995, 0.7862499952316284, 0.8224999904632568, 0.8162500262260437, 0.8143749833106995, 0.8143749833106995, 0.8003125190734863, 0.801562488079071, 0.792187511920929, 0.8003125190734863, 0.8125]}