{"loss": [0.5884877443313599, 0.057181429117918015, 0.061378467828035355, 0.051716260612010956, 0.056776490062475204, 0.028661277145147324, 0.07311362773180008, 0.049338649958372116, 0.006086433306336403, 0.012396343052387238, 0.0031841397285461426, 0.018052898347377777, 0.016105644404888153, 0.010713618248701096, 0.06891029328107834, 0.019960826262831688, 0.02053636498749256, 0.02724315971136093, 0.025593332946300507, 0.03967629000544548, 0.008658084087073803, 0.025741787627339363, 0.01518202293664217, 0.021377509459853172, 0.032661497592926025, 0.0017504919087514281, 0.010400211438536644, 0.018687482923269272, 0.03567103296518326, 0.012687294743955135, 0.031097641214728355, 0.0017227587522938848, 0.014561481773853302, 0.005628096405416727, 0.018688831478357315, 0.012731174007058144, 0.005519678816199303], "acurracy": [0.8075000047683716, 0.9950000047683716, 0.9918749928474426, 0.9918749928474426, 0.9918749928474426, 0.9959375262260437, 0.987500011920929, 0.9912499785423279, 1.0, 0.9978125095367432, 1.0, 0.9971874952316284, 0.9962499737739563, 0.9971874952316284, 0.984375, 0.995312511920929, 0.9940624833106995, 0.9912499785423279, 0.9934375286102295, 0.9887499809265137, 0.9987499713897705, 0.9940624833106995, 0.9959375262260437, 0.9931250214576721, 0.9928125143051147, 1.0, 0.9981250166893005, 0.995312511920929, 0.9903125166893005, 0.9959375262260437, 0.9918749928474426, 1.0, 0.9962499737739563, 0.9990624785423279, 0.9962499737739563, 0.9959375262260437, 0.9990624785423279], "val_loss": [1.2332868576049805, 1.1773260831832886, 1.148654580116272, 1.0735000371932983, 0.9874368906021118, 0.9849873185157776, 0.8599134087562561, 0.8581222295761108, 0.8430385589599609, 0.8441094160079956, 0.8684762716293335, 0.829235851764679, 0.8298042416572571, 0.8199748396873474, 0.7372378706932068, 0.7135663032531738, 0.7016732096672058, 0.6591371297836304, 0.6341677308082581, 0.6000714898109436, 0.6233533024787903, 0.5864413976669312, 0.559163510799408, 0.5531712174415588, 0.5358324646949768, 0.5362303256988525, 0.5259496569633484, 0.5323780179023743, 0.4954967796802521, 0.489900141954422, 0.4971003234386444, 0.4757019281387329, 0.5039348006248474, 0.48887214064598083, 0.4991321265697479, 0.4859737753868103, 0.4893976151943207], "val_acurracy": [0.5362499952316284, 0.5475000143051147, 0.5409374833106995, 0.5550000071525574, 0.5612499713897705, 0.5512499809265137, 0.6153125166893005, 0.6387500166893005, 0.6487500071525574, 0.6528124809265137, 0.6581249833106995, 0.6884375214576721, 0.7049999833106995, 0.7168750166893005, 0.7587500214576721, 0.7653124928474426, 0.7893750071525574, 0.8043749928474426, 0.8037499785423279, 0.8103125095367432, 0.8062499761581421, 0.8193749785423279, 0.8290625214576721, 0.8349999785423279, 0.8346874713897705, 0.8346874713897705, 0.8343750238418579, 0.8396875262260437, 0.8493750095367432, 0.8525000214576721, 0.8443750143051147, 0.8543750047683716, 0.8443750143051147, 0.8450000286102295, 0.8343750238418579, 0.8378124833106995, 0.8374999761581421]}