{"loss": [0.559243381023407, 0.10580793023109436, 0.05153792351484299, 0.013950501568615437, 0.06832506507635117, 0.03780912235379219, 0.07993191480636597, 0.037040840834379196, 0.058052100241184235, 0.06504422426223755, 0.08120942115783691, 0.03631952404975891, 0.0872189998626709, 0.08513810485601425, 0.035106781870126724, 0.06590712815523148, 0.04731554165482521, 0.05392416939139366, 0.12873180210590363, 0.053251251578330994, 0.029759081080555916, 0.07297084480524063, 0.09520997107028961, 0.030279677361249924], "acurracy": [0.828125, 0.9893749952316284, 0.9962499737739563, 1.0, 0.9921875, 0.9959375262260437, 0.9909374713897705, 0.9962499737739563, 0.9931250214576721, 0.9915624856948853, 0.9906250238418579, 0.9962499737739563, 0.989062488079071, 0.9884374737739563, 0.9962499737739563, 0.9918749928474426, 0.9937499761581421, 0.9928125143051147, 0.9821875095367432, 0.9925000071525574, 0.996874988079071, 0.9903125166893005, 0.987500011920929, 0.9965624809265137], "val_loss": [1.2987878322601318, 1.2190195322036743, 1.2106375694274902, 1.2466243505477905, 1.1745998859405518, 1.1736035346984863, 1.037335991859436, 1.059301495552063, 0.9983770251274109, 1.0007789134979248, 0.9020511507987976, 0.8887985348701477, 0.8431249856948853, 0.7914837598800659, 0.8503614068031311, 0.8015614151954651, 0.8092774152755737, 0.8577049970626831, 0.7088135480880737, 0.7605696320533752, 0.8519582152366638, 0.805560827255249, 0.7924809455871582, 0.8254453539848328], "val_acurracy": [0.5759375095367432, 0.5731250047683716, 0.5759375095367432, 0.5699999928474426, 0.574999988079071, 0.5765625238418579, 0.5756250023841858, 0.5809375047683716, 0.5796874761581421, 0.5631250143051147, 0.5768749713897705, 0.574999988079071, 0.5756250023841858, 0.59375, 0.5831249952316284, 0.5887500047683716, 0.5846874713897705, 0.582812488079071, 0.6353124976158142, 0.6150000095367432, 0.5924999713897705, 0.6015625, 0.6081249713897705, 0.6106250286102295]}