{"loss": [0.25275078415870667, 0.08274023234844208, 0.05577430874109268, 0.037855688482522964, 0.02898780256509781, 0.09888093918561935], "acurracy": [0.9428125023841858, 0.9909374713897705, 0.9940624833106995, 0.9965624809265137, 0.9971874952316284, 0.987500011920929], "val_loss": [1.439996361732483, 1.52235746383667, 1.5813522338867188, 1.5942296981811523, 1.6106550693511963, 1.6941933631896973], "val_acurracy": [0.5856249928474426, 0.5837500095367432, 0.5815625190734863, 0.5790625214576721, 0.5793750286102295, 0.5774999856948853]}