{"loss": [0.30239447951316833, 0.08217950910329819, 0.08314777165651321, 0.06728056073188782, 0.07979587465524673, 0.06859545409679413], "acurracy": [0.9081249833106995, 0.9912499785423279, 0.9915624856948853, 0.9925000071525574, 0.9903125166893005, 0.9918749928474426], "val_loss": [1.2184977531433105, 1.3060575723648071, 1.3740410804748535, 1.4263885021209717, 1.4931690692901611, 1.629429817199707], "val_acurracy": [0.5728124976158142, 0.574999988079071, 0.5859375, 0.582812488079071, 0.5831249952316284, 0.5724999904632568]}