{"loss": [0.5177090167999268, 0.09590530395507812, 0.04751158133149147, 0.07009173184633255, 0.04575382173061371, 0.0780622735619545, 0.06738442927598953, 0.03549148142337799, 0.0922214612364769, 0.03411472216248512, 0.03790363296866417, 0.005544162821024656, 0.10336849838495255], "acurracy": [0.8337500095367432, 0.9909374713897705, 0.995312511920929, 0.9915624856948853, 0.995312511920929, 0.9909374713897705, 0.9928125143051147, 0.996874988079071, 0.9887499809265137, 0.9965624809265137, 0.9959375262260437, 1.0, 0.9881250262260437], "val_loss": [1.1366485357284546, 1.0464900732040405, 1.0151537656784058, 0.9989271759986877, 0.979753851890564, 0.9651592373847961, 0.9592198133468628, 0.9390180110931396, 0.9504684209823608, 0.9507351517677307, 0.9550470113754272, 0.9496282339096069, 0.9679816961288452], "val_acurracy": [0.596875011920929, 0.5878124833106995, 0.5821874737739563, 0.5806249976158142, 0.5743749737739563, 0.581250011920929, 0.5759375095367432, 0.5831249952316284, 0.6006249785423279, 0.5756250023841858, 0.582812488079071, 0.5771874785423279, 0.6215624809265137]}