{"loss": [0.23868869245052338, 0.09059026092290878, 0.04612917825579643, 0.009056390263140202, 0.06592220067977905, 0.006982903927564621], "acurracy": [0.9496874809265137, 0.9896875023841858, 0.995312511920929, 1.0, 0.9918749928474426, 1.0], "val_loss": [1.2509756088256836, 1.5810409784317017, 1.7604377269744873, 1.9077613353729248, 2.0512261390686035, 2.1843795776367188], "val_acurracy": [0.5834375023841858, 0.578125, 0.5774999856948853, 0.573437511920929, 0.5774999856948853, 0.5831249952316284]}