{"loss": [0.5018395781517029, 0.10478930175304413, 0.09333164244890213, 0.0697333961725235, 0.054546598345041275, 0.03165131434798241, 0.007246853783726692, 0.06367696076631546, 0.04294366016983986, 0.0369206927716732, 0.026965133845806122, 0.06027236580848694, 0.06348433345556259, 0.008278481662273407, 0.004708672873675823, 0.07049264758825302, 0.006987818982452154, 0.10906156897544861, 0.07431472092866898, 0.06683920323848724, 0.08461114764213562, 0.03686855733394623, 0.07124753296375275, 0.07166747748851776, 0.03486233577132225, 0.0753876268863678], "acurracy": [0.8362500071525574, 0.9893749952316284, 0.989062488079071, 0.9925000071525574, 0.9946874976158142, 0.9962499737739563, 1.0, 0.9918749928474426, 0.995312511920929, 0.9959375262260437, 0.9965624809265137, 0.9915624856948853, 0.9915624856948853, 0.9996874928474426, 1.0, 0.9903125166893005, 1.0, 0.9834374785423279, 0.9871875047683716, 0.9896875023841858, 0.9853125214576721, 0.9943749904632568, 0.9884374737739563, 0.9878125190734863, 0.995312511920929, 0.9871875047683716], "val_loss": [1.4238295555114746, 1.3569713830947876, 1.2600069046020508, 1.1584467887878418, 1.0987852811813354, 1.1103479862213135, 1.2044466733932495, 1.02508544921875, 1.0139796733856201, 0.9974719882011414, 0.9440255761146545, 0.8317975401878357, 0.8066613674163818, 0.855888843536377, 0.920442521572113, 0.7875203490257263, 0.8259955644607544, 0.6822649240493774, 0.6789204478263855, 0.6839973330497742, 0.6390341520309448, 0.6976545453071594, 0.6630873680114746, 0.657553493976593, 0.675300121307373, 0.6620326042175293], "val_acurracy": [0.5746874809265137, 0.5762500166893005, 0.5768749713897705, 0.5740625262260437, 0.5843750238418579, 0.5743749737739563, 0.5771874785423279, 0.5893750190734863, 0.5940625071525574, 0.5962499976158142, 0.6056249737739563, 0.6715624928474426, 0.6890624761581421, 0.6568750143051147, 0.6278125047683716, 0.699999988079071, 0.6762499809265137, 0.7978125214576721, 0.8103125095367432, 0.7943750023841858, 0.8265625238418579, 0.7981250286102295, 0.8168749809265137, 0.817187488079071, 0.8115624785423279, 0.8403124809265137]}