{"loss": [0.7439765334129333, 0.10633321851491928, 0.09424850344657898, 0.020595619454979897, 0.012567932717502117, 0.007240267004817724, 0.1242515817284584], "acurracy": [0.7571874856948853, 0.9918749928474426, 0.9893749952316284, 0.9996874928474426, 1.0, 1.0, 0.9856250286102295], "val_loss": [1.300290584564209, 1.2981730699539185, 1.3517013788223267, 1.3393930196762085, 1.331716775894165, 1.3014737367630005, 1.4744857549667358], "val_acurracy": [0.4375, 0.4103125035762787, 0.40531250834465027, 0.45781248807907104, 0.5006250143051147, 0.5296875238418579, 0.4428125023841858]}