{"loss": [0.4758197069168091, 0.0900656208395958, 0.05605548247694969, 0.013692603446543217, 0.09547223150730133, 0.10345786809921265, 0.05556180328130722, 0.03530367463827133], "acurracy": [0.8500000238418579, 0.9915624856948853, 0.9937499761581421, 1.0, 0.9868749976158142, 0.9856250286102295, 0.9928125143051147, 0.9965624809265137], "val_loss": [1.2523478269577026, 1.1994028091430664, 1.168445110321045, 1.1980366706848145, 1.2814359664916992, 1.4337282180786133, 1.5026047229766846, 1.5303404331207275], "val_acurracy": [0.5746874809265137, 0.573437511920929, 0.5784375071525574, 0.5740625262260437, 0.5862500071525574, 0.5387499928474426, 0.5012500286102295, 0.5043749809265137]}