{"loss": [0.6071253418922424, 0.08980467170476913, 0.04237557575106621, 0.015191614627838135, 0.03805752098560333, 0.029548373073339462], "acurracy": [0.7962499856948853, 0.9906250238418579, 0.995312511920929, 1.0, 0.9959375262260437, 0.996874988079071], "val_loss": [1.4465851783752441, 1.5748428106307983, 1.7582508325576782, 1.939974069595337, 1.946731686592102, 1.9243055582046509], "val_acurracy": [0.28593748807907104, 0.30281248688697815, 0.2981249988079071, 0.29875001311302185, 0.3265624940395355, 0.35374999046325684]}