{"loss": [0.5209682583808899, 0.06253743171691895, 0.053302593529224396, 0.06368502229452133, 0.06057183817028999, 0.05722908675670624, 0.058761268854141235, 0.026821792125701904, 0.040888022631406784, 0.09386008232831955, 0.06489946693181992, 0.0568215511739254, 0.050266679376363754, 0.006899663247168064, 0.0042041512206196785, 0.045244596898555756, 0.05407398194074631, 0.030644172802567482], "acurracy": [0.8293750286102295, 0.9950000047683716, 0.9950000047683716, 0.9928125143051147, 0.9925000071525574, 0.9921875, 0.9928125143051147, 0.996874988079071, 0.995312511920929, 0.987500011920929, 0.9921875, 0.9918749928474426, 0.9921875, 1.0, 1.0, 0.9931250214576721, 0.9921875, 0.9959375262260437], "val_loss": [1.6094087362289429, 1.5897938013076782, 1.5478075742721558, 1.4896849393844604, 1.4146348237991333, 1.333551049232483, 1.2346761226654053, 1.318871021270752, 1.2646002769470215, 1.075535535812378, 1.0764113664627075, 1.0232148170471191, 0.9916612505912781, 1.1630357503890991, 1.2698307037353516, 1.1068907976150513, 1.019975185394287, 1.048477053642273], "val_acurracy": [0.3753125071525574, 0.5218750238418579, 0.5600000023841858, 0.5765625238418579, 0.5762500166893005, 0.5862500071525574, 0.6006249785423279, 0.5915625095367432, 0.6015625, 0.6303125023841858, 0.6356250047683716, 0.6549999713897705, 0.6759374737739563, 0.6365625262260437, 0.6243749856948853, 0.6581249833106995, 0.6759374737739563, 0.6734374761581421]}