{"loss": [0.5790990591049194, 0.04905809834599495, 0.08226318657398224, 0.0594528466463089, 0.04120920971035957, 0.03739488497376442, 0.007239834871143103, 0.06705262511968613, 0.005832833703607321, 0.05523277446627617, 0.063939668238163, 0.03401191160082817, 0.06190606951713562, 0.05140364170074463, 0.08517403900623322, 0.09837783128023148, 0.09731058776378632, 0.010815761052072048, 0.05573073402047157, 0.006871911697089672, 0.05267709866166115, 0.11114393174648285, 0.027316050603985786, 0.04841018095612526, 0.1175757572054863, 0.04794875532388687, 0.009810327552258968, 0.004375942517071962, 0.02994435839354992, 0.033642154186964035], "acurracy": [0.7971875071525574, 0.9978125095367432, 0.9915624856948853, 0.9946874976158142, 0.9965624809265137, 0.9962499737739563, 1.0, 0.9934375286102295, 1.0, 0.9931250214576721, 0.9928125143051147, 0.9962499737739563, 0.9915624856948853, 0.9931250214576721, 0.9887499809265137, 0.9828125238418579, 0.9831249713897705, 0.9990624785423279, 0.9925000071525574, 0.9993749856948853, 0.9931250214576721, 0.9821875095367432, 0.9959375262260437, 0.9921875, 0.9750000238418579, 0.9912499785423279, 0.9993749856948853, 1.0, 0.9959375262260437, 0.9946874976158142], "val_loss": [1.2473217248916626, 1.2497786283493042, 1.2117115259170532, 1.1854660511016846, 1.194980263710022, 1.1485272645950317, 1.2473012208938599, 1.0629221200942993, 1.1267826557159424, 0.9376989006996155, 0.9036007523536682, 0.8521171808242798, 0.8564788103103638, 0.7109885215759277, 0.662071704864502, 0.6334401965141296, 0.6085063815116882, 0.6776370406150818, 0.6505507826805115, 0.710145115852356, 0.6459121108055115, 0.6056110262870789, 0.6507630348205566, 0.627662181854248, 0.5732543468475342, 0.6185092329978943, 0.6608316898345947, 0.6696299910545349, 0.6757535338401794, 0.6621823906898499], "val_acurracy": [0.557812511920929, 0.5668749809265137, 0.567187488079071, 0.5815625190734863, 0.5778124928474426, 0.5821874737739563, 0.574999988079071, 0.5753124952316284, 0.5712500214576721, 0.5981249809265137, 0.6050000190734863, 0.6268749833106995, 0.6299999952316284, 0.7587500214576721, 0.7884374856948853, 0.8125, 0.8240625262260437, 0.7784374952316284, 0.8021875023841858, 0.7734375, 0.8050000071525574, 0.8215625286102295, 0.8037499785423279, 0.8149999976158142, 0.8440625071525574, 0.8353124856948853, 0.817187488079071, 0.8134375214576721, 0.8131250143051147, 0.815625011920929]}