{"loss": [0.7285687923431396, 0.12969814240932465, 0.05806945264339447, 0.06582240760326385, 0.013807334005832672, 0.008562406525015831, 0.006229807157069445], "acurracy": [0.754687488079071, 0.9862499833106995, 0.9943749904632568, 0.9925000071525574, 0.9993749856948853, 0.9996874928474426, 1.0], "val_loss": [1.3948264122009277, 1.2813329696655273, 1.326866626739502, 1.3312735557556152, 1.4306994676589966, 1.5010156631469727, 1.5723594427108765], "val_acurracy": [0.5609375238418579, 0.5821874737739563, 0.5787500143051147, 0.5821874737739563, 0.5793750286102295, 0.5806249976158142, 0.5728124976158142]}