{"loss": [0.5999400615692139, 0.1484575718641281, 0.04462815448641777, 0.036469269543886185, 0.09560806304216385, 0.041641782969236374, 0.1175985112786293, 0.033759552985429764, 0.10433686524629593, 0.012440059334039688, 0.05097268521785736, 0.03561507910490036, 0.030225062742829323, 0.0397435799241066], "acurracy": [0.7987499833106995, 0.9806249737739563, 0.9965624809265137, 0.996874988079071, 0.9884374737739563, 0.9956250190734863, 0.9837499856948853, 0.9959375262260437, 0.9859374761581421, 1.0, 0.9931250214576721, 0.9959375262260437, 0.9965624809265137, 0.9950000047683716], "val_loss": [1.2914952039718628, 1.1501976251602173, 1.140425682067871, 1.1602559089660645, 1.0544685125350952, 1.0064157247543335, 0.873613715171814, 0.8380611538887024, 0.7690253257751465, 0.8168948292732239, 0.788880467414856, 0.7833806872367859, 0.7885775566101074, 0.7767142653465271], "val_acurracy": [0.5759375095367432, 0.581250011920929, 0.5771874785423279, 0.5803124904632568, 0.5809375047683716, 0.5715625286102295, 0.6015625, 0.6200000047683716, 0.6993749737739563, 0.6449999809265137, 0.6884375214576721, 0.6940624713897705, 0.6978124976158142, 0.7046874761581421]}