{"loss": [0.6361607909202576, 0.04864821583032608, 0.08112053573131561, 0.013192432932555676, 0.09710263460874557, 0.011249605566263199, 0.0806184858083725, 0.040700703859329224, 0.03339018672704697, 0.07748609781265259, 0.025437287986278534, 0.022400492802262306, 0.03074706345796585, 0.042362798005342484, 0.03073294088244438, 0.05348248779773712, 0.03864271566271782, 0.025095120072364807, 0.0034548137336969376, 0.028169648721814156, 0.003458387916907668], "acurracy": [0.7928125262260437, 0.9993749856948853, 0.9912499785423279, 1.0, 0.9878125190734863, 1.0, 0.9900000095367432, 0.995312511920929, 0.995312511920929, 0.9893749952316284, 0.9965624809265137, 0.996874988079071, 0.9959375262260437, 0.995312511920929, 0.9950000047683716, 0.9921875, 0.9946874976158142, 0.996874988079071, 1.0, 0.9959375262260437, 1.0], "val_loss": [1.190395474433899, 1.1636145114898682, 1.0372612476348877, 1.1507436037063599, 0.8460713028907776, 0.9471909999847412, 0.7604032754898071, 0.7673196196556091, 0.7669895887374878, 0.5727585554122925, 0.6177971363067627, 0.6183193325996399, 0.5913158655166626, 0.5671815276145935, 0.5702884793281555, 0.5201811790466309, 0.5580186247825623, 0.5431389212608337, 0.5943038463592529, 0.5519219040870667, 0.6161191463470459], "val_acurracy": [0.565625011920929, 0.5799999833106995, 0.5943750143051147, 0.5784375071525574, 0.6768749952316284, 0.6371874809265137, 0.7328125238418579, 0.7325000166893005, 0.7325000166893005, 0.8296874761581421, 0.8059375286102295, 0.8031250238418579, 0.8125, 0.8218749761581421, 0.8221874833106995, 0.8396875262260437, 0.8237500190734863, 0.8337500095367432, 0.8081250190734863, 0.8349999785423279, 0.8096874952316284]}