{"loss": [0.35544678568840027, 0.022528862580657005, 0.0359007865190506, 0.033223751932382584, 0.061527058482170105, 0.07710370421409607, 0.00804425310343504, 0.021260663866996765, 0.003266956890001893, 0.08579424023628235, 0.004312142264097929, 0.030606646090745926, 0.0028900238685309887, 0.06320857256650925, 0.03152681142091751, 0.022390389814972878, 0.023902077227830887, 0.03636889159679413, 0.0033640156034380198, 0.02247656136751175, 0.021788528189063072, 0.002487397752702236, 0.02910011075437069], "acurracy": [0.890625, 0.9993749856948853, 0.9962499737739563, 0.995312511920929, 0.9900000095367432, 0.9868749976158142, 1.0, 0.9965624809265137, 1.0, 0.9837499856948853, 1.0, 0.9946874976158142, 1.0, 0.9856250286102295, 0.9937499761581421, 0.9962499737739563, 0.9956250190734863, 0.9925000071525574, 1.0, 0.9946874976158142, 0.995312511920929, 1.0, 0.9950000047683716], "val_loss": [2.2768917083740234, 2.494692802429199, 2.5076372623443604, 2.4471731185913086, 2.1845271587371826, 1.7405949831008911, 1.842667818069458, 1.7950495481491089, 1.8781253099441528, 1.341845989227295, 1.5050208568572998, 1.3789992332458496, 1.47283935546875, 1.0723477602005005, 1.090943455696106, 1.108069658279419, 1.0214829444885254, 0.998614490032196, 1.1148048639297485, 1.0524964332580566, 1.0119514465332031, 1.0968241691589355, 1.0531295537948608], "val_acurracy": [0.21531249582767487, 0.24156250059604645, 0.2681249976158142, 0.29624998569488525, 0.3553124964237213, 0.44999998807907104, 0.44218748807907104, 0.4690625071525574, 0.4581249952316284, 0.5987499952316284, 0.5687500238418579, 0.6056249737739563, 0.5849999785423279, 0.7115625143051147, 0.7099999785423279, 0.7109375, 0.7368749976158142, 0.7396875023841858, 0.7200000286102295, 0.7368749976158142, 0.7549999952316284, 0.7409374713897705, 0.7484375238418579]}