{"loss": [0.6386995911598206, 0.04859001189470291, 0.07230303436517715, 0.03806861490011215, 0.031504251062870026, 0.09664862602949142, 0.038815081119537354, 0.06584598124027252, 0.06728856265544891], "acurracy": [0.7828124761581421, 0.9993749856948853, 0.9921875, 0.9971874952316284, 0.9975000023841858, 0.9881250262260437, 0.9959375262260437, 0.9921875, 0.9921875], "val_loss": [1.1844501495361328, 1.128570795059204, 1.1253437995910645, 1.121005654335022, 1.1420245170593262, 1.190291404724121, 1.2260295152664185, 1.2637578248977661, 1.3810162544250488], "val_acurracy": [0.645312488079071, 0.6356250047683716, 0.6009374856948853, 0.5871875286102295, 0.5746874809265137, 0.5553125143051147, 0.5350000262260437, 0.5134375095367432, 0.38968750834465027]}