{"loss": [1.067622184753418, 0.1290876418352127, 0.1223004162311554, 0.12012705206871033, 0.07522207498550415, 0.06761952489614487, 0.03757534921169281], "acurracy": [0.6428124904632568, 0.9859374761581421, 0.9837499856948853, 0.9815624952316284, 0.9906250238418579, 0.9912499785423279, 0.9965624809265137], "val_loss": [1.3131201267242432, 1.2438933849334717, 1.412461280822754, 1.633115291595459, 1.7624855041503906, 1.8566765785217285, 1.9609397649765015], "val_acurracy": [0.557812511920929, 0.567187488079071, 0.573437511920929, 0.5718749761581421, 0.5753124952316284, 0.5803124904632568, 0.5809375047683716]}