{"loss": [0.33716946840286255, 0.09079280495643616, 0.03348267078399658, 0.028146719560027122, 0.03047657571732998, 0.09236179292201996, 0.04196558892726898, 0.004920590668916702, 0.0031820558942854404, 0.02097996324300766, 0.024991674348711967, 0.06272970139980316, 0.03571619838476181, 0.003820582525804639, 0.02334207110106945, 0.03566282242536545, 0.016277872025966644, 0.0024194037541747093, 0.0013487025862559676, 0.018427615985274315, 0.04874731972813606, 0.00340342172421515, 0.0152407456189394, 0.0558207742869854, 0.024911444634199142, 0.027238965034484863], "acurracy": [0.8999999761581421, 0.9871875047683716, 0.996874988079071, 0.996874988079071, 0.9959375262260437, 0.9846875071525574, 0.9931250214576721, 1.0, 1.0, 0.9965624809265137, 0.9959375262260437, 0.9900000095367432, 0.9943749904632568, 1.0, 0.9950000047683716, 0.9918749928474426, 0.9962499737739563, 1.0, 1.0, 0.9971874952316284, 0.9906250238418579, 0.9996874928474426, 0.9978125095367432, 0.9900000095367432, 0.996874988079071, 0.9946874976158142], "val_loss": [0.753520667552948, 0.6749991774559021, 0.6766712069511414, 0.6738516092300415, 0.682709276676178, 0.6204983592033386, 0.5976768732070923, 0.6146776080131531, 0.6156482100486755, 0.5990315675735474, 0.5910763740539551, 0.5826642513275146, 0.5624523758888245, 0.5723397135734558, 0.5668430924415588, 0.5453473925590515, 0.5507028102874756, 0.5415679812431335, 0.5554265379905701, 0.5660498738288879, 0.5280992984771729, 0.5694403648376465, 0.5605248808860779, 0.5579454302787781, 0.560651957988739, 0.5511771440505981], "val_acurracy": [0.7840625047683716, 0.8021875023841858, 0.7915624976158142, 0.7834374904632568, 0.7774999737739563, 0.8168749809265137, 0.832812488079071, 0.8231250047683716, 0.8218749761581421, 0.8299999833106995, 0.8359375, 0.8409374952316284, 0.8456249833106995, 0.8440625071525574, 0.8412500023841858, 0.8478124737739563, 0.8453124761581421, 0.8490625023841858, 0.8465625047683716, 0.8434374928474426, 0.848437488079071, 0.840624988079071, 0.8431249856948853, 0.8475000262260437, 0.84375, 0.8496875166893005]}