{"loss": [0.4412204623222351, 0.140038400888443, 0.13934507966041565, 0.1516541838645935, 0.1442488729953766, 0.13762865960597992, 0.02974613383412361, 0.12878185510635376, 0.1044863909482956, 0.07884842902421951, 0.0609748512506485, 0.10148900002241135, 0.11970192939043045, 0.07569841295480728, 0.03521550074219704, 0.03305342420935631], "accuracy": [0.9575781226158142, 0.990234375, 0.9756249785423279, 0.9714062213897705, 0.9715625047683716, 0.9736718535423279, 1.0, 0.9757031202316284, 0.9807812571525574, 0.9864062666893005, 0.9904687404632568, 0.9802343845367432, 0.9749218821525574, 0.9869531393051147, 0.9957812428474426, 0.9953906536102295], "val_loss": [0.6694353222846985, 0.7430050373077393, 0.7611609697341919, 0.7415686249732971, 0.7380355596542358, 0.7353559136390686, 0.7983453869819641, 0.7649062275886536, 0.773665189743042, 0.774909257888794, 0.7911250591278076, 0.7720986008644104, 0.7410805225372314, 0.7620710730552673, 0.8123021721839905, 0.8452573418617249], "val_accuracy": [0.8217187523841858, 0.8217187523841858, 0.8217187523841858, 0.8217187523841858, 0.8217187523841858, 0.8217187523841858, 0.8217187523841858, 0.8217187523841858, 0.8217187523841858, 0.8217187523841858, 0.8217187523841858, 0.8217187523841858, 0.8217187523841858, 0.8217187523841858, 0.8217187523841858, 0.8217187523841858]}