{"loss": [0.6636084914207458, 0.47950905561447144, 0.15567180514335632, 0.08630101382732391, 0.027695002034306526, 0.037293240427970886, 0.03656291961669922, 0.07709989696741104, 0.026943407952785492, 0.020564384758472443, 0.0327046699821949, 0.010335555300116539, 0.009031100198626518, 0.050866927951574326, 0.04005856812000275, 0.03375808149576187, 0.023692894726991653, 0.01550739910453558, 0.01649516634643078], "accuracy": [0.9701562523841858, 0.9905468821525574, 0.987109363079071, 0.970703125, 0.9930468797683716, 0.9862499833106995, 0.9865624904632568, 0.9680469036102295, 0.9889062643051147, 0.9922656416893005, 0.9864843487739563, 0.9960156083106995, 0.996874988079071, 0.9759374856948853, 0.9830468893051147, 0.9842968583106995, 0.9895312786102295, 0.9926562309265137, 0.9928905963897705], "val_loss": [0.6420785784721375, 0.45943009853363037, 0.3494389057159424, 0.32719340920448303, 0.3395090401172638, 0.3446141481399536, 0.3468553423881531, 0.35939013957977295, 0.35464051365852356, 0.36619892716407776, 0.36572110652923584, 0.3844909369945526, 0.4030422866344452, 0.38840487599372864, 0.39289775490760803, 0.37460026144981384, 0.3813560903072357, 0.3973737061023712, 0.39712753891944885], "val_accuracy": [0.8166406154632568, 0.8214062452316284, 0.8315625190734863, 0.8519531488418579, 0.8465625047683716, 0.8419530987739563, 0.8404687643051147, 0.8407031297683716, 0.8423437476158142, 0.8412500023841858, 0.8410937786102295, 0.8424218893051147, 0.8382031321525574, 0.842578113079071, 0.8430469036102295, 0.84765625, 0.8464062213897705, 0.8444530963897705, 0.8421875238418579]}