{"loss": [0.45573288202285767, 0.1397203505039215, 0.10555019229650497, 0.08203515410423279, 0.156714528799057, 0.06301403045654297, 0.0992245078086853, 0.11336715519428253, 0.13239409029483795, 0.11115286499261856, 0.06009148061275482, 0.12535066902637482, 0.05936023220419884, 0.0314970500767231, 0.008268267847597599, 0.121541328728199, 0.1153944805264473, 0.09211400151252747, 0.10177875310182571, 0.09071528166532516, 0.06968922913074493, 0.012108944356441498, 0.1365853250026703, 0.11449884623289108, 0.030276060104370117, 0.08234047144651413, 0.03188180550932884, 0.09327459335327148, 0.14214561879634857, 0.048395514488220215, 0.07435988634824753, 0.03060278855264187, 0.0487418994307518, 0.06122070923447609, 0.0738200694322586, 0.09350119531154633, 0.079950712621212, 0.10766437649726868, 0.07468672841787338, 0.04438617080450058, 0.04537462070584297, 0.1473405510187149, 0.09470325708389282, 0.06425032019615173, 0.08038048446178436, 0.06237591803073883, 0.03302089124917984, 0.0716489627957344, 0.11553096771240234, 0.07141080498695374, 0.07320288568735123, 0.04929659888148308, 0.08528988063335419, 0.05770014598965645, 0.06358034163713455, 0.025634100660681725, 0.09973284602165222], "accuracy": [0.8982031345367432, 0.9822656512260437, 0.9817187786102295, 0.9867968559265137, 0.9674999713897705, 0.9912499785423279, 0.9807031154632568, 0.9765625, 0.9713281393051147, 0.9768750071525574, 0.9900781512260437, 0.9724218845367432, 0.9896093606948853, 0.9957031011581421, 1.0, 0.973828136920929, 0.9727343916893005, 0.9803125262260437, 0.9770312309265137, 0.9800000190734863, 0.9856250286102295, 1.0, 0.9677343964576721, 0.9721093773841858, 0.995312511920929, 0.9834374785423279, 0.9957031011581421, 0.9802343845367432, 0.9611718654632568, 0.9927343726158142, 0.9832812547683716, 0.9951562285423279, 0.9910937547683716, 0.9865624904632568, 0.9842187762260437, 0.9767968654632568, 0.9819531440734863, 0.9727343916893005, 0.9817968606948853, 0.9913281202316284, 0.9903125166893005, 0.9603124856948853, 0.9768750071525574, 0.985546886920929, 0.9817968606948853, 0.9862499833106995, 0.9946093559265137, 0.983203113079071, 0.9694530963897705, 0.9829687476158142, 0.9828125238418579, 0.9905468821525574, 0.9795312285423279, 0.9857031106948853, 0.985156238079071, 0.9957031011581421, 0.9753124713897705], "val_loss": [0.6704617142677307, 0.6994302868843079, 0.7021951079368591, 0.7004910111427307, 0.6698377132415771, 0.688804566860199, 0.6884198188781738, 0.6678670644760132, 0.6499811410903931, 0.6504253149032593, 0.6646159291267395, 0.6414660811424255, 0.6666805744171143, 0.7010023593902588, 0.7225465178489685, 0.6480970978736877, 0.629630982875824, 0.6191736459732056, 0.6130171418190002, 0.6190540194511414, 0.644904613494873, 0.6924029588699341, 0.6037930846214294, 0.6093118786811829, 0.672207236289978, 0.6254166960716248, 0.6718586087226868, 0.6197538375854492, 0.5934665203094482, 0.6393061280250549, 0.6275802850723267, 0.6705307960510254, 0.6597740650177002, 0.6458486914634705, 0.6396324634552002, 0.626327395439148, 0.6330260634422302, 0.6277773976325989, 0.6391913890838623, 0.6840050220489502, 0.678762674331665, 0.5805783271789551, 0.6174973845481873, 0.6553459763526917, 0.6351814270019531, 0.6452146768569946, 0.7036434412002563, 0.6795654892921448, 0.6429998874664307, 0.6567826867103577, 0.6425252556800842, 0.676607072353363, 0.6827229857444763, 0.6695854067802429, 0.680138111114502, 0.722893476486206, 0.6520416736602783], "val_accuracy": [0.8217187523841858, 0.8217187523841858, 0.8217187523841858, 0.8217187523841858, 0.8217187523841858, 0.8217187523841858, 0.8217187523841858, 0.8217187523841858, 0.8217187523841858, 0.8217187523841858, 0.8217187523841858, 0.8217187523841858, 0.8217187523841858, 0.8217187523841858, 0.8217187523841858, 0.8217187523841858, 0.8217187523841858, 0.8217187523841858, 0.8205468654632568, 0.8201562762260437, 0.8201562762260437, 0.8201562762260437, 0.8202343583106995, 0.8205468654632568, 0.8206250071525574, 0.8206250071525574, 0.8207812309265137, 0.8207812309265137, 0.8209375143051147, 0.821093738079071, 0.8203125, 0.8204687237739563, 0.8203906416893005, 0.8205468654632568, 0.8203906416893005, 0.8203125, 0.8204687237739563, 0.8200781345367432, 0.8196094036102295, 0.8196094036102295, 0.8202343583106995, 0.821093738079071, 0.8229687213897705, 0.8215625286102295, 0.8203906416893005, 0.8207031488418579, 0.8205468654632568, 0.8196874856948853, 0.8214062452316284, 0.8212500214576721, 0.821093738079071, 0.8208593726158142, 0.8209375143051147, 0.821484386920929, 0.8217187523841858, 0.8217187523841858, 0.8201562762260437]}