{"loss": [0.513129711151123, 0.19800010323524475, 0.17278629541397095, 0.08474025875329971, 0.07808392494916916, 0.08865918219089508, 0.06720990687608719, 0.10061775892972946, 0.07541247457265854, 0.10442136973142624, 0.08586911112070084, 0.1070604920387268, 0.0800894945859909, 0.12134730070829391, 0.10745752602815628, 0.04064556211233139, 0.11947494745254517, 0.08348211646080017], "accuracy": [0.8369531035423279, 0.9782031178474426, 0.9659374952316284, 0.9875781536102295, 0.9875781536102295, 0.9850000143051147, 0.9891406297683716, 0.9821875095367432, 0.9875781536102295, 0.9810937643051147, 0.9853906035423279, 0.9800000190734863, 0.986328125, 0.9767968654632568, 0.9803906083106995, 0.9950000047683716, 0.977734386920929, 0.9860156178474426], "val_loss": [0.6623132824897766, 0.6600509881973267, 0.6580862402915955, 0.6688441634178162, 0.6757876873016357, 0.6775825023651123, 0.6782343983650208, 0.6712210178375244, 0.6715379953384399, 0.6640968322753906, 0.6698689460754395, 0.6685425639152527, 0.6708974242210388, 0.6639420390129089, 0.6661770343780518, 0.6811570525169373, 0.6682055592536926, 0.6693597435951233], "val_accuracy": [0.8217187523841858, 0.8217187523841858, 0.8217187523841858, 0.8217187523841858, 0.8217187523841858, 0.8217187523841858, 0.8217187523841858, 0.8217187523841858, 0.8217187523841858, 0.8217187523841858, 0.8217187523841858, 0.8217187523841858, 0.8217187523841858, 0.8217187523841858, 0.8217187523841858, 0.8217187523841858, 0.8217187523841858, 0.8217187523841858]}