{"loss": [0.5091392397880554, 0.16421306133270264, 0.09311117231845856, 0.14305277168750763, 0.17637687921524048, 0.08619801700115204, 0.080894336104393, 0.10171147435903549, 0.08455047756433487, 0.06248578056693077, 0.08018310368061066, 0.10602954030036926, 0.036550287157297134, 0.10042086243629456, 0.038563020527362823, 0.07793551683425903, 0.12685136497020721, 0.12266561388969421, 0.12342564761638641, 0.10157152265310287, 0.058602552860975266, 0.10920187085866928, 0.015690093860030174, 0.03482983261346817, 0.10796493291854858, 0.06429199874401093, 0.11677993088960648, 0.07799524813890457, 0.09917926788330078, 0.1210722029209137, 0.06924101710319519, 0.01268666423857212, 0.0862509086728096], "accuracy": [0.8799218535423279, 0.9898437261581421, 0.9862499833106995, 0.9722656011581421, 0.9624218940734863, 0.9867187738418579, 0.9867968559265137, 0.9819531440734863, 0.9854687452316284, 0.990234375, 0.986328125, 0.9811718463897705, 0.9957031011581421, 0.9817187786102295, 0.9952343702316284, 0.987109363079071, 0.9763281345367432, 0.9766406416893005, 0.9758594036102295, 0.9810937643051147, 0.9912499785423279, 0.979296863079071, 1.0, 0.9950781464576721, 0.981249988079071, 0.9896093606948853, 0.9782812595367432, 0.9862499833106995, 0.9818750023841858, 0.9764843583106995, 0.98828125, 1.0, 0.9853906035423279], "val_loss": [0.6583707928657532, 0.6513139605522156, 0.6638076901435852, 0.6528099179267883, 0.6430693864822388, 0.652544379234314, 0.6583837270736694, 0.653883695602417, 0.6562597751617432, 0.6570175290107727, 0.6562452912330627, 0.6511479020118713, 0.6643620133399963, 0.6549138426780701, 0.6691322922706604, 0.6626650094985962, 0.6418297290802002, 0.6380572319030762, 0.6413558721542358, 0.641402006149292, 0.6514269113540649, 0.6429924964904785, 0.6673508286476135, 0.6776765584945679, 0.6592349410057068, 0.6585004329681396, 0.6452815532684326, 0.6475744843482971, 0.6400020718574524, 0.6385972499847412, 0.6481626033782959, 0.6756380200386047, 0.666759729385376], "val_accuracy": [0.8217187523841858, 0.8217187523841858, 0.8217187523841858, 0.8217187523841858, 0.8217187523841858, 0.8217187523841858, 0.8217187523841858, 0.8217187523841858, 0.8217187523841858, 0.8217187523841858, 0.8217187523841858, 0.8217187523841858, 0.8217187523841858, 0.8217187523841858, 0.8217187523841858, 0.8217187523841858, 0.8217187523841858, 0.8217187523841858, 0.8217187523841858, 0.8217187523841858, 0.8217187523841858, 0.8217187523841858, 0.8217187523841858, 0.8217187523841858, 0.8217187523841858, 0.8217187523841858, 0.8217187523841858, 0.8217187523841858, 0.8217187523841858, 0.8217187523841858, 0.8217187523841858, 0.8217187523841858, 0.8217187523841858]}