{"loss": [0.5687984228134155, 0.2477092742919922, 0.11543931812047958, 0.1188826933503151, 0.07129557430744171, 0.04735610634088516, 0.06458780169487, 0.0813731700181961, 0.026381246745586395, 0.13465890288352966, 0.058944255113601685, 0.06026265025138855, 0.020726831629872322, 0.02033156342804432, 0.0682181864976883, 0.0356510728597641, 0.04913637787103653, 0.06630191951990128, 0.029666395857930183, 0.07671012729406357, 0.05801389366388321, 0.05331012234091759, 0.05035698786377907, 0.057248398661613464, 0.06320200860500336, 0.040752116590738297, 0.057750288397073746, 0.03829957917332649, 0.05267240107059479, 0.03317125514149666, 0.06209691986441612, 0.028618769720196724, 0.04624189808964729, 0.03773137181997299, 0.05633974447846413, 0.07553914189338684, 0.0628427192568779, 0.06502509862184525, 0.05118951201438904, 0.07674070447683334, 0.03710794076323509, 0.037656303495168686, 0.023885829374194145, 0.06325935572385788, 0.03008386865258217, 0.013114231638610363, 0.056261077523231506, 0.03457167372107506, 0.05953926220536232, 0.04702182114124298], "accuracy": [0.9767968654632568, 0.9760156273841858, 0.981249988079071, 0.9759374856948853, 0.9861719012260437, 0.9915624856948853, 0.9861719012260437, 0.9809374809265137, 0.9958593845367432, 0.9619531035423279, 0.983203113079071, 0.9827343821525574, 0.9961718916893005, 0.9957031011581421, 0.9793750047683716, 0.9917187690734863, 0.987109363079071, 0.9814843535423279, 0.9920312762260437, 0.9771093726158142, 0.9823437333106995, 0.9852343797683716, 0.9850000143051147, 0.9845312237739563, 0.9819531440734863, 0.9889062643051147, 0.9846093654632568, 0.9892187714576721, 0.9846093654632568, 0.9907812476158142, 0.9807031154632568, 0.9926562309265137, 0.9878125190734863, 0.9889062643051147, 0.9828906059265137, 0.9755468964576721, 0.9814062714576721, 0.9811718463897705, 0.9850000143051147, 0.9741406440734863, 0.9901562333106995, 0.9892968535423279, 0.9935937523841858, 0.9821875095367432, 0.9928905963897705, 0.997265636920929, 0.983203113079071, 0.990234375, 0.982421875, 0.9857812523841858], "val_loss": [0.637813150882721, 0.6923291087150574, 0.7182944416999817, 0.6550755500793457, 0.6553665399551392, 0.6482211351394653, 0.6168832182884216, 0.5577126741409302, 0.5650436282157898, 0.4852774143218994, 0.4562515914440155, 0.44932350516319275, 0.4656312167644501, 0.47431132197380066, 0.4232569932937622, 0.42652761936187744, 0.4154314398765564, 0.39971232414245605, 0.41018441319465637, 0.3833499848842621, 0.3778342008590698, 0.3829890489578247, 0.3802250027656555, 0.3753911554813385, 0.3727629482746124, 0.3729597330093384, 0.3671005368232727, 0.3775407075881958, 0.37168580293655396, 0.3771026134490967, 0.37064698338508606, 0.3813258111476898, 0.3712905943393707, 0.3692619800567627, 0.35736387968063354, 0.36575236916542053, 0.3668649196624756, 0.36869484186172485, 0.371639221906662, 0.3658924400806427, 0.37725555896759033, 0.3783167600631714, 0.3818662762641907, 0.3811284601688385, 0.37877482175827026, 0.3871479034423828, 0.37983542680740356, 0.37881144881248474, 0.37985217571258545, 0.3800370693206787], "val_accuracy": [0.8217187523841858, 0.8217187523841858, 0.8217187523841858, 0.8217187523841858, 0.8217187523841858, 0.8217187523841858, 0.8216406106948853, 0.8197656273841858, 0.817187488079071, 0.809765636920929, 0.8071874976158142, 0.8051562309265137, 0.8037499785423279, 0.8040624856948853, 0.8141406178474426, 0.8135937452316284, 0.8154687285423279, 0.8188281059265137, 0.8199218511581421, 0.821484386920929, 0.8208593726158142, 0.8207812309265137, 0.8219531178474426, 0.8237500190734863, 0.8227343559265137, 0.8232031464576721, 0.8206250071525574, 0.8216406106948853, 0.8202343583106995, 0.8233593702316284, 0.8237500190734863, 0.8235937356948853, 0.8229687213897705, 0.8219531178474426, 0.8246874809265137, 0.8203906416893005, 0.8214062452316284, 0.8221874833106995, 0.8219531178474426, 0.821484386920929, 0.8214062452316284, 0.8223437666893005, 0.8220312595367432, 0.8214062452316284, 0.8236718773841858, 0.8243749737739563, 0.823437511920929, 0.823046863079071, 0.8228124976158142, 0.8221874833106995]}