{"loss": [0.5552570223808289, 0.3274253010749817, 0.18997572362422943, 0.12453600764274597, 0.10693693161010742, 0.08347609639167786, 0.11420996487140656, 0.08836174011230469, 0.05607665702700615, 0.09126656502485275, 0.07041558623313904, 0.09961110353469849, 0.08789563924074173, 0.10886067152023315, 0.0970696285367012, 0.06633985787630081, 0.10880961269140244, 0.01441580057144165, 0.09160834550857544, 0.05842563509941101, 0.0715295821428299, 0.054281894117593765, 0.026512162759900093, 0.08076032996177673, 0.022938217967748642, 0.06826892495155334, 0.03945589065551758, 0.023690149188041687, 0.03674473613500595, 0.04999232664704323, 0.06425271928310394, 0.08836787939071655, 0.0499095693230629, 0.03406963124871254, 0.06916280090808868, 0.07314464449882507, 0.057875439524650574, 0.026825357228517532, 0.05486513674259186, 0.03836299106478691, 0.03200681507587433, 0.04734959080815315, 0.07130154967308044, 0.062149859964847565, 0.03062688373029232, 0.07694816589355469, 0.04296417161822319], "accuracy": [0.9631249904632568, 0.985546886920929, 0.9732812643051147, 0.9795312285423279, 0.9807031154632568, 0.9856250286102295, 0.9766406416893005, 0.9825780987739563, 0.9907031059265137, 0.9814062714576721, 0.9864062666893005, 0.9789062738418579, 0.9814843535423279, 0.9751562476158142, 0.9765625, 0.9860156178474426, 0.9729687571525574, 1.0, 0.9782031178474426, 0.9867968559265137, 0.981640636920929, 0.9873437285423279, 0.9948437213897705, 0.978515625, 0.9959375262260437, 0.9821875095367432, 0.9896875023841858, 0.9946874976158142, 0.9905468821525574, 0.9859374761581421, 0.9822656512260437, 0.9743750095367432, 0.9866406321525574, 0.9905468821525574, 0.9805468916893005, 0.98046875, 0.9844531416893005, 0.9943749904632568, 0.9842187762260437, 0.9898437261581421, 0.9920312762260437, 0.9883593916893005, 0.9796093702316284, 0.9811718463897705, 0.9915624856948853, 0.9771875143051147, 0.9878906011581421], "val_loss": [0.6281735897064209, 0.5638923645019531, 0.5507780909538269, 0.5630279779434204, 0.5628093481063843, 0.5751655697822571, 0.530794084072113, 0.5072954297065735, 0.5120346546173096, 0.49633777141571045, 0.4767736792564392, 0.44380509853363037, 0.4200681746006012, 0.39796772599220276, 0.3819887042045593, 0.3715532422065735, 0.35323894023895264, 0.36387884616851807, 0.34600403904914856, 0.344791978597641, 0.3322297930717468, 0.3275887966156006, 0.33366507291793823, 0.3280808925628662, 0.3349674940109253, 0.32666128873825073, 0.32741421461105347, 0.3314518332481384, 0.3346517086029053, 0.32611653208732605, 0.31712111830711365, 0.3065205216407776, 0.3118266463279724, 0.317813903093338, 0.31835877895355225, 0.3228650987148285, 0.3290887773036957, 0.33741578459739685, 0.3430567681789398, 0.35275307297706604, 0.3619885742664337, 0.36265233159065247, 0.3625030219554901, 0.3651038706302643, 0.3719344735145569, 0.3654797673225403, 0.37304747104644775], "val_accuracy": [0.8217187523841858, 0.8217187523841858, 0.8217187523841858, 0.8217187523841858, 0.8217187523841858, 0.8217187523841858, 0.8217187523841858, 0.8217187523841858, 0.8217187523841858, 0.8217187523841858, 0.8217187523841858, 0.8217187523841858, 0.8217187523841858, 0.8217187523841858, 0.8217187523841858, 0.8217187523841858, 0.8217187523841858, 0.8217187523841858, 0.8217187523841858, 0.8217187523841858, 0.8217187523841858, 0.8217187523841858, 0.8236718773841858, 0.8294531106948853, 0.8344531059265137, 0.8363281488418579, 0.8402343988418579, 0.8442968726158142, 0.848437488079071, 0.8361718654632568, 0.8355468511581421, 0.8270312547683716, 0.8224999904632568, 0.8217968940734863, 0.8181250095367432, 0.817578136920929, 0.8143749833106995, 0.8139062523841858, 0.8150781393051147, 0.8133593797683716, 0.8130468726158142, 0.8163281083106995, 0.8162500262260437, 0.8146874904632568, 0.8135156035423279, 0.8153125047683716, 0.8157812356948853]}