{"loss": [0.5605226755142212, 0.2621176242828369, 0.12322574853897095, 0.10085836052894592, 0.13488294184207916, 0.15104399621486664, 0.12967194616794586, 0.06493322551250458, 0.1253310739994049, 0.11949848383665085, 0.11838998645544052, 0.021549547091126442, 0.08779371529817581, 0.06865062564611435, 0.10868590325117111, 0.11708881705999374, 0.08093667775392532, 0.06255941092967987, 0.15318872034549713, 0.060467857867479324, 0.09470915049314499, 0.04455861076712608, 0.12139984965324402, 0.06944316625595093, 0.06771576404571533, 0.03998680040240288, 0.09879001975059509, 0.02809777669608593, 0.08572869002819061, 0.0916893407702446, 0.05027931183576584, 0.008498439565300941, 0.05478586256504059, 0.05705685541033745, 0.06379384547472, 0.052638765424489975, 0.06095984950661659, 0.05223638191819191, 0.06672480702400208, 0.048587866127491, 0.06703850626945496, 0.0638171136379242], "accuracy": [0.9301562309265137, 0.9903905987739563, 0.9907812476158142, 0.9885156154632568, 0.9803125262260437, 0.9761718511581421, 0.9782812595367432, 0.991406261920929, 0.9768750071525574, 0.9766406416893005, 0.9760156273841858, 1.0, 0.9825000166893005, 0.9861719012260437, 0.9755468964576721, 0.971484363079071, 0.9813281297683716, 0.9861719012260437, 0.9554687738418579, 0.987109363079071, 0.9753124713897705, 0.991015613079071, 0.9663281440734863, 0.9828906059265137, 0.9835156202316284, 0.9914844036102295, 0.9730468988418579, 0.995312511920929, 0.9778125286102295, 0.9752343893051147, 0.9873437285423279, 1.0, 0.9870312213897705, 0.9868749976158142, 0.9837499856948853, 0.987500011920929, 0.9849218726158142, 0.9875781536102295, 0.9834374785423279, 0.9877343773841858, 0.9839062690734863, 0.9828906059265137], "val_loss": [0.7015909552574158, 0.873238742351532, 0.9874511957168579, 1.0286765098571777, 0.9600646495819092, 0.8940832018852234, 0.8430852293968201, 0.8803411722183228, 0.7957706451416016, 0.7198906540870667, 0.6841289401054382, 0.7654871940612793, 0.7189306616783142, 0.6950907111167908, 0.6197624206542969, 0.5576258301734924, 0.582426905632019, 0.6042412519454956, 0.5029969215393066, 0.5621467232704163, 0.5151602625846863, 0.5694347023963928, 0.5176801681518555, 0.509819507598877, 0.5319584012031555, 0.5458558797836304, 0.46031761169433594, 0.5338711738586426, 0.47734078764915466, 0.48242518305778503, 0.5136706829071045, 0.588273286819458, 0.572451114654541, 0.5048308968544006, 0.5077239871025085, 0.5101112127304077, 0.4977950155735016, 0.47340714931488037, 0.47464102506637573, 0.5108170509338379, 0.49556291103363037, 0.4819660484790802], "val_accuracy": [0.8217187523841858, 0.8217187523841858, 0.8217187523841858, 0.8217187523841858, 0.8217187523841858, 0.8217187523841858, 0.8217187523841858, 0.8217187523841858, 0.8217187523841858, 0.8217187523841858, 0.8217187523841858, 0.8217187523841858, 0.8217187523841858, 0.8217187523841858, 0.8217187523841858, 0.8217187523841858, 0.8217187523841858, 0.8217187523841858, 0.8185937404632568, 0.8182031512260437, 0.818359375, 0.8184375166893005, 0.8216406106948853, 0.8235156536102295, 0.8227343559265137, 0.8207031488418579, 0.8289843797683716, 0.8229687213897705, 0.8226562738418579, 0.8202343583106995, 0.8174218535423279, 0.815625011920929, 0.8171093463897705, 0.8188281059265137, 0.8167187571525574, 0.8171093463897705, 0.8186718821525574, 0.8167187571525574, 0.8167968988418579, 0.8127343654632568, 0.8137500286102295, 0.8138281106948853]}