{"loss": [0.6126857995986938, 0.3323482573032379, 0.18558990955352783, 0.06953088939189911, 0.08689728379249573, 0.10659293830394745, 0.09546444565057755, 0.06534092128276825, 0.06993420422077179, 0.08194061368703842, 0.05178546532988548, 0.07214877009391785, 0.05828259885311127, 0.05850014090538025, 0.054521594196558, 0.09358863532543182, 0.023644857108592987, 0.06479674577713013, 0.054876361042261124, 0.07113602757453918, 0.050795406103134155, 0.07674320042133331, 0.04766624793410301, 0.017402032390236855, 0.0878916084766388, 0.05566166713833809, 0.06718356907367706, 0.04989719018340111, 0.051556531339883804, 0.08299113065004349, 0.05061148479580879, 0.06388922035694122, 0.030357368290424347, 0.05838122218847275, 0.06696543842554092, 0.018652351573109627, 0.06837290525436401, 0.04121846333146095, 0.054336074739694595, 0.08088485896587372, 0.030238077044487, 0.05087516829371452, 0.027639396488666534, 0.05530289188027382, 0.016903700307011604], "accuracy": [0.967968761920929, 0.9809374809265137, 0.9725000262260437, 0.9931250214576721, 0.9841406345367432, 0.9764843583106995, 0.9749218821525574, 0.9825000166893005, 0.9792187213897705, 0.9768750071525574, 0.987109363079071, 0.9789062738418579, 0.9840624928474426, 0.984375, 0.9838281273841858, 0.973828136920929, 0.99609375, 0.9825780987739563, 0.9862499833106995, 0.9795312285423279, 0.9860937595367432, 0.9778125286102295, 0.9878906011581421, 0.996874988079071, 0.9744531512260437, 0.985156238079071, 0.9817187786102295, 0.9864843487739563, 0.985546886920929, 0.9767968654632568, 0.9866406321525574, 0.9799218773841858, 0.9928905963897705, 0.983593761920929, 0.9790624976158142, 0.9960156083106995, 0.9791406393051147, 0.9886718988418579, 0.9850000143051147, 0.9768750071525574, 0.992968738079071, 0.9874218702316284, 0.9931250214576721, 0.9839843511581421, 0.9967968463897705], "val_loss": [0.6479775905609131, 0.7618200778961182, 0.7656857967376709, 0.7991945147514343, 0.7213306427001953, 0.6072002649307251, 0.5360461473464966, 0.5104953050613403, 0.4743231236934662, 0.43909791111946106, 0.44639644026756287, 0.41343754529953003, 0.41510260105133057, 0.40898895263671875, 0.41251251101493835, 0.38264110684394836, 0.40097370743751526, 0.38918471336364746, 0.3966102600097656, 0.389053612947464, 0.38839757442474365, 0.38787323236465454, 0.3852001428604126, 0.40587031841278076, 0.379657506942749, 0.39006978273391724, 0.38174933195114136, 0.38023582100868225, 0.37904274463653564, 0.363228976726532, 0.37854811549186707, 0.37662044167518616, 0.3828321695327759, 0.3870849907398224, 0.38230353593826294, 0.3948162794113159, 0.38026055693626404, 0.3897143304347992, 0.37856554985046387, 0.37849441170692444, 0.38497161865234375, 0.3809504210948944, 0.3904356360435486, 0.37790384888648987, 0.39535874128341675], "val_accuracy": [0.8217187523841858, 0.8217187523841858, 0.8217187523841858, 0.8217187523841858, 0.8217187523841858, 0.8217187523841858, 0.8190624713897705, 0.8229687213897705, 0.8294531106948853, 0.8353906273841858, 0.83203125, 0.8353124856948853, 0.8310156464576721, 0.8303124904632568, 0.8274999856948853, 0.8276562690734863, 0.827343761920929, 0.8254687786102295, 0.8203125, 0.8214062452316284, 0.8203906416893005, 0.8192968964576721, 0.8207812309265137, 0.8192968964576721, 0.8203125, 0.8187500238418579, 0.8198437690734863, 0.8219531178474426, 0.822265625, 0.8250781297683716, 0.8208593726158142, 0.8199999928474426, 0.8227343559265137, 0.8192187547683716, 0.8182031512260437, 0.8178906440734863, 0.8217968940734863, 0.8197656273841858, 0.8224999904632568, 0.8199999928474426, 0.8229687213897705, 0.8220312595367432, 0.8225781321525574, 0.8196874856948853, 0.8216406106948853]}