{"loss": [0.6192871928215027, 0.254451185464859, 0.11976892501115799, 0.0991799384355545, 0.09646033495664597, 0.08786602318286896, 0.10431265085935593, 0.08089866489171982, 0.02787439152598381, 0.03597191721200943, 0.04241415113210678, 0.08689867705106735, 0.03109394758939743, 0.04774516075849533, 0.029697522521018982, 0.06995406746864319, 0.017852401360869408, 0.041154537349939346, 0.04568055644631386, 0.04661548510193825, 0.032237403094768524, 0.07253927737474442, 0.04914255067706108, 0.030796077102422714, 0.02680075354874134, 0.026247268542647362, 0.027024539187550545, 0.027928240597248077, 0.052068062126636505, 0.010043752379715443, 0.021159693598747253, 0.014377754181623459, 0.05800546333193779, 0.02969285100698471, 0.024902019649744034, 0.05409791320562363, 0.02211834117770195, 0.034022293984889984, 0.04822467267513275, 0.028685124590992928, 0.016759544610977173, 0.018049215897917747, 0.03664091229438782, 0.03259677812457085, 0.028207214549183846, 0.02541770227253437, 0.03852212056517601, 0.04729066789150238], "accuracy": [0.944531261920929, 0.9908593893051147, 0.9786718487739563, 0.9807812571525574, 0.9802343845367432, 0.9789843559265137, 0.9750781059265137, 0.9787499904632568, 0.995312511920929, 0.9924218654632568, 0.9879687428474426, 0.9736718535423279, 0.9921875, 0.9871875047683716, 0.9913281202316284, 0.9749218821525574, 0.9957031011581421, 0.9864062666893005, 0.9817968606948853, 0.9817968606948853, 0.9872656464576721, 0.9664062261581421, 0.9778125286102295, 0.9878125190734863, 0.9878906011581421, 0.9870312213897705, 0.9860156178474426, 0.9878906011581421, 0.9778125286102295, 0.9964062571525574, 0.9916406273841858, 0.9935156106948853, 0.9717187285423279, 0.9871875047683716, 0.989062488079071, 0.9732031226158142, 0.9889062643051147, 0.9856250286102295, 0.9778906106948853, 0.9889843463897705, 0.9939844012260437, 0.9925781488418579, 0.9853125214576721, 0.985156238079071, 0.9896875023841858, 0.9893749952316284, 0.9818750023841858, 0.9771093726158142], "val_loss": [0.6722869277000427, 0.9808619022369385, 1.0046486854553223, 0.9795677661895752, 0.902860701084137, 0.8387386798858643, 0.7826723456382751, 0.7276263236999512, 0.7680731415748596, 0.7608835697174072, 0.7393649220466614, 0.6465501189231873, 0.668395459651947, 0.6428039073944092, 0.6453737616539001, 0.5772551894187927, 0.5973411798477173, 0.5702466368675232, 0.5360355377197266, 0.5212193131446838, 0.5171647071838379, 0.46679097414016724, 0.454822301864624, 0.4586493968963623, 0.46127259731292725, 0.4667767584323883, 0.47265326976776123, 0.47379934787750244, 0.451958566904068, 0.4500647783279419, 0.4507954716682434, 0.4602130949497223, 0.41359224915504456, 0.4207794666290283, 0.4304821789264679, 0.419447124004364, 0.43841132521629333, 0.43030235171318054, 0.420619934797287, 0.43449699878692627, 0.4441581070423126, 0.45250117778778076, 0.43115073442459106, 0.44168299436569214, 0.4325620234012604, 0.4375647008419037, 0.4479256868362427, 0.45558226108551025], "val_accuracy": [0.7887499928474426, 0.7904687523841858, 0.7926562428474426, 0.7926562428474426, 0.796093761920929, 0.8017187714576721, 0.8075000047683716, 0.805859386920929, 0.8063281178474426, 0.8070312738418579, 0.807812511920929, 0.8086718916893005, 0.8100781440734863, 0.8117969036102295, 0.8106250166893005, 0.8167187571525574, 0.815234363079071, 0.8169531226158142, 0.8213281035423279, 0.8237500190734863, 0.8239062428474426, 0.8277343511581421, 0.8307812213897705, 0.8310156464576721, 0.8353124856948853, 0.8321874737739563, 0.8307031393051147, 0.8316406011581421, 0.8279687762260437, 0.8307812213897705, 0.831250011920929, 0.830859363079071, 0.8330468535423279, 0.8289843797683716, 0.8303124904632568, 0.8321874737739563, 0.8310937285423279, 0.8285937309265137, 0.8297656178474426, 0.8280468583106995, 0.8274999856948853, 0.8268749713897705, 0.8266406059265137, 0.8267187476158142, 0.8282031416893005, 0.8290625214576721, 0.8260937333106995, 0.8263280987739563]}