{"loss": [0.1714051365852356, 0.07040899991989136, 0.1089683324098587, 0.06344671547412872, 0.06713958084583282, 0.10671160370111465], "accuracy": [0.9541406035423279, 0.9888281226158142, 0.9814062714576721, 0.9904687404632568, 0.9896875023841858, 0.9810156226158142], "val_loss": [0.8175817728042603, 0.8588976860046387, 0.8635980486869812, 0.8862484097480774, 0.902822732925415, 0.9238237738609314], "val_accuracy": [0.16117186844348907, 0.17101562023162842, 0.1782812476158142, 0.17164061963558197, 0.16523437201976776, 0.15984374284744263]}