{"loss": [0.15465523302555084, 0.00991212110966444, 0.06003865227103233, 0.05466972291469574, 0.03459189459681511, 0.010598374530673027, 0.029689747840166092, 0.04925056919455528, 0.062340568751096725, 0.027332253754138947, 0.025713419541716576, 0.04764387011528015, 0.03367438539862633, 0.02655036933720112, 0.05080051347613335, 0.02376304380595684, 0.023777959868311882, 0.03277553245425224, 0.007712138816714287, 0.041573867201805115], "accuracy": [0.9491406083106995, 1.0, 0.9784374833106995, 0.9754687547683716, 0.9841406345367432, 0.9957812428474426, 0.9850000143051147, 0.9728124737739563, 0.9672656059265137, 0.9864843487739563, 0.9869531393051147, 0.9744531512260437, 0.9819531440734863, 0.9846875071525574, 0.9709374904632568, 0.9875781536102295, 0.9867187738418579, 0.9807031154632568, 0.9956250190734863, 0.9767968654632568], "val_loss": [0.8198327422142029, 0.7326312065124512, 0.67218017578125, 0.5924385190010071, 0.5324534773826599, 0.5148757696151733, 0.4474111497402191, 0.4039500951766968, 0.393303781747818, 0.38320454955101013, 0.41743072867393494, 0.3823506236076355, 0.3690893054008484, 0.3597428500652313, 0.3420921266078949, 0.3527411222457886, 0.3604109287261963, 0.35207176208496094, 0.35578158497810364, 0.34417954087257385], "val_accuracy": [0.17921875417232513, 0.8336718678474426, 0.8305468559265137, 0.8307031393051147, 0.8343750238418579, 0.8341405987739563, 0.8332812786102295, 0.8385156393051147, 0.8381249904632568, 0.8382031321525574, 0.8384374976158142, 0.8372656106948853, 0.8401562571525574, 0.8389843702316284, 0.8371875286102295, 0.8394531011581421, 0.8357031345367432, 0.8335156440734863, 0.8321093916893005, 0.8356249928474426]}