{"loss": [0.12138619273900986, 0.05818668380379677, 0.04866012558341026, 0.002905001863837242, 0.03160623461008072, 0.020620612427592278, 0.04476752132177353, 0.044222913682460785, 0.01943563111126423, 0.028508376330137253, 0.02795073576271534, 0.07208339124917984, 0.040042344480752945, 0.04574285075068474, 0.02285032719373703, 0.03310387209057808, 0.031159648671746254, 0.05223359912633896, 0.045655444264411926], "accuracy": [0.9632031321525574, 0.979296863079071, 0.9797656536102295, 1.0, 0.985546886920929, 0.9898437261581421, 0.9757031202316284, 0.9760156273841858, 0.989453136920929, 0.9840624928474426, 0.9852343797683716, 0.9566406011581421, 0.9760937690734863, 0.9735937714576721, 0.9875781536102295, 0.9806249737739563, 0.9803125262260437, 0.9691406488418579, 0.9722656011581421], "val_loss": [0.5490491390228271, 0.4911613464355469, 0.4610750079154968, 0.46623897552490234, 0.44373619556427, 0.43314146995544434, 0.41173338890075684, 0.3945586383342743, 0.38625046610832214, 0.37825894355773926, 0.37358880043029785, 0.363000750541687, 0.3634594976902008, 0.36101382970809937, 0.36236923933029175, 0.3651195764541626, 0.366326242685318, 0.3615903854370117, 0.3628050982952118], "val_accuracy": [0.8396875262260437, 0.8411718606948853, 0.8411718606948853, 0.83984375, 0.8322656154632568, 0.8319531083106995, 0.8314843773841858, 0.8316406011581421, 0.8301562666893005, 0.8316406011581421, 0.8341405987739563, 0.8335156440734863, 0.8364062309265137, 0.8389062285423279, 0.8375781178474426, 0.8322656154632568, 0.829296886920929, 0.8336718678474426, 0.8327343463897705]}