{"loss": [0.16940796375274658, 0.10144608467817307, 0.03254149109125137, 0.029955841600894928, 0.05811186134815216, 0.05412197485566139, 0.039494067430496216], "accuracy": [0.9456250071525574, 0.9684374928474426, 0.9899218678474426, 0.9900000095367432, 0.9763281345367432, 0.9749218821525574, 0.9817187786102295], "val_loss": [0.4343562722206116, 0.41313350200653076, 0.4273829758167267, 0.44695279002189636, 0.4483274817466736, 0.4412897825241089, 0.4526577889919281], "val_accuracy": [0.8353906273841858, 0.8371875286102295, 0.8342968821525574, 0.8334375023841858, 0.8301562666893005, 0.8297656178474426, 0.8239062428474426]}