{"loss": [0.12456046044826508, 0.07379242777824402, 0.06266269832849503, 0.0173675287514925, 0.041772838681936264, 0.015470142476260662, 0.06794966012239456, 0.03205377236008644, 0.022601209580898285, 0.011782889254391193, 0.03868623077869415, 0.043845754116773605, 0.04812829941511154, 0.04502686485648155, 0.029426466673612595, 0.026629099622368813, 0.009225135669112206, 0.019711827859282494, 0.04932478070259094, 0.04130743071436882, 0.01806732267141342, 0.039557307958602905, 0.01507832482457161, 0.013619368895888329, 0.033147457987070084], "accuracy": [0.9683593511581421, 0.9817968606948853, 0.98046875, 0.9953906536102295, 0.9860937595367432, 0.9954687356948853, 0.9701562523841858, 0.9854687452316284, 0.9903905987739563, 0.995312511920929, 0.9810937643051147, 0.9785937666893005, 0.9749218821525574, 0.9767968654632568, 0.985546886920929, 0.9862499833106995, 0.995312511920929, 0.9900781512260437, 0.9723437428474426, 0.9770312309265137, 0.9913281202316284, 0.9794531464576721, 0.9925781488418579, 0.992968738079071, 0.982421875], "val_loss": [0.5194676518440247, 0.46970030665397644, 0.46651577949523926, 0.4887813329696655, 0.4764465391635895, 0.461907297372818, 0.44354507327079773, 0.4346182942390442, 0.46004387736320496, 0.48062270879745483, 0.4778466522693634, 0.4238210916519165, 0.41227009892463684, 0.4018940031528473, 0.40404999256134033, 0.40927693247795105, 0.42464759945869446, 0.4220978021621704, 0.38609781861305237, 0.3762742877006531, 0.3898327946662903, 0.3821136951446533, 0.38969212770462036, 0.40172329545021057, 0.37652644515037537], "val_accuracy": [0.8258593678474426, 0.8324218988418579, 0.8306249976158142, 0.8278906345367432, 0.8282812237739563, 0.8294531106948853, 0.8294531106948853, 0.8296093940734863, 0.8268749713897705, 0.8260156512260437, 0.8285156488418579, 0.8310156464576721, 0.8289843797683716, 0.8275781273841858, 0.8299219012260437, 0.8306249976158142, 0.8299219012260437, 0.8268749713897705, 0.8304687738418579, 0.8297656178474426, 0.8296874761581421, 0.8305468559265137, 0.8352344036102295, 0.836718738079071, 0.8409374952316284]}