{"loss": [0.12815368175506592, 0.057199884206056595, 0.040194012224674225, 0.05778808519244194, 0.013531379401683807, 0.062264882028102875, 0.035946622490882874, 0.009999509900808334, 0.01703464798629284, 0.010903331451117992, 0.06380486488342285, 0.026337701827287674, 0.07313396781682968, 0.0223512202501297, 0.03192668780684471, 0.01637628674507141, 0.008381258696317673, 0.013444456271827221], "accuracy": [0.9609375, 0.9817187786102295, 0.9860937595367432, 0.9742968678474426, 0.995312511920929, 0.9689062237739563, 0.9818750023841858, 0.99609375, 0.9923437237739563, 0.9946093559265137, 0.9653906226158142, 0.9862499833106995, 0.958984375, 0.9885937571525574, 0.983203113079071, 0.9911718964576721, 0.9953906536102295, 0.9925781488418579], "val_loss": [0.8619934916496277, 0.7666876316070557, 0.5605131387710571, 0.5654340982437134, 0.5632449984550476, 0.5624611377716064, 0.4923650324344635, 0.4738277792930603, 0.5565972924232483, 0.5170276761054993, 0.4005401134490967, 0.3780529499053955, 0.35900765657424927, 0.3947877883911133, 0.45628833770751953, 0.42587894201278687, 0.4083448350429535, 0.427697092294693], "val_accuracy": [0.1880468726158142, 0.8397656083106995, 0.8392187356948853, 0.8346093893051147, 0.8340625166893005, 0.829296886920929, 0.8309375047683716, 0.8307812213897705, 0.8239062428474426, 0.8267968893051147, 0.8309375047683716, 0.834765613079071, 0.8402343988418579, 0.8372656106948853, 0.8317187428474426, 0.8328906297683716, 0.8343750238418579, 0.8361718654632568]}