{"loss": [1.2206027507781982, 0.6433206796646118, 0.2727862000465393, 0.11040350794792175, 0.08177492767572403, 0.07253077626228333, 0.06722544133663177, 0.01873619109392166, 0.053526174277067184, 0.04395967349410057, 0.05578439310193062, 0.057638980448246, 0.028081025928258896, 0.032572537660598755, 0.04856081306934357, 0.0072751278057694435, 0.05124179273843765], "acurracy": [0.8500000238418579, 0.996874988079071, 0.9900000095367432, 0.9962499737739563, 0.9934375286102295, 0.9925000071525574, 0.9925000071525574, 1.0, 0.9931250214576721, 0.9943749904632568, 0.9928125143051147, 0.9925000071525574, 0.9965624809265137, 0.9959375262260437, 0.9934375286102295, 1.0, 0.9928125143051147], "val_loss": [1.4628992080688477, 1.4167468547821045, 1.616905927658081, 1.9004722833633423, 2.1440930366516113, 2.3279953002929688, 2.4888923168182373, 2.716698408126831, 2.8078949451446533, 2.927184820175171, 3.0025386810302734, 3.0047597885131836, 3.192446231842041, 3.192303419113159, 3.2825467586517334, 3.414262056350708, 3.481996536254883], "val_acurracy": [0.5799999833106995, 0.5728124976158142, 0.5768749713897705, 0.5778124928474426, 0.581250011920929, 0.5831249952316284, 0.581250011920929, 0.5746874809265137, 0.5787500143051147, 0.5809375047683716, 0.5818750262260437, 0.5803124904632568, 0.5731250047683716, 0.5856249928474426, 0.5831249952316284, 0.5803124904632568, 0.5771874785423279]}