{"loss": [1.4057365655899048, 0.8806558847427368, 0.38248974084854126, 0.17797879874706268, 0.09336590766906738, 0.08780649304389954, 0.05038442462682724, 0.06394641101360321, 0.041700754314661026, 0.05916209518909454, 0.06306123733520508, 0.033635545521974564, 0.03995032235980034, 0.031988732516765594, 0.007652680389583111, 0.03855002298951149, 0.06968942284584045], "acurracy": [0.5384374856948853, 0.9671875238418579, 0.9959375262260437, 0.9912499785423279, 0.995312511920929, 0.9909374713897705, 0.9959375262260437, 0.9918749928474426, 0.9962499737739563, 0.9918749928474426, 0.9915624856948853, 0.9965624809265137, 0.995312511920929, 0.9965624809265137, 1.0, 0.995312511920929, 0.9909374713897705], "val_loss": [1.432380199432373, 1.3023192882537842, 1.4028728008270264, 1.6954783201217651, 1.9988350868225098, 2.2111856937408447, 2.4773616790771484, 2.633805751800537, 2.7434332370758057, 2.820267915725708, 2.9253103733062744, 3.0751874446868896, 3.109315872192383, 3.2020630836486816, 3.327235698699951, 3.3997697830200195, 3.3342278003692627], "val_acurracy": [0.581250011920929, 0.5731250047683716, 0.5774999856948853, 0.5799999833106995, 0.5774999856948853, 0.5849999785423279, 0.574999988079071, 0.5818750262260437, 0.5824999809265137, 0.5865625143051147, 0.5815625190734863, 0.5724999904632568, 0.5762500166893005, 0.581250011920929, 0.5809375047683716, 0.5806249976158142, 0.5737500190734863]}