{"loss": [1.4785118103027344, 0.9427147507667542, 0.43966904282569885, 0.1996900588274002, 0.0869441106915474, 0.06175212934613228, 0.024795709177851677, 0.03667660802602768, 0.10815674066543579, 0.053021494299173355, 0.07424335181713104, 0.07373958081007004, 0.06022556126117706, 0.056651052087545395, 0.043644823133945465, 0.02466520480811596, 0.038827814161777496], "acurracy": [0.47718751430511475, 0.9859374761581421, 0.9896875023841858, 0.9868749976158142, 0.9956250190734863, 0.9946874976158142, 1.0, 0.9971874952316284, 0.9846875071525574, 0.9928125143051147, 0.9893749952316284, 0.9893749952316284, 0.9921875, 0.9921875, 0.9940624833106995, 0.9971874952316284, 0.9959375262260437], "val_loss": [1.4594507217407227, 1.3516223430633545, 1.484165906906128, 1.8213722705841064, 2.194607734680176, 2.4668779373168945, 2.7559704780578613, 2.94138240814209, 2.962310791015625, 3.1290218830108643, 3.1940369606018066, 3.2483108043670654, 3.3157167434692383, 3.377711772918701, 3.4566407203674316, 3.67581844329834, 3.7111449241638184], "val_acurracy": [0.5787500143051147, 0.5815625190734863, 0.5784375071525574, 0.5843750238418579, 0.5774999856948853, 0.5831249952316284, 0.5796874761581421, 0.5815625190734863, 0.5790625214576721, 0.578125, 0.5799999833106995, 0.5790625214576721, 0.581250011920929, 0.5803124904632568, 0.5843750238418579, 0.5762500166893005, 0.5809375047683716]}