{"loss": [1.4820759296417236, 0.9091179370880127, 0.4104112386703491, 0.18429674208164215, 0.12671028077602386, 0.09144068509340286, 0.06446343660354614, 0.047952696681022644, 0.039736904203891754, 0.06629685312509537, 0.012827887199819088, 0.06442051380872726, 0.030613483861088753, 0.07035959511995316, 0.03172336518764496, 0.06216047331690788, 0.008455832488834858], "acurracy": [0.4168750047683716, 0.9753124713897705, 0.9965624809265137, 0.9931250214576721, 0.9878125190734863, 0.9896875023841858, 0.9943749904632568, 0.9950000047683716, 0.9962499737739563, 0.9903125166893005, 1.0, 0.9906250238418579, 0.9962499737739563, 0.9900000095367432, 0.9962499737739563, 0.9915624856948853, 1.0], "val_loss": [1.4461407661437988, 1.3439009189605713, 1.471133828163147, 1.749275803565979, 2.0400643348693848, 2.257441997528076, 2.459265947341919, 2.59403133392334, 2.724022150039673, 2.7486541271209717, 2.9380733966827393, 2.9666478633880615, 3.0566976070404053, 3.0787484645843506, 3.1041486263275146, 3.053021192550659, 3.1349105834960938], "val_acurracy": [0.573437511920929, 0.5759375095367432, 0.5771874785423279, 0.5837500095367432, 0.5724999904632568, 0.5731250047683716, 0.573437511920929, 0.5768749713897705, 0.5793750286102295, 0.5818750262260437, 0.5787500143051147, 0.5799999833106995, 0.578125, 0.5765625238418579, 0.5765625238418579, 0.5746874809265137, 0.5815625190734863]}