{"loss": [1.3063410520553589, 0.7185714244842529, 0.2690126895904541, 0.1067136824131012, 0.05117380619049072, 0.050504475831985474, 0.02101334184408188, 0.013950251042842865, 0.010012459941208363, 0.025307919830083847, 0.09509899467229843, 0.059824906289577484, 0.06070691719651222, 0.10071277618408203, 0.035862188786268234, 0.13563768565654755, 0.012913883663713932], "acurracy": [0.7559375166893005, 0.9853125214576721, 1.0, 1.0, 1.0, 0.9965624809265137, 1.0, 1.0, 1.0, 0.9975000023841858, 0.9868749976158142, 0.9921875, 0.9912499785423279, 0.9831249713897705, 0.995312511920929, 0.9753124713897705, 1.0], "val_loss": [1.3999055624008179, 1.2225823402404785, 1.245773196220398, 1.4512498378753662, 1.6105852127075195, 1.7986596822738647, 1.9502465724945068, 2.071009874343872, 2.198591947555542, 2.2769510746002197, 2.2671866416931152, 2.3026821613311768, 2.3499605655670166, 2.3925838470458984, 2.4036552906036377, 2.3975422382354736, 2.469640016555786], "val_acurracy": [0.5753124952316284, 0.5793750286102295, 0.5862500071525574, 0.5759375095367432, 0.581250011920929, 0.5746874809265137, 0.5765625238418579, 0.5793750286102295, 0.578125, 0.5806249976158142, 0.578125, 0.581250011920929, 0.5806249976158142, 0.5803124904632568, 0.5831249952316284, 0.573437511920929, 0.5843750238418579]}