{"loss": [1.3301892280578613, 0.7608439922332764, 0.3071153461933136, 0.14773501455783844, 0.1170729473233223, 0.052927613258361816, 0.07024811953306198, 0.019526148214936256, 0.07046990096569061, 0.07403084635734558, 0.03868564963340759, 0.04402722045779228, 0.028820239007472992, 0.03723439201712608, 0.09249372780323029, 0.07739585638046265, 0.06879022717475891], "acurracy": [0.7265625, 0.9865624904632568, 1.0, 0.9937499761581421, 0.9893749952316284, 0.9965624809265137, 0.9928125143051147, 1.0, 0.9909374713897705, 0.9900000095367432, 0.9959375262260437, 0.9946874976158142, 0.996874988079071, 0.995312511920929, 0.9859374761581421, 0.9887499809265137, 0.9893749952316284], "val_loss": [1.376176118850708, 1.2206138372421265, 1.2623038291931152, 1.4589219093322754, 1.6331655979156494, 1.8464022874832153, 1.9357407093048096, 2.1458189487457275, 2.272847890853882, 2.341187000274658, 2.436082363128662, 2.4869604110717773, 2.6157076358795166, 2.758726119995117, 2.7750635147094727, 2.8379645347595215, 2.91525936126709], "val_acurracy": [0.5731250047683716, 0.5765625238418579, 0.5771874785423279, 0.5768749713897705, 0.5815625190734863, 0.5765625238418579, 0.5878124833106995, 0.5774999856948853, 0.5762500166893005, 0.5806249976158142, 0.5809375047683716, 0.5859375, 0.581250011920929, 0.573437511920929, 0.5806249976158142, 0.5768749713897705, 0.573437511920929]}