{"loss": [1.3741422891616821, 0.8229600787162781, 0.37491026520729065, 0.1654352992773056, 0.07461326569318771, 0.11152896285057068, 0.030358530580997467, 0.07708439975976944, 0.01708108000457287, 0.033987756818532944, 0.0466482937335968, 0.05442407727241516, 0.06294193863868713, 0.07061119377613068, 0.04911015182733536, 0.0406365767121315, 0.03006124310195446], "acurracy": [0.6543750166893005, 0.9881250262260437, 0.9937499761581421, 0.9965624809265137, 1.0, 0.9884374737739563, 1.0, 0.9906250238418579, 1.0, 0.996874988079071, 0.9943749904632568, 0.9928125143051147, 0.9912499785423279, 0.9903125166893005, 0.9934375286102295, 0.9946874976158142, 0.9965624809265137], "val_loss": [1.4194061756134033, 1.2691781520843506, 1.3267922401428223, 1.5296013355255127, 1.7588927745819092, 1.9206486940383911, 2.0973660945892334, 2.200143814086914, 2.3690099716186523, 2.4680991172790527, 2.5509791374206543, 2.641489028930664, 2.6899828910827637, 2.708181142807007, 2.7641284465789795, 2.8788089752197266, 2.924177646636963], "val_acurracy": [0.5790625214576721, 0.5803124904632568, 0.5790625214576721, 0.5803124904632568, 0.5818750262260437, 0.5778124928474426, 0.5793750286102295, 0.5834375023841858, 0.5790625214576721, 0.5799999833106995, 0.5806249976158142, 0.578125, 0.5809375047683716, 0.5796874761581421, 0.5840625166893005, 0.5715625286102295, 0.5778124928474426]}