{"loss": [1.2009587287902832, 0.17677000164985657, 0.11586663872003555, 0.042410243302583694, 0.07154341042041779, 0.05239665508270264, 0.13676927983760834, 0.09236309677362442, 0.04723634198307991, 0.03456984460353851, 0.09293979406356812, 0.008502849377691746, 0.0267660990357399, 0.02575521729886532, 0.023467296734452248, 0.04761827364563942, 0.02759290486574173, 0.042509775608778, 0.02140042930841446, 0.018650835379958153, 0.032328635454177856, 0.04340503737330437, 0.0321090966463089, 0.01055622473359108, 0.013188689947128296, 0.00786064937710762, 0.033898886293172836, 0.0018989715026691556, 0.009808034636080265, 0.01695326715707779, 0.014150784350931644, 0.015948491171002388, 0.029522685334086418, 0.025170059874653816, 0.005548384971916676, 0.0012502040481194854, 0.0008181368466466665, 0.013297706842422485, 0.025846267119050026, 0.0060641164891421795, 0.012787743471562862, 0.0009285935084335506, 0.0005158569547347724, 0.014997432008385658, 0.015276594087481499, 0.006784095894545317, 0.007647593040019274, 0.0006753767956979573, 0.008971418254077435, 0.009242718107998371, 0.007591830566525459, 0.003685538424178958, 0.02167358435690403, 0.003865762846544385], "acurracy": [0.8496875166893005, 0.9893749952316284, 0.9850000143051147, 0.9965624809265137, 0.9915624856948853, 0.9946874976158142, 0.9834374785423279, 0.9881250262260437, 0.9946874976158142, 0.9950000047683716, 0.9837499856948853, 1.0, 0.9962499737739563, 0.9965624809265137, 0.9962499737739563, 0.9925000071525574, 0.9931250214576721, 0.9931250214576721, 0.9956250190734863, 0.9965624809265137, 0.995312511920929, 0.9921875, 0.9956250190734863, 0.9987499713897705, 0.9984375238418579, 0.9981250166893005, 0.9940624833106995, 1.0, 0.9987499713897705, 0.9962499737739563, 0.9975000023841858, 0.996874988079071, 0.9943749904632568, 0.9956250190734863, 0.9993749856948853, 1.0, 1.0, 0.9984375238418579, 0.9946874976158142, 0.9987499713897705, 0.9965624809265137, 1.0, 1.0, 0.9950000047683716, 0.9975000023841858, 0.9984375238418579, 0.9984375238418579, 1.0, 0.9975000023841858, 0.9978125095367432, 0.9975000023841858, 0.9987499713897705, 0.9946874976158142, 0.9987499713897705], "val_loss": [1.780000925064087, 2.462534189224243, 2.4004263877868652, 2.5073180198669434, 2.412576675415039, 2.3889224529266357, 1.9153910875320435, 1.8023872375488281, 1.8241673707962036, 1.8232401609420776, 1.572688341140747, 1.7107445001602173, 1.7610549926757812, 1.7174104452133179, 1.676210641860962, 1.5125025510787964, 1.4441654682159424, 1.407210111618042, 1.3499642610549927, 1.3854899406433105, 1.3063424825668335, 1.1646459102630615, 1.1358122825622559, 1.2361942529678345, 1.162800908088684, 1.1907936334609985, 1.0846953392028809, 1.1230436563491821, 1.1118446588516235, 1.047878384590149, 1.018812656402588, 1.048853874206543, 0.9500607252120972, 0.9143763184547424, 0.9438349008560181, 1.0196648836135864, 1.037245512008667, 0.9830143451690674, 0.8695523738861084, 0.8947480916976929, 0.9160670638084412, 0.9584420919418335, 1.0288017988204956, 0.9833816289901733, 0.9497325420379639, 0.9091004133224487, 0.9788549542427063, 1.0498461723327637, 1.0083701610565186, 1.0734325647354126, 1.13460111618042, 1.0668632984161377, 0.977752149105072, 0.9946030974388123], "val_acurracy": [0.22875000536441803, 0.5637500286102295, 0.5768749713897705, 0.5853124856948853, 0.5846874713897705, 0.5759375095367432, 0.5799999833106995, 0.5815625190734863, 0.5793750286102295, 0.5834375023841858, 0.5843750238418579, 0.5796874761581421, 0.582812488079071, 0.5790625214576721, 0.573437511920929, 0.5903124809265137, 0.604687511920929, 0.6262500286102295, 0.6446874737739563, 0.660937488079071, 0.6862499713897705, 0.7256249785423279, 0.7484375238418579, 0.7393749952316284, 0.7524999976158142, 0.7540624737739563, 0.770312488079071, 0.7678124904632568, 0.7731249928474426, 0.7768750190734863, 0.7837499976158142, 0.7881249785423279, 0.7950000166893005, 0.8087499737739563, 0.807812511920929, 0.8003125190734863, 0.7971875071525574, 0.7950000166893005, 0.8115624785423279, 0.8125, 0.8046875, 0.8046875, 0.7962499856948853, 0.8112499713897705, 0.8134375214576721, 0.8162500262260437, 0.8084375262260437, 0.8040624856948853, 0.8087499737739563, 0.8053125143051147, 0.8050000071525574, 0.8146874904632568, 0.8153125047683716, 0.8168749809265137]}