{"loss": [1.3611313104629517, 0.376496285200119, 0.15757545828819275, 0.13062484562397003, 0.060625605285167694, 0.07288754731416702, 0.11001882702112198, 0.04593139514327049, 0.05380765348672867, 0.055864959955215454, 0.006379678845405579, 0.0757724791765213, 0.025495922192931175, 0.034910283982753754, 0.029172856360673904, 0.0036497253458946943], "acurracy": [0.9528124928474426, 0.987500011920929, 0.9862499833106995, 0.989062488079071, 0.9956250190734863, 0.9928125143051147, 0.9862499833106995, 0.9950000047683716, 0.9921875, 0.9931250214576721, 1.0, 0.9865624904632568, 0.9959375262260437, 0.9959375262260437, 0.9959375262260437, 1.0], "val_loss": [1.7461755275726318, 3.4301910400390625, 3.2194528579711914, 2.9574384689331055, 2.9143826961517334, 2.836024522781372, 2.4229423999786377, 2.460158586502075, 2.383668899536133, 2.2532832622528076, 2.411423444747925, 2.0842413902282715, 2.0369839668273926, 2.051750421524048, 1.9995100498199463, 2.160971164703369], "val_acurracy": [0.43031251430511475, 0.5615624785423279, 0.5793750286102295, 0.5799999833106995, 0.5834375023841858, 0.5831249952316284, 0.5818750262260437, 0.582812488079071, 0.5784375071525574, 0.5765625238418579, 0.5706250071525574, 0.5824999809265137, 0.5887500047683716, 0.5868750214576721, 0.5971875190734863, 0.5915625095367432]}