{"loss": [1.468237042427063, 0.9470677971839905, 0.4530695974826813, 0.21337388455867767, 0.12674285471439362, 0.09188242256641388, 0.0608409084379673, 0.06295501440763474, 0.08645602315664291, 0.051584504544734955, 0.027995381504297256, 0.06746438890695572, 0.053719643503427505, 0.10090814530849457, 0.061108194291591644, 0.04113948345184326, 0.034552279859781265, 0.05672925338149071], "acurracy": [0.38343751430511475, 0.9653124809265137, 0.9996874928474426, 0.9918749928474426, 0.9931250214576721, 0.9925000071525574, 0.9956250190734863, 0.9931250214576721, 0.9887499809265137, 0.9937499761581421, 0.9978125095367432, 0.9906250238418579, 0.9925000071525574, 0.9840624928474426, 0.9909374713897705, 0.9940624833106995, 0.9959375262260437, 0.9903125166893005], "val_loss": [1.4245103597640991, 1.2218081951141357, 1.131441593170166, 1.231513261795044, 1.4048129320144653, 1.5577446222305298, 1.7173936367034912, 1.863671898841858, 1.9641340970993042, 2.077040910720825, 2.1937310695648193, 2.316349983215332, 2.3709557056427, 2.41438889503479, 2.542635679244995, 2.6479644775390625, 2.6826882362365723, 2.767874240875244], "val_acurracy": [0.5771874785423279, 0.5762500166893005, 0.5793750286102295, 0.582812488079071, 0.5815625190734863, 0.5843750238418579, 0.5815625190734863, 0.5793750286102295, 0.5803124904632568, 0.5834375023841858, 0.5818750262260437, 0.5762500166893005, 0.5778124928474426, 0.5818750262260437, 0.5743749737739563, 0.5759375095367432, 0.5834375023841858, 0.5865625143051147]}