{"loss": [1.3437912464141846, 0.8084394931793213, 0.3659477233886719, 0.17999675869941711, 0.10688270628452301, 0.04489881545305252, 0.02784791775047779, 0.04808882623910904, 0.03758528083562851, 0.03426580876111984, 0.08630364388227463, 0.010394797660410404, 0.05037979781627655, 0.034173913300037384, 0.08872032165527344, 0.06140942499041557, 0.02056572400033474], "acurracy": [0.6987500190734863, 0.9971874952316284, 0.995312511920929, 0.9909374713897705, 0.9934375286102295, 1.0, 1.0, 0.9956250190734863, 0.9962499737739563, 0.9965624809265137, 0.9887499809265137, 1.0, 0.9937499761581421, 0.9962499737739563, 0.9878125190734863, 0.9906250238418579, 0.9978125095367432], "val_loss": [1.4586660861968994, 1.3544001579284668, 1.444709062576294, 1.6661992073059082, 1.8721684217453003, 2.0509085655212402, 2.225213050842285, 2.3463134765625, 2.495508909225464, 2.6432619094848633, 2.60958194732666, 2.6957297325134277, 2.7594878673553467, 2.799013376235962, 2.795682668685913, 2.7557485103607178, 2.894054889678955], "val_acurracy": [0.5809375047683716, 0.5774999856948853, 0.5771874785423279, 0.5746874809265137, 0.5774999856948853, 0.5806249976158142, 0.5824999809265137, 0.5831249952316284, 0.5806249976158142, 0.5740625262260437, 0.5762500166893005, 0.582812488079071, 0.5806249976158142, 0.5787500143051147, 0.5771874785423279, 0.5831249952316284, 0.5778124928474426]}