{"loss": [1.3506890535354614, 0.8280772566795349, 0.3773006200790405, 0.1582372635602951, 0.07224515080451965, 0.03904566913843155, 0.05177363380789757, 0.07649106532335281, 0.04954659566283226, 0.10146556049585342, 0.014289814978837967, 0.009781349450349808, 0.04094047471880913, 0.08671744167804718, 0.02585807628929615, 0.11187347769737244, 0.05660964176058769], "acurracy": [0.6715624928474426, 0.9934375286102295, 0.9959375262260437, 0.996874988079071, 1.0, 1.0, 0.9962499737739563, 0.9912499785423279, 0.9946874976158142, 0.9856250286102295, 1.0, 1.0, 0.9946874976158142, 0.987500011920929, 0.9971874952316284, 0.9834374785423279, 0.9909374713897705], "val_loss": [1.4665248394012451, 1.3536392450332642, 1.432806134223938, 1.654296875, 1.8991377353668213, 2.137788772583008, 2.3269567489624023, 2.4444587230682373, 2.627774238586426, 2.729532480239868, 2.8392391204833984, 2.9294300079345703, 3.01743221282959, 3.0119454860687256, 3.1321582794189453, 3.1338131427764893, 3.2295987606048584], "val_acurracy": [0.5778124928474426, 0.5799999833106995, 0.5784375071525574, 0.5799999833106995, 0.5803124904632568, 0.5768749713897705, 0.5771874785423279, 0.5824999809265137, 0.5771874785423279, 0.5712500214576721, 0.5771874785423279, 0.5809375047683716, 0.5787500143051147, 0.5840625166893005, 0.5793750286102295, 0.5806249976158142, 0.5762500166893005]}