{"loss": [0.7392160296440125, 0.08907430619001389, 0.06794603914022446, 0.05118436738848686, 0.03215552493929863, 0.07050453871488571, 0.007883016020059586, 0.035375844687223434], "acurracy": [0.7590625286102295, 0.9934375286102295, 0.9937499761581421, 0.9943749904632568, 0.9965624809265137, 0.9921875, 1.0, 0.9965624809265137], "val_loss": [1.4115204811096191, 1.3479950428009033, 1.3477755784988403, 1.348772406578064, 1.4087326526641846, 1.4402586221694946, 1.4922261238098145, 1.5160142183303833], "val_acurracy": [0.5287500023841858, 0.5509374737739563, 0.5646874904632568, 0.5787500143051147, 0.5774999856948853, 0.5778124928474426, 0.5771874785423279, 0.5803124904632568]}