{"loss": [0.4786825478076935, 0.03982395678758621, 0.07615701854228973, 0.04916297271847725, 0.008037921041250229, 0.005711987614631653, 0.06415922194719315, 0.04329923167824745, 0.005245329812169075, 0.029806461185216904, 0.07006920874118805, 0.032984659075737, 0.07638520747423172, 0.02366475574672222, 0.03852567449212074, 0.03625592589378357, 0.03277973458170891, 0.037520796060562134, 0.00619667349383235, 0.0033420005347579718, 0.0374574214220047, 0.0036895116791129112, 0.014429629780352116, 0.002647958928719163, 0.013370625674724579, 0.01985009014606476, 0.02043764851987362, 0.012816204689443111], "acurracy": [0.8462499976158142, 0.9996874928474426, 0.9896875023841858, 0.9940624833106995, 1.0, 1.0, 0.9925000071525574, 0.9943749904632568, 1.0, 0.9959375262260437, 0.9893749952316284, 0.9956250190734863, 0.9878125190734863, 0.9965624809265137, 0.9893749952316284, 0.9931250214576721, 0.9915624856948853, 0.9906250238418579, 1.0, 1.0, 0.9906250238418579, 0.9996874928474426, 0.996874988079071, 1.0, 0.996874988079071, 0.9959375262260437, 0.995312511920929, 0.9965624809265137], "val_loss": [1.180299162864685, 1.1012113094329834, 0.9855978488922119, 0.8888843655586243, 0.872090220451355, 0.8810461163520813, 0.7301394939422607, 0.7171639204025269, 0.699388325214386, 0.6531514525413513, 0.5985883474349976, 0.5521605610847473, 0.5284538865089417, 0.5126020908355713, 0.5113452672958374, 0.5249329209327698, 0.503984808921814, 0.5108685493469238, 0.48861563205718994, 0.49098724126815796, 0.5274690985679626, 0.49422767758369446, 0.4822968542575836, 0.4866243302822113, 0.49495673179626465, 0.5037220120429993, 0.5104565024375916, 0.5063996315002441], "val_acurracy": [0.5600000023841858, 0.5718749761581421, 0.5818750262260437, 0.6131250262260437, 0.6187499761581421, 0.6150000095367432, 0.7259374856948853, 0.7553125023841858, 0.7615625262260437, 0.807812511920929, 0.8506249785423279, 0.8662499785423279, 0.8675000071525574, 0.8728125095367432, 0.8628125190734863, 0.8531249761581421, 0.8556249737739563, 0.8565624952316284, 0.8643749952316284, 0.864062488079071, 0.8534374833106995, 0.8603125214576721, 0.8690624833106995, 0.864062488079071, 0.8637499809265137, 0.8609374761581421, 0.8603125214576721, 0.862500011920929]}