{"loss": [0.6221179366111755, 0.06730450689792633, 0.09360673278570175, 0.014290619641542435, 0.057264294475317, 0.008351203054189682, 0.00603849533945322, 0.06748056411743164, 0.035868529230356216, 0.00530215073376894, 0.06007116660475731, 0.06554662436246872, 0.06445655971765518, 0.007837209850549698, 0.11711085587739944, 0.04987288638949394, 0.06804487109184265, 0.008552310056984425, 0.004216397181153297, 0.06689933687448502, 0.005421626381576061, 0.003893529996275902, 0.09661082178354263, 0.008096172474324703, 0.06560397893190384, 0.005519977770745754, 0.028134118765592575, 0.0033598539885133505, 0.09239622950553894, 0.0060430304147303104, 0.05419597029685974, 0.04451167583465576, 0.038087211549282074, 0.005558043252676725, 0.05465458333492279, 0.05568546801805496, 0.04547632858157158, 0.026564454659819603, 0.036452461034059525, 0.005313897039741278, 0.025141015648841858, 0.026733506470918655, 0.027712378650903702, 0.050120070576667786, 0.030887091532349586, 0.02710116095840931, 0.04585132747888565, 0.027132172137498856, 0.04040655121207237], "acurracy": [0.8018749952316284, 0.9950000047683716, 0.9881250262260437, 1.0, 0.9934375286102295, 1.0, 1.0, 0.9918749928474426, 0.9962499737739563, 0.9996874928474426, 0.9931250214576721, 0.9921875, 0.9918749928474426, 1.0, 0.9831249713897705, 0.9925000071525574, 0.9903125166893005, 1.0, 1.0, 0.9906250238418579, 1.0, 1.0, 0.9853125214576721, 1.0, 0.9896875023841858, 1.0, 0.9959375262260437, 1.0, 0.9871875047683716, 1.0, 0.9912499785423279, 0.9928125143051147, 0.9928125143051147, 1.0, 0.9903125166893005, 0.9887499809265137, 0.9918749928474426, 0.9965624809265137, 0.9925000071525574, 1.0, 0.9962499737739563, 0.995312511920929, 0.9950000047683716, 0.9896875023841858, 0.995312511920929, 0.9950000047683716, 0.9900000095367432, 0.9937499761581421, 0.9912499785423279], "val_loss": [1.758488655090332, 1.7376388311386108, 1.6568416357040405, 1.670284390449524, 1.6036193370819092, 1.6149593591690063, 1.5947057008743286, 1.504015326499939, 1.4746177196502686, 1.4847432374954224, 1.3799508810043335, 1.3275947570800781, 1.2801008224487305, 1.278186321258545, 1.1888532638549805, 1.1606414318084717, 1.1198105812072754, 1.114665150642395, 1.1170445680618286, 1.1009963750839233, 1.085761547088623, 1.100375771522522, 1.053966999053955, 1.0408883094787598, 1.0040624141693115, 1.027177095413208, 1.0005568265914917, 1.010448932647705, 0.9605419039726257, 0.9539657831192017, 0.9578765034675598, 0.9367901682853699, 0.9183570742607117, 0.9215134978294373, 0.9248104691505432, 0.8878528475761414, 0.8768044114112854, 0.8813138008117676, 0.8683838844299316, 0.8769151568412781, 0.8591589331626892, 0.8542594909667969, 0.8527870178222656, 0.8248594403266907, 0.8317258954048157, 0.850352942943573, 0.8384177684783936, 0.8448885083198547, 0.8288376331329346], "val_acurracy": [0.15656250715255737, 0.19437499344348907, 0.2384375035762787, 0.2643750011920929, 0.31156250834465027, 0.33000001311302185, 0.35499998927116394, 0.39656248688697815, 0.4190624952316284, 0.41968750953674316, 0.4740625023841858, 0.5206249952316284, 0.5406249761581421, 0.5440624952316284, 0.6081249713897705, 0.625, 0.6509374976158142, 0.6462500095367432, 0.6434375047683716, 0.6571875214576721, 0.6584374904632568, 0.6499999761581421, 0.6743749976158142, 0.6803125143051147, 0.6915624737739563, 0.6787499785423279, 0.6965625286102295, 0.6878125071525574, 0.7021874785423279, 0.7128124833106995, 0.7071874737739563, 0.7128124833106995, 0.71875, 0.7228124737739563, 0.714062511920929, 0.7231249809265137, 0.7284374833106995, 0.7350000143051147, 0.7287499904632568, 0.7303125262260437, 0.737500011920929, 0.7381250262260437, 0.7387499809265137, 0.7387499809265137, 0.7412499785423279, 0.7340624928474426, 0.7371875047683716, 0.7421875, 0.7462499737739563]}