{"loss": [0.17140859365463257, 0.07784974575042725, 0.03597710281610489, 0.06642626971006393, 0.0324801430106163, 0.004958794917911291, 0.002783010248094797, 0.01698402315378189, 0.0740848183631897, 0.0951274111866951, 0.08907708525657654, 0.06417565792798996, 0.032373569905757904, 0.12289056181907654, 0.027142873033881187, 0.10749241709709167, 0.07234255224466324, 0.009029654785990715], "acurracy": [0.9674999713897705, 0.9918749928474426, 0.996874988079071, 0.9921875, 0.9965624809265137, 1.0, 1.0, 0.9981250166893005, 0.9915624856948853, 0.9881250262260437, 0.9868749976158142, 0.9906250238418579, 0.9962499737739563, 0.9821875095367432, 0.995312511920929, 0.9834374785423279, 0.989062488079071, 1.0], "val_loss": [1.0538020133972168, 1.0122970342636108, 1.014655590057373, 1.0048837661743164, 1.0051723718643188, 1.0126214027404785, 1.020184874534607, 1.0131720304489136, 1.0016955137252808, 0.9719880819320679, 0.9204160571098328, 0.9152418375015259, 0.8878710865974426, 0.9105069637298584, 0.902331531047821, 0.914447546005249, 0.9347562193870544, 0.9327228665351868], "val_acurracy": [0.5881249904632568, 0.5884374976158142, 0.5887500047683716, 0.6056249737739563, 0.6156250238418579, 0.6434375047683716, 0.6650000214576721, 0.6899999976158142, 0.7243750095367432, 0.7821875214576721, 0.8346874713897705, 0.8456249833106995, 0.8450000286102295, 0.8068749904632568, 0.7946875095367432, 0.7418749928474426, 0.7271875143051147, 0.721875011920929]}