{"loss": [0.5038722157478333, 0.14374849200248718, 0.059840861707925797, 0.11868990957736969, 0.049634624272584915, 0.05322696268558502, 0.008253432810306549, 0.1261804699897766, 0.022756149992346764, 0.06356986612081528, 0.07770934700965881, 0.03294285386800766, 0.04561290889978409, 0.005223435815423727, 0.1065901666879654, 0.06560631096363068, 0.02802469953894615, 0.029464825987815857, 0.06852801889181137, 0.02707952819764614, 0.1146199032664299, 0.061730459332466125, 0.04107987880706787, 0.04170675203204155, 0.05386500433087349, 0.020362520590424538, 0.032021235674619675, 0.028516827151179314, 0.03569987416267395, 0.003850746201351285, 0.03386121615767479, 0.02616170234978199, 0.0026074890047311783, 0.055594850331544876, 0.07190655171871185, 0.029004225507378578, 0.013228995725512505, 0.027687126770615578, 0.036263883113861084, 0.0039465902373194695, 0.05850851163268089, 0.004525958094745874, 0.06805805116891861], "acurracy": [0.8384374976158142, 0.9800000190734863, 0.9946874976158142, 0.9834374785423279, 0.995312511920929, 0.9940624833106995, 1.0, 0.9850000143051147, 0.9981250166893005, 0.9915624856948853, 0.9896875023841858, 0.9962499737739563, 0.9950000047683716, 1.0, 0.9871875047683716, 0.9918749928474426, 0.9965624809265137, 0.9965624809265137, 0.9906250238418579, 0.996874988079071, 0.9821875095367432, 0.9912499785423279, 0.9943749904632568, 0.9950000047683716, 0.9921875, 0.9975000023841858, 0.9956250190734863, 0.9962499737739563, 0.9943749904632568, 1.0, 0.9959375262260437, 0.996874988079071, 1.0, 0.9915624856948853, 0.9878125190734863, 0.9959375262260437, 0.9984375238418579, 0.9956250190734863, 0.9931250214576721, 1.0, 0.9906250238418579, 1.0, 0.987500011920929], "val_loss": [1.430740237236023, 1.3763409852981567, 1.3666753768920898, 1.2917661666870117, 1.3250973224639893, 1.304511308670044, 1.337071418762207, 1.2680037021636963, 1.1711238622665405, 1.1055989265441895, 1.0121268033981323, 1.030544400215149, 1.01238214969635, 1.0675626993179321, 0.8912772536277771, 0.8363210558891296, 0.8414274454116821, 0.8363264203071594, 0.7687020301818848, 0.7279413342475891, 0.6662018299102783, 0.6549660563468933, 0.6465036273002625, 0.6339595317840576, 0.611031174659729, 0.6139278411865234, 0.5940709114074707, 0.587613582611084, 0.5908000469207764, 0.5902588367462158, 0.6067402362823486, 0.586468517780304, 0.6105985045433044, 0.5636972784996033, 0.5345296859741211, 0.526120662689209, 0.5285465717315674, 0.5227675437927246, 0.530799150466919, 0.5299534201622009, 0.5341106653213501, 0.5372759103775024, 0.5368853807449341], "val_acurracy": [0.4424999952316284, 0.49000000953674316, 0.5325000286102295, 0.5450000166893005, 0.5609375238418579, 0.5653125047683716, 0.5706250071525574, 0.5740625262260437, 0.5771874785423279, 0.5840625166893005, 0.59375, 0.5924999713897705, 0.5962499976158142, 0.5924999713897705, 0.6256250143051147, 0.653124988079071, 0.6462500095367432, 0.6462500095367432, 0.6893749833106995, 0.7262499928474426, 0.8100000023841858, 0.8240625262260437, 0.8228124976158142, 0.8265625238418579, 0.8506249785423279, 0.8387500047683716, 0.8518750071525574, 0.8518750071525574, 0.854687511920929, 0.8518750071525574, 0.8500000238418579, 0.8550000190734863, 0.8440625071525574, 0.8531249761581421, 0.8543750047683716, 0.8581249713897705, 0.8615624904632568, 0.8609374761581421, 0.8534374833106995, 0.8568750023841858, 0.8518750071525574, 0.8543750047683716, 0.8493750095367432]}