{"loss": [0.2491743415594101, 0.01679067872464657, 0.07196493446826935, 0.082039974629879, 0.06822334975004196, 0.006758140865713358, 0.033073268830776215, 0.003950139973312616, 0.0028530294075608253, 0.0017692036926746368, 0.057466648519039154, 0.06924080848693848, 0.005792882293462753, 0.07143881916999817, 0.042297717183828354, 0.02797701768577099, 0.06216108798980713, 0.053315091878175735, 0.00618419423699379, 0.07370404899120331, 0.07172735035419464, 0.006467621773481369, 0.024807676672935486, 0.014887716621160507, 0.037583354860544205, 0.02318441867828369, 0.04038015007972717, 0.0037385346367955208, 0.0019002787303179502, 0.02243320643901825, 0.02171865664422512, 0.02175857499241829, 0.029727209359407425, 0.02128717117011547, 0.017878398299217224, 0.0017162038711830974], "acurracy": [0.9331250190734863, 0.9996874928474426, 0.9915624856948853, 0.9900000095367432, 0.9921875, 1.0, 0.9962499737739563, 1.0, 1.0, 1.0, 0.9928125143051147, 0.9909374713897705, 1.0, 0.9900000095367432, 0.9940624833106995, 0.9962499737739563, 0.9893749952316284, 0.9912499785423279, 0.9996874928474426, 0.9865624904632568, 0.9856250286102295, 1.0, 0.9962499737739563, 0.996874988079071, 0.9928125143051147, 0.996874988079071, 0.9918749928474426, 1.0, 1.0, 0.9962499737739563, 0.995312511920929, 0.9959375262260437, 0.9931250214576721, 0.995312511920929, 0.9956250190734863, 1.0], "val_loss": [1.8766436576843262, 1.9974838495254517, 1.7402867078781128, 1.3863232135772705, 1.2696969509124756, 1.24628746509552, 1.2168315649032593, 1.155725121498108, 1.2109473943710327, 1.229508638381958, 1.0331302881240845, 0.7931336760520935, 0.8705562353134155, 0.6945343017578125, 0.6491753458976746, 0.627821683883667, 0.5734657049179077, 0.5352957248687744, 0.5630452632904053, 0.5343816876411438, 0.5303763747215271, 0.5577394962310791, 0.5316142439842224, 0.5287363529205322, 0.5148541331291199, 0.521553635597229, 0.5201173424720764, 0.5284207463264465, 0.521803081035614, 0.512207567691803, 0.5021767020225525, 0.5138112306594849, 0.5140116214752197, 0.5493764281272888, 0.5295502543449402, 0.5424278974533081], "val_acurracy": [0.33375000953674316, 0.3828125, 0.42781248688697815, 0.48781248927116394, 0.5140625238418579, 0.5353124737739563, 0.5387499928474426, 0.5512499809265137, 0.5456249713897705, 0.5546875, 0.5893750190734863, 0.7143750190734863, 0.6518750190734863, 0.7887499928474426, 0.8106250166893005, 0.8162500262260437, 0.8500000238418579, 0.8596875071525574, 0.8456249833106995, 0.8500000238418579, 0.8306249976158142, 0.8293750286102295, 0.8415625095367432, 0.8381249904632568, 0.8343750238418579, 0.8356249928474426, 0.8268749713897705, 0.8265625238418579, 0.8321874737739563, 0.8309375047683716, 0.8309375047683716, 0.824999988079071, 0.8228124976158142, 0.8187500238418579, 0.8206250071525574, 0.8178125023841858]}