{"loss": [0.8116029500961304, 0.08874108642339706, 0.02511998638510704, 0.013802355155348778, 0.08029741048812866, 0.03432975709438324, 0.12775053083896637, 0.03084564208984375, 0.08710803836584091, 0.009976179338991642, 0.09885150194168091, 0.11151590943336487, 0.034842588007450104, 0.0317508764564991, 0.06464626640081406, 0.04024595767259598, 0.00604210002347827, 0.028832271695137024, 0.08870941400527954, 0.04315297678112984, 0.08245488256216049, 0.10521490126848221, 0.04751284420490265], "acurracy": [0.7246875166893005, 0.9912499785423279, 0.9996874928474426, 0.9996874928474426, 0.9900000095367432, 0.9965624809265137, 0.9834374785423279, 0.9971874952316284, 0.9884374737739563, 1.0, 0.987500011920929, 0.9834374785423279, 0.9962499737739563, 0.9965624809265137, 0.9906250238418579, 0.995312511920929, 1.0, 0.9965624809265137, 0.9884374737739563, 0.9940624833106995, 0.9878125190734863, 0.9828125238418579, 0.9934375286102295], "val_loss": [1.6997441053390503, 1.7010880708694458, 1.7344231605529785, 1.7653443813323975, 1.7039271593093872, 1.688941240310669, 1.5487606525421143, 1.5153738260269165, 1.4317551851272583, 1.4213865995407104, 1.3543323278427124, 1.33009672164917, 1.285122275352478, 1.2684043645858765, 1.2886695861816406, 1.2768094539642334, 1.272110104560852, 1.2467875480651855, 1.3077110052108765, 1.2769207954406738, 1.2895753383636475, 1.2612743377685547, 1.249605655670166], "val_acurracy": [0.21531249582767487, 0.28687500953674316, 0.3296875059604645, 0.35249999165534973, 0.35499998927116394, 0.3581250011920929, 0.35343751311302185, 0.37593749165534973, 0.36031249165534973, 0.39500001072883606, 0.3893750011920929, 0.3609375059604645, 0.3996874988079071, 0.41593751311302185, 0.38624998927116394, 0.39156249165534973, 0.38968750834465027, 0.40406250953674316, 0.36000001430511475, 0.3725000023841858, 0.37062498927116394, 0.4099999964237213, 0.41499999165534973]}