{"loss": [0.44542571902275085, 0.07868729531764984, 0.11959277093410492, 0.118089459836483, 0.010855620726943016, 0.03366070240736008, 0.03153320029377937, 0.053612738847732544, 0.032592691481113434], "acurracy": [0.8646875023841858, 0.9915624856948853, 0.9850000143051147, 0.984375, 0.9996874928474426, 0.996874988079071, 0.996874988079071, 0.9937499761581421, 0.9962499737739563], "val_loss": [1.2391077280044556, 1.2691333293914795, 1.2392354011535645, 1.2006350755691528, 1.2837071418762207, 1.2965165376663208, 1.3222246170043945, 1.261155605316162, 1.2783918380737305], "val_acurracy": [0.546875, 0.5471875071525574, 0.5625, 0.5756250023841858, 0.5724999904632568, 0.5709375143051147, 0.574999988079071, 0.5874999761581421, 0.5865625143051147]}