{"loss": [0.3467235267162323, 0.07909425348043442, 0.05669369548559189, 0.04300495609641075, 0.008239713497459888, 0.06837069243192673, 0.07171831279993057, 0.05508364364504814, 0.04227917268872261, 0.0053657228127121925, 0.041429176926612854, 0.004517919383943081, 0.0267235916107893, 0.07254737615585327, 0.04090564697980881, 0.04705778509378433, 0.007614222355186939, 0.0027027952019125223, 0.0020924145355820656], "acurracy": [0.9053124785423279, 0.9906250238418579, 0.9928125143051147, 0.9950000047683716, 1.0, 0.9912499785423279, 0.989062488079071, 0.9909374713897705, 0.9928125143051147, 1.0, 0.9937499761581421, 0.9996874928474426, 0.9962499737739563, 0.987500011920929, 0.9925000071525574, 0.9893749952316284, 0.9996874928474426, 1.0, 1.0], "val_loss": [1.223108172416687, 1.1499042510986328, 1.047134280204773, 1.0016592741012573, 1.012279987335205, 0.8250130414962769, 0.7150636315345764, 0.6836147308349609, 0.6360614895820618, 0.6612502932548523, 0.6353281736373901, 0.6661181449890137, 0.6420827507972717, 0.5684248208999634, 0.5723132491111755, 0.5941290855407715, 0.6004297137260437, 0.6158568263053894, 0.6073768138885498], "val_acurracy": [0.5774999856948853, 0.5753124952316284, 0.5849999785423279, 0.5853124856948853, 0.5903124809265137, 0.6209375262260437, 0.7803124785423279, 0.8293750286102295, 0.8490625023841858, 0.8446875214576721, 0.854687511920929, 0.8503124713897705, 0.8534374833106995, 0.8659374713897705, 0.8600000143051147, 0.8568750023841858, 0.8590624928474426, 0.8621875047683716, 0.8643749952316284]}