{"loss": [0.47499197721481323, 0.08087699115276337, 0.0956060141324997, 0.06430380791425705, 0.03729964420199394, 0.007215829566121101, 0.05321311578154564, 0.03819289058446884, 0.06101810932159424, 0.02614598721265793, 0.0046454425901174545, 0.022715235128998756, 0.003652768675237894, 0.025405026972293854, 0.03340838849544525, 0.003052158048376441, 0.04748404026031494, 0.052720796316862106, 0.020066779106855392, 0.0035893002059310675, 0.0023222158197313547, 0.04003068059682846, 0.018108518794178963, 0.013813712634146214, 0.002763080643489957, 0.04798906669020653, 0.021123768761754036, 0.025187335908412933, 0.018646622076630592, 0.018191680312156677], "acurracy": [0.8440625071525574, 0.9909374713897705, 0.9893749952316284, 0.9921875, 0.9959375262260437, 1.0, 0.9934375286102295, 0.9956250190734863, 0.9909374713897705, 0.9965624809265137, 1.0, 0.9971874952316284, 1.0, 0.996874988079071, 0.9956250190734863, 1.0, 0.9921875, 0.9893749952316284, 0.9971874952316284, 1.0, 1.0, 0.9931250214576721, 0.9965624809265137, 0.9975000023841858, 1.0, 0.9903125166893005, 0.9962499737739563, 0.9937499761581421, 0.9959375262260437, 0.9959375262260437], "val_loss": [1.2321743965148926, 1.106650948524475, 0.961763322353363, 0.8754294514656067, 0.8185365796089172, 0.830443263053894, 0.7391736507415771, 0.742045521736145, 0.6550089120864868, 0.6238085031509399, 0.6214433908462524, 0.604887068271637, 0.595464825630188, 0.5652633905410767, 0.550070583820343, 0.5472099781036377, 0.5295380353927612, 0.5572484731674194, 0.5354849100112915, 0.5191660523414612, 0.5071502923965454, 0.516303300857544, 0.5304921865463257, 0.5105562210083008, 0.49108871817588806, 0.5307677984237671, 0.4962615668773651, 0.49563246965408325, 0.5229946374893188, 0.5090731382369995], "val_acurracy": [0.528124988079071, 0.5637500286102295, 0.6209375262260437, 0.6603124737739563, 0.6856250166893005, 0.6556249856948853, 0.7440624833106995, 0.7384374737739563, 0.8131250143051147, 0.8265625238418579, 0.8218749761581421, 0.8268749713897705, 0.8353124856948853, 0.8487499952316284, 0.854687511920929, 0.8559374809265137, 0.8528125286102295, 0.8399999737739563, 0.8409374952316284, 0.848437488079071, 0.8553125262260437, 0.8465625047683716, 0.8450000286102295, 0.8490625023841858, 0.8550000190734863, 0.8500000238418579, 0.8559374809265137, 0.8543750047683716, 0.8509374856948853, 0.8575000166893005]}