{"loss": [0.29347237944602966, 0.05075773224234581, 0.0403624027967453, 0.03963842988014221, 0.03330634906888008, 0.03658496215939522], "acurracy": [0.9140625, 0.9956250190734863, 0.9962499737739563, 0.9965624809265137, 0.9965624809265137, 0.9962499737739563], "val_loss": [1.1884022951126099, 1.2826937437057495, 1.381298542022705, 1.4567791223526, 1.476496696472168, 1.4923105239868164], "val_acurracy": [0.5709375143051147, 0.5784375071525574, 0.573437511920929, 0.573437511920929, 0.5746874809265137, 0.5740625262260437]}