{"loss": [0.4021114706993103, 0.05287907272577286, 0.05315011367201805, 0.022903159260749817, 0.10206631571054459, 0.06188204884529114, 0.08147361874580383, 0.10527525842189789, 0.040181636810302734, 0.0446135438978672, 0.05401146039366722, 0.042413268238306046, 0.0400371178984642, 0.03127828985452652, 0.017091378569602966, 0.041263192892074585, 0.0027916685212403536], "accuracy": [0.951171875, 0.9909374713897705, 0.9853906035423279, 0.9950781464576721, 0.9668750166893005, 0.9802343845367432, 0.9720312356948853, 0.9618750214576721, 0.9878906011581421, 0.9864843487739563, 0.9815624952316284, 0.986328125, 0.9872656464576721, 0.9892968535423279, 0.9948437213897705, 0.9865624904632568, 1.0], "val_loss": [0.6242364645004272, 0.6088646054267883, 0.6144618391990662, 0.6183587908744812, 0.629452109336853, 0.6362503170967102, 0.6490235328674316, 0.664877712726593, 0.6693877577781677, 0.6764772534370422, 0.6889970898628235, 0.6995657086372375, 0.7071037888526917, 0.7147892713546753, 0.7192820906639099, 0.719134509563446, 0.7250109910964966], "val_accuracy": [0.8217187523841858, 0.8217187523841858, 0.8218749761581421, 0.8223437666893005, 0.8253124952316284, 0.8285156488418579, 0.8317187428474426, 0.8417187333106995, 0.8430469036102295, 0.844531238079071, 0.8504687547683716, 0.8528906106948853, 0.8498437404632568, 0.8471093773841858, 0.84765625, 0.1979687511920929, 0.20070312917232513]}