{"loss": [0.6104440093040466, 0.19651249051094055, 0.06557327508926392, 0.0097121587023139, 0.06967011094093323, 0.1359969824552536, 0.08191273361444473, 0.04437634348869324, 0.056971460580825806, 0.06848802417516708, 0.006010973826050758, 0.01613645628094673, 0.04171425476670265, 0.0250612273812294, 0.061666592955589294, 0.02472190372645855], "accuracy": [0.9690625071525574, 0.9964843988418579, 0.991406261920929, 1.0, 0.9893749952316284, 0.967968761920929, 0.9758594036102295, 0.9901562333106995, 0.9826562404632568, 0.9776562452316284, 1.0, 0.9952343702316284, 0.9860937595367432, 0.9921093583106995, 0.979687511920929, 0.9914844036102295], "val_loss": [0.6653078198432922, 1.1697797775268555, 1.288955569267273, 1.4694844484329224, 1.2811487913131714, 1.0395759344100952, 0.9760106801986694, 0.9679501056671143, 0.9367653727531433, 0.8659393191337585, 0.9174331426620483, 0.9362403154373169, 0.8771239519119263, 0.885792076587677, 0.7937919497489929, 0.7528496384620667], "val_accuracy": [0.8217187523841858, 0.8217187523841858, 0.8217187523841858, 0.8217187523841858, 0.8217187523841858, 0.8217187523841858, 0.8213281035423279, 0.8214062452316284, 0.8199999928474426, 0.8221874833106995, 0.821484386920929, 0.8216406106948853, 0.8199218511581421, 0.8190624713897705, 0.8160156011581421, 0.82421875]}