{"loss": [0.2735397219657898, 0.04089939594268799, 0.02029808610677719, 0.04689430817961693, 0.00993628054857254, 0.0012455019168555737, 0.026866240426898003, 0.01744946278631687, 0.025284696370363235, 0.015556774102151394, 0.015544834546744823, 0.034262899309396744, 0.027934029698371887, 0.014024581760168076, 0.0411139614880085, 0.0262022502720356], "accuracy": [0.9849218726158142, 0.9858593940734863, 0.9914844036102295, 0.9762499928474426, 0.9960156083106995, 1.0, 0.9856250286102295, 0.991015613079071, 0.9861719012260437, 0.9919531345367432, 0.9907812476158142, 0.9801562428474426, 0.9832812547683716, 0.9923437237739563, 0.9747655987739563, 0.9864062666893005], "val_loss": [0.6874493956565857, 0.7065659165382385, 0.7174022793769836, 0.707856297492981, 0.7167500853538513, 0.725942850112915, 0.7209755182266235, 0.7175206542015076, 0.7095291018486023, 0.7137889862060547, 0.7178282737731934, 0.7186428308486938, 0.719245195388794, 0.7224078178405762, 0.7220601439476013, 0.7224307060241699], "val_accuracy": [0.8198437690734863, 0.8221874833106995, 0.8231250047683716, 0.8233593702316284, 0.8221094012260437, 0.8221094012260437, 0.8231250047683716, 0.825390636920929, 0.8259375095367432, 0.8264062404632568, 0.8266406059265137, 0.8276562690734863, 0.8296874761581421, 0.8305468559265137, 0.8295312523841858, 0.8317968845367432]}