{"loss": [0.5826177000999451, 0.20287883281707764, 0.1008353978395462, 0.0658789798617363, 0.03661066293716431, 0.0323057547211647, 0.0927376002073288, 0.049628619104623795, 0.032187532633543015, 0.045539069920778275, 0.03887864947319031, 0.021181786432862282, 0.005506737623363733, 0.05851486697793007, 0.06818858534097672, 0.0863666832447052], "accuracy": [0.7559375166893005, 0.9831249713897705, 0.9720312356948853, 0.9814843535423279, 0.9903905987739563, 0.9908593893051147, 0.962890625, 0.9814843535423279, 0.9905468821525574, 0.9818750023841858, 0.9856250286102295, 0.9928905963897705, 1.0, 0.9765625, 0.9742187261581421, 0.9616405963897705], "val_loss": [0.66028892993927, 0.6926988363265991, 0.7437348961830139, 0.7804369926452637, 0.817218542098999, 0.8419898152351379, 0.8360694646835327, 0.8441685438156128, 0.8597415089607239, 0.8701636791229248, 0.8680006265640259, 0.8916165232658386, 0.9165730476379395, 0.8922129273414612, 0.8579877614974976, 0.8262988328933716], "val_accuracy": [0.8200781345367432, 0.8211718797683716, 0.8217187523841858, 0.8217187523841858, 0.8217187523841858, 0.8217187523841858, 0.8217187523841858, 0.8217187523841858, 0.8217187523841858, 0.8217187523841858, 0.8217187523841858, 0.8217187523841858, 0.8217187523841858, 0.8217187523841858, 0.8217187523841858, 0.8217187523841858]}