{"loss": [0.3626936972141266, 0.06976309418678284, 0.09809272736310959, 0.07723713666200638, 0.03223460167646408, 0.017861977219581604, 0.026502002030611038, 0.06611192971467972, 0.057483457028865814, 0.05095229670405388, 0.028066951781511307, 0.040353965014219284, 0.04800593480467796, 0.08315669000148773, 0.06517177820205688, 0.04282789304852486, 0.037155285477638245], "accuracy": [0.9668750166893005, 0.9817968606948853, 0.9652343988418579, 0.97265625, 0.991015613079071, 0.995312511920929, 0.9914844036102295, 0.9778125286102295, 0.9795312285423279, 0.9818750023841858, 0.991015613079071, 0.9858593940734863, 0.9817187786102295, 0.9662500023841858, 0.9728906154632568, 0.9829687476158142, 0.9866406321525574], "val_loss": [0.6276842951774597, 0.6217525005340576, 0.6329643130302429, 0.6411616802215576, 0.6475595235824585, 0.6509922742843628, 0.6563875079154968, 0.662951648235321, 0.6743707060813904, 0.6861022710800171, 0.69245445728302, 0.7013154625892639, 0.7136080861091614, 0.7167004942893982, 0.7211973071098328, 0.7239363193511963, 0.7235707640647888], "val_accuracy": [0.8217187523841858, 0.8217187523841858, 0.8217187523841858, 0.8217187523841858, 0.8217187523841858, 0.8217187523841858, 0.8217187523841858, 0.8217187523841858, 0.8217187523841858, 0.8218749761581421, 0.8210155963897705, 0.819140613079071, 0.8307031393051147, 0.833203136920929, 0.8391406536102295, 0.19148437678813934, 0.19328124821186066]}