{"loss": [0.36839112639427185, 0.08830848336219788, 0.03885143622756004, 0.02213466726243496, 0.03778701648116112, 0.05455293133854866, 0.034885771572589874, 0.009554514661431313, 0.0242813378572464, 0.015224678441882133, 0.023516688495874405, 0.008503965102136135, 0.02733445353806019, 0.021828705444931984, 0.014129841700196266, 0.03690426051616669], "accuracy": [0.9553906321525574, 0.9694530963897705, 0.9835156202316284, 0.9910937547683716, 0.9814062714576721, 0.9735156297683716, 0.9828906059265137, 0.9953906536102295, 0.9871875047683716, 0.9919531345367432, 0.9862499833106995, 0.9957031011581421, 0.985546886920929, 0.9874218702316284, 0.9926562309265137, 0.9798437356948853], "val_loss": [0.6888692378997803, 0.7039799690246582, 0.716173529624939, 0.7233733534812927, 0.7138327956199646, 0.7046555280685425, 0.704001784324646, 0.7110555768013, 0.7089698314666748, 0.7129342555999756, 0.7131876349449158, 0.7166979312896729, 0.7144786715507507, 0.7134919166564941, 0.7172764539718628, 0.7156869769096375], "val_accuracy": [0.8217187523841858, 0.8217187523841858, 0.8211718797683716, 0.8215625286102295, 0.826953113079071, 0.826953113079071, 0.8257031440734863, 0.8235937356948853, 0.8203125, 0.8153125047683716, 0.8157812356948853, 0.8171093463897705, 0.8217968940734863, 0.826953113079071, 0.8274219036102295, 0.8366405963897705]}