{"loss": [0.5792292952537537, 0.18227925896644592, 0.07262885570526123, 0.04006195440888405, 0.04418730363249779, 0.08511750400066376, 0.02226291224360466, 0.06539598852396011, 0.042297620326280594, 0.046952858567237854, 0.012217707931995392, 0.017186740413308144, 0.03128586336970329, 0.016717810183763504, 0.05484277755022049, 0.03209575265645981, 0.02338196523487568, 0.01484508067369461, 0.052395518869161606, 0.028476160019636154, 0.015720397233963013, 0.03552985563874245, 0.016699600964784622, 0.054404787719249725, 0.007831976749002934, 0.013055961579084396, 0.020692162215709686, 0.019924966618418694, 0.025683624669909477, 0.021220307797193527, 0.0006207498372532427, 0.007048277650028467, 0.03070286475121975, 0.025805197656154633, 0.027036502957344055, 0.03595276176929474, 0.00707075884565711, 0.013994569890201092, 0.026614179834723473, 0.011151428334414959, 0.017811015248298645, 0.03333664312958717, 0.023959746584296227, 0.017902899533510208, 0.03221194073557854, 0.010170233435928822, 0.011248883791267872, 0.0002277338644489646, 0.028049858286976814], "accuracy": [0.9557812213897705, 0.975781261920929, 0.9817187786102295, 0.9870312213897705, 0.9852343797683716, 0.9647656083106995, 0.9918749928474426, 0.9710937738418579, 0.9818750023841858, 0.9796093702316284, 0.996874988079071, 0.9925781488418579, 0.9854687452316284, 0.9925781488418579, 0.978515625, 0.9859374761581421, 0.9899218678474426, 0.9928905963897705, 0.9758594036102295, 0.9869531393051147, 0.9932031035423279, 0.984375, 0.9925781488418579, 0.9748437404632568, 0.9967968463897705, 0.9944531321525574, 0.9904687404632568, 0.9910937547683716, 0.9867187738418579, 0.9896875023841858, 1.0, 0.9967968463897705, 0.9858593940734863, 0.9879687428474426, 0.9882031083106995, 0.9845312237739563, 0.9971093535423279, 0.9943749904632568, 0.9882031083106995, 0.9944531321525574, 0.9919531345367432, 0.9849218726158142, 0.9898437261581421, 0.9921093583106995, 0.9846093654632568, 0.9953906536102295, 0.9951562285423279, 1.0, 0.9876562356948853], "val_loss": [0.6715147495269775, 0.8352563381195068, 0.8667479753494263, 0.8814705610275269, 0.8650997877120972, 0.7920368909835815, 0.8185451030731201, 0.7681187391281128, 0.7477056980133057, 0.7314837574958801, 0.7353222370147705, 0.7428097724914551, 0.7354610562324524, 0.7378271222114563, 0.6693746447563171, 0.6725004315376282, 0.675015926361084, 0.6824449300765991, 0.654628574848175, 0.6500124335289001, 0.6619220972061157, 0.6534771919250488, 0.6626708507537842, 0.6354299783706665, 0.6546205878257751, 0.6673429012298584, 0.654448926448822, 0.6573930978775024, 0.6479552984237671, 0.6419748067855835, 0.6617067456245422, 0.6729958057403564, 0.6394464373588562, 0.6316744089126587, 0.6327623128890991, 0.6380388140678406, 0.654655396938324, 0.6598255634307861, 0.6491855382919312, 0.6613865494728088, 0.6636748313903809, 0.652864933013916, 0.6621641516685486, 0.6635191440582275, 0.6651467084884644, 0.685793936252594, 0.6987385749816895, 0.7128902673721313, 0.692096471786499], "val_accuracy": [0.8211718797683716, 0.8215625286102295, 0.8217187523841858, 0.8217187523841858, 0.8217187523841858, 0.826953113079071, 0.8306249976158142, 0.8357812762260437, 0.8271093964576721, 0.8255468606948853, 0.8244531154632568, 0.8258593678474426, 0.8282031416893005, 0.8256250023841858, 0.8215625286102295, 0.8169531226158142, 0.8196094036102295, 0.826953113079071, 0.8297656178474426, 0.830078125, 0.8305468559265137, 0.823437511920929, 0.823437511920929, 0.8235937356948853, 0.8216406106948853, 0.8221094012260437, 0.8257031440734863, 0.8247656226158142, 0.8224999904632568, 0.8239062428474426, 0.8242968916893005, 0.82421875, 0.8250781297683716, 0.826171875, 0.8297656178474426, 0.830078125, 0.8307812213897705, 0.8314843773841858, 0.8298437595367432, 0.830078125, 0.8329687714576721, 0.8330468535423279, 0.83203125, 0.8311718702316284, 0.835156261920929, 0.8324999809265137, 0.8294531106948853, 0.8295312523841858, 0.8349999785423279]}