{"loss": [0.42495831847190857, 0.06185242161154747, 0.07648435980081558, 0.04614131152629852, 0.04104549437761307, 0.04401673004031181, 0.040768351405858994, 0.019919542595744133, 0.03630563244223595, 0.03732799366116524, 0.016184702515602112, 0.04000069946050644, 0.016052372753620148, 0.042764972895383835, 0.022197391837835312, 0.027873152866959572], "accuracy": [0.9674999713897705, 0.9899218678474426, 0.9722656011581421, 0.9827343821525574, 0.9835156202316284, 0.9799218773841858, 0.9814843535423279, 0.9921093583106995, 0.9828125238418579, 0.9819531440734863, 0.9931250214576721, 0.9797656536102295, 0.9928125143051147, 0.9770312309265137, 0.9892968535423279, 0.9856250286102295], "val_loss": [0.7034993171691895, 0.7828508019447327, 0.7714702486991882, 0.7767345905303955, 0.7707952857017517, 0.7631518840789795, 0.7576860189437866, 0.7565163373947144, 0.7465461492538452, 0.7370718121528625, 0.745036780834198, 0.72458815574646, 0.7322039604187012, 0.7247591614723206, 0.7242932915687561, 0.7292706370353699], "val_accuracy": [0.8210155963897705, 0.8214062452316284, 0.8217187523841858, 0.8220312595367432, 0.8257812261581421, 0.8248437643051147, 0.827343761920929, 0.8278906345367432, 0.8328906297683716, 0.8384374976158142, 0.8392968773841858, 0.8403906226158142, 0.841015636920929, 0.8473437428474426, 0.8493750095367432, 0.854296863079071]}