{"loss": [0.6346582770347595, 0.3650346100330353, 0.08591124415397644, 0.04397153854370117, 0.07298067212104797, 0.03980070725083351, 0.0331316813826561, 0.05367882549762726, 0.0593995563685894, 0.028234118595719337, 0.04963020980358124, 0.028395969420671463, 0.015706898644566536, 0.06159310042858124, 0.04460085928440094, 0.0409187451004982, 0.011397386901080608], "accuracy": [0.9834374785423279, 0.9865624904632568, 0.9931250214576721, 0.9937499761581421, 0.9834374785423279, 0.9928125143051147, 0.9931250214576721, 0.9887499809265137, 0.9856250286102295, 0.9937499761581421, 0.987500011920929, 0.9943749904632568, 0.9965624809265137, 0.9828125238418579, 0.9887499809265137, 0.9900000095367432, 0.9981250166893005], "val_loss": [0.5686859488487244, 0.3359798491001129, 0.3564063012599945, 0.39440977573394775, 0.38918572664260864, 0.40239185094833374, 0.41820430755615234, 0.4006763696670532, 0.3902783691883087, 0.3973003029823303, 0.3870571553707123, 0.3935801684856415, 0.40620219707489014, 0.3775683641433716, 0.3691672384738922, 0.3610558807849884, 0.3838680386543274], "val_accuracy": [0.9068750143051147, 0.9068750143051147, 0.9068750143051147, 0.9068750143051147, 0.9068750143051147, 0.9068750143051147, 0.9068750143051147, 0.9068750143051147, 0.9068750143051147, 0.9068750143051147, 0.9071875214576721, 0.9071875214576721, 0.90625, 0.9059374928474426, 0.9053124785423279, 0.90625, 0.9049999713897705]}