{"loss": [0.5775991082191467, 0.3684748709201813, 0.17821474373340607, 0.1085725948214531, 0.07425358146429062, 0.036973629146814346, 0.04999811202287674, 0.050414323806762695, 0.047040123492479324, 0.062349725514650345, 0.09893554449081421, 0.09627233445644379, 0.04250161349773407, 0.020008599385619164, 0.03620411083102226, 0.05225116387009621, 0.057244401425123215, 0.07602740079164505, 0.03921286761760712], "accuracy": [0.8899999856948853, 0.9878125190734863, 0.9978125095367432, 0.9884374737739563, 0.9906250238418579, 0.9971874952316284, 0.9931250214576721, 0.9928125143051147, 0.9931250214576721, 0.989062488079071, 0.9828125238418579, 0.9831249713897705, 0.9943749904632568, 0.9984375238418579, 0.9950000047683716, 0.9918749928474426, 0.9906250238418579, 0.9868749976158142, 0.9940624833106995], "val_loss": [0.6143051385879517, 0.4983178675174713, 0.40215250849723816, 0.378536194562912, 0.3878488540649414, 0.41307953000068665, 0.4299311935901642, 0.44139033555984497, 0.4490039050579071, 0.4475209414958954, 0.427765429019928, 0.4222482740879059, 0.4330088496208191, 0.4559788107872009, 0.46507930755615234, 0.4636152982711792, 0.4615004062652588, 0.44522160291671753, 0.4543556272983551], "val_accuracy": [0.9068750143051147, 0.9068750143051147, 0.9068750143051147, 0.9068750143051147, 0.9068750143051147, 0.9068750143051147, 0.9068750143051147, 0.9068750143051147, 0.9068750143051147, 0.9068750143051147, 0.9068750143051147, 0.9068750143051147, 0.9068750143051147, 0.9068750143051147, 0.9068750143051147, 0.9068750143051147, 0.9068750143051147, 0.9068750143051147, 0.9068750143051147]}