{"loss": [0.635109543800354, 0.44447532296180725, 0.2598775029182434, 0.1295216828584671, 0.07560209929943085, 0.05871318280696869, 0.06450974941253662, 0.013917860575020313, 0.04007508233189583, 0.04481051489710808, 0.11562878638505936, 0.04776647686958313, 0.047227200120687485, 0.05634221434593201, 0.024738285690546036, 0.05630210041999817, 0.04517903923988342, 0.007862910628318787, 0.04962378367781639], "accuracy": [0.7950000166893005, 0.9903125166893005, 0.9818750023841858, 0.9896875023841858, 0.9921875, 0.9931250214576721, 0.9896875023841858, 1.0, 0.9943749904632568, 0.9931250214576721, 0.9803125262260437, 0.9931250214576721, 0.9928125143051147, 0.9909374713897705, 0.9975000023841858, 0.9912499785423279, 0.9931250214576721, 1.0, 0.9928125143051147], "val_loss": [0.6267790794372559, 0.5072653293609619, 0.398489773273468, 0.3749755918979645, 0.40747272968292236, 0.43728068470954895, 0.45300358533859253, 0.5008644461631775, 0.512823760509491, 0.5214647054672241, 0.46560072898864746, 0.47700434923171997, 0.49828043580055237, 0.4852437674999237, 0.5094084143638611, 0.5024723410606384, 0.5000577569007874, 0.5357134342193604, 0.5369714498519897], "val_accuracy": [0.9068750143051147, 0.9068750143051147, 0.9068750143051147, 0.9068750143051147, 0.9068750143051147, 0.9068750143051147, 0.9068750143051147, 0.9068750143051147, 0.9068750143051147, 0.9068750143051147, 0.9068750143051147, 0.9068750143051147, 0.9068750143051147, 0.9068750143051147, 0.9068750143051147, 0.9068750143051147, 0.9068750143051147, 0.9068750143051147, 0.9068750143051147]}