{"loss": [0.710785448551178, 0.4832465648651123, 0.2904416024684906, 0.15174508094787598, 0.08638165146112442, 0.09313852339982986, 0.07844532281160355, 0.09282756596803665, 0.07622545957565308, 0.10846038907766342, 0.05166154354810715, 0.04518343135714531, 0.0952194482088089, 0.05603009834885597, 0.07823964953422546, 0.056273069232702255, 0.08547840267419815, 0.03160078823566437, 0.05388190224766731, 0.07754793763160706, 0.03730195015668869], "accuracy": [0.46656250953674316, 0.979687511920929, 0.9743750095367432, 0.9909374713897705, 0.9950000047683716, 0.9887499809265137, 0.9906250238418579, 0.9862499833106995, 0.989062488079071, 0.9818750023841858, 0.9934375286102295, 0.9937499761581421, 0.9834374785423279, 0.9921875, 0.9871875047683716, 0.9915624856948853, 0.9853125214576721, 0.9962499737739563, 0.9918749928474426, 0.9868749976158142, 0.9950000047683716], "val_loss": [0.6555164456367493, 0.5643622279167175, 0.4606492221355438, 0.389034241437912, 0.3583388030529022, 0.3529067635536194, 0.3538788855075836, 0.3561466336250305, 0.3595573902130127, 0.3615524172782898, 0.3661925792694092, 0.3725486993789673, 0.37143179774284363, 0.37433597445487976, 0.37362000346183777, 0.37872549891471863, 0.3767333924770355, 0.38485226035118103, 0.38838568329811096, 0.3855103552341461, 0.3931771218776703], "val_accuracy": [0.90625, 0.9068750143051147, 0.9068750143051147, 0.9068750143051147, 0.9068750143051147, 0.9068750143051147, 0.9068750143051147, 0.9068750143051147, 0.9068750143051147, 0.9068750143051147, 0.9068750143051147, 0.9068750143051147, 0.9068750143051147, 0.9068750143051147, 0.9068750143051147, 0.9068750143051147, 0.9068750143051147, 0.9068750143051147, 0.9068750143051147, 0.9068750143051147, 0.9068750143051147]}