{"loss": [0.5921365022659302, 0.3739602565765381, 0.1660420000553131, 0.09725168347358704, 0.0545489601790905, 0.055876899510622025, 0.04742904752492905, 0.05966240540146828, 0.06848476082086563, 0.04367666319012642, 0.06994253396987915, 0.0681876689195633, 0.030219795182347298, 0.03996557369828224, 0.024051444604992867, 0.04303422570228577, 0.1373710185289383, 0.052132293581962585, 0.0838366225361824], "accuracy": [0.9040625095367432, 0.9921875, 0.9912499785423279, 0.9878125190734863, 0.9934375286102295, 0.9918749928474426, 0.9934375286102295, 0.9906250238418579, 0.9884374737739563, 0.9943749904632568, 0.9878125190734863, 0.9903125166893005, 0.9965624809265137, 0.9943749904632568, 0.9975000023841858, 0.9940624833106995, 0.9753124713897705, 0.9915624856948853, 0.9859374761581421], "val_loss": [0.6196675300598145, 0.493763267993927, 0.3851167559623718, 0.35817569494247437, 0.36032921075820923, 0.3685287833213806, 0.3742799460887909, 0.3738669157028198, 0.37598341703414917, 0.3785746097564697, 0.3776088058948517, 0.37257885932922363, 0.3835218548774719, 0.3908379077911377, 0.39722615480422974, 0.4023384153842926, 0.36456477642059326, 0.3684436082839966, 0.36650440096855164], "val_accuracy": [0.9068750143051147, 0.9068750143051147, 0.9068750143051147, 0.9068750143051147, 0.9068750143051147, 0.9068750143051147, 0.9068750143051147, 0.9068750143051147, 0.9068750143051147, 0.9068750143051147, 0.9068750143051147, 0.9068750143051147, 0.9068750143051147, 0.9068750143051147, 0.9068750143051147, 0.9068750143051147, 0.9068750143051147, 0.9068750143051147, 0.9068750143051147]}