{"loss": [0.5939196944236755, 0.33617451786994934, 0.14431890845298767, 0.06050087884068489, 0.047233328223228455, 0.07184214144945145, 0.05719893425703049, 0.06564240157604218, 0.048257600516080856, 0.0340505875647068, 0.09099316596984863, 0.03355477750301361, 0.017888080328702927, 0.02200378105044365, 0.04399378225207329, 0.0635325014591217, 0.0745546892285347, 0.03397250175476074, 0.037027668207883835], "accuracy": [0.870312511920929, 0.9896875023841858, 0.987500011920929, 0.9965624809265137, 0.9943749904632568, 0.9896875023841858, 0.9915624856948853, 0.9896875023841858, 0.9928125143051147, 0.995312511920929, 0.9837499856948853, 0.9950000047683716, 0.9984375238418579, 0.9975000023841858, 0.9931250214576721, 0.9900000095367432, 0.9871875047683716, 0.995312511920929, 0.9940624833106995], "val_loss": [0.6129809021949768, 0.4704935550689697, 0.38292938470840454, 0.36478134989738464, 0.36843517422676086, 0.3693174421787262, 0.3721023499965668, 0.3739489018917084, 0.37852686643600464, 0.38216131925582886, 0.37607842683792114, 0.3798958659172058, 0.39146384596824646, 0.40249839425086975, 0.40061813592910767, 0.39124035835266113, 0.38110074400901794, 0.3890882730484009, 0.39151453971862793], "val_accuracy": [0.9068750143051147, 0.9068750143051147, 0.9068750143051147, 0.9068750143051147, 0.9068750143051147, 0.9068750143051147, 0.9068750143051147, 0.9068750143051147, 0.9068750143051147, 0.9068750143051147, 0.9068750143051147, 0.9068750143051147, 0.9068750143051147, 0.9068750143051147, 0.9068750143051147, 0.9068750143051147, 0.9068750143051147, 0.9068750143051147, 0.9068750143051147]}