{"loss": [0.5347118377685547, 0.25319260358810425, 0.08259003609418869, 0.1067647859454155, 0.10708148032426834, 0.039454385638237, 0.07619322091341019, 0.06391241401433945, 0.07177308201789856, 0.08138907700777054, 0.028418269008398056, 0.11530911177396774, 0.07055354118347168, 0.07142344117164612, 0.06971748173236847, 0.062007270753383636, 0.07266450673341751, 0.012491957284510136, 0.09738408774137497, 0.022376835346221924, 0.030648434534668922, 0.051140498369932175, 0.008587440475821495], "accuracy": [0.9403125047683716, 0.9865624904632568, 1.0, 0.9837499856948853, 0.9837499856948853, 0.9975000023841858, 0.9893749952316284, 0.9912499785423279, 0.9896875023841858, 0.9868749976158142, 0.9971874952316284, 0.981249988079071, 0.9881250262260437, 0.9881250262260437, 0.9893749952316284, 0.9896875023841858, 0.9871875047683716, 1.0, 0.9821875095367432, 0.9981250166893005, 0.9965624809265137, 0.9928125143051147, 1.0], "val_loss": [0.6032836437225342, 0.47868072986602783, 0.4022383391857147, 0.39004307985305786, 0.3825136125087738, 0.37567564845085144, 0.3744960129261017, 0.374294251203537, 0.37534600496292114, 0.37615787982940674, 0.38012734055519104, 0.3779253661632538, 0.37858521938323975, 0.37985023856163025, 0.3808436691761017, 0.38303160667419434, 0.38316449522972107, 0.3924614191055298, 0.3859577476978302, 0.392212450504303, 0.39963066577911377, 0.39832615852355957, 0.41196808218955994], "val_accuracy": [0.9068750143051147, 0.9068750143051147, 0.9068750143051147, 0.9068750143051147, 0.9068750143051147, 0.9068750143051147, 0.9068750143051147, 0.9068750143051147, 0.9068750143051147, 0.9068750143051147, 0.9068750143051147, 0.9068750143051147, 0.9068750143051147, 0.9068750143051147, 0.9068750143051147, 0.9068750143051147, 0.9068750143051147, 0.9068750143051147, 0.9068750143051147, 0.9068750143051147, 0.9068750143051147, 0.9068750143051147, 0.9068750143051147]}