{"loss": [0.6536276936531067, 0.42012324929237366, 0.12419183552265167, 0.0324203185737133, 0.09096124768257141, 0.050012197345495224, 0.008566497825086117, 0.04333920404314995, 0.05503997951745987, 0.03693169727921486, 0.06184949353337288, 0.06356554478406906, 0.05123212933540344, 0.024336738511919975, 0.045423489063978195, 0.07778195291757584, 0.03282678499817848, 0.020251527428627014], "accuracy": [0.9243749976158142, 0.9981250166893005, 0.9878125190734863, 0.9975000023841858, 0.9809374809265137, 0.9903125166893005, 1.0, 0.9909374713897705, 0.9912499785423279, 0.9925000071525574, 0.9884374737739563, 0.9850000143051147, 0.9865624904632568, 0.9937499761581421, 0.9881250262260437, 0.9787499904632568, 0.9909374713897705, 0.9950000047683716], "val_loss": [0.6060093641281128, 0.36921408772468567, 0.33947986364364624, 0.3853057622909546, 0.3783959448337555, 0.3830181360244751, 0.4143814742565155, 0.41022205352783203, 0.392404705286026, 0.39607590436935425, 0.373020201921463, 0.3603454828262329, 0.3596390187740326, 0.3745797872543335, 0.3652569055557251, 0.3496403098106384, 0.3416210114955902, 0.3553038537502289], "val_accuracy": [0.9068750143051147, 0.9071875214576721, 0.9078124761581421, 0.9078124761581421, 0.9071875214576721, 0.9078124761581421, 0.9078124761581421, 0.9075000286102295, 0.9068750143051147, 0.9068750143051147, 0.9071875214576721, 0.9075000286102295, 0.9043750166893005, 0.9046875238418579, 0.9049999713897705, 0.9056249856948853, 0.9065625071525574, 0.9056249856948853]}