{"loss": [0.8923889994621277, 0.08708842098712921, 0.09216037392616272, 0.07062399387359619, 0.04599208012223244, 0.010456162504851818, 0.07775904983282089, 0.007631979417055845, 0.023830430582165718], "acurracy": [0.7103124856948853, 0.9921875, 0.9900000095367432, 0.9925000071525574, 0.9946874976158142, 1.0, 0.9909374713897705, 1.0, 0.9981250166893005], "val_loss": [1.159010887145996, 1.000796914100647, 0.939129650592804, 0.9373153448104858, 0.9743527173995972, 1.0282329320907593, 0.9964902997016907, 1.0468575954437256, 1.0681158304214478], "val_acurracy": [0.5946875214576721, 0.6321874856948853, 0.6215624809265137, 0.5874999761581421, 0.578125, 0.5715625286102295, 0.5790625214576721, 0.5787500143051147, 0.5768749713897705]}