{"loss": [0.41824132204055786, 0.09904030710458755, 0.04921922832727432, 0.057916149497032166, 0.008333299309015274, 0.07153957337141037, 0.005828152410686016, 0.03379145637154579, 0.028592102229595184, 0.03336847573518753, 0.09248633682727814, 0.0528554804623127, 0.07278921455144882, 0.09888827055692673, 0.05152745544910431, 0.027711445465683937, 0.005110630765557289, 0.0029251209925860167, 0.02263908088207245], "acurracy": [0.8812500238418579, 0.9900000095367432, 0.9956250190734863, 0.9934375286102295, 1.0, 0.9915624856948853, 1.0, 0.9962499737739563, 0.9971874952316284, 0.9956250190734863, 0.9868749976158142, 0.9921875, 0.987500011920929, 0.9831249713897705, 0.9912499785423279, 0.9962499737739563, 1.0, 1.0, 0.9965624809265137], "val_loss": [1.2159043550491333, 1.1376211643218994, 1.0958549976348877, 1.0781455039978027, 1.1184724569320679, 1.027915596961975, 1.0543311834335327, 1.0436880588531494, 1.0379828214645386, 0.9659099578857422, 0.8119713664054871, 0.7815650105476379, 0.7280474305152893, 0.6787590980529785, 0.7014511227607727, 0.7049988508224487, 0.7444965839385986, 0.7654377222061157, 0.7614437341690063], "val_acurracy": [0.5646874904632568, 0.5743749737739563, 0.5796874761581421, 0.5756250023841858, 0.5774999856948853, 0.578125, 0.5834375023841858, 0.5753124952316284, 0.5740625262260437, 0.5871875286102295, 0.6678125262260437, 0.7174999713897705, 0.765625, 0.8103125095367432, 0.8131250143051147, 0.8178125023841858, 0.8046875, 0.8021875023841858, 0.8118749856948853]}