{"loss": [0.8473826050758362, 0.10428157448768616, 0.07816484570503235, 0.03557000681757927, 0.10310503095388412, 0.012836401350796223, 0.03247787803411484, 0.09163402765989304, 0.009462008252739906, 0.06422500312328339, 0.008308474905788898, 0.08938632905483246, 0.09055253118276596, 0.09176287055015564, 0.05875401198863983, 0.07190066576004028, 0.07097697257995605, 0.09140556305646896, 0.05341614410281181, 0.031092651188373566, 0.020499499514698982, 0.038690853863954544, 0.048890672624111176, 0.005895014852285385, 0.04757484421133995, 0.025997424498200417, 0.0499599426984787, 0.031182333827018738, 0.032262738794088364], "acurracy": [0.7134374976158142, 0.9912499785423279, 0.9915624856948853, 0.996874988079071, 0.9881250262260437, 0.9993749856948853, 0.9965624809265137, 0.9881250262260437, 1.0, 0.9921875, 1.0, 0.989062488079071, 0.9878125190734863, 0.9871875047683716, 0.9925000071525574, 0.9903125166893005, 0.989062488079071, 0.984375, 0.9918749928474426, 0.9959375262260437, 0.996874988079071, 0.9943749904632568, 0.9925000071525574, 0.9996874928474426, 0.9918749928474426, 0.9965624809265137, 0.9925000071525574, 0.9962499737739563, 0.995312511920929], "val_loss": [1.3576576709747314, 1.1970648765563965, 1.1295132637023926, 1.0945051908493042, 0.9657963514328003, 0.9528753161430359, 0.9262310266494751, 0.8143414258956909, 0.7840923070907593, 0.7237502336502075, 0.7153800129890442, 0.6375479698181152, 0.6228703856468201, 0.5684992671012878, 0.5377956628799438, 0.5418201684951782, 0.5209745168685913, 0.521798312664032, 0.5322406888008118, 0.5149549245834351, 0.5336847901344299, 0.5121070742607117, 0.5134768486022949, 0.5048322081565857, 0.5303273797035217, 0.5422770977020264, 0.5490621328353882, 0.5550814867019653, 0.545996367931366], "val_acurracy": [0.43812501430511475, 0.5540624856948853, 0.574999988079071, 0.5893750190734863, 0.6243749856948853, 0.6168749928474426, 0.6237499713897705, 0.7243750095367432, 0.729687511920929, 0.7971875071525574, 0.7925000190734863, 0.8587499856948853, 0.8596875071525574, 0.8706250190734863, 0.8728125095367432, 0.8631250262260437, 0.8600000143051147, 0.8553125262260437, 0.8518750071525574, 0.8568750023841858, 0.8528125286102295, 0.8584374785423279, 0.8584374785423279, 0.8606250286102295, 0.8506249785423279, 0.8456249833106995, 0.8465625047683716, 0.8446875214576721, 0.8478124737739563]}