{"loss": [0.5834547281265259, 0.06520368903875351, 0.07053297758102417, 0.07806669920682907, 0.012478519231081009, 0.05272776633501053], "acurracy": [0.8134375214576721, 0.9943749904632568, 0.9918749928474426, 0.9893749952316284, 1.0, 0.9915624856948853], "val_loss": [0.9635410308837891, 1.2617425918579102, 1.3717612028121948, 1.1697598695755005, 1.4171464443206787, 1.111211895942688], "val_acurracy": [0.6206250190734863, 0.5756250023841858, 0.5743749737739563, 0.5831249952316284, 0.5843750238418579, 0.5849999785423279]}