{"loss": [0.5874431729316711, 0.059279367327690125, 0.061126708984375, 0.07880598306655884, 0.044731929898262024, 0.02796350233256817, 0.04245518147945404, 0.0267097856849432, 0.032424356788396835, 0.027184316888451576, 0.022422753274440765, 0.022156929597258568, 0.01941974088549614, 0.05544041469693184, 0.005437030922621489, 0.03746383637189865, 0.02352225035429001, 0.04017724469304085, 0.02345235086977482, 0.025992650538682938, 0.028399473056197166, 0.01903117261826992, 0.020869631320238113, 0.003101346082985401, 0.03876596689224243, 0.013190742582082748, 0.007248626556247473, 0.010319619439542294, 0.0017765444936230779, 0.010255295783281326, 0.010762916877865791, 0.017688537016510963, 0.00836174376308918, 0.018859755247831345, 0.022104457020759583, 0.00922755803912878, 0.00885606650263071, 0.0038947758730500937, 0.007848124019801617, 0.003997128456830978, 0.009613662958145142, 0.006815203931182623], "acurracy": [0.7984374761581421, 0.9956250190734863, 0.9943749904632568, 0.9906250238418579, 0.9950000047683716, 0.996874988079071, 0.9956250190734863, 0.9965624809265137, 0.9962499737739563, 0.9962499737739563, 0.9965624809265137, 0.996874988079071, 0.9971874952316284, 0.9900000095367432, 0.9996874928474426, 0.9934375286102295, 0.9950000047683716, 0.9912499785423279, 0.995312511920929, 0.9950000047683716, 0.9940624833106995, 0.9962499737739563, 0.996874988079071, 0.9996874928474426, 0.9925000071525574, 0.9981250166893005, 0.9990624785423279, 0.9975000023841858, 1.0, 0.9981250166893005, 0.9981250166893005, 0.9971874952316284, 0.9987499713897705, 0.9965624809265137, 0.9956250190734863, 0.9975000023841858, 0.9981250166893005, 0.9987499713897705, 0.9981250166893005, 0.9987499713897705, 0.9975000023841858, 0.9987499713897705], "val_loss": [1.3276959657669067, 1.3087725639343262, 1.3467075824737549, 1.1945900917053223, 1.1902228593826294, 1.2752659320831299, 1.0849050283432007, 1.0401151180267334, 0.9428125619888306, 0.8887789249420166, 0.8553775548934937, 0.7926802635192871, 0.7887651920318604, 0.616574227809906, 0.658720850944519, 0.5873724222183228, 0.5736734867095947, 0.5600994229316711, 0.5506523251533508, 0.5197238326072693, 0.5286651849746704, 0.5682467818260193, 0.520423412322998, 0.5282862782478333, 0.5157834887504578, 0.5027554035186768, 0.48524314165115356, 0.49679332971572876, 0.501921534538269, 0.4827006459236145, 0.5133419036865234, 0.5062606930732727, 0.4798195958137512, 0.4630998969078064, 0.47294890880584717, 0.46787264943122864, 0.4527248740196228, 0.47605395317077637, 0.4758988320827484, 0.47331658005714417, 0.5010845065116882, 0.46620193123817444], "val_acurracy": [0.5628125071525574, 0.5818750262260437, 0.5796874761581421, 0.5912500023841858, 0.5871875286102295, 0.5753124952316284, 0.5940625071525574, 0.6031249761581421, 0.6365625262260437, 0.6746875047683716, 0.7093750238418579, 0.7475000023841858, 0.7584375143051147, 0.8399999737739563, 0.8290625214576721, 0.856249988079071, 0.8756250143051147, 0.8768749833106995, 0.8799999952316284, 0.8849999904632568, 0.8828125, 0.8771874904632568, 0.8834375143051147, 0.8887500166893005, 0.8793749809265137, 0.8824999928474426, 0.885937511920929, 0.8849999904632568, 0.8862500190734863, 0.8899999856948853, 0.8831250071525574, 0.8806250095367432, 0.8887500166893005, 0.8896874785423279, 0.8831250071525574, 0.8824999928474426, 0.8840625286102295, 0.8803125023841858, 0.8815624713897705, 0.8846874833106995, 0.8821874856948853, 0.8837500214576721]}