{"loss": [0.5723674297332764, 0.05929618701338768, 0.05063032731413841, 0.03325608745217323, 0.07457000017166138, 0.07548927515745163], "acurracy": [0.8237500190734863, 0.9959375262260437, 0.9959375262260437, 0.9975000023841858, 0.9915624856948853, 0.9921875], "val_loss": [1.4310017824172974, 1.586039423942566, 1.6850582361221313, 1.807458519935608, 1.599791407585144, 1.483832836151123], "val_acurracy": [0.5740625262260437, 0.5796874761581421, 0.5834375023841858, 0.573437511920929, 0.5774999856948853, 0.5737500190734863]}