{"loss": [0.5026288032531738, 0.0917823389172554, 0.04505861923098564, 0.030150584876537323, 0.034831058233976364, 0.006186472252011299, 0.07227054983377457, 0.024506814777851105, 0.0876212790608406, 0.07608991861343384, 0.09687219560146332, 0.032257985323667526, 0.04453975707292557, 0.07752830535173416, 0.057146377861499786, 0.03499671816825867, 0.05162005499005318, 0.07067903876304626, 0.007103634532541037, 0.0887783020734787, 0.05052052438259125, 0.0497949942946434, 0.007192297372967005, 0.05373398959636688, 0.005835440941154957, 0.05219123885035515, 0.04387828707695007, 0.058690544217824936, 0.02083156257867813, 0.03808065503835678, 0.043311357498168945, 0.03475796431303024, 0.0048583317548036575, 0.10943055152893066, 0.046620916575193405, 0.07003941386938095, 0.06223409250378609, 0.080373115837574, 0.03266633674502373, 0.09481386840343475], "acurracy": [0.8490625023841858, 0.9918749928474426, 0.9956250190734863, 0.9971874952316284, 0.9962499737739563, 1.0, 0.9915624856948853, 0.9971874952316284, 0.9906250238418579, 0.9906250238418579, 0.9871875047683716, 0.9962499737739563, 0.995312511920929, 0.9900000095367432, 0.9928125143051147, 0.9959375262260437, 0.9937499761581421, 0.9903125166893005, 1.0, 0.9884374737739563, 0.9931250214576721, 0.9931250214576721, 1.0, 0.9928125143051147, 1.0, 0.9934375286102295, 0.9956250190734863, 0.9925000071525574, 0.9975000023841858, 0.995312511920929, 0.995312511920929, 0.9956250190734863, 1.0, 0.9853125214576721, 0.9943749904632568, 0.9893749952316284, 0.9918749928474426, 0.9881250262260437, 0.9965624809265137, 0.9865624904632568], "val_loss": [1.073775291442871, 0.9853818416595459, 0.9580753445625305, 0.939058244228363, 0.9187357425689697, 0.9149173498153687, 0.8646945357322693, 0.8726871609687805, 0.8244168758392334, 0.7905215620994568, 0.7711088061332703, 0.7508722543716431, 0.7470347881317139, 0.722891092300415, 0.7174603939056396, 0.7155982851982117, 0.6972941756248474, 0.6998478770256042, 0.690558671951294, 0.6642547845840454, 0.668266773223877, 0.6476209759712219, 0.6470865607261658, 0.6393141150474548, 0.6336013078689575, 0.6296736598014832, 0.6261016726493835, 0.6124104261398315, 0.6057560443878174, 0.6026960611343384, 0.6250121593475342, 0.6103146076202393, 0.613620400428772, 0.6217690110206604, 0.5914095640182495, 0.6148937344551086, 0.6051918268203735, 0.6128554940223694, 0.6141363978385925, 0.6439110040664673], "val_acurracy": [0.5737500190734863, 0.5793750286102295, 0.574999988079071, 0.5803124904632568, 0.5787500143051147, 0.582812488079071, 0.6012499928474426, 0.5915625095367432, 0.6399999856948853, 0.6496875286102295, 0.671875, 0.6865624785423279, 0.684374988079071, 0.7331249713897705, 0.7534375190734863, 0.7337499856948853, 0.7634375095367432, 0.7875000238418579, 0.7731249928474426, 0.8053125143051147, 0.8034374713897705, 0.809374988079071, 0.8062499761581421, 0.8137500286102295, 0.815625011920929, 0.815625011920929, 0.8231250047683716, 0.8362500071525574, 0.8353124856948853, 0.8346874713897705, 0.8199999928474426, 0.8274999856948853, 0.8293750286102295, 0.8196874856948853, 0.8359375, 0.8212500214576721, 0.8256250023841858, 0.8146874904632568, 0.8109375238418579, 0.7884374856948853]}