{"loss": [0.8409900665283203, 0.06718864291906357, 0.02660456672310829, 0.015008482150733471, 0.01000138744711876, 0.04745042324066162, 0.08115772902965546, 0.00833380687981844, 0.029206985607743263, 0.08494104444980621, 0.00726253492757678, 0.10088516026735306, 0.07749781757593155, 0.058248113840818405, 0.07727210968732834, 0.007812297437340021, 0.03282343968749046, 0.044642459601163864, 0.0256520826369524, 0.005738126114010811, 0.02401868999004364, 0.054198671132326126, 0.06539967656135559, 0.022885950282216072, 0.004538417793810368, 0.019262278452515602, 0.041672881692647934, 0.05734720826148987, 0.039584025740623474, 0.018110143020749092, 0.03462168574333191, 0.016721151769161224, 0.01894500106573105, 0.024813644587993622, 0.01825880818068981, 0.011324950493872166], "acurracy": [0.7290624976158142, 0.9931250214576721, 0.9984375238418579, 0.9996874928474426, 1.0, 0.9943749904632568, 0.9918749928474426, 0.9993749856948853, 0.9959375262260437, 0.989062488079071, 1.0, 0.9865624904632568, 0.987500011920929, 0.9903125166893005, 0.9868749976158142, 1.0, 0.9940624833106995, 0.9928125143051147, 0.9965624809265137, 1.0, 0.9965624809265137, 0.9906250238418579, 0.9884374737739563, 0.9946874976158142, 1.0, 0.9962499737739563, 0.9921875, 0.9871875047683716, 0.9921875, 0.996874988079071, 0.9915624856948853, 0.9975000023841858, 0.9965624809265137, 0.995312511920929, 0.9965624809265137, 0.9978125095367432], "val_loss": [1.4286161661148071, 1.3490794897079468, 1.2579939365386963, 1.1915488243103027, 1.1315768957138062, 1.0689235925674438, 0.9920687675476074, 0.9563953280448914, 0.9030104875564575, 0.7826055288314819, 0.7798236608505249, 0.6921787261962891, 0.6447446942329407, 0.6256393194198608, 0.6036674976348877, 0.5996328592300415, 0.5763041377067566, 0.6005018353462219, 0.5873045921325684, 0.5983089208602905, 0.6018190383911133, 0.5725398063659668, 0.5611120462417603, 0.572294294834137, 0.573275625705719, 0.5694124102592468, 0.5843214988708496, 0.5537323951721191, 0.5492565631866455, 0.5570470094680786, 0.5435960292816162, 0.5558408498764038, 0.5477922558784485, 0.5555708408355713, 0.5563552975654602, 0.5482491254806519], "val_acurracy": [0.4012500047683716, 0.44718751311302185, 0.5065624713897705, 0.5362499952316284, 0.5606250166893005, 0.5899999737739563, 0.6259375214576721, 0.6412500143051147, 0.6731250286102295, 0.7784374952316284, 0.7671874761581421, 0.8190624713897705, 0.8378124833106995, 0.8412500023841858, 0.8403124809265137, 0.8471875190734863, 0.8518750071525574, 0.8471875190734863, 0.8465625047683716, 0.8462499976158142, 0.8443750143051147, 0.8500000238418579, 0.8493750095367432, 0.8462499976158142, 0.8496875166893005, 0.8475000262260437, 0.8503124713897705, 0.8578125238418579, 0.8518750071525574, 0.848437488079071, 0.8565624952316284, 0.8540624976158142, 0.8518750071525574, 0.8531249761581421, 0.8528125286102295, 0.8540624976158142]}