{"loss": [0.3633180558681488, 0.036332499235868454, 0.04302261024713516, 0.008485641330480576, 0.005038069561123848, 0.0037186723202466965], "acurracy": [0.8949999809265137, 0.9981250166893005, 0.9956250190734863, 1.0, 1.0, 1.0], "val_loss": [1.415804386138916, 1.672856092453003, 1.84678316116333, 1.984808087348938, 2.1113686561584473, 2.1202232837677], "val_acurracy": [0.5806249976158142, 0.5718749761581421, 0.5731250047683716, 0.573437511920929, 0.5681250095367432, 0.5806249976158142]}