{"loss": [0.5592129826545715, 0.039896946400403976, 0.08145161718130112, 0.0690305083990097, 0.12038856744766235, 0.015509163029491901, 0.0463600717484951, 0.03506745398044586, 0.06000755354762077, 0.03200342133641243, 0.0393843874335289, 0.07492241263389587, 0.0067388685420155525, 0.049349308013916016, 0.00522037735208869, 0.03931707516312599, 0.04011142626404762, 0.003934026230126619, 0.06040681526064873, 0.02819542959332466, 0.04497654736042023, 0.0035930871963500977, 0.03541599214076996, 0.03664986789226532, 0.12972800433635712, 0.04928910359740257, 0.09584549814462662, 0.07903870940208435, 0.08678494393825531, 0.06697097420692444, 0.05533755198121071, 0.027332017198204994, 0.07081842422485352, 0.0903371050953865, 0.06664890795946121, 0.06725774705410004, 0.04690106213092804, 0.05594836547970772, 0.00559909688308835, 0.09614589810371399, 0.057311657816171646, 0.06207800284028053, 0.005999475717544556, 0.0549694262444973, 0.06905795633792877, 0.06570421904325485, 0.031382087618112564, 0.06961733102798462, 0.02911265380680561, 0.02813625894486904, 0.10355819761753082, 0.039419930428266525, 0.005243314895778894, 0.03232066333293915, 0.019088322296738625, 0.06372104585170746], "acurracy": [0.8246874809265137, 0.9981250166893005, 0.9909374713897705, 0.9931250214576721, 0.9856250286102295, 0.9993749856948853, 0.9946874976158142, 0.9962499737739563, 0.9931250214576721, 0.9965624809265137, 0.9959375262260437, 0.9912499785423279, 1.0, 0.9943749904632568, 1.0, 0.9956250190734863, 0.9956250190734863, 1.0, 0.9934375286102295, 0.996874988079071, 0.9946874976158142, 1.0, 0.9962499737739563, 0.9959375262260437, 0.9837499856948853, 0.9940624833106995, 0.9871875047683716, 0.989062488079071, 0.987500011920929, 0.9915624856948853, 0.9934375286102295, 0.9971874952316284, 0.9906250238418579, 0.9884374737739563, 0.9915624856948853, 0.9912499785423279, 0.9946874976158142, 0.9931250214576721, 1.0, 0.9871875047683716, 0.9925000071525574, 0.9912499785423279, 1.0, 0.9931250214576721, 0.9903125166893005, 0.9915624856948853, 0.9962499737739563, 0.9909374713897705, 0.9965624809265137, 0.996874988079071, 0.9859374761581421, 0.995312511920929, 1.0, 0.9962499737739563, 0.9975000023841858, 0.9915624856948853], "val_loss": [1.4469053745269775, 1.4491019248962402, 1.4056390523910522, 1.33925461769104, 1.249220371246338, 1.2457634210586548, 1.248969554901123, 1.2776219844818115, 1.1882528066635132, 1.2059468030929565, 1.175929307937622, 1.1612604856491089, 1.1729830503463745, 1.1385726928710938, 1.2083700895309448, 1.1300522089004517, 1.1030361652374268, 1.165541172027588, 1.0356463193893433, 1.0535407066345215, 1.010514259338379, 1.0854419469833374, 1.0244418382644653, 0.9803766012191772, 0.7780952453613281, 0.7961118221282959, 0.7771822214126587, 0.7201710343360901, 0.7159672379493713, 0.7083573937416077, 0.7193171977996826, 0.753766655921936, 0.6802515983581543, 0.6697033047676086, 0.661014199256897, 0.6630547046661377, 0.6808903217315674, 0.6774186491966248, 0.6985389590263367, 0.6596782207489014, 0.6409006714820862, 0.6516999006271362, 0.6850612759590149, 0.6631540656089783, 0.6365424990653992, 0.6336134076118469, 0.6569184064865112, 0.6299400925636292, 0.6501731276512146, 0.6587042808532715, 0.6018307209014893, 0.6138208508491516, 0.6669936180114746, 0.6556354761123657, 0.6630000472068787, 0.6287561058998108], "val_acurracy": [0.5018749833106995, 0.5706250071525574, 0.5796874761581421, 0.5759375095367432, 0.5774999856948853, 0.5831249952316284, 0.5790625214576721, 0.5806249976158142, 0.581250011920929, 0.5774999856948853, 0.5821874737739563, 0.5793750286102295, 0.5778124928474426, 0.5803124904632568, 0.5796874761581421, 0.582812488079071, 0.5778124928474426, 0.5778124928474426, 0.5859375, 0.5803124904632568, 0.5862500071525574, 0.5796874761581421, 0.5809375047683716, 0.5840625166893005, 0.6103125214576721, 0.5971875190734863, 0.596875011920929, 0.6465625166893005, 0.6615625023841858, 0.6684374809265137, 0.6575000286102295, 0.6331250071525574, 0.6981250047683716, 0.7306249737739563, 0.7315624952316284, 0.7406250238418579, 0.7206249833106995, 0.7284374833106995, 0.6937500238418579, 0.7540624737739563, 0.7740625143051147, 0.7665625214576721, 0.723437488079071, 0.754687488079071, 0.7903125286102295, 0.7896875143051147, 0.7728124856948853, 0.7903125286102295, 0.7850000262260437, 0.7762500047683716, 0.817187488079071, 0.8059375286102295, 0.7806249856948853, 0.7856249809265137, 0.7884374856948853, 0.8159375190734863]}