{"loss": [0.45409122109413147, 0.05294425040483475, 0.07130134105682373, 0.05668815225362778, 0.029925361275672913, 0.006234086584299803, 0.060776520520448685, 0.08217217773199081, 0.007195781450718641, 0.0044356342405080795, 0.08736817538738251, 0.050577133893966675, 0.023583827540278435, 0.030732180923223495, 0.004795626737177372, 0.021044669672846794, 0.0666075348854065, 0.05388438329100609, 0.017715472728013992, 0.023730028420686722, 0.00376069825142622, 0.060694240033626556, 0.017708702012896538, 0.014672395773231983, 0.012023107148706913, 0.021845471113920212, 0.07028365880250931, 0.02251584269106388, 0.027288388460874557, 0.012923246249556541, 0.020548934116959572, 0.010454243049025536, 0.014283183962106705, 0.0020374946761876345, 0.01605549082159996], "acurracy": [0.8537499904632568, 0.9962499737739563, 0.9918749928474426, 0.9931250214576721, 0.9965624809265137, 1.0, 0.9918749928474426, 0.987500011920929, 1.0, 0.9996874928474426, 0.984375, 0.9909374713897705, 0.9962499737739563, 0.9934375286102295, 0.9996874928474426, 0.9962499737739563, 0.9850000143051147, 0.9859374761581421, 0.9971874952316284, 0.9928125143051147, 1.0, 0.9856250286102295, 0.9962499737739563, 0.9962499737739563, 0.9981250166893005, 0.9934375286102295, 0.9825000166893005, 0.9962499737739563, 0.9937499761581421, 0.9965624809265137, 0.9940624833106995, 0.9981250166893005, 0.9971874952316284, 1.0, 0.9946874976158142], "val_loss": [1.2429388761520386, 1.2120205163955688, 1.0907578468322754, 0.9862009286880493, 0.989574670791626, 1.0067898035049438, 0.8888095021247864, 0.7007942199707031, 0.7414351105690002, 0.7702150940895081, 0.6318212151527405, 0.5997381806373596, 0.5971581935882568, 0.5908482074737549, 0.5939998626708984, 0.5996325016021729, 0.5979142189025879, 0.575982928276062, 0.5758897662162781, 0.560299813747406, 0.5879230499267578, 0.5586642622947693, 0.5690752267837524, 0.5416753888130188, 0.5706708431243896, 0.5588663220405579, 0.5161024332046509, 0.5255178213119507, 0.5243756771087646, 0.5096001029014587, 0.5275647640228271, 0.5289329886436462, 0.5208691358566284, 0.5218339562416077, 0.5149052739143372], "val_acurracy": [0.5531250238418579, 0.5587499737739563, 0.5596874952316284, 0.5687500238418579, 0.5712500214576721, 0.5649999976158142, 0.5878124833106995, 0.7846875190734863, 0.7356250286102295, 0.7099999785423279, 0.8446875214576721, 0.8521875143051147, 0.8515625, 0.8531249761581421, 0.8568750023841858, 0.8518750071525574, 0.8481249809265137, 0.854687511920929, 0.8543750047683716, 0.8603125214576721, 0.8512499928474426, 0.8618749976158142, 0.8559374809265137, 0.8609374761581421, 0.8537499904632568, 0.8575000166893005, 0.8609374761581421, 0.8568750023841858, 0.8590624928474426, 0.8628125190734863, 0.8609374761581421, 0.8590624928474426, 0.8615624904632568, 0.8606250286102295, 0.8662499785423279]}