{"loss": [0.35515889525413513, 0.025548825040459633, 0.04501667991280556, 0.034295231103897095, 0.04628406837582588, 0.033901114016771317], "acurracy": [0.8987500071525574, 1.0, 0.9962499737739563, 0.996874988079071, 0.9956250190734863, 0.9965624809265137], "val_loss": [1.3217467069625854, 1.646480679512024, 1.8198025226593018, 1.8911710977554321, 1.8793535232543945, 1.9504410028457642], "val_acurracy": [0.5799999833106995, 0.5765625238418579, 0.5818750262260437, 0.578125, 0.5799999833106995, 0.5740625262260437]}