{"loss": [1.4263960123062134, 0.907742977142334, 0.5144624710083008, 0.5894508957862854, 0.653442919254303, 0.3803912401199341, 0.5493059754371643, 0.623474657535553, 0.4942767322063446, 0.4262377917766571, 0.3554322123527527, 0.5421951413154602, 0.4405907690525055, 0.36459267139434814, 0.2174031287431717, 0.31618452072143555], "acurracy": [0.7157812714576721, 0.9078906178474426, 0.9328906536102295, 0.8844531178474426, 0.8598437309265137, 0.9337499737739563, 0.883984386920929, 0.8565624952316284, 0.8908593654632568, 0.9079687595367432, 0.9264062643051147, 0.8675000071525574, 0.8923437595367432, 0.9158594012260437, 0.9578906297683716, 0.9253125190734863], "val_loss": [1.8607968091964722, 2.0993475914001465, 2.5239455699920654, 2.6878325939178467, 2.6725051403045654, 2.838653326034546, 2.8087477684020996, 2.6674492359161377, 2.681109666824341, 2.723691940307617, 2.6800904273986816, 2.62221097946167, 2.570805311203003, 2.5844101905822754, 2.6860129833221436, 2.7076501846313477], "val_acurracy": [0.16687500476837158, 0.16820313036441803, 0.16929687559604645, 0.16664062440395355, 0.16890625655651093, 0.16828125715255737, 0.16929687559604645, 0.16804687678813934, 0.1674218773841858, 0.16953125596046448, 0.1697656214237213, 0.16523437201976776, 0.1697656214237213, 0.16539062559604645, 0.16875000298023224, 0.1674218773841858]}