{"loss": [1.341182827949524, 0.5200324058532715, 0.42280787229537964, 0.32239004969596863, 0.4645540118217468, 0.32045823335647583, 0.26228421926498413, 0.3113594055175781, 0.2549470067024231, 0.26362553238868713, 0.17465753853321075, 0.29468992352485657, 0.3189254105091095, 0.24940475821495056, 0.32007426023483276, 0.1599251627922058, 0.180210679769516, 0.10918717086315155, 0.1524442732334137, 0.21835727989673615, 0.21885278820991516, 0.21445050835609436, 0.22076493501663208, 0.170563206076622, 0.14506103098392487, 0.15107184648513794, 0.18748149275779724], "acurracy": [0.7882031202316284, 0.8918750286102295, 0.9008593559265137, 0.9227343797683716, 0.8732812404632568, 0.9147655963897705, 0.9268749952316284, 0.9078906178474426, 0.9285937547683716, 0.9214843511581421, 0.9489843845367432, 0.8983593583106995, 0.8732030987739563, 0.9038281440734863, 0.8661718964576721, 0.9358593821525574, 0.9242968559265137, 0.9536718726158142, 0.9367969036102295, 0.9034374952316284, 0.9017968773841858, 0.9017187356948853, 0.8971093893051147, 0.9219531416893005, 0.9334375262260437, 0.9305468797683716, 0.9155468940734863], "val_loss": [1.7705392837524414, 2.0233561992645264, 2.0025522708892822, 1.9529602527618408, 1.723060131072998, 1.7295435667037964, 1.800021767616272, 1.6671364307403564, 1.6711138486862183, 1.5576308965682983, 1.7722703218460083, 1.5426028966903687, 1.614155888557434, 1.5736536979675293, 1.6076633930206299, 1.7009921073913574, 1.7279571294784546, 1.788368582725525, 1.7370716333389282, 1.7396305799484253, 1.718173623085022, 1.704576015472412, 1.7662630081176758, 1.7983067035675049, 1.8240512609481812, 1.8422552347183228, 1.8085895776748657], "val_acurracy": [0.32078126072883606, 0.3203125, 0.32421875, 0.32273438572883606, 0.3187499940395355, 0.32414063811302185, 0.34187498688697815, 0.3499218821525574, 0.34812501072883606, 0.34859374165534973, 0.3460156321525574, 0.35039061307907104, 0.34914061427116394, 0.3519531190395355, 0.3592187464237213, 0.35624998807907104, 0.3571093678474426, 0.3558593690395355, 0.35914063453674316, 0.3575781285762787, 0.35734376311302185, 0.36000001430511475, 0.35843750834465027, 0.3579687476158142, 0.3572656214237213, 0.34546875953674316, 0.36429688334465027]}