{"loss": [1.1849554777145386, 0.33498045802116394, 0.2100217491388321, 0.22923287749290466, 0.3337703347206116, 0.4698844254016876, 0.3374699354171753, 0.2636602520942688, 0.3092151880264282, 0.41474202275276184, 0.37133145332336426, 0.33793962001800537, 0.27375808358192444, 0.31019294261932373, 0.30354586243629456, 0.2730028033256531, 0.27299925684928894, 0.24922440946102142, 0.3753189742565155, 0.38426443934440613, 0.29000571370124817, 0.31440621614456177, 0.15424713492393494, 0.3683697581291199, 0.16584762930870056, 0.2567587196826935, 0.23748107254505157], "acurracy": [0.8384374976158142, 0.9342968463897705, 0.958203136920929, 0.951953113079071, 0.9227343797683716, 0.8819531202316284, 0.914843738079071, 0.9375781416893005, 0.9188281297683716, 0.8885156512260437, 0.8993750214576721, 0.9104687571525574, 0.9321093559265137, 0.9185937643051147, 0.919140636920929, 0.926953136920929, 0.9274218678474426, 0.9350000023841858, 0.8940625190734863, 0.8889062404632568, 0.9195312261581421, 0.9131249785423279, 0.9618750214576721, 0.8943750262260437, 0.9614062309265137, 0.9306250214576721, 0.9357812404632568], "val_loss": [1.7772626876831055, 2.0051188468933105, 2.0209999084472656, 1.9697096347808838, 1.885869026184082, 1.718909740447998, 1.7356305122375488, 1.7425291538238525, 1.6963900327682495, 1.6041226387023926, 1.5884277820587158, 1.5799332857131958, 1.6344739198684692, 1.6035646200180054, 1.5825202465057373, 1.6087416410446167, 1.6790395975112915, 1.6810933351516724, 1.6111506223678589, 1.6628928184509277, 1.73787260055542, 1.6840064525604248, 1.8178402185440063, 1.7666430473327637, 1.8472644090652466, 1.8432531356811523, 1.85188627243042], "val_acurracy": [0.34132811427116394, 0.34296876192092896, 0.34546875953674316, 0.34742188453674316, 0.3435937464237213, 0.34718748927116394, 0.34367188811302185, 0.33976563811302185, 0.34187498688697815, 0.3395312428474426, 0.3392968773841858, 0.3370312452316284, 0.33375000953674316, 0.3307812511920929, 0.3208593726158142, 0.3309375047683716, 0.3185156285762787, 0.3316406309604645, 0.30656251311302185, 0.3010937571525574, 0.30000001192092896, 0.30765625834465027, 0.30781251192092896, 0.30281248688697815, 0.3075000047683716, 0.28929686546325684, 0.28632813692092896]}