{"loss": [1.4055938720703125, 0.9259436726570129, 0.5640918612480164, 0.4436386227607727, 0.48027241230010986, 0.5008876919746399, 0.40180447697639465, 0.4127964675426483, 0.6504021286964417, 0.4650854468345642, 0.544951319694519, 0.3862553536891937, 0.5145639181137085, 0.3997360169887543, 0.45870575308799744, 0.4920116662979126], "acurracy": [0.7460156083106995, 0.8828906416893005, 0.9192187786102295, 0.9254687428474426, 0.9097656011581421, 0.901171863079071, 0.9248437285423279, 0.9186718463897705, 0.853515625, 0.9005468487739563, 0.8745312690734863, 0.9169531464576721, 0.875, 0.9076562523841858, 0.8835155963897705, 0.8690624833106995], "val_loss": [1.8318606615066528, 2.0211405754089355, 2.35305118560791, 2.598966360092163, 2.6823177337646484, 2.7244131565093994, 2.8923001289367676, 2.9714267253875732, 2.8088274002075195, 2.8763833045959473, 2.8880693912506104, 3.0267105102539062, 2.9756391048431396, 3.0720672607421875, 3.063868999481201, 3.1054434776306152], "val_acurracy": [0.16882812976837158, 0.16804687678813934, 0.1685156226158142, 0.1685156226158142, 0.16890625655651093, 0.17031249403953552, 0.16710937023162842, 0.16679687798023224, 0.16570311784744263, 0.1697656214237213, 0.16625000536441803, 0.16835936903953552, 0.16914062201976776, 0.1693750023841858, 0.16773436963558197, 0.12210937589406967]}