{"loss": [1.5161166191101074, 0.8529541492462158, 0.41909438371658325, 0.46149393916130066, 0.6276435256004333, 0.508336067199707, 0.3036842942237854, 0.3446139395236969, 0.41298744082450867, 0.42612555623054504, 0.25651779770851135, 0.3699992895126343, 0.23845236003398895, 0.2820850908756256, 0.3840506374835968, 0.1831948161125183, 0.4804307520389557, 0.34504833817481995, 0.30371996760368347, 0.2403196096420288, 0.32296884059906006, 0.3182421922683716, 0.31003114581108093, 0.32242316007614136, 0.24764388799667358, 0.30442869663238525, 0.16413645446300507, 0.40150943398475647, 0.1709640622138977, 0.2868082821369171, 0.26151594519615173, 0.24208827316761017, 0.3373110890388489, 0.3569788634777069, 0.22544041275978088, 0.28080737590789795, 0.3280872106552124, 0.36801138520240784, 0.2986789345741272, 0.21843938529491425, 0.20019803941249847, 0.4149363338947296, 0.30735132098197937], "acurracy": [0.7197656035423279, 0.8502343893051147, 0.9278125166893005, 0.9090625047683716, 0.8528906106948853, 0.8801562786102295, 0.9360156059265137, 0.9203125238418579, 0.8954687714576721, 0.8838281035423279, 0.9378125071525574, 0.895312488079071, 0.9396874904632568, 0.925000011920929, 0.8904687762260437, 0.9549219012260437, 0.8530468940734863, 0.8964062333106995, 0.9122655987739563, 0.9350000023841858, 0.904296875, 0.9048437476158142, 0.9057031273841858, 0.8989062309265137, 0.9264062643051147, 0.905468761920929, 0.9555468559265137, 0.8701562285423279, 0.9544531106948853, 0.9120312333106995, 0.9178906083106995, 0.9246875047683716, 0.8897656202316284, 0.8826562762260437, 0.9332812428474426, 0.912109375, 0.8915625214576721, 0.8764843940734863, 0.9063281416893005, 0.9350781440734863, 0.9400781393051147, 0.8575000166893005, 0.9005468487739563], "val_loss": [1.7562599182128906, 2.389336585998535, 2.789933443069458, 2.5633363723754883, 2.1381232738494873, 2.080886125564575, 2.158447742462158, 2.091339111328125, 1.8782532215118408, 1.672551155090332, 1.8024439811706543, 1.6711941957473755, 1.7597392797470093, 1.673172116279602, 1.6009961366653442, 1.7000072002410889, 1.5451252460479736, 1.5839133262634277, 1.56996488571167, 1.657293438911438, 1.5102989673614502, 1.5768955945968628, 1.520819902420044, 1.5073051452636719, 1.613293170928955, 1.5748391151428223, 1.6666886806488037, 1.4781996011734009, 1.6336010694503784, 1.5480972528457642, 1.5724235773086548, 1.631474256515503, 1.5410988330841064, 1.5942829847335815, 1.6320393085479736, 1.6026309728622437, 1.508783221244812, 1.5614830255508423, 1.5577889680862427, 1.6414849758148193, 1.6699447631835938, 1.5234947204589844, 1.605119228363037], "val_acurracy": [0.19414062798023224, 0.25257813930511475, 0.29304686188697815, 0.30726563930511475, 0.3240624964237213, 0.3360937535762787, 0.34273436665534973, 0.3455468714237213, 0.3449999988079071, 0.34578123688697815, 0.34773436188697815, 0.36015623807907104, 0.3590624928474426, 0.35804688930511475, 0.36546874046325684, 0.3650781214237213, 0.3625781238079071, 0.3581250011920929, 0.3648437559604645, 0.3607812523841858, 0.3595312535762787, 0.35749998688697815, 0.35570311546325684, 0.36000001430511475, 0.3602343797683716, 0.36195313930511475, 0.3610156178474426, 0.3561718761920929, 0.3609375059604645, 0.35929688811302185, 0.3599218726158142, 0.3610156178474426, 0.35835936665534973, 0.36085936427116394, 0.36031249165534973, 0.35929688811302185, 0.35445311665534973, 0.3567187488079071, 0.36085936427116394, 0.36234375834465027, 0.36820313334465027, 0.3582812547683716, 0.36304688453674316]}