{"loss": [1.5634173154830933, 0.9515380263328552, 0.7693406939506531, 0.6527773141860962, 0.48418015241622925, 0.4432104527950287, 0.43429115414619446, 0.3562677800655365, 0.36994874477386475, 0.3441463112831116, 0.28528088331222534, 0.45358675718307495, 0.2861187160015106, 0.3012983500957489, 0.4590887129306793, 0.39015570282936096], "acurracy": [0.8140624761581421, 0.9069530963897705, 0.8837500214576721, 0.8981249928474426, 0.9260156154632568, 0.9244531393051147, 0.9162499904632568, 0.9264843463897705, 0.9170312285423279, 0.9178906083106995, 0.9335156083106995, 0.8767187595367432, 0.9341406226158142, 0.9248437285423279, 0.8707031011581421, 0.8924999833106995], "val_loss": [1.9495402574539185, 2.931215286254883, 3.051170587539673, 3.0370144844055176, 3.0438544750213623, 2.875753879547119, 2.736366033554077, 2.503599166870117, 2.3288323879241943, 2.4421558380126953, 2.405892848968506, 2.125753402709961, 2.2970833778381348, 2.328714370727539, 2.182314157485962, 2.14795184135437], "val_acurracy": [0.1692187488079071, 0.16960936784744263, 0.1667187511920929, 0.16695313155651093, 0.1706250011920929, 0.1674218773841858, 0.16796875, 0.1665624976158142, 0.16609375178813934, 0.1681250035762787, 0.1665624976158142, 0.16664062440395355, 0.16820313036441803, 0.17234374582767487, 0.17960937321186066, 0.18367187678813934]}