{"loss": [1.4487733840942383, 0.9549811482429504, 0.579697847366333, 0.4339769780635834, 0.457358181476593, 0.5258182287216187, 0.5313472747802734, 0.5802480578422546, 0.5035080909729004, 0.5220491886138916, 0.6374372243881226, 0.4877588152885437, 0.2977288067340851, 0.3352462351322174, 0.41009607911109924, 0.48410460352897644], "acurracy": [0.696484386920929, 0.899218738079071, 0.9249218702316284, 0.9326562285423279, 0.9192968606948853, 0.899218738079071, 0.8940625190734863, 0.8755468726158142, 0.8924219012260437, 0.8834375143051147, 0.8424999713897705, 0.8849999904632568, 0.942578136920929, 0.9253125190734863, 0.9006249904632568, 0.8756250143051147], "val_loss": [1.8508386611938477, 2.066732883453369, 2.449723482131958, 2.788376569747925, 2.9114387035369873, 2.9142005443573, 2.897642135620117, 2.8975472450256348, 2.90193510055542, 2.9516806602478027, 2.8602819442749023, 2.8882694244384766, 3.011103868484497, 3.0928337574005127, 3.065345048904419, 2.9743354320526123], "val_acurracy": [0.16890625655651093, 0.16820313036441803, 0.16796875, 0.16843749582767487, 0.16843749582767487, 0.16843749582767487, 0.16828125715255737, 0.1693750023841858, 0.17078125476837158, 0.16625000536441803, 0.16804687678813934, 0.16640624403953552, 0.16828125715255737, 0.16578124463558197, 0.14515624940395355, 0.09554687142372131]}