{"loss": [1.1649658679962158, 0.3468460142612457, 0.36906489729881287, 0.3390388488769531, 0.4233938455581665, 0.3230782449245453, 0.368285596370697, 0.37893950939178467, 0.3338758051395416, 0.36941424012184143, 0.34093764424324036, 0.26893946528434753, 0.30277132987976074, 0.3975183367729187, 0.3340390920639038, 0.27495741844177246, 0.35186368227005005, 0.1686515063047409, 0.26049813628196716, 0.43655386567115784, 0.20113565027713776, 0.3398398458957672, 0.3254930377006531, 0.19657893478870392, 0.2786048948764801, 0.3726884722709656, 0.17019511759281158, 0.2692466676235199, 0.34573790431022644, 0.21009193360805511, 0.293031245470047, 0.26961418986320496, 0.2584298551082611, 0.30365338921546936, 0.181375652551651], "acurracy": [0.8681250214576721, 0.9217968583106995, 0.9092187285423279, 0.9184374809265137, 0.8907812237739563, 0.9173437356948853, 0.9038281440734863, 0.8983593583106995, 0.9098437428474426, 0.8987500071525574, 0.9057031273841858, 0.932421863079071, 0.9188281297683716, 0.8842968940734863, 0.9063281416893005, 0.9251562356948853, 0.8990625143051147, 0.9599218964576721, 0.9273437261581421, 0.8676562309265137, 0.9453125, 0.901171863079071, 0.9044530987739563, 0.9469531178474426, 0.9215624928474426, 0.8875781297683716, 0.9517968893051147, 0.9209374785423279, 0.8892968893051147, 0.9407031536102295, 0.9092187285423279, 0.9151562452316284, 0.9198437333106995, 0.9021875262260437, 0.9471874833106995], "val_loss": [1.7989176511764526, 2.0197298526763916, 1.9900676012039185, 1.9491528272628784, 1.7922946214675903, 1.8305823802947998, 1.7795612812042236, 1.6429150104522705, 1.6536915302276611, 1.6359264850616455, 1.636989712715149, 1.6625317335128784, 1.628709077835083, 1.6073588132858276, 1.5898327827453613, 1.6171380281448364, 1.5828443765640259, 1.6967406272888184, 1.6597110033035278, 1.559646487236023, 1.7392151355743408, 1.6317076683044434, 1.6620460748672485, 1.7818517684936523, 1.7155383825302124, 1.6676630973815918, 1.8580845594406128, 1.685610294342041, 1.762887716293335, 1.818760871887207, 1.8071171045303345, 1.841894507408142, 1.8794289827346802, 1.902554988861084, 1.9799193143844604], "val_acurracy": [0.17695312201976776, 0.2975781261920929, 0.31812500953674316, 0.32749998569488525, 0.33015623688697815, 0.32640624046325684, 0.33109375834465027, 0.3334375023841858, 0.3373437523841858, 0.34367188811302185, 0.3380468785762787, 0.34765625, 0.33375000953674316, 0.3414843678474426, 0.34507811069488525, 0.34437501430511475, 0.34281250834465027, 0.34171876311302185, 0.3375781178474426, 0.3307812511920929, 0.33531248569488525, 0.3311718702316284, 0.32820311188697815, 0.3284375071525574, 0.32023438811302185, 0.3116406202316284, 0.3226562440395355, 0.3147656321525574, 0.31062498688697815, 0.31328123807907104, 0.30687499046325684, 0.30953124165534973, 0.3077343702316284, 0.2986718714237213, 0.2989843785762787]}