{"loss": [1.5472339391708374, 0.8445075154304504, 0.6560088992118835, 0.44362297654151917, 0.5251938700675964, 0.3225378692150116, 0.4588068723678589, 0.4701908826828003, 0.5210343599319458, 0.24916194379329681, 0.3042691946029663, 0.33012107014656067, 0.49548596143722534, 0.3962775766849518, 0.32832270860671997, 0.36447373032569885, 0.30113011598587036, 0.452992707490921, 0.46469712257385254, 0.14869803190231323, 0.21021459996700287, 0.32421329617500305, 0.38917121291160583, 0.3667975664138794, 0.3620377779006958, 0.3191488981246948, 0.3378570079803467, 0.22303268313407898, 0.2519112825393677, 0.2746051251888275, 0.3520265817642212, 0.22954533994197845, 0.21532180905342102, 0.22719500958919525, 0.31044667959213257, 0.2534985840320587, 0.23151688277721405, 0.29107287526130676, 0.24122123420238495], "acurracy": [0.607421875, 0.8677343726158142, 0.8604687452316284, 0.9102343916893005, 0.8767969012260437, 0.9331250190734863, 0.8853906393051147, 0.8764062523841858, 0.8520312309265137, 0.9418749809265137, 0.921093761920929, 0.913281261920929, 0.8512499928474426, 0.8872656226158142, 0.9085937738418579, 0.8949999809265137, 0.9192968606948853, 0.8598437309265137, 0.8548437356948853, 0.9632812738418579, 0.9414843916893005, 0.9037500023841858, 0.8809375166893005, 0.8853124976158142, 0.8829687237739563, 0.8982812762260437, 0.8952343463897705, 0.9327343702316284, 0.9198437333106995, 0.9144531488418579, 0.8858593702316284, 0.9317968487739563, 0.9342187643051147, 0.927734375, 0.8975781202316284, 0.9181249737739563, 0.9281250238418579, 0.9080469012260437, 0.9186718463897705], "val_loss": [1.7448402643203735, 2.31272554397583, 2.2548508644104004, 2.4148643016815186, 2.1140201091766357, 2.211893081665039, 2.0214929580688477, 1.8769677877426147, 1.753524661064148, 2.0154829025268555, 1.9390476942062378, 1.8199528455734253, 1.626429557800293, 1.7151391506195068, 1.6890918016433716, 1.6551834344863892, 1.7361657619476318, 1.5854908227920532, 1.5420886278152466, 1.7892597913742065, 1.7158572673797607, 1.6509817838668823, 1.5440880060195923, 1.5147316455841064, 1.5669636726379395, 1.629992961883545, 1.5414390563964844, 1.6408352851867676, 1.6442651748657227, 1.6068769693374634, 1.5530911684036255, 1.5988255739212036, 1.6625615358352661, 1.6098606586456299, 1.5858644247055054, 1.6262412071228027, 1.596163272857666, 1.5909767150878906, 1.6595373153686523], "val_acurracy": [0.19398437440395355, 0.17289061844348907, 0.177734375, 0.19132812321186066, 0.25414061546325684, 0.2903124988079071, 0.3069531321525574, 0.3167968690395355, 0.3236718773841858, 0.32124999165534973, 0.32218751311302185, 0.32218751311302185, 0.3314843773841858, 0.33375000953674316, 0.33710938692092896, 0.3359375, 0.33601561188697815, 0.337890625, 0.33140623569488525, 0.3324218690395355, 0.34914061427116394, 0.3600781261920929, 0.35718750953674316, 0.3595312535762787, 0.3617187440395355, 0.36570313572883606, 0.35679686069488525, 0.3563281297683716, 0.3571093678474426, 0.35664063692092896, 0.36109375953674316, 0.36140623688697815, 0.35648438334465027, 0.3565624952316284, 0.35929688811302185, 0.35765624046325684, 0.3570312559604645, 0.35984376072883606, 0.36320313811302185]}