{"loss": [1.4933885335922241, 1.0462759733200073, 0.6569544076919556, 0.8234530091285706, 0.4171134829521179, 0.5607482194900513, 0.6564084887504578, 0.44282910227775574, 0.5885193347930908, 0.4856362044811249, 0.446422815322876, 0.4513058364391327, 0.326854407787323, 0.42084380984306335, 0.46481239795684814, 0.42927441000938416], "acurracy": [0.7385937571525574, 0.8745312690734863, 0.901171863079071, 0.8094531297683716, 0.9326562285423279, 0.8832812309265137, 0.8497655987739563, 0.9089062213897705, 0.860156238079071, 0.8864843845367432, 0.8932031393051147, 0.8899999856948853, 0.9264062643051147, 0.893750011920929, 0.8767969012260437, 0.8858593702316284], "val_loss": [1.8456095457077026, 2.050891160964966, 2.4407970905303955, 2.5330569744110107, 2.909327745437622, 2.928478956222534, 2.8709683418273926, 3.030679225921631, 3.047056198120117, 3.115187406539917, 3.1965982913970947, 3.1338369846343994, 3.2261905670166016, 3.2408511638641357, 3.209656000137329, 3.1996991634368896], "val_acurracy": [0.16843749582767487, 0.16750000417232513, 0.1700781285762787, 0.16734375059604645, 0.16687500476837158, 0.16718749701976776, 0.16796875, 0.1678124964237213, 0.1678124964237213, 0.1686718761920929, 0.16757813096046448, 0.1681250035762787, 0.16960936784744263, 0.16625000536441803, 0.1372656226158142, 0.09093750268220901]}