{"loss": [1.6694459915161133, 1.0730822086334229, 0.5179122090339661, 0.6049042344093323, 0.5799304842948914, 0.5339341163635254, 0.4285343885421753, 0.628226101398468, 0.5528242588043213, 0.4251394271850586, 0.5992890000343323, 0.3906607925891876, 0.5224940776824951, 0.31596094369888306, 0.3780706822872162, 0.5533985495567322], "acurracy": [0.8758593797683716, 0.8667187690734863, 0.9255468845367432, 0.891406238079071, 0.8919531106948853, 0.9004687666893005, 0.9244531393051147, 0.8697656393051147, 0.8857812285423279, 0.9184374809265137, 0.8692968487739563, 0.92578125, 0.883984386920929, 0.9414843916893005, 0.9248437285423279, 0.8743749856948853], "val_loss": [2.55802845954895, 6.8943376541137695, 8.578932762145996, 6.947529315948486, 5.979029655456543, 5.4864935874938965, 4.967379570007324, 3.679797410964966, 3.0577969551086426, 3.017062187194824, 2.688030958175659, 2.7325210571289062, 2.6790771484375, 2.783785343170166, 2.7592499256134033, 2.566351890563965], "val_acurracy": [0.07632812857627869, 0.10882812738418579, 0.14460937678813934, 0.15664061903953552, 0.16304688155651093, 0.16492187976837158, 0.16492187976837158, 0.16773436963558197, 0.16968749463558197, 0.17289061844348907, 0.19898436963558197, 0.21906250715255737, 0.2492968738079071, 0.2561718821525574, 0.271484375, 0.2839062511920929]}