{"loss": [1.5764076709747314, 0.8386443853378296, 0.7393458485603333, 0.4908278286457062, 0.4318946599960327, 0.43243786692619324, 0.455857515335083, 0.41432997584342957, 0.4350184500217438, 0.339747816324234, 0.4667361378669739, 0.45159757137298584, 0.35760509967803955, 0.42830172181129456, 0.3981856107711792, 0.2997434139251709], "acurracy": [0.9175781011581421, 0.9260937571525574, 0.8664844036102295, 0.9087499976158142, 0.9165624976158142, 0.9092968702316284, 0.8994531035423279, 0.908203125, 0.8994531035423279, 0.9249218702316284, 0.883984386920929, 0.8860156536102295, 0.9167187213897705, 0.8911718726158142, 0.9004687666893005, 0.9325781464576721], "val_loss": [2.119962215423584, 4.868054389953613, 4.352721691131592, 4.012754917144775, 3.810953140258789, 3.390669584274292, 3.2044055461883545, 3.0941720008850098, 2.7531540393829346, 2.828345537185669, 2.6026668548583984, 2.614983320236206, 2.4771010875701904, 2.3203482627868652, 2.420433759689331, 2.405670404434204], "val_acurracy": [0.16796875, 0.16914062201976776, 0.16687500476837158, 0.16859374940395355, 0.1697656214237213, 0.16828125715255737, 0.16703124344348907, 0.16929687559604645, 0.1704687476158142, 0.17085938155651093, 0.16804687678813934, 0.16304688155651093, 0.16632813215255737, 0.16148437559604645, 0.15453125536441803, 0.15617187321186066]}