{"loss": [1.400004267692566, 0.8928854465484619, 0.7027235627174377, 0.6180965900421143, 0.71441650390625, 0.6501715183258057, 0.535301685333252, 0.6198668479919434, 0.4162742495536804, 0.32046791911125183, 0.40212497115135193, 0.274877667427063, 0.4862639904022217, 0.5823972821235657, 0.4911046326160431, 0.4947911202907562], "acurracy": [0.7515624761581421, 0.9168750047683716, 0.8686718940734863, 0.8771093487739563, 0.8435937762260437, 0.8599218726158142, 0.891406238079071, 0.8606250286102295, 0.9186718463897705, 0.942578136920929, 0.9164843559265137, 0.949999988079071, 0.8926562666893005, 0.8578125238418579, 0.8832031488418579, 0.8770312666893005], "val_loss": [1.845449686050415, 2.151923894882202, 2.5470714569091797, 2.7737085819244385, 2.7420592308044434, 2.836979866027832, 2.9181275367736816, 2.8411643505096436, 3.0024075508117676, 3.2211763858795166, 3.1261606216430664, 3.1686394214630127, 3.0120317935943604, 2.755972385406494, 2.741694450378418, 2.774837017059326], "val_acurracy": [0.16828125715255737, 0.16718749701976776, 0.16890625655651093, 0.16843749582767487, 0.16882812976837158, 0.16710937023162842, 0.1681250035762787, 0.17109374701976776, 0.17023438215255737, 0.16968749463558197, 0.16718749701976776, 0.1693750023841858, 0.16968749463558197, 0.16953125596046448, 0.16882812976837158, 0.16625000536441803]}