{"loss": [1.274542212486267, 0.43119826912879944, 0.3942911624908447, 0.36170902848243713, 0.33038532733917236, 0.43728652596473694, 0.2577730119228363, 0.26273831725120544, 0.21142368018627167, 0.37586814165115356, 0.39203163981437683, 0.3531433939933777, 0.27589285373687744, 0.2760157585144043, 0.34912022948265076, 0.30557650327682495, 0.3903147578239441, 0.29127752780914307, 0.2869352102279663, 0.2614854872226715, 0.2893507480621338, 0.38121622800827026, 0.3173121511936188, 0.37785065174102783, 0.31626754999160767, 0.20739039778709412, 0.3769077658653259, 0.3725888431072235, 0.3300052583217621, 0.1846364438533783, 0.1696012318134308, 0.18298959732055664], "acurracy": [0.7807031273841858, 0.9010156393051147, 0.907421886920929, 0.9151562452316284, 0.9212499856948853, 0.890625, 0.938671886920929, 0.9385937452316284, 0.9514062404632568, 0.9060156345367432, 0.8969531059265137, 0.9083593487739563, 0.9319531321525574, 0.9292968511581421, 0.9060156345367432, 0.920703113079071, 0.8939843773841858, 0.9255468845367432, 0.9246875047683716, 0.9321093559265137, 0.9216406345367432, 0.8943750262260437, 0.9121875166893005, 0.8946093916893005, 0.9131249785423279, 0.9457031488418579, 0.8885937333106995, 0.8882812261581421, 0.9020312428474426, 0.9549999833106995, 0.9526562690734863, 0.9492968916893005], "val_loss": [1.7800815105438232, 1.9633278846740723, 1.8978561162948608, 1.8659111261367798, 1.845946192741394, 1.7199385166168213, 1.7808605432510376, 1.7544595003128052, 1.7662583589553833, 1.6643414497375488, 1.6008800268173218, 1.5925174951553345, 1.6738154888153076, 1.6345391273498535, 1.6258387565612793, 1.6149555444717407, 1.5629620552062988, 1.6350702047348022, 1.6438403129577637, 1.6586809158325195, 1.655717372894287, 1.6158257722854614, 1.6707446575164795, 1.705437183380127, 1.7825268507003784, 1.8649868965148926, 1.8719035387039185, 1.96941339969635, 1.942167043685913, 2.13378643989563, 2.170424461364746, 2.203896999359131], "val_acurracy": [0.2153906226158142, 0.2936718761920929, 0.3207031190395355, 0.32710936665534973, 0.3304687440395355, 0.3366406261920929, 0.3401562571525574, 0.34617188572883606, 0.3482031226158142, 0.349609375, 0.34703123569488525, 0.3472656309604645, 0.34453123807907104, 0.34273436665534973, 0.3414062559604645, 0.33742186427116394, 0.3382812440395355, 0.3433593809604645, 0.33617186546325684, 0.3328906297683716, 0.3285156190395355, 0.31687501072883606, 0.3119531273841858, 0.3080468773841858, 0.29124999046325684, 0.3064843714237213, 0.28687500953674316, 0.27992188930511475, 0.28953126072883606, 0.2824999988079071, 0.2844531238079071, 0.2817968726158142]}