{"loss": [1.3275823593139648, 0.4123348295688629, 0.42725998163223267, 0.3332928717136383, 0.3227204978466034, 0.3794873356819153, 0.35449257493019104, 0.2721402645111084, 0.43790844082832336, 0.2896442115306854, 0.34019139409065247, 0.28937166929244995, 0.3245562016963959, 0.24493157863616943, 0.18818046152591705, 0.30255305767059326, 0.13102306425571442, 0.21653902530670166, 0.1674554944038391, 0.15600788593292236, 0.31086400151252747, 0.18519727885723114, 0.1089109405875206, 0.1600673347711563], "acurracy": [0.8212500214576721, 0.9332031011581421, 0.9021093845367432, 0.9201562404632568, 0.9204687476158142, 0.9001562595367432, 0.9041406512260437, 0.9289844036102295, 0.8675000071525574, 0.9142968654632568, 0.8952343463897705, 0.9089062213897705, 0.888671875, 0.9161718487739563, 0.9371093511581421, 0.8812500238418579, 0.953906238079071, 0.9120312333106995, 0.9352343678474426, 0.9353125095367432, 0.8651562333106995, 0.9232031106948853, 0.955078125, 0.9351562261581421], "val_loss": [1.7842278480529785, 2.1158695220947266, 1.9326318502426147, 1.9328500032424927, 1.867662787437439, 1.7490588426589966, 1.6805033683776855, 1.7438768148422241, 1.603360652923584, 1.763176679611206, 1.6085176467895508, 1.6961736679077148, 1.6271079778671265, 1.7288380861282349, 1.7234495878219604, 1.7724498510360718, 1.8688331842422485, 1.6293995380401611, 1.7706005573272705, 1.7931655645370483, 1.7744334936141968, 1.8465657234191895, 1.8962794542312622, 1.8682663440704346], "val_acurracy": [0.34156250953674316, 0.3467968702316284, 0.3446093797683716, 0.3446093797683716, 0.341796875, 0.34078124165534973, 0.3469531238079071, 0.3473437428474426, 0.3511718809604645, 0.34453123807907104, 0.3453906178474426, 0.34507811069488525, 0.35164061188697815, 0.34757813811302185, 0.3435937464237213, 0.3560156226158142, 0.35874998569488525, 0.3666406273841858, 0.359375, 0.3638281226158142, 0.36140623688697815, 0.3557812571525574, 0.36656248569488525, 0.36765626072883606]}