{"loss": [1.1000361442565918, 0.4884173274040222, 0.42956653237342834, 0.5651564002037048, 0.4069420099258423, 0.461527019739151, 0.4228031635284424, 0.6197257041931152, 0.32647183537483215, 0.5806962847709656, 0.4870775640010834, 0.39488816261291504, 0.2877812087535858, 0.35676470398902893, 0.38529303669929504, 0.4841043949127197, 0.3336470127105713, 0.2865133583545685, 0.33889639377593994], "acurracy": [0.8510156273841858, 0.9100000262260437, 0.9178906083106995, 0.8776562213897705, 0.919921875, 0.9026562571525574, 0.9131249785423279, 0.8587499856948853, 0.9393749833106995, 0.8614062666893005, 0.8878124952316284, 0.9161718487739563, 0.9411718845367432, 0.9188281297683716, 0.9127343893051147, 0.8827343583106995, 0.9278905987739563, 0.9348437786102295, 0.9214843511581421], "val_loss": [1.8037834167480469, 1.8441390991210938, 1.8391612768173218, 1.7812024354934692, 1.7862604856491089, 1.7973171472549438, 1.7904243469238281, 1.7992404699325562, 1.8099747896194458, 1.8699499368667603, 1.894526481628418, 1.9824236631393433, 1.9798016548156738, 2.093074083328247, 2.139230966567993, 2.2992818355560303, 2.3139171600341797, 2.363116502761841, 2.3904123306274414], "val_acurracy": [0.25367188453674316, 0.28773438930511475, 0.30156248807907104, 0.29023438692092896, 0.2914062440395355, 0.29343751072883606, 0.2839062511920929, 0.23132812976837158, 0.2485937476158142, 0.16249999403953552, 0.1814843714237213, 0.14000000059604645, 0.17210938036441803, 0.11210937798023224, 0.10796874761581421, 0.06148437410593033, 0.07976562529802322, 0.0859375, 0.09218750149011612]}