{"loss": [1.5707157850265503, 0.7804317474365234, 0.6527454853057861, 0.631114661693573, 0.578301191329956, 0.36320415139198303, 0.4969075322151184, 0.5929044485092163, 0.46420925855636597, 0.654543399810791, 0.37290680408477783, 0.4323878586292267, 0.4297221302986145, 0.4763669967651367, 0.5055074095726013, 0.40964725613594055], "acurracy": [0.725781261920929, 0.9261718988418579, 0.9002344012260437, 0.8946093916893005, 0.9010937213897705, 0.9496093988418579, 0.9097656011581421, 0.8764062523841858, 0.9067187309265137, 0.8342968821525574, 0.9252343773841858, 0.9001562595367432, 0.8983593583106995, 0.8832812309265137, 0.867968738079071, 0.9001562595367432], "val_loss": [2.007843017578125, 3.498772382736206, 4.0290913581848145, 4.15837287902832, 4.398393154144287, 4.8038763999938965, 4.752657890319824, 4.158553600311279, 4.435998916625977, 4.142611980438232, 4.706063747406006, 4.488001823425293, 4.494549751281738, 4.412665367126465, 4.318663120269775, 4.509284019470215], "val_acurracy": [0.16882812976837158, 0.16843749582767487, 0.1667187511920929, 0.16710937023162842, 0.17070312798023224, 0.16750000417232513, 0.16796875, 0.17140625417232513, 0.1686718761920929, 0.16750000417232513, 0.16734375059604645, 0.1647656261920929, 0.1661718785762787, 0.1640625, 0.15664061903953552, 0.16007812321186066]}