{"loss": [1.459610104560852, 0.4721008241176605, 0.38806065917015076, 0.4370514750480652, 0.4304073452949524, 0.38875964283943176, 0.4105852544307709, 0.3038259446620941, 0.22479553520679474, 0.38335150480270386, 0.2724307179450989, 0.47815367579460144, 0.35375186800956726, 0.4716058373451233, 0.47006484866142273, 0.2832659184932709, 0.23893234133720398, 0.3245514929294586, 0.3795882761478424, 0.34677115082740784, 0.327094167470932, 0.3213697075843811, 0.28342586755752563, 0.3413071036338806, 0.30645933747291565, 0.3037065863609314, 0.31512728333473206], "acurracy": [0.7178906202316284, 0.9283593893051147, 0.9160937666893005, 0.8992968797683716, 0.9006249904632568, 0.9105468988418579, 0.8999999761581421, 0.9318749904632568, 0.9500781297683716, 0.9092968702316284, 0.9382030963897705, 0.8735937476158142, 0.9134374856948853, 0.876171886920929, 0.8746874928474426, 0.9310937523841858, 0.9461718797683716, 0.916796863079071, 0.895703136920929, 0.9057812690734863, 0.9129687547683716, 0.9118750095367432, 0.9257031083106995, 0.9051562547683716, 0.9123437404632568, 0.9107812643051147, 0.9057812690734863], "val_loss": [1.7248364686965942, 1.9096838235855103, 1.8545746803283691, 1.7706027030944824, 1.7328829765319824, 1.6740260124206543, 1.635991096496582, 1.642798662185669, 1.7254468202590942, 1.5778416395187378, 1.63039231300354, 1.5675889253616333, 1.6340992450714111, 1.6193612813949585, 1.6014937162399292, 1.655253291130066, 1.696563720703125, 1.6951969861984253, 1.709925889968872, 1.7786632776260376, 1.8154478073120117, 1.9034030437469482, 1.9533891677856445, 2.044912576675415, 2.1485109329223633, 2.181030035018921, 2.3082938194274902], "val_acurracy": [0.3362500071525574, 0.3434374928474426, 0.3440625071525574, 0.33687499165534973, 0.3275781273841858, 0.33320313692092896, 0.33421874046325684, 0.33054688572883606, 0.3387500047683716, 0.34562501311302185, 0.3421093821525574, 0.333984375, 0.33335936069488525, 0.3327343761920929, 0.3275781273841858, 0.32289063930511475, 0.32343751192092896, 0.3162499964237213, 0.2984375059604645, 0.2922656238079071, 0.28968751430511475, 0.28929686546325684, 0.2819531261920929, 0.25968751311302185, 0.2640624940395355, 0.2622656226158142, 0.25687500834465027]}