{"loss": [1.3835439682006836, 0.507743775844574, 0.3736824095249176, 0.2604357600212097, 0.4862043857574463, 0.36424702405929565, 0.32181668281555176, 0.280487060546875, 0.25148680806159973, 0.32131707668304443, 0.1952676922082901, 0.27265217900276184, 0.20119565725326538, 0.2038319706916809, 0.1321006417274475, 0.13631699979305267, 0.10913236439228058, 0.12316420674324036, 0.18482352793216705, 0.2105386108160019, 0.17403869330883026, 0.15627770125865936, 0.19806036353111267, 0.1837841272354126, 0.1427163928747177, 0.1695510745048523, 0.23298169672489166, 0.2089473009109497], "acurracy": [0.8063281178474426, 0.8928906321525574, 0.9164062738418579, 0.9417968988418579, 0.8706250190734863, 0.9018750190734863, 0.9100781083106995, 0.9225000143051147, 0.9280468821525574, 0.8979687690734863, 0.9423437714576721, 0.9087499976158142, 0.9320312738418579, 0.921093761920929, 0.9499218463897705, 0.9448437690734863, 0.9572656154632568, 0.9482031464576721, 0.9134374856948853, 0.9046093821525574, 0.9207812547683716, 0.9282031059265137, 0.9069530963897705, 0.9144531488418579, 0.9327343702316284, 0.919921875, 0.8889062404632568, 0.9007812738418579], "val_loss": [1.7673382759094238, 2.0262207984924316, 2.005052089691162, 2.065828800201416, 1.7716823816299438, 1.7411895990371704, 1.7644046545028687, 1.7487874031066895, 1.7642816305160522, 1.69669508934021, 1.6820437908172607, 1.5477296113967896, 1.542220115661621, 1.555237889289856, 1.618314266204834, 1.6920247077941895, 1.753126621246338, 1.7326678037643433, 1.7489694356918335, 1.7592997550964355, 1.7168995141983032, 1.8042503595352173, 1.7267768383026123, 1.709722876548767, 1.7696418762207031, 1.7340322732925415, 1.686875343322754, 1.6525181531906128], "val_acurracy": [0.30937498807907104, 0.34648436307907104, 0.34507811069488525, 0.3453906178474426, 0.3479687571525574, 0.3482031226158142, 0.3473437428474426, 0.34773436188697815, 0.34664061665534973, 0.34671875834465027, 0.35078126192092896, 0.3501562476158142, 0.3557812571525574, 0.35648438334465027, 0.35328125953674316, 0.35640624165534973, 0.35499998927116394, 0.3570312559604645, 0.3648437559604645, 0.3595312535762787, 0.3563281297683716, 0.3571093678474426, 0.3634375035762787, 0.3568750023841858, 0.35734376311302185, 0.35749998688697815, 0.36031249165534973, 0.36695313453674316]}