{"loss": [1.6726733446121216, 1.2550621032714844, 0.7011489272117615, 0.5784246325492859, 0.6413088440895081, 0.49858301877975464, 0.3841674029827118, 0.4859270751476288, 0.46051913499832153, 0.35639750957489014, 0.30492958426475525, 0.31375086307525635, 0.23624379932880402, 0.353729784488678, 0.23909065127372742, 0.35700976848602295, 0.2668988108634949, 0.26088759303092957, 0.30024537444114685, 0.3790794014930725, 0.30051708221435547, 0.26289427280426025, 0.2785577178001404, 0.1915343701839447, 0.4688189625740051, 0.2533056139945984, 0.19325768947601318, 0.32012099027633667, 0.3176376223564148, 0.3305349349975586, 0.3254624903202057, 0.24801450967788696, 0.2187851518392563, 0.2847472131252289, 0.34248852729797363, 0.357269287109375, 0.3017476797103882, 0.18220235407352448, 0.22565659880638123, 0.1963682323694229, 0.38073596358299255, 0.2706267535686493, 0.2572062015533447, 0.25688478350639343, 0.24659913778305054, 0.30711424350738525, 0.4338795840740204, 0.18752974271774292, 0.20285961031913757, 0.21924443542957306, 0.2350367158651352, 0.18372687697410583, 0.3809502124786377, 0.2042788714170456, 0.1902691125869751, 0.3630481958389282, 0.23276089131832123, 0.32425814867019653, 0.250173419713974, 0.21967065334320068, 0.290298193693161, 0.33109068870544434, 0.16207914054393768, 0.28169819712638855, 0.281882643699646, 0.30512285232543945, 0.2112444043159485, 0.21444973349571228, 0.33239665627479553, 0.23126275837421417, 0.1796436756849289, 0.2814135253429413, 0.3074173927307129, 0.16058744490146637, 0.24424076080322266, 0.22839480638504028, 0.22642263770103455, 0.1701778620481491, 0.2858845293521881, 0.23199474811553955, 0.19429340958595276, 0.26924994587898254, 0.22458896040916443, 0.28519973158836365], "acurracy": [0.6252343654632568, 0.9426562786102295, 0.9261718988418579, 0.8909375071525574, 0.8594531416893005, 0.892578125, 0.9182031154632568, 0.8763281106948853, 0.8771093487739563, 0.9077343940734863, 0.9224218726158142, 0.9192187786102295, 0.9397656321525574, 0.9014062285423279, 0.9357812404632568, 0.8939062356948853, 0.924609363079071, 0.922656238079071, 0.9085937738418579, 0.8790624737739563, 0.9028906226158142, 0.9211719036102295, 0.9125000238418579, 0.9428906440734863, 0.8452343940734863, 0.9227343797683716, 0.9419531226158142, 0.8929687738418579, 0.8964062333106995, 0.8917187452316284, 0.8930468559265137, 0.921093761920929, 0.9292968511581421, 0.9083593487739563, 0.8837500214576721, 0.8801562786102295, 0.8939062356948853, 0.9442968964576721, 0.9296875, 0.939453125, 0.8680468797683716, 0.9060156345367432, 0.9166406393051147, 0.9159374833106995, 0.916796863079071, 0.8956249952316284, 0.8434374928474426, 0.9436718821525574, 0.9369531273841858, 0.9291406273841858, 0.9202343821525574, 0.9424218535423279, 0.8612499833106995, 0.9349218606948853, 0.9371874928474426, 0.8700000047683716, 0.9232812523841858, 0.891796886920929, 0.9174218773841858, 0.9293749928474426, 0.9036718606948853, 0.8832031488418579, 0.9496874809265137, 0.9024999737739563, 0.9033593535423279, 0.8892968893051147, 0.9303125143051147, 0.9276562333106995, 0.8793749809265137, 0.9239062666893005, 0.9435937404632568, 0.9036718606948853, 0.8889843821525574, 0.9488281011581421, 0.916015625, 0.9224218726158142, 0.923046886920929, 0.9457812309265137, 0.8968750238418579, 0.9225780963897705, 0.9385156035423279, 0.9019531011581421, 0.9217187762260437, 0.8978906273841858], "val_loss": [1.8059861660003662, 2.031862258911133, 2.710193157196045, 2.744222640991211, 2.441969156265259, 2.448560953140259, 2.2897896766662598, 2.1285698413848877, 1.9971473217010498, 1.948359489440918, 1.8642653226852417, 1.801824688911438, 1.7700104713439941, 1.6719735860824585, 1.6401575803756714, 1.5593116283416748, 1.5200915336608887, 1.5012115240097046, 1.4579405784606934, 1.4142985343933105, 1.4091490507125854, 1.4144827127456665, 1.4029501676559448, 1.4188989400863647, 1.3450742959976196, 1.372328758239746, 1.4007023572921753, 1.3664801120758057, 1.365015983581543, 1.3446533679962158, 1.3429874181747437, 1.3525505065917969, 1.3707494735717773, 1.3467086553573608, 1.333530068397522, 1.3348917961120605, 1.327146053314209, 1.361303448677063, 1.3703819513320923, 1.3676735162734985, 1.3172581195831299, 1.3178998231887817, 1.3314076662063599, 1.3239632844924927, 1.3306787014007568, 1.319685459136963, 1.2865004539489746, 1.3271472454071045, 1.3560055494308472, 1.3450398445129395, 1.3322498798370361, 1.3419238328933716, 1.3159458637237549, 1.3364968299865723, 1.3411586284637451, 1.2999167442321777, 1.312261939048767, 1.2927058935165405, 1.3158314228057861, 1.3192319869995117, 1.3113490343093872, 1.2849594354629517, 1.3114184141159058, 1.2979674339294434, 1.2895599603652954, 1.285284399986267, 1.303830862045288, 1.3107459545135498, 1.2831377983093262, 1.3015778064727783, 1.3204928636550903, 1.2994933128356934, 1.2871333360671997, 1.3086318969726562, 1.3028960227966309, 1.2935904264450073, 1.2932178974151611, 1.304947853088379, 1.302710771560669, 1.2910795211791992, 1.3000046014785767, 1.2872040271759033, 1.288875699043274, 1.2851893901824951], "val_acurracy": [0.16828125715255737, 0.1697656214237213, 0.16789062321186066, 0.16953125596046448, 0.16820313036441803, 0.18250000476837158, 0.2547656297683716, 0.29296875, 0.3075000047683716, 0.3149999976158142, 0.3268750011920929, 0.33656251430511475, 0.3402343690395355, 0.34437501430511475, 0.3421093821525574, 0.34031251072883606, 0.3395312428474426, 0.34132811427116394, 0.34273436665534973, 0.3377343714237213, 0.3362500071525574, 0.3371874988079071, 0.33031249046325684, 0.3370312452316284, 0.33960938453674316, 0.33812499046325684, 0.34375, 0.3370312452316284, 0.3364843726158142, 0.34132811427116394, 0.3401562571525574, 0.34242188930511475, 0.35132813453674316, 0.3432031273841858, 0.3442968726158142, 0.3414062559604645, 0.3421093821525574, 0.3402343690395355, 0.3433593809604645, 0.33992186188697815, 0.3430468738079071, 0.3432031273841858, 0.33960938453674316, 0.34492188692092896, 0.34257811307907104, 0.34007811546325684, 0.33890625834465027, 0.3471093773841858, 0.34492188692092896, 0.34562501311302185, 0.34328123927116394, 0.3442968726158142, 0.34078124165534973, 0.3356249928474426, 0.3430468738079071, 0.3396874964237213, 0.3421874940395355, 0.34296876192092896, 0.33710938692092896, 0.34062498807907104, 0.3419531285762787, 0.34773436188697815, 0.34968748688697815, 0.34523436427116394, 0.3490625023841858, 0.3460937440395355, 0.3489062488079071, 0.34789061546325684, 0.3453906178474426, 0.3435937464237213, 0.34031251072883606, 0.34226563572883606, 0.34562501311302185, 0.3467968702316284, 0.34085938334465027, 0.3435937464237213, 0.3423437476158142, 0.3439062535762787, 0.34257811307907104, 0.3483593761920929, 0.3448437452316284, 0.3453906178474426, 0.34648436307907104, 0.34062498807907104]}