{"loss": [1.7238812446594238, 1.2099660634994507, 0.635810375213623, 0.5629374980926514, 0.5591926574707031, 0.44453638792037964, 0.43107008934020996, 0.580402672290802, 0.32992130517959595, 0.5780239105224609, 0.7385711669921875, 0.46822166442871094, 0.5703521370887756, 0.7430872321128845, 0.5509327054023743, 0.3884871304035187], "acurracy": [0.844531238079071, 0.8670312762260437, 0.8932031393051147, 0.9024999737739563, 0.9006249904632568, 0.9264843463897705, 0.9267187714576721, 0.8938281536102295, 0.9502343535423279, 0.8926562666893005, 0.8506249785423279, 0.9173437356948853, 0.8901562690734863, 0.8414843678474426, 0.8924999833106995, 0.9329687356948853], "val_loss": [2.0721232891082764, 7.697808742523193, 10.340788841247559, 9.820659637451172, 9.589805603027344, 9.921520233154297, 9.977519989013672, 8.753453254699707, 9.389934539794922, 8.594356536865234, 6.644853115081787, 7.252725601196289, 6.515923500061035, 5.175612926483154, 5.142150402069092, 5.625229358673096], "val_acurracy": [0.08617187291383743, 0.05429687350988388, 0.03257812559604645, 0.026249999180436134, 0.023671874776482582, 0.02437499910593033, 0.026015624403953552, 0.029218750074505806, 0.032109376043081284, 0.03789062425494194, 0.050312500447034836, 0.05296875163912773, 0.06414062529802322, 0.08195312321186066, 0.08703125268220901, 0.08929687738418579]}