{"loss": [0.4884396493434906, 0.2955639362335205, 0.19157323241233826, 0.27043747901916504, 0.18909060955047607, 0.1812964379787445], "acurracy": [0.8663281202316284, 0.9045312404632568, 0.9340624809265137, 0.8947656154632568, 0.924609363079071, 0.9257031083106995], "val_loss": [2.183420181274414, 2.3927202224731445, 2.7376773357391357, 3.1852469444274902, 3.523545265197754, 3.7106926441192627], "val_acurracy": [0.16234375536441803, 0.13859374821186066, 0.13804687559604645, 0.14085938036441803, 0.14757812023162842, 0.14359374344348907]}