{"loss": [0.677224338054657, 0.36730360984802246, 0.34275543689727783, 0.2178931087255478, 0.13873495161533356, 0.2010088711977005, 0.2808714509010315, 0.15739500522613525, 0.27695363759994507, 0.13854317367076874, 0.16391129791736603, 0.224416583776474], "acurracy": [0.7903906106948853, 0.883593738079071, 0.8743749856948853, 0.9150000214576721, 0.9452343583106995, 0.9155468940734863, 0.878125011920929, 0.9311718940734863, 0.8760156035423279, 0.9384375214576721, 0.9276562333106995, 0.8948437571525574], "val_loss": [1.929650902748108, 1.9065072536468506, 1.868634819984436, 1.9407942295074463, 2.0673201084136963, 2.0453412532806396, 1.7793408632278442, 2.005734920501709, 1.830641746520996, 2.069737434387207, 2.1239371299743652, 1.8857423067092896], "val_acurracy": [0.18250000476837158, 0.19117186963558197, 0.20656250417232513, 0.20742186903953552, 0.2024218738079071, 0.20710937678813934, 0.2503906190395355, 0.21937499940395355, 0.2446874976158142, 0.22312499582767487, 0.2189062535762787, 0.24257811903953552]}