{"loss": [0.781657874584198, 0.301752507686615, 0.2750402092933655, 0.2755199670791626, 0.20429126918315887, 0.17809127271175385, 0.24492111802101135, 0.22193317115306854, 0.16749626398086548, 0.24287797510623932, 0.20328713953495026, 0.20278500020503998, 0.19061517715454102, 0.24689410626888275, 0.2315778136253357, 0.18647316098213196, 0.05998371168971062, 0.19812169671058655, 0.083652563393116, 0.2324078232049942, 0.1594078093767166], "acurracy": [0.7507030963897705, 0.9024999737739563, 0.9007812738418579, 0.8914843797683716, 0.9153906106948853, 0.9260937571525574, 0.8939062356948853, 0.9030468463897705, 0.9264062643051147, 0.8927343487739563, 0.9073437452316284, 0.9071093797683716, 0.9114062786102295, 0.8864843845367432, 0.8920312523841858, 0.9114843606948853, 0.9720312356948853, 0.903124988079071, 0.9608593583106995, 0.8888280987739563, 0.9221875071525574], "val_loss": [1.784696102142334, 1.564918041229248, 1.475227952003479, 1.4266564846038818, 1.4229416847229004, 1.3906664848327637, 1.3675596714019775, 1.3537200689315796, 1.3096064329147339, 1.3030555248260498, 1.2872542142868042, 1.29532790184021, 1.2943872213363647, 1.2844293117523193, 1.2588502168655396, 1.2485015392303467, 1.284257411956787, 1.263028621673584, 1.2860866785049438, 1.270405888557434, 1.2731553316116333], "val_acurracy": [0.28203123807907104, 0.29039061069488525, 0.2890625, 0.2925781309604645, 0.28984373807907104, 0.2936718761920929, 0.2979687452316284, 0.3011718690395355, 0.29750001430511475, 0.29390624165534973, 0.3238281309604645, 0.3207031190395355, 0.3254687488079071, 0.32554686069488525, 0.3306249976158142, 0.3250781297683716, 0.32273438572883606, 0.3215624988079071, 0.32234373688697815, 0.3264843821525574, 0.33070313930511475]}