{"loss": [0.594460129737854, 0.19989891350269318, 0.28231343626976013, 0.2236872911453247, 0.1436397135257721, 0.18943896889686584], "acurracy": [0.8169531226158142, 0.9379687309265137, 0.8955468535423279, 0.9085156321525574, 0.9389843940734863, 0.9170312285423279], "val_loss": [1.9738050699234009, 2.2515556812286377, 2.296027421951294, 2.512869119644165, 2.739945650100708, 2.6276400089263916], "val_acurracy": [0.18593749403953552, 0.17781250178813934, 0.1661718785762787, 0.17499999701976776, 0.17546874284744263, 0.1802343726158142]}