{"loss": [0.9160599708557129, 0.4879738986492157, 0.46635696291923523, 0.5777491927146912, 0.6461519002914429, 0.44598814845085144], "acurracy": [0.7818750143051147, 0.9192968606948853, 0.9233593940734863, 0.8982031345367432, 0.8739843964576721, 0.9215624928474426], "val_loss": [2.022423028945923, 2.2394495010375977, 2.3455893993377686, 2.4961354732513428, 2.827850341796875, 3.2843096256256104], "val_acurracy": [0.16820313036441803, 0.1665624976158142, 0.16648437082767487, 0.1510937511920929, 0.10312499850988388, 0.07710937410593033]}