{"loss": [1.1004852056503296, 0.7993907928466797, 0.603748083114624, 0.41564473509788513, 0.6415863037109375, 0.5539315938949585], "acurracy": [0.6797656416893005, 0.842578113079071, 0.8848437666893005, 0.9309375286102295, 0.8744531273841858, 0.8887500166893005], "val_loss": [2.02053165435791, 2.147200107574463, 2.3442342281341553, 2.530566930770874, 2.873521089553833, 3.305940628051758], "val_acurracy": [0.1482812464237213, 0.09398437291383743, 0.09046874940395355, 0.08226562291383743, 0.04593750089406967, 0.041015625]}