{"loss": [0.7497827410697937, 0.231906458735466, 0.22711962461471558, 0.34359946846961975, 0.25302988290786743, 0.2580885589122772, 0.22670139372348785, 0.11511815339326859, 0.19077280163764954], "acurracy": [0.7522656321525574, 0.9357812404632568, 0.9236719012260437, 0.8692187666893005, 0.9010937213897705, 0.8951562643051147, 0.9064062237739563, 0.9538280963897705, 0.9203906059265137], "val_loss": [2.0195469856262207, 2.0642495155334473, 2.061030626296997, 1.9730497598648071, 2.053921699523926, 2.0217177867889404, 2.033612012863159, 2.2607920169830322, 2.0695273876190186], "val_acurracy": [0.1990624964237213, 0.18468749523162842, 0.1614062488079071, 0.18585938215255737, 0.1867968738079071, 0.18882812559604645, 0.19617187976837158, 0.17578125, 0.18453125655651093]}