{"loss": [0.9522246718406677, 0.4577242136001587, 0.14370085299015045, 0.2153819054365158, 0.22022002935409546, 0.21092171967029572, 0.11884579062461853], "acurracy": [0.6864062547683716, 0.8586719036102295, 0.9551562666893005, 0.9220312237739563, 0.9154687523841858, 0.9157031178474426, 0.9517968893051147], "val_loss": [2.251587390899658, 1.9442111253738403, 2.1286542415618896, 2.1325082778930664, 2.1812362670898438, 2.112813711166382, 2.203808546066284], "val_acurracy": [0.18367187678813934, 0.18531249463558197, 0.16109375655651093, 0.1784375011920929, 0.19249999523162842, 0.2071875035762787, 0.19374999403953552]}