{"loss": [0.4703517556190491, 0.36397847533226013, 0.2651776373386383, 0.2095363289117813, 0.21506915986537933, 0.15104985237121582], "acurracy": [0.8662499785423279, 0.8835155963897705, 0.9019531011581421, 0.9172656536102295, 0.9100781083106995, 0.9359375238418579], "val_loss": [2.2904460430145264, 2.595034599304199, 3.0941295623779297, 3.405613899230957, 3.4956259727478027, 3.7258474826812744], "val_acurracy": [0.17109374701976776, 0.17148438096046448, 0.1725781261920929, 0.15578125417232513, 0.14976562559604645, 0.16093750298023224]}