{"loss": [1.4048280715942383, 0.734018087387085, 0.5115854144096375, 0.6878043413162231, 0.5753664970397949, 0.7168246507644653], "acurracy": [0.5544531345367432, 0.860156238079071, 0.9124218821525574, 0.8658593893051147, 0.8902343511581421, 0.8467968702316284], "val_loss": [2.0595297813415527, 2.4613873958587646, 2.9248151779174805, 3.306929111480713, 3.7766473293304443, 4.554873466491699], "val_acurracy": [0.17679686844348907, 0.16570311784744263, 0.1639062464237213, 0.11460937559604645, 0.08351562172174454, 0.05562499910593033]}