{"loss": [0.5810248255729675, 0.2701821029186249, 0.20630313456058502, 0.25128674507141113, 0.22960476577281952, 0.19219499826431274, 0.21659891307353973, 0.2284037172794342, 0.19103287160396576, 0.09046760201454163, 0.10401174426078796, 0.20836769044399261, 0.24972526729106903], "acurracy": [0.8181250095367432, 0.9147655963897705, 0.9260156154632568, 0.9006249904632568, 0.9039062261581421, 0.9160937666893005, 0.9060937762260437, 0.8989062309265137, 0.9126562476158142, 0.9607812762260437, 0.9532031416893005, 0.9053906202316284, 0.8842968940734863], "val_loss": [2.0358827114105225, 1.8797290325164795, 1.8357576131820679, 1.6918809413909912, 1.674688696861267, 1.68955397605896, 1.6838173866271973, 1.6270854473114014, 1.686193585395813, 1.867446780204773, 1.9453701972961426, 1.7620363235473633, 1.6695740222930908], "val_acurracy": [0.20601563155651093, 0.21476562321186066, 0.21328124403953552, 0.24351562559604645, 0.2569531202316284, 0.2586718797683716, 0.2667187452316284, 0.2677343785762787, 0.2650781273841858, 0.2435937523841858, 0.23804686963558197, 0.25648438930511475, 0.27156248688697815]}