{"loss": [0.9969702363014221, 0.40323421359062195, 0.685090959072113, 0.595247745513916, 0.5086244940757751, 0.5653282403945923], "acurracy": [0.7077343463897705, 0.9384375214576721, 0.8739062547683716, 0.8860937356948853, 0.9056249856948853, 0.8825781345367432], "val_loss": [2.0956616401672363, 2.285865545272827, 2.4063379764556885, 2.8235976696014404, 3.329834222793579, 3.8975439071655273], "val_acurracy": [0.17125000059604645, 0.16843749582767487, 0.11210937798023224, 0.07023437321186066, 0.04585937410593033, 0.031953126192092896]}