{"loss": [0.7391384840011597, 0.3398568332195282, 0.2510836124420166, 0.17191743850708008, 0.09379445761442184, 0.18839895725250244, 0.17741496860980988, 0.19248269498348236, 0.234552264213562, 0.25929850339889526, 0.19270740449428558, 0.1289786398410797, 0.141386941075325, 0.19019536674022675, 0.057419560849666595], "acurracy": [0.7567968964576721, 0.8980468511581421, 0.9121875166893005, 0.9362499713897705, 0.9639843702316284, 0.9221093654632568, 0.92578125, 0.9177343845367432, 0.8960937261581421, 0.8828125, 0.9110937714576721, 0.9410156011581421, 0.9337499737739563, 0.9115625023841858, 0.9731249809265137], "val_loss": [2.0772757530212402, 1.882859706878662, 1.790189504623413, 1.7448134422302246, 1.8066296577453613, 1.6273454427719116, 1.57367742061615, 1.5318683385849, 1.466341257095337, 1.4090543985366821, 1.463287353515625, 1.4984652996063232, 1.5023895502090454, 1.4815624952316284, 1.6188023090362549], "val_acurracy": [0.18976563215255737, 0.18859374523162842, 0.21085937321186066, 0.2297656238079071, 0.2219531238079071, 0.2554687559604645, 0.26078125834465027, 0.2737500071525574, 0.27140626311302185, 0.3014843761920929, 0.3137499988079071, 0.2989843785762787, 0.3020312488079071, 0.30281248688697815, 0.28421875834465027]}