{"loss": [1.7055169343948364, 1.4477583169937134, 1.2109664678573608, 1.103193998336792, 0.9714187383651733, 1.0469889640808105, 1.000179648399353, 0.9548976421356201, 0.9579271078109741, 1.0066206455230713, 0.8703004717826843, 0.9563591480255127, 0.8863776326179504, 0.8044546246528625, 0.8527098894119263, 0.8043450713157654, 0.8901675939559937, 0.8298475742340088, 0.8628636002540588, 0.8015780448913574, 0.7272395491600037, 0.7498084902763367, 0.7536051869392395, 0.6226183772087097, 0.7046366930007935, 0.638446569442749, 0.6941673159599304, 0.74334317445755, 0.7931041121482849, 0.621299147605896, 0.7267550826072693, 0.7168881893157959, 0.5742160677909851, 0.6404018402099609, 0.5972335934638977, 0.6444242000579834, 0.7169379591941833, 0.6517804861068726, 0.8142448663711548, 0.6682635545730591], "acurracy": [0.43843749165534973, 0.5375000238418579, 0.5918750166893005, 0.621874988079071, 0.6762499809265137, 0.6299999952316284, 0.6356250047683716, 0.6443750262260437, 0.6331250071525574, 0.6081249713897705, 0.6659374833106995, 0.6237499713897705, 0.6371874809265137, 0.6753125190734863, 0.6490625143051147, 0.6668750047683716, 0.6253125071525574, 0.645312488079071, 0.6340625286102295, 0.6462500095367432, 0.6725000143051147, 0.6528124809265137, 0.6571875214576721, 0.715624988079071, 0.6775000095367432, 0.7003124952316284, 0.6615625023841858, 0.6399999856948853, 0.6184375286102295, 0.7049999833106995, 0.6493750214576721, 0.6590625047683716, 0.7181249856948853, 0.6946874856948853, 0.7093750238418579, 0.6853125095367432, 0.6434375047683716, 0.6743749976158142, 0.6037499904632568, 0.6693750023841858], "val_loss": [1.8256829977035522, 1.442629337310791, 1.3695064783096313, 1.3338770866394043, 1.3699647188186646, 1.402876615524292, 1.3644963502883911, 1.3486253023147583, 1.3440486192703247, 1.3312556743621826, 1.322036862373352, 1.298027515411377, 1.266316533088684, 1.2831252813339233, 1.2824667692184448, 1.2790457010269165, 1.2242975234985352, 1.2283469438552856, 1.2115100622177124, 1.2129932641983032, 1.193814754486084, 1.1957093477249146, 1.2086392641067505, 1.2410309314727783, 1.1878107786178589, 1.2347595691680908, 1.183077335357666, 1.1736968755722046, 1.1773910522460938, 1.163893461227417, 1.165353775024414, 1.189064383506775, 1.1905134916305542, 1.1739295721054077, 1.2117236852645874, 1.1751987934112549, 1.1745460033416748, 1.1842674016952515, 1.1675879955291748, 1.199744462966919], "val_acurracy": [0.21687500178813934, 0.2943750023841858, 0.30812498927116394, 0.31062498688697815, 0.33375000953674316, 0.32499998807907104, 0.32593750953674316, 0.31843748688697815, 0.3375000059604645, 0.3174999952316284, 0.32093751430511475, 0.3309375047683716, 0.3190625011920929, 0.3243750035762787, 0.3228124976158142, 0.31468749046325684, 0.3228124976158142, 0.3190625011920929, 0.33656251430511475, 0.3321875035762787, 0.3165625035762787, 0.3178125023841858, 0.32593750953674316, 0.3203125, 0.33125001192092896, 0.3203125, 0.34187498688697815, 0.32906249165534973, 0.3371874988079071, 0.3515625, 0.3256250023841858, 0.33531248569488525, 0.3321875035762787, 0.33937498927116394, 0.35624998807907104, 0.34187498688697815, 0.34187498688697815, 0.3531250059604645, 0.36500000953674316, 0.3218750059604645]}