{"loss": [0.7310369610786438, 0.30925291776657104, 0.19791917502880096, 0.2118619680404663, 0.2172357439994812, 0.19427496194839478], "acurracy": [0.7632031440734863, 0.8967968821525574, 0.9281250238418579, 0.9176562428474426, 0.9094531536102295, 0.91796875], "val_loss": [2.025935411453247, 2.621201992034912, 3.093945026397705, 3.4451684951782227, 3.6820828914642334, 3.9042413234710693], "val_acurracy": [0.14921875298023224, 0.13906249403953552, 0.14406250417232513, 0.15046875178813934, 0.1510937511920929, 0.1438281238079071]}