{"loss": [1.026576280593872, 0.39723891019821167, 0.5833548903465271, 0.41850870847702026, 0.8961300849914551, 0.6988873481750488], "acurracy": [0.6852343678474426, 0.9381250143051147, 0.897656261920929, 0.9315624833106995, 0.8078906536102295, 0.8440625071525574], "val_loss": [2.08744740486145, 2.4596519470214844, 2.4246480464935303, 2.7301764488220215, 2.826796770095825, 3.571737766265869], "val_acurracy": [0.20906250178813934, 0.1725781261920929, 0.17070312798023224, 0.16914062201976776, 0.09710937738418579, 0.05335937440395355]}