{"loss": [0.8496875166893005, 0.30827343463897705, 0.554853081703186, 0.625264048576355, 0.4978731572628021, 0.506397008895874], "acurracy": [0.75390625, 0.9553906321525574, 0.9071875214576721, 0.8803125023841858, 0.9064062237739563, 0.8981249928474426], "val_loss": [2.0437755584716797, 2.116281032562256, 2.2779946327209473, 2.636401653289795, 3.118838310241699, 3.924058198928833], "val_acurracy": [0.16828125715255737, 0.16843749582767487, 0.15203124284744263, 0.10093750059604645, 0.07695312798023224, 0.05351562425494194]}