{"loss": [1.5973401069641113, 0.790976345539093, 0.5114400386810303, 0.4213009774684906, 0.5225120782852173, 0.43361732363700867, 0.34351566433906555, 0.4272688329219818, 0.33957982063293457, 0.4275926351547241, 0.604936957359314, 0.3589900732040405, 0.35748085379600525, 0.25734296441078186, 0.43276360630989075, 0.4124521315097809], "acurracy": [0.8002343773841858, 0.8842187523841858, 0.8914843797683716, 0.9164062738418579, 0.8860937356948853, 0.9102343916893005, 0.9332031011581421, 0.9092187285423279, 0.9332812428474426, 0.9097656011581421, 0.8553125262260437, 0.9290624856948853, 0.9289844036102295, 0.9514843821525574, 0.9077343940734863, 0.907421886920929], "val_loss": [2.3902153968811035, 5.85833740234375, 7.240345478057861, 7.497162342071533, 7.080089092254639, 6.924305438995361, 7.334516525268555, 7.030205249786377, 7.297626495361328, 6.78080940246582, 6.020607948303223, 6.87576150894165, 6.9252519607543945, 7.333535194396973, 6.902780055999756, 6.788990020751953], "val_acurracy": [0.03304687514901161, 0.027031250298023224, 0.007656250149011612, 0.004999999888241291, 0.004765625111758709, 0.004140624776482582, 0.0037499999161809683, 0.0033593750558793545, 0.002812500111758709, 0.0024218750186264515, 0.002031249925494194, 0.0017968750325962901, 0.002031249925494194, 0.0018749999580904841, 0.0015625000232830644, 0.0017187499906867743]}