{"loss": [1.2933104038238525, 0.4228157103061676, 0.29171574115753174, 0.3572167456150055, 0.37822872400283813, 0.4690697193145752, 0.32020655274391174, 0.17420770227909088, 0.3445175886154175, 0.3107655942440033, 0.3112468123435974, 0.29958850145339966, 0.19128431379795074, 0.1902996301651001, 0.31328335404396057, 0.28246501088142395, 0.2626059055328369, 0.3150656521320343, 0.27336186170578003, 0.34233757853507996, 0.25262171030044556], "acurracy": [0.7997656464576721, 0.9244531393051147, 0.9420312643051147, 0.9209374785423279, 0.9145312309265137, 0.8804687261581421, 0.9211719036102295, 0.964062511920929, 0.908984363079071, 0.9177343845367432, 0.9133594036102295, 0.916796863079071, 0.9483593702316284, 0.9499218463897705, 0.9080469012260437, 0.9149218797683716, 0.9222656488418579, 0.9025781154632568, 0.9146875143051147, 0.8903906345367432, 0.9227343797683716], "val_loss": [1.8470016717910767, 2.1525304317474365, 2.188424825668335, 2.0211048126220703, 1.922603964805603, 1.7735902070999146, 1.8001309633255005, 1.9667528867721558, 1.7960988283157349, 1.7966086864471436, 1.7883497476577759, 1.8282774686813354, 1.9843156337738037, 1.868605613708496, 1.8155266046524048, 1.902978777885437, 1.8704472780227661, 1.9086816310882568, 1.8539942502975464, 1.8540953397750854, 1.9089854955673218], "val_acurracy": [0.27640625834465027, 0.2972656190395355, 0.32273438572883606, 0.3405468761920929, 0.3423437476158142, 0.34296876192092896, 0.34468749165534973, 0.34382811188697815, 0.32859376072883606, 0.34617188572883606, 0.330078125, 0.34171876311302185, 0.33765625953674316, 0.34156250953674316, 0.33765625953674316, 0.34687501192092896, 0.3439062535762787, 0.3460156321525574, 0.3479687571525574, 0.3382031321525574, 0.3471093773841858]}