{"loss": [1.568105936050415, 1.1195180416107178, 0.6579590439796448, 0.580128014087677, 0.5281782746315002, 0.5512993335723877, 0.507853090763092, 0.559709906578064, 0.6061384081840515, 0.6606041193008423, 0.5686518549919128, 0.4173458516597748, 0.5262771248817444, 0.48517516255378723, 0.5640040040016174, 0.44329357147216797], "acurracy": [0.5962499976158142, 0.8755468726158142, 0.9176562428474426, 0.893359363079071, 0.9004687666893005, 0.8928124904632568, 0.90234375, 0.8851562738418579, 0.8688281178474426, 0.852343738079071, 0.8767187595367432, 0.9170312285423279, 0.8839062452316284, 0.8927343487739563, 0.8672656416893005, 0.9019531011581421], "val_loss": [1.8541773557662964, 2.087073802947998, 2.644674301147461, 2.951035499572754, 3.1792681217193604, 3.184422016143799, 3.2425482273101807, 3.1706736087799072, 3.1565234661102295, 3.0778157711029053, 3.1053860187530518, 3.233419895172119, 3.1609692573547363, 3.214045524597168, 3.1334664821624756, 3.1284234523773193], "val_acurracy": [0.16968749463558197, 0.16773436963558197, 0.1678124964237213, 0.1686718761920929, 0.16820313036441803, 0.16968749463558197, 0.1685156226158142, 0.1686718761920929, 0.16843749582767487, 0.1704687476158142, 0.16828125715255737, 0.1685156226158142, 0.1681250035762787, 0.1642187535762787, 0.16789062321186066, 0.16703124344348907]}