{"loss": [1.0694231986999512, 0.49370625615119934, 0.4860893189907074, 0.5283259749412537, 0.19547469913959503, 0.5021031498908997, 0.31046387553215027, 0.5478256940841675, 0.4033161997795105, 0.4037552773952484, 0.40576472878456116, 0.3844236433506012, 0.6444892287254333, 0.4640260338783264, 0.4773598909378052, 0.3835819661617279], "acurracy": [0.7702343463897705, 0.9018750190734863, 0.8999999761581421, 0.8846094012260437, 0.9698437452316284, 0.8953906297683716, 0.9450781345367432, 0.8811718821525574, 0.9150000214576721, 0.9146875143051147, 0.9140625, 0.9151562452316284, 0.8311718702316284, 0.8935937285423279, 0.8817968964576721, 0.9107031226158142], "val_loss": [1.765174150466919, 1.774877905845642, 1.7670021057128906, 1.7685153484344482, 1.8172225952148438, 1.7783383131027222, 1.7836546897888184, 1.7818679809570312, 1.8082451820373535, 1.8309019804000854, 1.8554497957229614, 1.9127346277236938, 2.0285887718200684, 2.1044504642486572, 2.177978277206421, 2.2148947715759277], "val_acurracy": [0.25859373807907104, 0.28734374046325684, 0.29929688572883606, 0.28757813572883606, 0.30000001192092896, 0.2730468809604645, 0.2810937464237213, 0.26929688453674316, 0.25789061188697815, 0.2400781214237213, 0.23406249284744263, 0.19242186844348907, 0.1335156261920929, 0.12781250476837158, 0.11999999731779099, 0.12484374642372131]}