{"loss": [1.336794137954712, 0.5654029250144958, 0.5865830183029175, 0.3751976490020752, 0.5149289965629578, 0.4055978059768677, 0.5452812314033508, 0.5207406282424927, 0.3825293481349945, 0.44628170132637024, 0.2919682562351227, 0.5247633457183838, 0.3928792178630829, 0.5573954582214355, 0.36932361125946045, 0.3507968485355377], "acurracy": [0.7105468511581421, 0.9014062285423279, 0.8841406106948853, 0.9349218606948853, 0.8984375, 0.9225780963897705, 0.8856250047683716, 0.8888280987739563, 0.9282812476158142, 0.9046093821525574, 0.9453906416893005, 0.8823437690734863, 0.9164843559265137, 0.8673437237739563, 0.9236719012260437, 0.9236719012260437], "val_loss": [1.7346806526184082, 1.7736029624938965, 1.7580041885375977, 1.77602219581604, 1.752903699874878, 1.7555240392684937, 1.7761244773864746, 1.7909411191940308, 1.792354702949524, 1.8092970848083496, 1.8430365324020386, 1.9214682579040527, 1.9820396900177002, 2.1018364429473877, 2.162693977355957, 2.2648661136627197], "val_acurracy": [0.3370312452316284, 0.33601561188697815, 0.3352343738079071, 0.32914063334465027, 0.32093751430511475, 0.30585938692092896, 0.2608593702316284, 0.2414843738079071, 0.2546093761920929, 0.2467968761920929, 0.22554688155651093, 0.17281250655651093, 0.16562500596046448, 0.12437500059604645, 0.13078124821186066, 0.11273437738418579]}