{"loss": [1.5924419164657593, 0.6465160250663757, 0.5457210540771484, 0.46834009885787964, 0.4330231547355652, 0.5166968703269958, 0.48719391226768494, 0.4740370810031891, 0.502574622631073, 0.4143006205558777, 0.533134937286377, 0.37940341234207153, 0.47760483622550964, 0.5316179990768433, 0.38107970356941223, 0.3257337510585785], "acurracy": [0.8310937285423279, 0.9169531464576721, 0.8767187595367432, 0.8994531035423279, 0.9080469012260437, 0.8828906416893005, 0.8934375047683716, 0.8927343487739563, 0.8834375143051147, 0.9091406464576721, 0.8759375214576721, 0.9186718463897705, 0.8929687738418579, 0.8753125071525574, 0.9170312285423279, 0.9335156083106995], "val_loss": [2.5508203506469727, 7.750903129577637, 7.348714828491211, 7.9775261878967285, 8.359378814697266, 7.965366363525391, 7.951803684234619, 8.26109790802002, 8.105877876281738, 8.374202728271484, 8.168442726135254, 8.487327575683594, 8.280505180358887, 8.054468154907227, 8.831090927124023, 9.193371772766113], "val_acurracy": [0.1353124976158142, 0.1724218726158142, 0.16984374821186066, 0.1704687476158142, 0.17101562023162842, 0.17125000059604645, 0.16757813096046448, 0.16898436844348907, 0.17023438215255737, 0.1693750023841858, 0.16968749463558197, 0.16437500715255737, 0.1607031226158142, 0.1557031273841858, 0.1438281238079071, 0.14453125]}