{"loss": [1.5651441812515259, 0.6469398736953735, 0.5167202949523926, 0.3499084711074829, 0.5156117081642151, 0.4543249011039734, 0.5175336599349976, 0.6339967846870422, 0.4009338617324829, 0.3830254375934601, 0.4524553716182709, 0.5936734676361084, 0.30575311183929443, 0.5647214651107788, 0.26731154322624207, 0.4237804412841797], "acurracy": [0.8846874833106995, 0.9005468487739563, 0.8828125, 0.9314844012260437, 0.8834375143051147, 0.9020312428474426, 0.8830468654632568, 0.8442968726158142, 0.9178125262260437, 0.9175781011581421, 0.901171863079071, 0.8589843511581421, 0.9426562786102295, 0.8669531345367432, 0.9510937333106995, 0.9071093797683716], "val_loss": [3.157449960708618, 8.958067893981934, 8.634781837463379, 9.691561698913574, 8.921204566955566, 9.436836242675781, 8.987626075744629, 8.127401351928711, 9.446950912475586, 9.914902687072754, 9.375580787658691, 8.362712860107422, 10.086689949035645, 9.266058921813965, 10.694223403930664, 9.77524471282959], "val_acurracy": [0.15062500536441803, 0.16398437321186066, 0.16398437321186066, 0.16054686903953552, 0.1639062464237213, 0.16328124701976776, 0.16539062559604645, 0.1626562476158142, 0.16515624523162842, 0.16718749701976776, 0.16757813096046448, 0.1646093726158142, 0.16453124582767487, 0.16382811963558197, 0.16734375059604645, 0.1654687523841858]}