{"loss": [1.715836763381958, 1.2412822246551514, 0.7943912744522095, 0.6362863779067993, 0.6078861355781555, 0.39512425661087036, 0.40239039063453674, 0.31546685099601746, 0.3184168040752411, 0.4502755105495453, 0.3514310121536255, 0.37340256571769714, 0.38247689604759216, 0.2740694284439087, 0.4044722020626068, 0.23838943243026733], "acurracy": [0.5192968845367432, 0.9162499904632568, 0.8989843726158142, 0.8922656178474426, 0.8650781512260437, 0.9180468916893005, 0.9007031321525574, 0.9239062666893005, 0.9186718463897705, 0.8701562285423279, 0.9038281440734863, 0.89453125, 0.8899999856948853, 0.9262499809265137, 0.880859375, 0.9374218583106995], "val_loss": [1.7316257953643799, 2.1923410892486572, 2.645035743713379, 2.5344207286834717, 2.2814714908599854, 2.2507882118225098, 2.1443939208984375, 2.0849127769470215, 2.077183961868286, 1.9727078676223755, 1.931932806968689, 1.8711485862731934, 1.8602756261825562, 1.8648399114608765, 1.8087915182113647, 1.8796008825302124], "val_acurracy": [0.1798437535762787, 0.16625000536441803, 0.16859374940395355, 0.16890625655651093, 0.16968749463558197, 0.16703124344348907, 0.16718749701976776, 0.16757813096046448, 0.16968749463558197, 0.2594531178474426, 0.29359376430511475, 0.3102343678474426, 0.31546875834465027, 0.31546875834465027, 0.33054688572883606, 0.32273438572883606]}