{"loss": [1.4415088891983032, 0.9436365365982056, 0.610648512840271, 0.5958872437477112, 0.3603089153766632, 0.4971942901611328, 0.589850902557373, 0.4493613839149475, 0.7528068423271179, 0.5971882939338684, 0.42560410499572754, 0.5221188068389893, 0.3506993055343628, 0.5173441171646118, 0.32739531993865967, 0.32903629541397095], "acurracy": [0.7654687762260437, 0.8923437595367432, 0.9063281416893005, 0.8822656273841858, 0.9420312643051147, 0.9020312428474426, 0.8754687309265137, 0.9100000262260437, 0.817578136920929, 0.8580468893051147, 0.9083593487739563, 0.8747656345367432, 0.9253906011581421, 0.8671875, 0.9262499809265137, 0.9240624904632568], "val_loss": [1.8342368602752686, 2.026254653930664, 2.3414063453674316, 2.511432647705078, 2.791198968887329, 2.818403959274292, 2.806854486465454, 2.90309476852417, 2.7491683959960938, 2.8057782649993896, 2.9583284854888916, 2.9303324222564697, 3.0697498321533203, 3.0689783096313477, 3.187142848968506, 3.223879814147949], "val_acurracy": [0.16765624284744263, 0.17148438096046448, 0.16898436844348907, 0.1686718761920929, 0.16718749701976776, 0.16843749582767487, 0.16640624403953552, 0.16718749701976776, 0.16945312917232513, 0.16984374821186066, 0.1685156226158142, 0.1693750023841858, 0.1704687476158142, 0.1661718785762787, 0.16750000417232513, 0.16968749463558197]}