{"loss": [1.5440446138381958, 0.903847336769104, 0.4903729259967804, 0.40318307280540466, 0.4242282509803772, 0.4282069504261017, 0.5234764218330383, 0.45293131470680237, 0.511262834072113, 0.2941037714481354, 0.3509260416030884, 0.5047309994697571, 0.3945889174938202, 0.3082307279109955, 0.3129112422466278, 0.33406418561935425, 0.2608908712863922, 0.27309945225715637, 0.3518175184726715, 0.30048200488090515, 0.3418460488319397, 0.23587703704833984, 0.31328094005584717, 0.36111441254615784, 0.2544783055782318, 0.24333280324935913, 0.16045816242694855, 0.12961778044700623, 0.2602465748786926, 0.33792412281036377, 0.2996867299079895, 0.293528288602829, 0.23382869362831116, 0.33021581172943115, 0.4352189600467682, 0.23319131135940552, 0.21862342953681946, 0.21707582473754883, 0.1756163239479065, 0.2790519893169403, 0.4852779507637024, 0.2715579867362976, 0.33955562114715576, 0.292194128036499, 0.2882618010044098, 0.2479112446308136, 0.2668253481388092, 0.37410059571266174, 0.3207577168941498, 0.19601930677890778], "acurracy": [0.6897656321525574, 0.8582812547683716, 0.9178906083106995, 0.9259374737739563, 0.917187511920929, 0.9100781083106995, 0.8782812356948853, 0.8948437571525574, 0.8693749904632568, 0.9350781440734863, 0.9132031202316284, 0.8588281273841858, 0.8935156464576721, 0.916796863079071, 0.9146093726158142, 0.9086718559265137, 0.930468738079071, 0.9234374761581421, 0.8963281512260437, 0.9126562476158142, 0.8967968821525574, 0.9317968487739563, 0.9068750143051147, 0.8834375143051147, 0.9280468821525574, 0.9264062643051147, 0.9554687738418579, 0.9634374976158142, 0.9210156202316284, 0.889453113079071, 0.9065625071525574, 0.9049999713897705, 0.9288281202316284, 0.8930468559265137, 0.8492187261581421, 0.9284374713897705, 0.9344531297683716, 0.9314062595367432, 0.9461718797683716, 0.9136718511581421, 0.8267187476158142, 0.9142187237739563, 0.8849999904632568, 0.9061718583106995, 0.9030468463897705, 0.919921875, 0.9151562452316284, 0.8695312738418579, 0.893359363079071, 0.942578136920929], "val_loss": [1.8001126050949097, 2.3197216987609863, 2.66524076461792, 2.7724061012268066, 2.639416456222534, 2.486610174179077, 2.20035457611084, 2.132411241531372, 1.9037680625915527, 2.028201103210449, 1.8894654512405396, 1.6857649087905884, 1.7733759880065918, 1.7027844190597534, 1.7556614875793457, 1.6689808368682861, 1.6952611207962036, 1.6882271766662598, 1.6185063123703003, 1.5947941541671753, 1.6198173761367798, 1.6140739917755127, 1.6321382522583008, 1.5297812223434448, 1.608260989189148, 1.555233120918274, 1.7193975448608398, 1.7160643339157104, 1.597828984260559, 1.5789079666137695, 1.6279730796813965, 1.5628541707992554, 1.6403915882110596, 1.557007908821106, 1.5151225328445435, 1.7012302875518799, 1.6794358491897583, 1.6314793825149536, 1.7266054153442383, 1.6110256910324097, 1.5379457473754883, 1.571740984916687, 1.6102501153945923, 1.6142486333847046, 1.5894203186035156, 1.689760446548462, 1.5636378526687622, 1.543642520904541, 1.5418776273727417, 1.60723078250885], "val_acurracy": [0.18453125655651093, 0.26804688572883606, 0.3004687428474426, 0.31882813572883606, 0.3267187476158142, 0.3324218690395355, 0.33781251311302185, 0.34468749165534973, 0.34593749046325684, 0.3494531214237213, 0.34312498569488525, 0.3392968773841858, 0.33851563930511475, 0.33015623688697815, 0.34687501192092896, 0.3465625047683716, 0.34632813930511475, 0.35570311546325684, 0.36140623688697815, 0.3602343797683716, 0.35914063453674316, 0.3604687452316284, 0.359375, 0.3621875047683716, 0.3553124964237213, 0.3657812476158142, 0.3579687476158142, 0.3625781238079071, 0.35734376311302185, 0.36445313692092896, 0.3618749976158142, 0.3596875071525574, 0.36226561665534973, 0.3596875071525574, 0.3607812523841858, 0.35960936546325684, 0.3624218702316284, 0.36195313930511475, 0.3609375059604645, 0.3621875047683716, 0.3579687476158142, 0.36234375834465027, 0.3592187464237213, 0.36234375834465027, 0.35984376072883606, 0.3592187464237213, 0.3604687452316284, 0.36031249165534973, 0.3624218702316284, 0.3649218678474426]}