{"loss": [1.27294921875, 0.46481749415397644, 0.4796961843967438, 0.36304762959480286, 0.2567983567714691, 0.31575772166252136, 0.3957558870315552, 0.310444712638855, 0.3345305323600769, 0.21314361691474915, 0.3002340793609619, 0.38280555605888367, 0.3769631087779999, 0.30823296308517456, 0.2998756170272827, 0.2689354717731476, 0.1914474368095398, 0.18327754735946655, 0.2900901138782501, 0.1451379656791687, 0.15421785414218903, 0.27270710468292236, 0.2466500848531723, 0.28625622391700745, 0.26677966117858887, 0.1638207584619522, 0.16904431581497192, 0.1964353322982788, 0.20371019840240479, 0.2840951383113861, 0.17446763813495636], "acurracy": [0.7537500262260437, 0.910937488079071, 0.8946093916893005, 0.9198437333106995, 0.9466406106948853, 0.9255468845367432, 0.8938281536102295, 0.9192968606948853, 0.9112499952316284, 0.9478124976158142, 0.9172656536102295, 0.8881250023841858, 0.8830468654632568, 0.9055469036102295, 0.9019531011581421, 0.913281261920929, 0.9389062523841858, 0.9407812356948853, 0.8964062333106995, 0.9530468583106995, 0.9468749761581421, 0.8960937261581421, 0.9065625071525574, 0.8895312547683716, 0.8975781202316284, 0.9414843916893005, 0.935546875, 0.9239062666893005, 0.9196875095367432, 0.8870312571525574, 0.934765636920929], "val_loss": [1.8187860250473022, 2.0699501037597656, 1.9483000040054321, 1.9523752927780151, 2.0253734588623047, 1.9416505098342896, 1.7691688537597656, 1.8356775045394897, 1.7771127223968506, 1.9015817642211914, 1.8339930772781372, 1.72206711769104, 1.7183157205581665, 1.751003623008728, 1.867101788520813, 1.717911720275879, 1.9124679565429688, 1.9176886081695557, 1.8239620923995972, 1.8428820371627808, 1.954587459564209, 1.8674981594085693, 1.8471564054489136, 1.7835066318511963, 1.8573826551437378, 1.8856755495071411, 1.9773024320602417, 1.946211576461792, 1.9182963371276855, 1.8517510890960693, 1.9200798273086548], "val_acurracy": [0.26054686307907104, 0.34242188930511475, 0.34593749046325684, 0.34703123569488525, 0.34718748927116394, 0.34617188572883606, 0.3489062488079071, 0.3508593738079071, 0.3409374952316284, 0.3492968678474426, 0.34828126430511475, 0.3392968773841858, 0.3416406214237213, 0.35257813334465027, 0.34562501311302185, 0.3497656285762787, 0.3499218821525574, 0.3487499952316284, 0.35679686069488525, 0.3540624976158142, 0.35484373569488525, 0.3540624976158142, 0.35624998807907104, 0.35374999046325684, 0.35499998927116394, 0.3526562452316284, 0.35328125953674316, 0.3515625, 0.35289061069488525, 0.35359373688697815, 0.3542187511920929]}