{"loss": [1.792547345161438, 1.5112106800079346, 1.0315840244293213, 0.6346696615219116, 0.6785714626312256, 0.5011050701141357, 0.41466259956359863, 0.33835095167160034, 0.4000777304172516, 0.2725412845611572, 0.45803672075271606, 0.4054073989391327, 0.28074872493743896, 0.36201831698417664, 0.404249370098114, 0.26144957542419434, 0.3841129243373871, 0.248219296336174, 0.186492919921875, 0.2609451413154602, 0.3034261465072632, 0.2577574849128723, 0.26930153369903564, 0.29887717962265015, 0.245890811085701, 0.3675125539302826, 0.22648513317108154, 0.19155246019363403, 0.24417197704315186, 0.3034393787384033, 0.32036858797073364, 0.2868136167526245, 0.3027357757091522, 0.28772100806236267, 0.3335997462272644, 0.2969074547290802, 0.2961297333240509, 0.25328168272972107, 0.21659396588802338, 0.22340479493141174, 0.2809284031391144, 0.2909456789493561, 0.22634510695934296, 0.22211326658725739, 0.20162710547447205, 0.244280606508255, 0.2827463746070862, 0.23324400186538696, 0.32417845726013184, 0.26594582200050354, 0.21529680490493774, 0.2245100438594818, 0.24000217020511627, 0.247700035572052, 0.2899845838546753, 0.314081072807312, 0.1800609529018402, 0.3167492151260376, 0.16342006623744965, 0.2506009638309479, 0.2676393389701843, 0.1950613260269165, 0.24861635267734528, 0.25902336835861206, 0.3122462034225464, 0.2933085858821869, 0.3161636292934418, 0.3681621253490448, 0.21067845821380615, 0.22335517406463623, 0.29657408595085144, 0.15785136818885803, 0.33237704634666443, 0.19840091466903687, 0.18142597377300262, 0.2568829357624054, 0.17198222875595093, 0.17776773869991302, 0.24299776554107666, 0.3139418065547943, 0.22450624406337738, 0.2562841773033142, 0.19305545091629028, 0.26917222142219543, 0.23926891386508942, 0.26077866554260254, 0.2549658715724945, 0.2680811583995819, 0.31665095686912537, 0.24137024581432343, 0.21825702488422394, 0.25207415223121643, 0.1710684895515442, 0.2522912919521332, 0.23808303475379944, 0.22134113311767578, 0.16655485332012177, 0.1467636078596115, 0.27167564630508423, 0.29297199845314026, 0.17257903516292572, 0.1945738047361374, 0.1711212396621704, 0.33610644936561584, 0.20319373905658722], "acurracy": [0.2515625059604645, 0.8723437786102295, 0.8916406035423279, 0.8918750286102295, 0.8499218821525574, 0.891796886920929, 0.9092968702316284, 0.9244531393051147, 0.8999218940734863, 0.9332812428474426, 0.8702343702316284, 0.8842968940734863, 0.925000011920929, 0.8977344036102295, 0.8841406106948853, 0.9278905987739563, 0.8799999952316284, 0.9307031035423279, 0.9504687786102295, 0.9239843487739563, 0.9100000262260437, 0.9204687476158142, 0.9153125286102295, 0.9066406488418579, 0.9200000166893005, 0.8790624737739563, 0.9275781512260437, 0.9421093463897705, 0.9225780963897705, 0.9024999737739563, 0.8935937285423279, 0.9063281416893005, 0.9028906226158142, 0.908984363079071, 0.8873437643051147, 0.9004687666893005, 0.901562511920929, 0.918749988079071, 0.9339843988418579, 0.9295312762260437, 0.9099218845367432, 0.9082812666893005, 0.9295312762260437, 0.9292968511581421, 0.9354687333106995, 0.9209374785423279, 0.903124988079071, 0.924609363079071, 0.8903124928474426, 0.9142187237739563, 0.9300000071525574, 0.9281250238418579, 0.922656238079071, 0.9173437356948853, 0.9047656059265137, 0.8932031393051147, 0.9451562762260437, 0.889843761920929, 0.950390636920929, 0.916015625, 0.9106249809265137, 0.9379687309265137, 0.9171093702316284, 0.9114843606948853, 0.8889062404632568, 0.8946093916893005, 0.8876562714576721, 0.8627343773841858, 0.9346093535423279, 0.924609363079071, 0.8953906297683716, 0.9508593678474426, 0.8828906416893005, 0.9378125071525574, 0.9414843916893005, 0.91015625, 0.9436718821525574, 0.9448437690734863, 0.9170312285423279, 0.8919531106948853, 0.9237499833106995, 0.9108593463897705, 0.9369531273841858, 0.9032812714576721, 0.9170312285423279, 0.9092187285423279, 0.9092968702316284, 0.9030468463897705, 0.883984386920929, 0.9181249737739563, 0.9213281273841858, 0.9111718535423279, 0.9451562762260437, 0.9118750095367432, 0.9164843559265137, 0.9225000143051147, 0.9457031488418579, 0.951171875, 0.9033593535423279, 0.8911718726158142, 0.9446874856948853, 0.9325000047683716, 0.942187488079071, 0.8743749856948853, 0.932812511920929], "val_loss": [1.7807291746139526, 1.8061894178390503, 2.2456116676330566, 2.7116057872772217, 2.539909601211548, 2.3899269104003906, 2.306532382965088, 2.253603458404541, 2.122126579284668, 2.100576877593994, 1.9598071575164795, 1.8251725435256958, 1.7784912586212158, 1.6630120277404785, 1.5547198057174683, 1.5673974752426147, 1.4795533418655396, 1.4793168306350708, 1.5164742469787598, 1.4732705354690552, 1.4452805519104004, 1.4357398748397827, 1.4196252822875977, 1.40342116355896, 1.3972874879837036, 1.3648779392242432, 1.3768529891967773, 1.3991464376449585, 1.3843438625335693, 1.3687399625778198, 1.3491995334625244, 1.3418809175491333, 1.3402163982391357, 1.3429408073425293, 1.3305597305297852, 1.3229033946990967, 1.332667589187622, 1.3404425382614136, 1.3394588232040405, 1.3483784198760986, 1.3346312046051025, 1.3095191717147827, 1.3272606134414673, 1.3349910974502563, 1.3451642990112305, 1.3417216539382935, 1.316796898841858, 1.3269222974777222, 1.30608332157135, 1.3107507228851318, 1.3363298177719116, 1.3303956985473633, 1.321690320968628, 1.320775032043457, 1.308556318283081, 1.2886604070663452, 1.3191511631011963, 1.3097503185272217, 1.3283883333206177, 1.3087981939315796, 1.2929317951202393, 1.3169573545455933, 1.3037102222442627, 1.303919792175293, 1.2801713943481445, 1.281957983970642, 1.276166558265686, 1.264291763305664, 1.293104887008667, 1.2973082065582275, 1.2615479230880737, 1.2925317287445068, 1.2631447315216064, 1.2879060506820679, 1.2963426113128662, 1.290719747543335, 1.3023643493652344, 1.3014721870422363, 1.291978120803833, 1.2696229219436646, 1.2819840908050537, 1.277131199836731, 1.2825242280960083, 1.274999737739563, 1.2758715152740479, 1.2604693174362183, 1.2681629657745361, 1.2662849426269531, 1.2578492164611816, 1.250189185142517, 1.2578567266464233, 1.256150484085083, 1.280849814414978, 1.2737457752227783, 1.2667629718780518, 1.2654374837875366, 1.2751232385635376, 1.2921226024627686, 1.2695600986480713, 1.2590454816818237, 1.2742366790771484, 1.2808003425598145, 1.2827858924865723, 1.2516213655471802, 1.259921908378601],