{"loss": [1.5493054389953613, 1.1192559003829956, 0.5808361172676086, 0.5948212146759033, 0.5463376045227051, 0.6737169623374939, 0.4667610228061676, 0.4833255410194397, 0.34099769592285156, 0.5093098282814026, 0.4146157205104828, 0.3530351519584656, 0.46082279086112976, 0.3602737784385681, 0.3471966087818146, 0.29201674461364746], "acurracy": [0.6161718964576721, 0.8433593511581421, 0.9422656297683716, 0.883593738079071, 0.890625, 0.8512499928474426, 0.9067968726158142, 0.8989062309265137, 0.9342968463897705, 0.8840625286102295, 0.9091406464576721, 0.925000011920929, 0.8902343511581421, 0.9189062714576721, 0.9176562428474426, 0.9340624809265137], "val_loss": [1.8426262140274048, 2.0406925678253174, 2.5067920684814453, 2.7748169898986816, 2.9564459323883057, 2.947268009185791, 3.0441534519195557, 3.118533134460449, 3.3019046783447266, 3.242786169052124, 3.2328555583953857, 3.330800771713257, 3.240243911743164, 3.2022571563720703, 3.2654407024383545, 3.2448198795318604], "val_acurracy": [0.17070312798023224, 0.16804687678813934, 0.16757813096046448, 0.1653124988079071, 0.16765624284744263, 0.1700781285762787, 0.17140625417232513, 0.1706250011920929, 0.16734375059604645, 0.16890625655651093, 0.16945312917232513, 0.1686718761920929, 0.16789062321186066, 0.16687500476837158, 0.158203125, 0.14640624821186066]}