{"loss": [1.676194429397583, 0.9804444313049316, 0.6132521629333496, 0.5218033194541931, 0.6157854199409485, 0.4069221019744873, 0.4649069905281067, 0.5672224164009094, 0.5955715775489807, 0.4890942871570587, 0.6493256092071533, 0.6732246279716492, 0.5785865187644958, 0.5132943987846375, 0.6878999471664429, 0.5596986413002014], "acurracy": [0.8659374713897705, 0.8934375047683716, 0.8916406035423279, 0.9091406464576721, 0.883984386920929, 0.9335156083106995, 0.9176562428474426, 0.8932031393051147, 0.8838281035423279, 0.9096875190734863, 0.8675781488418579, 0.858203113079071, 0.8850781321525574, 0.9012500047683716, 0.8493750095367432, 0.8840625286102295], "val_loss": [2.428487777709961, 8.767922401428223, 9.46450138092041, 9.483028411865234, 8.633756637573242, 8.872867584228516, 8.223370552062988, 7.581908702850342, 6.6560282707214355, 6.757986545562744, 5.209934234619141, 4.4673027992248535, 4.008585453033447, 4.023707866668701, 3.385227918624878, 3.326785087585449], "val_acurracy": [0.09023437649011612, 0.12812499701976776, 0.11570312827825546, 0.11148437857627869, 0.10921874642372131, 0.11046875268220901, 0.1100781261920929, 0.109375, 0.11249999701976776, 0.11632812768220901, 0.11945312470197678, 0.12320312857627869, 0.12976562976837158, 0.13359375298023224, 0.14148437976837158, 0.14679688215255737]}