{"loss": [0.9665284752845764, 0.3947943449020386, 0.42431139945983887, 0.3355177342891693, 0.5195633769035339, 0.319292277097702, 0.4771239757537842, 0.4150026738643646, 0.5026984214782715, 0.23423227667808533, 0.403571218252182, 0.36781105399131775, 0.3900485336780548, 0.40771710872650146, 0.3372402489185333, 0.43156394362449646, 0.2576104402542114, 0.3754737079143524, 0.412454217672348, 0.21527251601219177, 0.3531235158443451, 0.3714992105960846, 0.2929888069629669, 0.2620776295661926], "acurracy": [0.8942187428474426, 0.915234386920929, 0.9078906178474426, 0.9314062595367432, 0.8814843893051147, 0.9340624809265137, 0.8910156488418579, 0.9069530963897705, 0.8797656297683716, 0.9503124952316284, 0.9102343916893005, 0.9166406393051147, 0.9075000286102295, 0.9016406536102295, 0.9202343821525574, 0.8936718702316284, 0.9436718821525574, 0.9096875190734863, 0.8948437571525574, 0.956250011920929, 0.9135156273841858, 0.9028124809265137, 0.9288281202316284, 0.9364062547683716], "val_loss": [1.81731379032135, 1.8461230993270874, 1.7609553337097168, 1.7918641567230225, 1.7053810358047485, 1.7146621942520142, 1.6655900478363037, 1.665962815284729, 1.6615722179412842, 1.7196342945098877, 1.7206640243530273, 1.7440040111541748, 1.74656081199646, 1.7963861227035522, 1.8155628442764282, 1.8427629470825195, 1.866114854812622, 1.8923802375793457, 1.9451297521591187, 1.9456630945205688, 2.0089821815490723, 2.05861759185791, 2.1165220737457275, 2.13021183013916], "val_acurracy": [0.2201562523841858, 0.28046876192092896, 0.3114062547683716, 0.32289063930511475, 0.3292187452316284, 0.3295312523841858, 0.32414063811302185, 0.3236718773841858, 0.3116406202316284, 0.3207031190395355, 0.30546873807907104, 0.2942187488079071, 0.29203125834465027, 0.28328123688697815, 0.2921093702316284, 0.2739843726158142, 0.2867187559604645, 0.27476561069488525, 0.2578125, 0.275390625, 0.25984373688697815, 0.26859375834465027, 0.2542968690395355, 0.26445311307907104]}