{"loss": [0.6625540256500244, 0.643093466758728, 0.6208836436271667, 0.599295437335968, 0.5783529877662659, 0.5596152544021606, 0.5356689691543579, 0.5140317678451538, 0.49211639165878296, 0.4767972528934479, 0.4573529064655304, 0.4362902343273163, 0.4046199917793274, 0.3990131616592407, 0.37597915530204773, 0.35170525312423706, 0.3325363099575043, 0.3085585832595825, 0.2869402766227722, 0.26859748363494873, 0.2547307312488556, 0.23732879757881165, 0.22497442364692688, 0.1980752944946289, 0.22528110444545746, 0.18315008282661438, 0.17458344995975494, 0.16530302166938782, 0.16380362212657928, 0.14406460523605347, 0.12345459312200546, 0.1305350661277771, 0.1254529058933258, 0.09288427978754044, 0.09222210943698883, 0.09922930598258972, 0.07415410876274109, 0.09757173806428909, 0.08096648007631302, 0.0854591652750969, 0.07953254133462906, 0.08459251374006271, 0.08646933734416962, 0.05603916943073273, 0.09034831821918488, 0.050749052315950394, 0.0777369812130928, 0.08233585953712463, 0.045288581401109695, 0.068637914955616, 0.0849725604057312, 0.05410565063357353, 0.05360431596636772, 0.08645004034042358], "accuracy": [0.7056249976158142, 0.7978125214576721, 0.8921874761581421, 0.9399999976158142, 0.9665625095367432, 0.9690625071525574, 0.9865624904632568, 0.9931250214576721, 0.9903125166893005, 0.9837499856948853, 0.9834374785423279, 0.9825000166893005, 0.996874988079071, 0.9831249713897705, 0.9831249713897705, 0.9909374713897705, 0.9896875023841858, 0.9937499761581421, 0.9959375262260437, 0.9950000047683716, 0.9934375286102295, 0.9943749904632568, 0.9934375286102295, 1.0, 0.9737499952316284, 0.9931250214576721, 0.9915624856948853, 0.9909374713897705, 0.9865624904632568, 0.9912499785423279, 0.996874988079071, 0.9906250238418579, 0.989062488079071, 1.0, 0.9978125095367432, 0.9934375286102295, 1.0, 0.9900000095367432, 0.9937499761581421, 0.9915624856948853, 0.9925000071525574, 0.9912499785423279, 0.9884374737739563, 0.996874988079071, 0.9871875047683716, 0.9971874952316284, 0.9887499809265137, 0.9878125190734863, 0.996874988079071, 0.9915624856948853, 0.9865624904632568, 0.9943749904632568, 0.9937499761581421, 0.9850000143051147], "val_loss": [0.6847562193870544, 0.6782213449478149, 0.6710572838783264, 0.6635943055152893, 0.6556375622749329, 0.6474251747131348, 0.6384803652763367, 0.6290326118469238, 0.6192860007286072, 0.609363317489624, 0.5992094278335571, 0.5886356234550476, 0.5774198174476624, 0.5664650797843933, 0.5552398562431335, 0.5436527132987976, 0.5320586562156677, 0.5204079151153564, 0.5087854266166687, 0.4971524178981781, 0.4862765967845917, 0.4756206274032593, 0.465384840965271, 0.4553109109401703, 0.4474467933177948, 0.4389074444770813, 0.4310164749622345, 0.42392590641975403, 0.417724609375, 0.4118102788925171, 0.40652427077293396, 0.40198174118995667, 0.3982974886894226, 0.39464306831359863, 0.3917524218559265, 0.38957348465919495, 0.3879782557487488, 0.38704216480255127, 0.38658976554870605, 0.3866289556026459, 0.3869839906692505, 0.3875565826892853, 0.38814011216163635, 0.38955315947532654, 0.39069950580596924, 0.3927837610244751, 0.3940425515174866, 0.39548271894454956, 0.3979904055595398, 0.39970436692237854, 0.4012033939361572, 0.40299779176712036, 0.40523719787597656, 0.4061918556690216], "val_accuracy": [0.9034374952316284, 0.9053124785423279, 0.9068750143051147, 0.9068750143051147, 0.9068750143051147, 0.9068750143051147, 0.9068750143051147, 0.9068750143051147, 0.9068750143051147, 0.9068750143051147, 0.9068750143051147, 0.9068750143051147, 0.9068750143051147, 0.9068750143051147, 0.9068750143051147, 0.9068750143051147, 0.9068750143051147, 0.9068750143051147, 0.9068750143051147, 0.9068750143051147, 0.9068750143051147, 0.9068750143051147, 0.9068750143051147, 0.9068750143051147, 0.9068750143051147, 0.9068750143051147, 0.9068750143051147, 0.9068750143051147, 0.9068750143051147, 0.9068750143051147, 0.9068750143051147, 0.9068750143051147, 0.9068750143051147, 0.9068750143051147, 0.9068750143051147, 0.9068750143051147, 0.9068750143051147, 0.9068750143051147, 0.9068750143051147, 0.9068750143051147, 0.9068750143051147, 0.9068750143051147, 0.9068750143051147, 0.9068750143051147, 0.9068750143051147, 0.9068750143051147, 0.9068750143051147, 0.9068750143051147, 0.9068750143051147, 0.9068750143051147, 0.9068750143051147, 0.9068750143051147, 0.9068750143051147, 0.9068750143051147]}