{"loss": [0.6455541253089905, 0.6201313734054565, 0.5890013575553894, 0.5558522939682007, 0.5152803063392639, 0.46817371249198914, 0.420527845621109, 0.3768433630466461, 0.31989461183547974, 0.28095731139183044, 0.2323494553565979, 0.19400589168071747, 0.151479572057724, 0.1466299146413803, 0.12173020094633102, 0.08992046117782593, 0.06806952506303787, 0.09902088344097137, 0.06459902971982956, 0.07878880202770233, 0.056415215134620667, 0.03457125276327133, 0.057805243879556656, 0.05215414986014366, 0.031932931393384933, 0.02541998215019703, 0.027395524084568024, 0.026025675237178802, 0.041251108050346375, 0.035913851112127304, 0.03467867150902748, 0.030765319243073463, 0.030685262754559517, 0.034546393901109695, 0.030070899054408073, 0.04064033553004265, 0.020454395562410355, 0.04402108117938042, 0.052439071238040924, 0.006613961886614561, 0.024831697344779968, 0.04102051630616188, 0.012120642699301243, 0.024955350905656815, 0.029424643144011497, 0.027335038408637047, 0.0346858948469162, 0.02002156525850296, 0.023798756301403046, 0.026108700782060623, 0.03011743351817131, 0.021579088643193245, 0.04459970071911812, 0.03314908221364021, 0.0578526072204113, 0.016661835834383965, 0.023926464840769768, 0.004107858054339886, 0.05720606446266174, 0.021860478445887566, 0.03449903428554535, 0.004285281989723444, 0.036942921578884125, 0.01122796256095171, 0.024894995614886284, 0.0192869883030653, 0.016562258824706078, 0.0191190168261528, 0.03950017690658569, 0.0030166141223162413, 0.04730156436562538, 0.008886807598173618, 0.026019105687737465, 0.027328522875905037, 0.04114418849349022, 0.048787135630846024, 0.07261041551828384, 0.040951937437057495, 0.03241576626896858, 0.017550066113471985, 0.03003203682601452, 0.044596701860427856, 0.032371506094932556, 0.035285186022520065, 0.04381255805492401], "accuracy": [0.9175000190734863, 0.9662500023841858, 0.9828125238418579, 0.981249988079071, 0.987500011920929, 0.9896875023841858, 0.9903125166893005, 0.984375, 0.989062488079071, 0.9856250286102295, 0.9896875023841858, 0.989062488079071, 0.9971874952316284, 0.9840624928474426, 0.984375, 0.9915624856948853, 0.9978125095367432, 0.9756249785423279, 0.9909374713897705, 0.9800000190734863, 0.989062488079071, 0.9978125095367432, 0.9846875071525574, 0.9868749976158142, 0.9950000047683716, 0.9971874952316284, 0.9946874976158142, 0.995312511920929, 0.9881250262260437, 0.9903125166893005, 0.9900000095367432, 0.9940624833106995, 0.9912499785423279, 0.9909374713897705, 0.9925000071525574, 0.987500011920929, 0.9940624833106995, 0.987500011920929, 0.984375, 1.0, 0.9937499761581421, 0.9884374737739563, 0.9965624809265137, 0.9928125143051147, 0.9918749928474426, 0.9928125143051147, 0.9896875023841858, 0.9925000071525574, 0.9931250214576721, 0.9925000071525574, 0.9909374713897705, 0.9934375286102295, 0.9862499833106995, 0.9909374713897705, 0.9828125238418579, 0.9950000047683716, 0.9918749928474426, 1.0, 0.984375, 0.9946874976158142, 0.9909374713897705, 1.0, 0.9887499809265137, 0.9975000023841858, 0.9934375286102295, 0.9956250190734863, 0.9965624809265137, 0.9928125143051147, 0.9881250262260437, 1.0, 0.984375, 0.9981250166893005, 0.9915624856948853, 0.9893749952316284, 0.9887499809265137, 0.9859374761581421, 0.9762499928474426, 0.9881250262260437, 0.9900000095367432, 0.9943749904632568, 0.9918749928474426, 0.9862499833106995, 0.9903125166893005, 0.989062488079071, 0.9865624904632568], "val_loss": [0.6833000779151917, 0.676145613193512, 0.6682600378990173, 0.6596072316169739, 0.6498314142227173, 0.6390879154205322, 0.6274913549423218, 0.6153201460838318, 0.6024702787399292, 0.5894853472709656, 0.576489269733429, 0.5639393925666809, 0.5516972541809082, 0.5406238436698914, 0.5306519865989685, 0.5211589336395264, 0.5123164653778076, 0.5055612325668335, 0.4986637830734253, 0.4930221438407898, 0.48769450187683105, 0.48194366693496704, 0.47782430052757263, 0.47393161058425903, 0.4696131646633148, 0.465429425239563, 0.46183013916015625, 0.45862877368927, 0.4558223485946655, 0.45298469066619873, 0.45109423995018005, 0.448846697807312, 0.44692498445510864, 0.4451674222946167, 0.4435044229030609, 0.44240042567253113, 0.4403664767742157, 0.43926602602005005, 0.4394960105419159, 0.43747958540916443, 0.43632468581199646, 0.43593069911003113, 0.4342191219329834, 0.43259644508361816, 0.4320133626461029, 0.43108925223350525, 0.4302978515625, 0.429172545671463, 0.4281541705131531, 0.4280785322189331, 0.42778265476226807, 0.42706677317619324, 0.42745441198349, 0.4278831481933594, 0.428976833820343, 0.42795753479003906, 0.4268513023853302, 0.4251808524131775, 0.42674320936203003, 0.42629116773605347, 0.4259328842163086, 0.42422863841056824, 0.42494237422943115, 0.4237614572048187, 0.42348766326904297, 0.4230327308177948, 0.421817809343338, 0.4209875762462616, 0.42192280292510986, 0.42063042521476746, 0.4222794771194458, 0.42116379737854004, 0.4208894968032837, 0.4206455945968628, 0.42124998569488525, 0.42361146211624146, 0.425801545381546, 0.42631247639656067, 0.4259988069534302, 0.42599165439605713, 0.42592811584472656, 0.42686381936073303, 0.42711204290390015, 0.4269375503063202, 0.4273591935634613], "val_accuracy": [0.903124988079071, 0.9049999713897705, 0.9046875238418579, 0.90625, 0.9065625071525574, 0.9065625071525574, 0.9065625071525574, 0.9065625071525574, 0.9068750143051147, 0.9068750143051147, 0.9068750143051147, 0.9068750143051147, 0.9068750143051147, 0.9068750143051147, 0.9068750143051147, 0.9068750143051147, 0.9068750143051147, 0.9068750143051147, 0.9068750143051147, 0.9068750143051147, 0.9068750143051147, 0.9068750143051147, 0.9068750143051147, 0.9068750143051147, 0.9068750143051147, 0.9068750143051147, 0.9068750143051147, 0.9068750143051147, 0.9068750143051147, 0.9068750143051147, 0.9068750143051147, 0.9068750143051147, 0.9068750143051147, 0.9068750143051147, 0.9068750143051147, 0.9068750143051147, 0.9068750143051147, 0.9068750143051147, 0.9068750143051147, 0.9068750143051147, 0.9068750143051147, 0.9068750143051147, 0.9068750143051147, 0.9068750143051147, 0.9068750143051147, 0.9068750143051147, 0.9068750143051147, 0.9068750143051147, 0.9068750143051147, 0.9068750143051147, 0.9068750143051147, 0.9068750143051147, 0.9068750143051147, 0.9068750143051147, 0.9068750143051147, 0.9068750143051147, 0.9068750143051147, 0.9068750143051147, 0.9068750143051147, 0.9068750143051147, 0.9068750143051147, 0.9068750143051147, 0.9068750143051147, 0.9068750143051147, 0.9068750143051147, 0.9068750143051147, 0.9068750143051147, 0.9068750143051147, 0.9068750143051147, 0.9068750143051147, 0.9068750143051147, 0.9068750143051147, 0.9068750143051147, 0.9068750143051147, 0.9068750143051147, 0.9065625071525574, 0.9068750143051147, 0.9068750143051147, 0.9065625071525574, 0.9065625071525574, 0.9065625071525574, 0.9065625071525574, 0.9065625071525574, 0.9065625071525574, 0.9065625071525574]}