{"loss": [0.6697629690170288, 0.6438037753105164, 0.6110724210739136, 0.5753899216651917, 0.5350746512413025, 0.47916629910469055, 0.4311111569404602, 0.3612431585788727, 0.30334025621414185, 0.24668854475021362, 0.20866280794143677, 0.17038537561893463, 0.13133864104747772, 0.12461927533149719, 0.09654709696769714, 0.08011164516210556, 0.07447579503059387, 0.07207142561674118, 0.05359239503741264, 0.05428589880466461, 0.059920135885477066, 0.025626089423894882, 0.04244730994105339, 0.03231081739068031, 0.0143025703728199, 0.03917175903916359, 0.0467999130487442, 0.028903614729642868, 0.05122356861829758, 0.02818044275045395, 0.02610967867076397, 0.020301612094044685, 0.025804882869124413, 0.037265561521053314, 0.04787609726190567, 0.04115382209420204, 0.05089863762259483, 0.031605590134859085, 0.039412375539541245, 0.04018742963671684, 0.022609857842326164, 0.019573025405406952, 0.042240217328071594, 0.004198430106043816, 0.045441098511219025, 0.04431024193763733, 0.07392506301403046, 0.049043431878089905, 0.020714016631245613, 0.019415555521845818, 0.03470628336071968, 0.04500905051827431, 0.03404173254966736, 0.0037077078595757484, 0.02244558185338974, 0.0033041625283658504, 0.012145332992076874, 0.04600272700190544, 0.02086815796792507, 0.028912145644426346, 0.025983404368162155, 0.01000379677861929, 0.02742907777428627, 0.04590768739581108, 0.02885650470852852, 0.03925516456365585, 0.047155413776636124, 0.019771454855799675, 0.017598984763026237, 0.013958719559013844, 0.021978886798024178, 0.02934962697327137, 0.03115866705775261, 0.0023779505863785744, 0.08605346828699112, 0.05413181334733963, 0.03434271365404129, 0.019986143335700035, 0.03262908384203911, 0.016787339001893997, 0.053556423634290695, 0.05321084335446358, 0.029211394488811493, 0.04701624810695648, 0.06498236209154129, 0.011039149016141891, 0.026198124513030052, 0.02161109261214733, 0.036687541753053665], "accuracy": [0.9512500166893005, 0.9934375286102295, 0.9940624833106995, 0.989062488079071, 0.9840624928474426, 0.9978125095367432, 0.987500011920929, 0.9978125095367432, 0.9934375286102295, 0.9965624809265137, 0.9881250262260437, 0.9878125190734863, 0.9918749928474426, 0.9846875071525574, 0.9893749952316284, 0.9900000095367432, 0.989062488079071, 0.9862499833106995, 0.9884374737739563, 0.9868749976158142, 0.9862499833106995, 0.9987499713897705, 0.9900000095367432, 0.9937499761581421, 1.0, 0.9896875023841858, 0.9853125214576721, 0.9934375286102295, 0.9840624928474426, 0.9931250214576721, 0.9950000047683716, 0.9959375262260437, 0.9943749904632568, 0.9903125166893005, 0.987500011920929, 0.9871875047683716, 0.984375, 0.9925000071525574, 0.9862499833106995, 0.9887499809265137, 0.9937499761581421, 0.9959375262260437, 0.9884374737739563, 1.0, 0.9853125214576721, 0.9868749976158142, 0.9781249761581421, 0.9856250286102295, 0.9943749904632568, 0.9962499737739563, 0.9893749952316284, 0.9846875071525574, 0.9906250238418579, 1.0, 0.9925000071525574, 1.0, 0.996874988079071, 0.9840624928474426, 0.9940624833106995, 0.9909374713897705, 0.9912499785423279, 0.9981250166893005, 0.9912499785423279, 0.9859374761581421, 0.9906250238418579, 0.987500011920929, 0.9862499833106995, 0.9937499761581421, 0.9956250190734863, 0.9965624809265137, 0.9921875, 0.9906250238418579, 0.9918749928474426, 1.0, 0.9706249833106995, 0.981249988079071, 0.987500011920929, 0.9931250214576721, 0.989062488079071, 0.995312511920929, 0.9821875095367432, 0.9806249737739563, 0.9912499785423279, 0.9846875071525574, 0.9809374809265137, 0.9971874952316284, 0.9903125166893005, 0.9918749928474426, 0.9862499833106995], "val_loss": [0.6821061968803406, 0.674976110458374, 0.666633665561676, 0.6572214365005493, 0.6467869281768799, 0.6347811818122864, 0.6220801472663879, 0.6084131002426147, 0.5946430563926697, 0.5811045169830322, 0.5687093138694763, 0.5574836134910583, 0.5473061203956604, 0.5383909940719604, 0.5302770733833313, 0.5232595801353455, 0.5170286297798157, 0.5120500922203064, 0.507374107837677, 0.5033252835273743, 0.4998113512992859, 0.4960922300815582, 0.4934062063694, 0.49066731333732605, 0.4878416359424591, 0.4857487082481384, 0.4837712049484253, 0.4820898771286011, 0.4808287024497986, 0.47921428084373474, 0.47745391726493835, 0.4757291376590729, 0.47405460476875305, 0.4728236496448517, 0.4719630181789398, 0.4712551534175873, 0.47021234035491943, 0.4689788818359375, 0.4686528146266937, 0.46796026825904846, 0.4666365087032318, 0.4656352698802948, 0.4652102589607239, 0.46375587582588196, 0.4635467231273651, 0.4637352228164673, 0.4648227393627167, 0.4645068049430847, 0.46380314230918884, 0.46271994709968567, 0.462223082780838, 0.4625365138053894, 0.4623282253742218, 0.4611228108406067, 0.4603317975997925, 0.4590189754962921, 0.45802608132362366, 0.4585121273994446, 0.45778706669807434, 0.4577109217643738, 0.45703163743019104, 0.45634952187538147, 0.45602595806121826, 0.4569421708583832, 0.4572417736053467, 0.4575040936470032, 0.45768940448760986, 0.4568163752555847, 0.45606693625450134, 0.4556943476200104, 0.4557327330112457, 0.4553213119506836, 0.45533958077430725, 0.45436543226242065, 0.4562821090221405, 0.4576524794101715, 0.45744168758392334, 0.4572755694389343, 0.4572199881076813, 0.4561413824558258, 0.45741063356399536, 0.45835036039352417, 0.45796123147010803, 0.4588538408279419, 0.45982134342193604, 0.4593838155269623, 0.4588770270347595, 0.4588300585746765, 0.45903030037879944], "val_accuracy": [0.903124988079071, 0.9068750143051147, 0.9068750143051147, 0.9068750143051147, 0.9068750143051147, 0.9068750143051147, 0.9068750143051147, 0.9068750143051147, 0.9068750143051147, 0.9068750143051147, 0.9068750143051147, 0.9068750143051147, 0.9068750143051147, 0.9068750143051147, 0.9068750143051147, 0.9068750143051147, 0.9068750143051147, 0.9068750143051147, 0.9068750143051147, 0.9068750143051147, 0.9068750143051147, 0.9068750143051147, 0.9068750143051147, 0.9068750143051147, 0.9068750143051147, 0.9068750143051147, 0.9068750143051147, 0.9068750143051147, 0.9068750143051147, 0.9068750143051147, 0.9068750143051147, 0.9068750143051147, 0.9068750143051147, 0.9068750143051147, 0.9068750143051147, 0.9068750143051147, 0.9068750143051147, 0.9068750143051147, 0.9068750143051147, 0.9068750143051147, 0.9068750143051147, 0.9068750143051147, 0.9068750143051147, 0.9068750143051147, 0.9068750143051147, 0.9068750143051147, 0.9068750143051147, 0.9068750143051147, 0.9068750143051147, 0.9068750143051147, 0.9068750143051147, 0.9068750143051147, 0.9068750143051147, 0.9068750143051147, 0.9068750143051147, 0.9068750143051147, 0.9068750143051147, 0.9068750143051147, 0.9068750143051147, 0.9068750143051147, 0.9068750143051147, 0.9068750143051147, 0.9068750143051147, 0.9068750143051147, 0.9068750143051147, 0.9068750143051147, 0.9068750143051147, 0.9068750143051147, 0.9068750143051147, 0.9068750143051147, 0.9068750143051147, 0.9068750143051147, 0.9068750143051147, 0.9068750143051147, 0.9068750143051147, 0.9068750143051147, 0.9068750143051147, 0.9068750143051147, 0.9068750143051147, 0.9068750143051147, 0.9068750143051147, 0.9068750143051147, 0.9068750143051147, 0.9068750143051147, 0.9068750143051147, 0.9068750143051147, 0.9068750143051147, 0.9068750143051147, 0.9068750143051147]}