{"loss": [0.7567427754402161, 0.7357280254364014, 0.7124825119972229, 0.6914048790931702, 0.6707025170326233, 0.6490390300750732, 0.6272657513618469, 0.6052148342132568, 0.5822411179542542, 0.5621203780174255, 0.5386812090873718, 0.521155834197998, 0.4937044382095337, 0.4756733179092407, 0.44954708218574524, 0.4330463707447052, 0.4085119962692261, 0.3845045566558838, 0.35950610041618347, 0.3375833034515381, 0.3194310665130615, 0.29470813274383545, 0.2803576588630676, 0.2688506841659546, 0.243233323097229, 0.2422650009393692, 0.22087357938289642, 0.20370055735111237, 0.19386957585811615, 0.19664432108402252, 0.17972666025161743, 0.15547753870487213, 0.14246220886707306, 0.13824428617954254, 0.12513649463653564, 0.13922636210918427, 0.09839044511318207, 0.11355701088905334, 0.10750311613082886, 0.11237697303295135, 0.08752571791410446, 0.1010218933224678, 0.1002165824174881, 0.1373327076435089, 0.07456129789352417, 0.09064864367246628, 0.10976086556911469, 0.10236673057079315, 0.05707356333732605, 0.04980214685201645, 0.07126802951097488, 0.03848767653107643, 0.06347610056400299, 0.10789620131254196, 0.062317103147506714, 0.06415809690952301, 0.04615990072488785, 0.07310376316308975, 0.047089435160160065], "accuracy": [0.18968750536441803, 0.2809374928474426, 0.40312498807907104, 0.5246875286102295, 0.6365625262260437, 0.7665625214576721, 0.84375, 0.9053124785423279, 0.9453125, 0.9653124809265137, 0.9859374761581421, 0.9775000214576721, 0.9906250238418579, 0.9865624904632568, 0.9956250190734863, 0.9862499833106995, 0.9931250214576721, 0.9971874952316284, 1.0, 0.9978125095367432, 0.9950000047683716, 0.9975000023841858, 0.9959375262260437, 0.9921875, 0.995312511920929, 0.9862499833106995, 0.9884374737739563, 0.9925000071525574, 0.9918749928474426, 0.9834374785423279, 0.9871875047683716, 0.9928125143051147, 0.9956250190734863, 0.9931250214576721, 0.9946874976158142, 0.9862499833106995, 1.0, 0.9909374713897705, 0.9925000071525574, 0.9884374737739563, 0.9940624833106995, 0.9893749952316284, 0.987500011920929, 0.9746875166893005, 0.9950000047683716, 0.9887499809265137, 0.9828125238418579, 0.9837499856948853, 0.9965624809265137, 0.9984375238418579, 0.9915624856948853, 1.0, 0.9925000071525574, 0.9809374809265137, 0.9931250214576721, 0.9915624856948853, 0.9965624809265137, 0.9896875023841858, 0.9946874976158142], "val_loss": [0.6938912868499756, 0.6887576580047607, 0.6835124492645264, 0.6778070330619812, 0.6717883944511414, 0.665235161781311, 0.6582505702972412, 0.6506687998771667, 0.6426001191139221, 0.6341617107391357, 0.6249206066131592, 0.6154658794403076, 0.6052802801132202, 0.5948763489723206, 0.5838192105293274, 0.5727381706237793, 0.5611346960067749, 0.5492093563079834, 0.5369868278503418, 0.5247994065284729, 0.5126256942749023, 0.5004370212554932, 0.488496333360672, 0.4769761562347412, 0.46568626165390015, 0.4555808901786804, 0.4452698528766632, 0.43570056557655334, 0.42662468552589417, 0.41863250732421875, 0.4113236963748932, 0.40405261516571045, 0.3973512351512909, 0.39139339327812195, 0.38600441813468933, 0.3819636106491089, 0.37776413559913635, 0.3745357394218445, 0.37209242582321167, 0.3702410161495209, 0.3687562942504883, 0.3679511249065399, 0.3674490451812744, 0.36727961897850037, 0.36736682057380676, 0.3676750659942627, 0.36809876561164856, 0.3686331510543823, 0.36973345279693604, 0.3712416887283325, 0.3728414475917816, 0.37479960918426514, 0.37668827176094055, 0.37753021717071533, 0.37927407026290894, 0.3811577558517456, 0.38360801339149475, 0.38516688346862793, 0.38768866658210754], "val_accuracy": [0.8084375262260437, 0.8368750214576721, 0.8609374761581421, 0.8884375095367432, 0.9012500047683716, 0.9046875238418579, 0.9037500023841858, 0.9071875214576721, 0.9068750143051147, 0.9068750143051147, 0.9068750143051147, 0.9068750143051147, 0.9068750143051147, 0.9068750143051147, 0.9068750143051147, 0.9068750143051147, 0.9068750143051147, 0.9068750143051147, 0.9068750143051147, 0.9068750143051147, 0.9068750143051147, 0.9068750143051147, 0.9068750143051147, 0.9068750143051147, 0.9068750143051147, 0.9068750143051147, 0.9068750143051147, 0.9068750143051147, 0.9068750143051147, 0.9068750143051147, 0.9068750143051147, 0.9068750143051147, 0.9068750143051147, 0.9068750143051147, 0.9068750143051147, 0.9068750143051147, 0.9068750143051147, 0.9068750143051147, 0.9068750143051147, 0.9068750143051147, 0.9068750143051147, 0.9068750143051147, 0.9068750143051147, 0.9068750143051147, 0.9068750143051147, 0.9068750143051147, 0.9068750143051147, 0.9068750143051147, 0.9068750143051147, 0.9068750143051147, 0.9068750143051147, 0.9068750143051147, 0.9068750143051147, 0.9068750143051147, 0.9068750143051147, 0.9068750143051147, 0.9068750143051147, 0.9068750143051147, 0.9068750143051147]}