{"loss": [0.672345757484436, 0.6499530076980591, 0.6236030459403992, 0.5927459001541138, 0.5525907874107361, 0.5043123364448547, 0.44477808475494385, 0.39593505859375, 0.31085658073425293, 0.26853859424591064, 0.2147238403558731, 0.17926542460918427, 0.1488286405801773, 0.11769072711467743, 0.10627646744251251, 0.08723070472478867, 0.07748506218194962, 0.06351915746927261, 0.07068577408790588, 0.043031517416238785, 0.03866579011082649, 0.09324311465024948, 0.027821660041809082, 0.0384589284658432, 0.028257736936211586, 0.041997555643320084, 0.019489504396915436, 0.035154782235622406, 0.041162487119436264, 0.03111492656171322, 0.034883152693510056, 0.048726681619882584, 0.021989285945892334, 0.056256845593452454, 0.04044392704963684, 0.03819701075553894, 0.028474673628807068, 0.01404572930186987, 0.03397747874259949, 0.033222414553165436, 0.027141159400343895, 0.0410483218729496, 0.026372363790869713, 0.021500088274478912, 0.025447146967053413, 0.04375195875763893, 0.02663392946124077, 0.011116230860352516, 0.03720908239483833, 0.01982223242521286, 0.025821207091212273, 0.01215550396591425, 0.02892136760056019, 0.04208534583449364, 0.015103735029697418, 0.010554267093539238, 0.01797139272093773, 0.010920394212007523, 0.02786841243505478, 0.022404693067073822, 0.0224300604313612, 0.03132713586091995, 0.02003798447549343, 0.025604670867323875, 0.044009119272232056, 0.0330352820456028, 0.03916053846478462, 0.022786429151892662, 0.010399306192994118, 0.03167048841714859, 0.043998103588819504, 0.02697157859802246, 0.015691179782152176, 0.016133982688188553, 0.02209315076470375, 0.014995401725172997, 0.024492792785167694, 0.029677316546440125], "accuracy": [0.7990624904632568, 0.9443749785423279, 0.9831249713897705, 0.989062488079071, 0.989062488079071, 0.9825000166893005, 0.9925000071525574, 0.9753124713897705, 1.0, 0.9878125190734863, 0.9896875023841858, 0.9871875047683716, 0.984375, 0.9909374713897705, 0.9871875047683716, 0.9909374713897705, 0.9887499809265137, 0.9906250238418579, 0.984375, 0.995312511920929, 0.995312511920929, 0.9674999713897705, 0.996874988079071, 0.9912499785423279, 0.9959375262260437, 0.9859374761581421, 0.9971874952316284, 0.9903125166893005, 0.9878125190734863, 0.9909374713897705, 0.9887499809265137, 0.9825000166893005, 0.9931250214576721, 0.9800000190734863, 0.9859374761581421, 0.9878125190734863, 0.9912499785423279, 0.9962499737739563, 0.989062488079071, 0.9887499809265137, 0.9915624856948853, 0.9846875071525574, 0.9912499785423279, 0.9931250214576721, 0.9934375286102295, 0.9831249713897705, 0.9909374713897705, 0.9978125095367432, 0.987500011920929, 0.9928125143051147, 0.9909374713897705, 0.9962499737739563, 0.989062488079071, 0.9859374761581421, 0.995312511920929, 0.9965624809265137, 0.9959375262260437, 0.996874988079071, 0.9915624856948853, 0.9921875, 0.9925000071525574, 0.9871875047683716, 0.9940624833106995, 0.9900000095367432, 0.9840624928474426, 0.9881250262260437, 0.9846875071525574, 0.9915624856948853, 0.996874988079071, 0.9878125190734863, 0.9859374761581421, 0.9900000095367432, 0.9937499761581421, 0.9934375286102295, 0.9931250214576721, 0.9946874976158142, 0.9896875023841858, 0.9887499809265137], "val_loss": [0.6868681907653809, 0.6811520457267761, 0.674298882484436, 0.6661437749862671, 0.6566286683082581, 0.6458879113197327, 0.6337295770645142, 0.6212494373321533, 0.6082412004470825, 0.5955406427383423, 0.5833878517150879, 0.5719674825668335, 0.5616777539253235, 0.5520980954170227, 0.5434846878051758, 0.5353083610534668, 0.5284183025360107, 0.5218633413314819, 0.5163177251815796, 0.5108255743980408, 0.5056673884391785, 0.5019425749778748, 0.4978047311306, 0.4941352605819702, 0.4902167022228241, 0.4875052273273468, 0.48414525389671326, 0.48150908946990967, 0.47937583923339844, 0.4769933223724365, 0.47559067606925964, 0.4745848774909973, 0.47240933775901794, 0.47110801935195923, 0.4701431691646576, 0.4689563810825348, 0.46752533316612244, 0.4657098054885864, 0.46443405747413635, 0.46364033222198486, 0.46197015047073364, 0.4622468054294586, 0.46107304096221924, 0.45996975898742676, 0.4584600329399109, 0.4587634205818176, 0.45836859941482544, 0.45698297023773193, 0.45643100142478943, 0.4562259018421173, 0.45549172163009644, 0.4543662965297699, 0.45431527495384216, 0.4537893533706665, 0.4531664252281189, 0.452154278755188, 0.45129716396331787, 0.45062094926834106, 0.4510195851325989, 0.4515051543712616, 0.45053184032440186, 0.4501340389251709, 0.4498683214187622, 0.450880229473114, 0.45143431425094604, 0.45204395055770874, 0.45353469252586365, 0.4532392919063568, 0.4526911973953247, 0.45364731550216675, 0.45613420009613037, 0.45641282200813293, 0.45593148469924927, 0.4552019536495209, 0.4541444480419159, 0.4540923237800598, 0.45428892970085144, 0.45469343662261963], "val_accuracy": [0.8968750238418579, 0.8990625143051147, 0.9034374952316284, 0.9043750166893005, 0.9059374928474426, 0.9068750143051147, 0.9068750143051147, 0.9068750143051147, 0.9068750143051147, 0.9068750143051147, 0.9068750143051147, 0.9068750143051147, 0.9068750143051147, 0.9068750143051147, 0.9068750143051147, 0.9068750143051147, 0.9068750143051147, 0.9068750143051147, 0.9068750143051147, 0.9068750143051147, 0.9068750143051147, 0.9068750143051147, 0.9068750143051147, 0.9068750143051147, 0.9068750143051147, 0.9068750143051147, 0.9068750143051147, 0.9068750143051147, 0.9068750143051147, 0.9068750143051147, 0.9068750143051147, 0.9068750143051147, 0.9068750143051147, 0.9068750143051147, 0.9068750143051147, 0.9068750143051147, 0.9068750143051147, 0.9068750143051147, 0.9068750143051147, 0.9068750143051147, 0.9068750143051147, 0.9068750143051147, 0.9068750143051147, 0.9068750143051147, 0.9068750143051147, 0.9068750143051147, 0.9068750143051147, 0.9068750143051147, 0.9068750143051147, 0.9068750143051147, 0.9068750143051147, 0.9068750143051147, 0.9068750143051147, 0.9068750143051147, 0.9068750143051147, 0.9068750143051147, 0.9068750143051147, 0.9068750143051147, 0.9068750143051147, 0.9068750143051147, 0.9068750143051147, 0.9068750143051147, 0.9068750143051147, 0.9068750143051147, 0.9068750143051147, 0.9068750143051147, 0.9068750143051147, 0.9068750143051147, 0.9068750143051147, 0.9068750143051147, 0.9068750143051147, 0.9068750143051147, 0.9068750143051147, 0.9068750143051147, 0.9068750143051147, 0.9068750143051147, 0.9068750143051147, 0.9068750143051147]}