{"loss": [0.7091388702392578, 0.6829438805580139, 0.6584125757217407, 0.6330066919326782, 0.5954744815826416, 0.5562732815742493, 0.5075170397758484, 0.45327508449554443, 0.39341625571250916, 0.33634495735168457, 0.2812715470790863, 0.213939368724823, 0.19103847444057465, 0.1655280739068985, 0.10320644080638885, 0.10002891719341278, 0.07782118022441864, 0.07862786948680878, 0.055827170610427856, 0.06428363174200058, 0.054116345942020416, 0.04127047583460808, 0.02254006639122963, 0.03079690970480442, 0.04219144955277443, 0.02763655222952366, 0.04245797544717789, 0.01916770450770855, 0.04333317652344704, 0.03917652368545532, 0.05206887423992157, 0.02224360965192318, 0.022946244105696678, 0.019909735769033432, 0.021344006061553955, 0.044596463441848755, 0.041488975286483765, 0.005121905356645584, 0.02838882990181446, 0.027920356020331383, 0.03515251725912094, 0.04259283095598221, 0.03713352605700493, 0.04289296269416809, 0.010735145770013332, 0.03610711544752121, 0.03395798057317734, 0.033049970865249634, 0.025049831718206406, 0.059779394418001175, 0.02885471284389496, 0.020263636484742165, 0.012171690352261066, 0.016535555943846703, 0.04347794130444527, 0.026736045256257057, 0.014631464146077633, 0.04406319186091423, 0.017219189554452896, 0.03206431865692139, 0.01603178307414055, 0.009497816674411297, 0.043330222368240356, 0.046028148382902145, 0.02499084547162056, 0.010123634710907936, 0.024538353085517883, 0.030362166464328766, 0.015187526121735573, 0.018026987090706825, 0.031479328870773315, 0.01348155364394188, 0.043453559279441833, 0.018175844103097916, 0.02240227535367012, 0.0351124107837677, 0.05260971561074257, 0.018008800223469734, 0.01637442596256733, 0.02932148054242134, 0.013211730867624283, 0.017803577706217766, 0.06134670600295067, 0.013827681541442871, 0.048387907445430756, 0.016823189333081245, 0.022166253998875618], "accuracy": [0.26093751192092896, 0.707812488079071, 0.9428125023841858, 0.9631249904632568, 0.9959375262260437, 0.9853125214576721, 0.9840624928474426, 0.9881250262260437, 0.9865624904632568, 0.9831249713897705, 0.9840624928474426, 0.996874988079071, 0.9825000166893005, 0.9800000190734863, 1.0, 0.9909374713897705, 0.9921875, 0.9868749976158142, 0.9934375286102295, 0.9871875047683716, 0.989062488079071, 0.9928125143051147, 1.0, 0.9946874976158142, 0.9881250262260437, 0.9934375286102295, 0.9865624904632568, 0.996874988079071, 0.9865624904632568, 0.9896875023841858, 0.9828125238418579, 0.9950000047683716, 0.9931250214576721, 0.9937499761581421, 0.9943749904632568, 0.9815624952316284, 0.9853125214576721, 1.0, 0.9909374713897705, 0.9903125166893005, 0.987500011920929, 0.9834374785423279, 0.9868749976158142, 0.9846875071525574, 0.9978125095367432, 0.9862499833106995, 0.9865624904632568, 0.9887499809265137, 0.9921875, 0.9750000238418579, 0.9921875, 0.9940624833106995, 0.9965624809265137, 0.9950000047683716, 0.9846875071525574, 0.9915624856948853, 0.9943749904632568, 0.9818750023841858, 0.9950000047683716, 0.989062488079071, 0.9943749904632568, 0.9975000023841858, 0.9837499856948853, 0.9825000166893005, 0.9909374713897705, 0.9962499737739563, 0.9903125166893005, 0.9884374737739563, 0.9934375286102295, 0.9925000071525574, 0.9909374713897705, 0.9959375262260437, 0.9856250286102295, 0.9946874976158142, 0.9918749928474426, 0.9884374737739563, 0.9806249737739563, 0.9937499761581421, 0.9940624833106995, 0.989062488079071, 0.9956250190734863, 0.9937499761581421, 0.9778125286102295, 0.9934375286102295, 0.9821875095367432, 0.9937499761581421, 0.9925000071525574], "val_loss": [0.6911141872406006, 0.6863059401512146, 0.6808501482009888, 0.6744779348373413, 0.6668338775634766, 0.6578235030174255, 0.6474906206130981, 0.6358059644699097, 0.6232318878173828, 0.6104027032852173, 0.5974386930465698, 0.5844805836677551, 0.5727197527885437, 0.5618011951446533, 0.5513435006141663, 0.5419743657112122, 0.5335949659347534, 0.5262221693992615, 0.5193080306053162, 0.5130227208137512, 0.5079257488250732, 0.5029550790786743, 0.4980217218399048, 0.49354442954063416, 0.49023330211639404, 0.48636573553085327, 0.48325568437576294, 0.480061411857605, 0.4780424237251282, 0.4756335914134979, 0.4738551080226898, 0.471543550491333, 0.46948668360710144, 0.4671282172203064, 0.4650689661502838, 0.4641304016113281, 0.463388592004776, 0.4612102210521698, 0.45999324321746826, 0.45840150117874146, 0.4578300714492798, 0.45717480778694153, 0.4564049541950226, 0.4561050534248352, 0.45451709628105164, 0.4537370204925537, 0.4534004330635071, 0.4523656368255615, 0.45115166902542114, 0.45130833983421326, 0.45054391026496887, 0.4498421549797058, 0.44866302609443665, 0.4470842480659485, 0.44771793484687805, 0.44747990369796753, 0.4458425045013428, 0.44669970870018005, 0.4458582401275635, 0.4452802538871765, 0.4440344572067261, 0.44260933995246887, 0.44337669014930725, 0.44451281428337097, 0.4439987242221832, 0.44320470094680786, 0.4425913095474243, 0.4438241124153137, 0.44289490580558777, 0.44291722774505615, 0.4425106942653656, 0.44108158349990845, 0.442315012216568, 0.4418238401412964, 0.44146928191185, 0.4426654875278473, 0.4444900155067444, 0.44421568512916565, 0.4437437355518341, 0.443663090467453, 0.4429340660572052, 0.4426229000091553, 0.4447365701198578, 0.44392821192741394, 0.4458400309085846, 0.4459758996963501, 0.4453223943710327], "val_accuracy": [0.8487499952316284, 0.8628125190734863, 0.8809375166893005, 0.8909375071525574, 0.8993750214576721, 0.9018750190734863, 0.9009374976158142, 0.9024999737739563, 0.9043750166893005, 0.9065625071525574, 0.9071875214576721, 0.9071875214576721, 0.9065625071525574, 0.9065625071525574, 0.9065625071525574, 0.9059374928474426, 0.9065625071525574, 0.9065625071525574, 0.9065625071525574, 0.9065625071525574, 0.9065625071525574, 0.9068750143051147, 0.9068750143051147, 0.9068750143051147, 0.9068750143051147, 0.9068750143051147, 0.9068750143051147, 0.9068750143051147, 0.9068750143051147, 0.9068750143051147, 0.9068750143051147, 0.9068750143051147, 0.9068750143051147, 0.9068750143051147, 0.9068750143051147, 0.9068750143051147, 0.9068750143051147, 0.9068750143051147, 0.9068750143051147, 0.9068750143051147, 0.9068750143051147, 0.9068750143051147, 0.9068750143051147, 0.9068750143051147, 0.9068750143051147, 0.9068750143051147, 0.9068750143051147, 0.9068750143051147, 0.9068750143051147, 0.9068750143051147, 0.9068750143051147, 0.9068750143051147, 0.9068750143051147, 0.9068750143051147, 0.9068750143051147, 0.9068750143051147, 0.9068750143051147, 0.9068750143051147, 0.9068750143051147, 0.9068750143051147, 0.9068750143051147, 0.9068750143051147, 0.9068750143051147, 0.9068750143051147, 0.9068750143051147, 0.9068750143051147, 0.9068750143051147, 0.9068750143051147, 0.9068750143051147, 0.9068750143051147, 0.9068750143051147, 0.9068750143051147, 0.9068750143051147, 0.9068750143051147, 0.9068750143051147, 0.9068750143051147, 0.9068750143051147, 0.9068750143051147, 0.9068750143051147, 0.9068750143051147, 0.9068750143051147, 0.9068750143051147, 0.9068750143051147, 0.9068750143051147, 0.9068750143051147, 0.9068750143051147, 0.9068750143051147]}