{"loss": [0.6852474212646484, 0.6599448323249817, 0.6380357146263123, 0.6179136633872986, 0.595510721206665, 0.5766574144363403, 0.5518275499343872, 0.5230939388275146, 0.5012357831001282, 0.48074284195899963, 0.4477081000804901, 0.4212285578250885, 0.38606175780296326, 0.36101090908050537, 0.3336714208126068, 0.30589956045150757, 0.27513784170150757, 0.24942222237586975, 0.23243926465511322, 0.22122791409492493, 0.1816025674343109, 0.18782754242420197, 0.15794765949249268, 0.1457735002040863, 0.13026350736618042, 0.13176174461841583, 0.10848858952522278, 0.10056114196777344, 0.0921301618218422, 0.09148596972227097, 0.06680203229188919, 0.06497514992952347, 0.07556074112653732, 0.058637190610170364, 0.0969080999493599, 0.04792899638414383, 0.054276399314403534, 0.07987775653600693, 0.0884772315621376, 0.07556230574846268, 0.06393401324748993, 0.1044604554772377, 0.0573137104511261, 0.048441193997859955, 0.034207843244075775, 0.08823574334383011, 0.045355502516031265, 0.03137869015336037, 0.04250830039381981, 0.03805556893348694, 0.040999822318553925, 0.0418090857565403, 0.060713429003953934, 0.03147386386990547, 0.04976711422204971, 0.04547987878322601, 0.027802787721157074, 0.054315537214279175, 0.04321982339024544, 0.039681192487478256, 0.04607662558555603, 0.021944165229797363, 0.023677194491028786, 0.02528451941907406], "accuracy": [0.5674999952316284, 0.7284374833106995, 0.8396875262260437, 0.9075000286102295, 0.9490625262260437, 0.9612500071525574, 0.9768750071525574, 0.9859374761581421, 0.9831249713897705, 0.9762499928474426, 0.9903125166893005, 0.9881250262260437, 0.9971874952316284, 0.9921875, 0.9915624856948853, 0.9915624856948853, 0.9946874976158142, 0.9940624833106995, 0.9887499809265137, 0.9809374809265137, 0.9959375262260437, 0.9825000166893005, 0.9912499785423279, 0.9884374737739563, 0.9934375286102295, 0.9859374761581421, 0.9921875, 0.9943749904632568, 0.9946874976158142, 0.9903125166893005, 1.0, 0.9981250166893005, 0.9921875, 0.996874988079071, 0.9825000166893005, 0.9978125095367432, 0.9946874976158142, 0.9840624928474426, 0.9828125238418579, 0.9853125214576721, 0.9900000095367432, 0.9787499904632568, 0.9909374713897705, 0.9937499761581421, 0.9975000023841858, 0.981249988079071, 0.9937499761581421, 0.9978125095367432, 0.9943749904632568, 0.9962499737739563, 0.9946874976158142, 0.9940624833106995, 0.989062488079071, 0.996874988079071, 0.9921875, 0.9921875, 0.9975000023841858, 0.9903125166893005, 0.9918749928474426, 0.9940624833106995, 0.9918749928474426, 0.9978125095367432, 0.9971874952316284, 0.9971874952316284], "val_loss": [0.6872594952583313, 0.6815022826194763, 0.6750338673591614, 0.6679846048355103, 0.6603533029556274, 0.6521424055099487, 0.6431646943092346, 0.6333996057510376, 0.6229680776596069, 0.6121733784675598, 0.6002907156944275, 0.5878210663795471, 0.5745136737823486, 0.5609511733055115, 0.5470796823501587, 0.5329082608222961, 0.5187587141990662, 0.5046951770782471, 0.4912400543689728, 0.47883933782577515, 0.4660302698612213, 0.4546937644481659, 0.4435730278491974, 0.43353691697120667, 0.42372381687164307, 0.4152807593345642, 0.4069627821445465, 0.3993384540081024, 0.39238566160202026, 0.3866291344165802, 0.38055747747421265, 0.3753821849822998, 0.37128016352653503, 0.3674343526363373, 0.36524853110313416, 0.3621210753917694, 0.3597988486289978, 0.35828205943107605, 0.3572503328323364, 0.35615670680999756, 0.35502102971076965, 0.3547459840774536, 0.35388505458831787, 0.353206068277359, 0.35255131125450134, 0.3523351550102234, 0.3518795669078827, 0.3516639471054077, 0.35157352685928345, 0.3517293930053711, 0.35192906856536865, 0.35221922397613525, 0.3523297607898712, 0.35280081629753113, 0.3531586527824402, 0.35350680351257324, 0.35425952076911926, 0.35460296273231506, 0.35513341426849365, 0.35577628016471863, 0.3562050759792328, 0.3573104441165924, 0.3585270941257477, 0.35960879921913147], "val_accuracy": [0.8862500190734863, 0.8943750262260437, 0.9053124785423279, 0.9065625071525574, 0.90625, 0.9065625071525574, 0.9068750143051147, 0.9068750143051147, 0.9068750143051147, 0.9068750143051147, 0.9068750143051147, 0.9068750143051147, 0.9068750143051147, 0.9068750143051147, 0.9068750143051147, 0.9068750143051147, 0.9068750143051147, 0.9068750143051147, 0.9068750143051147, 0.9068750143051147, 0.9068750143051147, 0.9068750143051147, 0.9068750143051147, 0.9068750143051147, 0.9068750143051147, 0.9068750143051147, 0.9068750143051147, 0.9068750143051147, 0.9068750143051147, 0.9068750143051147, 0.9068750143051147, 0.9068750143051147, 0.9068750143051147, 0.9068750143051147, 0.9068750143051147, 0.9068750143051147, 0.9068750143051147, 0.9068750143051147, 0.9068750143051147, 0.9068750143051147, 0.9068750143051147, 0.9068750143051147, 0.9068750143051147, 0.9068750143051147, 0.9068750143051147, 0.9068750143051147, 0.9068750143051147, 0.9068750143051147, 0.9068750143051147, 0.9068750143051147, 0.9068750143051147, 0.9068750143051147, 0.9068750143051147, 0.9068750143051147, 0.9068750143051147, 0.9068750143051147, 0.9068750143051147, 0.9068750143051147, 0.9068750143051147, 0.9068750143051147, 0.9068750143051147, 0.9068750143051147, 0.9068750143051147, 0.9068750143051147]}