{"loss": [0.6801909804344177, 0.6713088154792786, 0.6582028865814209, 0.6441938281059265, 0.6245713829994202, 0.6017287373542786, 0.578870415687561, 0.5514573454856873, 0.5090387463569641, 0.4703015387058258, 0.4335775673389435, 0.38223811984062195, 0.33674949407577515, 0.2956008017063141, 0.2554629445075989, 0.22277216613292694, 0.1972465068101883, 0.16601012647151947, 0.1548982560634613, 0.11665540933609009, 0.11067546904087067, 0.08285295218229294, 0.0841987356543541, 0.0973089337348938, 0.09651346504688263, 0.13015884160995483, 0.0831068605184555, 0.07672823965549469, 0.07137956470251083, 0.04046244919300079, 0.05294341221451759, 0.036581214517354965, 0.05876028165221214, 0.04313983768224716, 0.09838894754648209, 0.04825286939740181, 0.042490605264902115, 0.058765217661857605, 0.07464507222175598, 0.040273118764162064, 0.054622016847133636, 0.05293147638440132], "accuracy": [0.9712499976158142, 0.9834374785423279, 0.9906250238418579, 0.9840624928474426, 0.9909374713897705, 0.9918749928474426, 0.9771875143051147, 0.9815624952316284, 0.9978125095367432, 0.996874988079071, 0.9912499785423279, 0.9971874952316284, 0.9950000047683716, 0.9934375286102295, 0.9928125143051147, 0.9903125166893005, 0.9887499809265137, 0.9921875, 0.9859374761581421, 0.9950000047683716, 0.9912499785423279, 0.9978125095367432, 0.9934375286102295, 0.989062488079071, 0.9850000143051147, 0.9743750095367432, 0.987500011920929, 0.9887499809265137, 0.9900000095367432, 0.9975000023841858, 0.9946874976158142, 0.9971874952316284, 0.9884374737739563, 0.9937499761581421, 0.9784374833106995, 0.9909374713897705, 0.9921875, 0.9893749952316284, 0.9862499833106995, 0.9940624833106995, 0.9887499809265137, 0.9906250238418579], "val_loss": [0.6816654205322266, 0.6729949116706848, 0.6627572774887085, 0.6510875821113586, 0.6374311447143555, 0.6220800876617432, 0.6053562164306641, 0.5871230363845825, 0.5659902095794678, 0.5430123805999756, 0.5195159912109375, 0.49531805515289307, 0.47214341163635254, 0.45098721981048584, 0.43251335620880127, 0.4170656204223633, 0.4046129882335663, 0.3947237730026245, 0.38737475872039795, 0.38225647807121277, 0.37882229685783386, 0.377480685710907, 0.37701430916786194, 0.3773197829723358, 0.37712615728378296, 0.37692680954933167, 0.3769230544567108, 0.3777986466884613, 0.37956783175468445, 0.3819112479686737, 0.38411885499954224, 0.38705745339393616, 0.3895307183265686, 0.3927844166755676, 0.3909967541694641, 0.3930477201938629, 0.39539510011672974, 0.39642515778541565, 0.3970890939235687, 0.39885413646698, 0.4010894000530243, 0.40224549174308777], "val_accuracy": [0.9068750143051147, 0.9068750143051147, 0.9068750143051147, 0.9068750143051147, 0.9068750143051147, 0.9068750143051147, 0.9068750143051147, 0.9068750143051147, 0.9068750143051147, 0.9068750143051147, 0.9068750143051147, 0.9068750143051147, 0.9068750143051147, 0.9068750143051147, 0.9068750143051147, 0.9068750143051147, 0.9068750143051147, 0.9068750143051147, 0.9068750143051147, 0.9068750143051147, 0.9068750143051147, 0.9068750143051147, 0.9068750143051147, 0.9068750143051147, 0.9068750143051147, 0.9068750143051147, 0.9068750143051147, 0.9068750143051147, 0.9068750143051147, 0.9068750143051147, 0.9068750143051147, 0.9068750143051147, 0.9068750143051147, 0.9068750143051147, 0.9068750143051147, 0.9068750143051147, 0.9068750143051147, 0.9068750143051147, 0.9068750143051147, 0.9068750143051147, 0.9068750143051147, 0.9068750143051147]}