{"loss": [0.09218420088291168, 0.021212628111243248, 0.014952562749385834, 0.04832548648118973, 0.07849244773387909, 0.07398371398448944, 0.022071002051234245, 0.05818949639797211, 0.06803195178508759, 0.0510534942150116, 0.07779327034950256, 0.05404965952038765, 0.06221749633550644, 0.04279768094420433, 0.04664909839630127, 0.0277983620762825, 0.0011652603279799223, 0.05205021798610687], "accuracy": [0.9725000262260437, 0.9975000023841858, 0.9984375238418579, 0.9937499761581421, 0.9884374737739563, 0.9862499833106995, 0.9965624809265137, 0.9912499785423279, 0.987500011920929, 0.9921875, 0.9859374761581421, 0.9903125166893005, 0.9853125214576721, 0.9925000071525574, 0.9909374713897705, 0.9946874976158142, 1.0, 0.9909374713897705], "val_loss": [0.9040811061859131, 0.9646902680397034, 0.8949941396713257, 1.352005958557129, 0.8795619010925293, 0.6196656227111816, 0.697456955909729, 0.5147712230682373, 0.48405542969703674, 0.43248406052589417, 0.4008011221885681, 0.42274224758148193, 0.3965741693973541, 0.4587847590446472, 0.43708014488220215, 0.4783360958099365, 0.5623728036880493, 0.45408812165260315], "val_accuracy": [0.9068750143051147, 0.9068750143051147, 0.9068750143051147, 0.2068749964237213, 0.9068750143051147, 0.9068750143051147, 0.9068750143051147, 0.9068750143051147, 0.9068750143051147, 0.9068750143051147, 0.9068750143051147, 0.9068750143051147, 0.9068750143051147, 0.9068750143051147, 0.9068750143051147, 0.9068750143051147, 0.9068750143051147, 0.9068750143051147]}