{"loss": [0.10981464385986328, 0.1093696802854538, 0.12373750656843185, 0.03691035881638527, 0.09828513860702515, 0.07062311470508575, 0.11632949113845825, 0.03525508567690849, 0.10429434478282928, 0.03917626291513443, 0.06727130711078644, 0.06603138148784637], "accuracy": [0.9737499952316284, 0.9818750023841858, 0.979687511920929, 0.9946874976158142, 0.9834374785423279, 0.987500011920929, 0.979687511920929, 0.995312511920929, 0.9831249713897705, 0.9946874976158142, 0.9887499809265137, 0.9881250262260437], "val_loss": [0.6471814513206482, 0.4557390511035919, 0.5000264644622803, 0.5718370676040649, 0.4631795585155487, 0.5245099663734436, 0.4481840133666992, 0.6179925799369812, 0.44839370250701904, 0.5840774774551392, 0.5072033405303955, 0.47896185517311096], "val_accuracy": [0.9068750143051147, 0.9068750143051147, 0.9068750143051147, 0.9068750143051147, 0.9068750143051147, 0.9068750143051147, 0.9068750143051147, 0.9068750143051147, 0.9068750143051147, 0.9068750143051147, 0.9068750143051147, 0.9068750143051147]}