{"loss": [0.1376468390226364, 0.10357823967933655, 0.04230205714702606, 0.05865953490138054, 0.07922311127185822, 0.0408083014190197, 0.03119276836514473, 0.04152710363268852, 0.03601403534412384, 0.036605678498744965, 0.035546280443668365, 0.022443506866693497, 0.05762441083788872, 0.036526575684547424, 0.02469581551849842, 0.07527149468660355, 0.04702604189515114, 0.04901111498475075, 0.037351299077272415, 0.012535273097455502, 0.021183714270591736, 0.019026940688490868, 0.023085763677954674, 0.04678156226873398, 0.03048374503850937, 0.03942149505019188, 0.022679058834910393, 0.03597794845700264, 0.034424759447574615, 0.0259028822183609], "accuracy": [0.956250011920929, 0.9800000190734863, 0.9931250214576721, 0.987500011920929, 0.9818750023841858, 0.9903125166893005, 0.9937499761581421, 0.9903125166893005, 0.9921875, 0.9925000071525574, 0.9921875, 0.9965624809265137, 0.9862499833106995, 0.9900000095367432, 0.9950000047683716, 0.9759374856948853, 0.9878125190734863, 0.9831249713897705, 0.9859374761581421, 0.9965624809265137, 0.9937499761581421, 0.9931250214576721, 0.9909374713897705, 0.9815624952316284, 0.9887499809265137, 0.9837499856948853, 0.9893749952316284, 0.9837499856948853, 0.9837499856948853, 0.9881250262260437], "val_loss": [0.819750964641571, 0.8190215826034546, 0.6680458784103394, 0.6034414172172546, 0.5194122195243835, 0.5576381087303162, 0.4812333583831787, 0.4300462305545807, 0.44896453619003296, 0.45274069905281067, 0.41018906235694885, 0.39694705605506897, 0.36526596546173096, 0.33068886399269104, 0.3823436498641968, 0.3152145445346832, 0.3418527841567993, 0.32212164998054504, 0.34034591913223267, 0.2991769313812256, 0.3029198944568634, 0.3049783408641815, 0.3157120943069458, 0.3117560148239136, 0.2469843626022339, 0.26502883434295654, 0.29444098472595215, 0.26723650097846985, 0.2609153687953949, 0.2557462155818939], "val_accuracy": [0.9068750143051147, 0.9068750143051147, 0.9065625071525574, 0.9065625071525574, 0.9046875238418579, 0.9075000286102295, 0.9056249856948853, 0.901562511920929, 0.9006249904632568, 0.9012500047683716, 0.8987500071525574, 0.9049999713897705, 0.8924999833106995, 0.9028124809265137, 0.9056249856948853, 0.9037500023841858, 0.9021875262260437, 0.9071875214576721, 0.8918750286102295, 0.8959375023841858, 0.8924999833106995, 0.8915625214576721, 0.8956249952316284, 0.9068750143051147, 0.903124988079071, 0.9046875238418579, 0.90625, 0.9059374928474426, 0.9075000286102295, 0.9075000286102295]}