{"loss": [0.11997484415769577, 0.0771685242652893, 0.052243828773498535, 0.06755471229553223, 0.10613603889942169, 0.05689055472612381, 0.018428796902298927], "accuracy": [0.9728124737739563, 0.9868749976158142, 0.9915624856948853, 0.9906250238418579, 0.9771875143051147, 0.9887499809265137, 0.9965624809265137], "val_loss": [0.625863254070282, 0.5231074690818787, 0.6603489518165588, 0.8771727681159973, 0.9594094753265381, 1.0885286331176758, 0.7884750366210938], "val_accuracy": [0.9068750143051147, 0.9068750143051147, 0.9049999713897705, 0.1899999976158142, 0.17468750476837158, 0.1443749964237213, 0.18468749523162842]}