{"loss": [0.043287210166454315, 0.0852220430970192, 0.06760718673467636, 0.09214533865451813, 0.012972138822078705, 0.04122820496559143, 0.03652698174118996, 0.03430943191051483, 0.029646679759025574, 0.07522764801979065, 0.07127421349287033, 0.049885522574186325, 0.04766244813799858, 0.06501741707324982, 0.038589924573898315, 0.01859939843416214, 0.035563088953495026, 0.044798921793699265, 0.03010992333292961], "accuracy": [0.9887499809265137, 0.9900000095367432, 0.9878125190734863, 0.9815624952316284, 0.9984375238418579, 0.9931250214576721, 0.9925000071525574, 0.9921875, 0.9946874976158142, 0.984375, 0.981249988079071, 0.9865624904632568, 0.9884374737739563, 0.9809374809265137, 0.9909374713897705, 0.9965624809265137, 0.9918749928474426, 0.9846875071525574, 0.9925000071525574], "val_loss": [0.7740236520767212, 0.4640345871448517, 0.4235055148601532, 0.3902278542518616, 0.44015395641326904, 0.3575717508792877, 0.3041723966598511, 0.44207563996315, 0.4693264067173004, 0.3120152950286865, 0.3037886917591095, 0.3072015643119812, 0.2860261797904968, 0.27337220311164856, 0.3301079273223877, 0.3714889585971832, 0.3539976179599762, 0.30048879981040955, 0.3603489398956299], "val_accuracy": [0.9068750143051147, 0.9068750143051147, 0.9068750143051147, 0.9068750143051147, 0.9068750143051147, 0.9068750143051147, 0.9078124761581421, 0.9071875214576721, 0.9068750143051147, 0.9100000262260437, 0.9056249856948853, 0.9078124761581421, 0.9100000262260437, 0.9106249809265137, 0.9084374904632568, 0.9068750143051147, 0.90625, 0.9078124761581421, 0.9112499952316284]}