{"loss": [0.06226435303688049, 0.13537022471427917, 0.06176238879561424, 0.06524044275283813, 0.05092454329133034, 0.04831712692975998, 0.010337702929973602, 0.0467602014541626, 0.10483167320489883, 0.06334896385669708, 0.10927782207727432, 0.05006180331110954, 0.03556254506111145, 0.016428958624601364, 0.027967633679509163, 0.048667922616004944], "accuracy": [0.9784374833106995, 0.9806249737739563, 0.9915624856948853, 0.9887499809265137, 0.9925000071525574, 0.9915624856948853, 0.9990624785423279, 0.9931250214576721, 0.979687511920929, 0.9859374761581421, 0.9746875166893005, 0.9903125166893005, 0.9937499761581421, 0.9965624809265137, 0.9959375262260437, 0.9900000095367432], "val_loss": [1.1475623846054077, 1.0856990814208984, 1.031523585319519, 1.000273585319519, 0.8492485284805298, 1.0464670658111572, 1.0668641328811646, 0.7750901579856873, 0.5488989949226379, 0.6251940727233887, 0.487186998128891, 0.5237393975257874, 0.5303462743759155, 0.5924592018127441, 0.5707326531410217, 0.5701432228088379], "val_accuracy": [0.2068749964237213, 0.2068749964237213, 0.2068749964237213, 0.2068749964237213, 0.2043749988079071, 0.18156249821186066, 0.19687500596046448, 0.8993750214576721, 0.8831250071525574, 0.8706250190734863, 0.8706250190734863, 0.8740624785423279, 0.8740624785423279, 0.8725000023841858, 0.8756250143051147, 0.8712499737739563]}