{"loss": [0.11747674643993378, 0.048630084842443466, 0.07309358566999435, 0.06005991995334625, 0.0821504294872284, 0.09914892166852951, 0.04316015541553497, 0.06477556377649307, 0.03520828112959862, 0.07661241292953491], "accuracy": [0.9731249809265137, 0.9937499761581421, 0.9881250262260437, 0.9921875, 0.9887499809265137, 0.9837499856948853, 0.9940624833106995, 0.9900000095367432, 0.9950000047683716, 0.9884374737739563], "val_loss": [0.7481046915054321, 0.6797972321510315, 0.7988060116767883, 0.685007631778717, 0.6219432353973389, 0.6247289776802063, 0.6744890809059143, 0.7021944522857666, 0.7846987843513489, 0.6879343390464783], "val_accuracy": [0.9068750143051147, 0.9068750143051147, 0.9068750143051147, 0.9068750143051147, 0.9068750143051147, 0.9068750143051147, 0.9068750143051147, 0.9068750143051147, 0.9068750143051147, 0.9068750143051147]}