{"loss": [0.07733932137489319, 0.06389777362346649, 0.0975259467959404, 0.06358850747346878, 0.07951449602842331, 0.059689540416002274, 0.06925051659345627, 0.05102158710360527, 0.035212256014347076, 0.03953658416867256, 0.07671187072992325], "accuracy": [0.9806249737739563, 0.9915624856948853, 0.9846875071525574, 0.9909374713897705, 0.9887499809265137, 0.9909374713897705, 0.9871875047683716, 0.9931250214576721, 0.9956250190734863, 0.9943749904632568, 0.9884374737739563], "val_loss": [0.6018977165222168, 0.5570415258407593, 0.5158092975616455, 0.5181333422660828, 0.514769434928894, 0.4658057391643524, 0.5976949334144592, 0.4831494092941284, 0.5424262881278992, 0.54152512550354, 0.47308605909347534], "val_accuracy": [0.9068750143051147, 0.9068750143051147, 0.9068750143051147, 0.9068750143051147, 0.9068750143051147, 0.9068750143051147, 0.9068750143051147, 0.9068750143051147, 0.9068750143051147, 0.9068750143051147, 0.9068750143051147]}