{"loss": [0.1075783520936966, 0.09218907356262207, 0.03962694853544235, 0.10951144993305206, 0.07377061992883682, 0.07960048317909241, 0.07200679928064346, 0.050042103976011276, 0.08956152945756912], "accuracy": [0.9671875238418579, 0.9865624904632568, 0.9950000047683716, 0.9803125262260437, 0.9903125166893005, 0.9881250262260437, 0.9884374737739563, 0.9928125143051147, 0.9859374761581421], "val_loss": [0.7076133489608765, 0.6881078481674194, 0.7049644589424133, 0.5019893050193787, 0.6354788541793823, 0.6047104001045227, 0.650801420211792, 0.6132473945617676, 0.5963780879974365], "val_accuracy": [0.9068750143051147, 0.9068750143051147, 0.9068750143051147, 0.9068750143051147, 0.9068750143051147, 0.9068750143051147, 0.9068750143051147, 0.9068750143051147, 0.9068750143051147]}