{"loss": [0.2056168168783188, 0.04471307247877121, 0.04815465956926346, 0.005107303149998188, 0.02286442741751671, 0.045320089906454086, 0.042655523866415024, 0.017934439703822136, 0.023224525153636932, 0.019345872104167938, 0.024902651086449623, 0.00938462745398283, 0.007497808430343866, 0.02059324085712433, 0.0008120163693092763, 0.007735992781817913, 0.004280488006770611, 0.0005064037977717817, 0.0003406014002393931, 0.00972436461597681, 0.006234879605472088, 0.0002822224341798574, 0.009558028541505337], "acurracy": [0.9449999928474426, 0.9937499761581421, 0.9918749928474426, 1.0, 0.9959375262260437, 0.9887499809265137, 0.9868749976158142, 0.9943749904632568, 0.9931250214576721, 0.9946874976158142, 0.9934375286102295, 0.9978125095367432, 0.9981250166893005, 0.9943749904632568, 1.0, 0.9981250166893005, 0.9984375238418579, 1.0, 1.0, 0.9965624809265137, 0.9981250166893005, 1.0, 0.9981250166893005], "val_loss": [1.63981294631958, 1.479767918586731, 1.301260232925415, 1.2570562362670898, 1.1554532051086426, 0.9202438592910767, 0.8010359406471252, 0.7611634731292725, 0.7210057973861694, 0.7431254386901855, 0.7030234336853027, 0.7098513245582581, 0.7006011009216309, 0.6934295892715454, 0.6932401061058044, 0.6985147595405579, 0.6912899613380432, 0.6748964190483093, 0.6995587944984436, 0.6993230581283569, 0.6999653577804565, 0.7079126238822937, 0.6975315809249878], "val_acurracy": [0.47874999046325684, 0.5375000238418579, 0.5378124713897705, 0.5559375286102295, 0.598437488079071, 0.7018749713897705, 0.7425000071525574, 0.765625, 0.7753124833106995, 0.7762500047683716, 0.7856249809265137, 0.7856249809265137, 0.7912499904632568, 0.7956249713897705, 0.796875, 0.7953125238418579, 0.7990624904632568, 0.8043749928474426, 0.7984374761581421, 0.7993749976158142, 0.7996875047683716, 0.7962499856948853, 0.7959374785423279]}