{"loss": [0.4960040748119354, 0.027938559651374817, 0.0398578941822052, 0.03290509432554245, 0.07614150643348694, 0.06459157913923264, 0.018163198605179787, 0.012749765068292618, 0.024618269875645638, 0.018523061648011208, 0.017698705196380615, 0.010566950775682926, 0.033665526658296585, 0.02320917882025242, 0.001979981316253543, 0.012800718657672405, 0.013772816397249699, 0.009466027840971947, 0.001074085826985538, 0.011969823390245438, 0.015082456171512604, 0.00973622314631939, 0.00665851728990674, 0.024578513577580452, 0.011185926385223866, 0.01737997494637966, 0.003828827990218997, 0.0033809246961027384, 0.01684674061834812, 0.0008240217575803399, 0.0014946656301617622, 0.006232076324522495, 0.007053234148770571, 0.005925960373133421, 0.00549533823505044, 0.0003267634892836213, 0.009849995374679565, 0.009909654036164284], "acurracy": [0.8334375023841858, 1.0, 0.995312511920929, 0.9950000047683716, 0.9859374761581421, 0.9856250286102295, 0.9962499737739563, 0.9981250166893005, 0.9934375286102295, 0.9946874976158142, 0.9959375262260437, 0.9978125095367432, 0.9912499785423279, 0.9937499761581421, 1.0, 0.9975000023841858, 0.9962499737739563, 0.9975000023841858, 1.0, 0.9971874952316284, 0.9962499737739563, 0.9981250166893005, 0.9981250166893005, 0.9950000047683716, 0.996874988079071, 0.9946874976158142, 0.9993749856948853, 0.9990624785423279, 0.9965624809265137, 1.0, 0.9996874928474426, 0.9981250166893005, 0.9981250166893005, 0.9981250166893005, 0.9987499713897705, 1.0, 0.996874988079071, 0.9981250166893005], "val_loss": [1.839652419090271, 1.9731425046920776, 1.926132082939148, 1.7969021797180176, 1.529355764389038, 1.2184664011001587, 1.1914947032928467, 1.1956995725631714, 1.1271026134490967, 1.1220508813858032, 1.0672416687011719, 1.0540692806243896, 0.961341142654419, 0.926521897315979, 0.9619642496109009, 0.9290006160736084, 0.9066217541694641, 0.8618874549865723, 0.8600816130638123, 0.821347713470459, 0.7895233631134033, 0.7824169397354126, 0.7861095666885376, 0.7428035140037537, 0.718740701675415, 0.684720516204834, 0.6888170838356018, 0.6839599609375, 0.6917994618415833, 0.7083021402359009, 0.6910442113876343, 0.6482528448104858, 0.6230589747428894, 0.6468591094017029, 0.6447934508323669, 0.6546887755393982, 0.6318962574005127, 0.6347147226333618], "val_acurracy": [0.23250000178813934, 0.26656249165534973, 0.2887499928474426, 0.3268750011920929, 0.42625001072883606, 0.5887500047683716, 0.5962499976158142, 0.5934374928474426, 0.6193749904632568, 0.6290624737739563, 0.6549999713897705, 0.6581249833106995, 0.6959375143051147, 0.7068750262260437, 0.7012500166893005, 0.7112500071525574, 0.7146875262260437, 0.7228124737739563, 0.7259374856948853, 0.7387499809265137, 0.7434375286102295, 0.7518749833106995, 0.7428125143051147, 0.7603124976158142, 0.7668750286102295, 0.7771875262260437, 0.7778124809265137, 0.7778124809265137, 0.7834374904632568, 0.7728124856948853, 0.78125, 0.7956249713897705, 0.8053125143051147, 0.7996875047683716, 0.7984374761581421, 0.7962499856948853, 0.796875, 0.7956249713897705]}