{"loss": [0.2688460946083069, 0.15506558120250702, 0.0508665069937706, 0.026634948328137398, 0.04712319374084473, 0.018923426046967506, 0.003796688513830304, 0.02949542924761772, 0.01667131669819355, 0.0025173798203468323, 0.016440968960523605, 0.020466532558202744, 0.015047941356897354, 0.016405051574110985, 0.03133007511496544, 0.014766398817300797, 0.00991855002939701, 0.0300984475761652, 0.027493862435221672, 0.02110813371837139, 0.017273785546422005, 0.0046472628600895405, 0.014418150298297405, 0.011805781163275242, 0.009831942617893219, 0.015057317912578583, 0.0006190305575728416, 0.00048643178888596594, 0.00866055116057396, 0.004985300824046135, 0.009580660611391068, 0.011988923884928226, 0.016860399395227432, 0.006416503340005875, 0.006234178319573402, 0.004831928759813309, 0.0066124931909143925, 0.011487167328596115, 0.00798076018691063, 0.0003816733951680362, 0.014818791300058365, 0.005085555370897055, 0.020700817927718163, 0.02469717338681221, 0.008206806145608425, 0.0003858945856336504, 0.0044004484079778194, 0.001960180001333356], "acurracy": [0.9284374713897705, 0.9725000262260437, 0.9912499785423279, 0.995312511920929, 0.9915624856948853, 0.9965624809265137, 1.0, 0.9937499761581421, 0.9965624809265137, 1.0, 0.9962499737739563, 0.9946874976158142, 0.9962499737739563, 0.9946874976158142, 0.9918749928474426, 0.996874988079071, 0.9975000023841858, 0.9940624833106995, 0.9921875, 0.9946874976158142, 0.995312511920929, 0.9990624785423279, 0.995312511920929, 0.9965624809265137, 0.9975000023841858, 0.9950000047683716, 1.0, 1.0, 0.9978125095367432, 0.9987499713897705, 0.9978125095367432, 0.9975000023841858, 0.9959375262260437, 0.9981250166893005, 0.9987499713897705, 0.9984375238418579, 0.9981250166893005, 0.9962499737739563, 0.9978125095367432, 1.0, 0.9971874952316284, 0.9978125095367432, 0.9940624833106995, 0.9931250214576721, 0.9971874952316284, 1.0, 0.9981250166893005, 0.9996874928474426], "val_loss": [1.55306077003479, 1.2013872861862183, 1.1274216175079346, 1.1622637510299683, 1.0584824085235596, 1.0456913709640503, 1.0713305473327637, 1.0095796585083008, 0.9907501935958862, 0.9872953295707703, 0.9818950891494751, 0.9332373142242432, 0.891065239906311, 0.8496968746185303, 0.7756935954093933, 0.7794195413589478, 0.8028405904769897, 0.7947152853012085, 0.7043489217758179, 0.6778515577316284, 0.6754685044288635, 0.6610479950904846, 0.6441417932510376, 0.6349994540214539, 0.6681553721427917, 0.6319721341133118, 0.6521478891372681, 0.6569660305976868, 0.6625118851661682, 0.6594939231872559, 0.6236969828605652, 0.6154975891113281, 0.5979556441307068, 0.5805990695953369, 0.5846224427223206, 0.5965674519538879, 0.5625811219215393, 0.5512574315071106, 0.5658643841743469, 0.5578176975250244, 0.5595163106918335, 0.586913526058197, 0.5415372252464294, 0.5497475266456604, 0.5638744831085205, 0.5482316017150879, 0.5727147459983826, 0.5613189339637756], "val_acurracy": [0.5084375143051147, 0.6103125214576721, 0.6778125166893005, 0.6700000166893005, 0.7074999809265137, 0.7131249904632568, 0.7059375047683716, 0.7243750095367432, 0.731249988079071, 0.7331249713897705, 0.739062488079071, 0.746874988079071, 0.7590625286102295, 0.7681249976158142, 0.7896875143051147, 0.7875000238418579, 0.7828124761581421, 0.7771875262260437, 0.8028125166893005, 0.8134375214576721, 0.8087499737739563, 0.8153125047683716, 0.8168749809265137, 0.8199999928474426, 0.8068749904632568, 0.8149999976158142, 0.8081250190734863, 0.8096874952316284, 0.8021875023841858, 0.8021875023841858, 0.8134375214576721, 0.8125, 0.8140624761581421, 0.8187500238418579, 0.8203125, 0.8121874928474426, 0.8224999904632568, 0.8259375095367432, 0.8212500214576721, 0.8253124952316284, 0.8215625286102295, 0.8162500262260437, 0.8371875286102295, 0.8296874761581421, 0.8274999856948853, 0.8299999833106995, 0.8218749761581421, 0.8256250023841858]}