{"loss": [0.6614333391189575, 0.14596746861934662, 0.11380767077207565, 0.042450424283742905, 0.04698111489415169, 0.03194040060043335, 0.032004836946725845, 0.04900847002863884], "acurracy": [0.7884374856948853, 0.9825000166893005, 0.9834374785423279, 0.9962499737739563, 0.9934375286102295, 0.9962499737739563, 0.9950000047683716, 0.9918749928474426], "val_loss": [1.1560633182525635, 1.028147578239441, 0.9863411784172058, 1.143146276473999, 1.164088487625122, 1.2775366306304932, 1.1868361234664917, 1.1071135997772217], "val_acurracy": [0.6056249737739563, 0.6106250286102295, 0.6100000143051147, 0.5840625166893005, 0.5878124833106995, 0.5834375023841858, 0.5878124833106995, 0.5924999713897705]}