{"loss": [0.47507232427597046, 0.03505348786711693, 0.03550918400287628, 0.009155618958175182, 0.07665182650089264, 0.07080860435962677, 0.0707068219780922, 0.0589517243206501, 0.06355248391628265, 0.03329591825604439, 0.04238158091902733, 0.025938015431165695, 0.06475625187158585, 0.007576396688818932, 0.02716151624917984, 0.03743438795208931, 0.06611072272062302, 0.038969021290540695, 0.0052266246639192104, 0.03803645446896553, 0.03893882408738136, 0.029624050483107567, 0.02102750726044178, 0.04372461140155792, 0.045304570347070694, 0.038805361837148666, 0.024638526141643524, 0.024563489481806755, 0.03457061946392059, 0.014693430624902248, 0.03487979248166084, 0.04599589481949806, 0.03172783926129341, 0.0037384594324976206, 0.002057373756542802, 0.001356117776595056, 0.04216685891151428, 0.004010763484984636], "acurracy": [0.8496875166893005, 0.9993749856948853, 0.9965624809265137, 0.9996874928474426, 0.9915624856948853, 0.9912499785423279, 0.9906250238418579, 0.9921875, 0.9906250238418579, 0.995312511920929, 0.9946874976158142, 0.9965624809265137, 0.9896875023841858, 1.0, 0.9962499737739563, 0.9940624833106995, 0.987500011920929, 0.9921875, 1.0, 0.9940624833106995, 0.9940624833106995, 0.9946874976158142, 0.9962499737739563, 0.9909374713897705, 0.9893749952316284, 0.9906250238418579, 0.9934375286102295, 0.9950000047683716, 0.9912499785423279, 0.9971874952316284, 0.9931250214576721, 0.9909374713897705, 0.9937499761581421, 1.0, 1.0, 1.0, 0.9906250238418579, 0.9996874928474426], "val_loss": [1.3241389989852905, 1.3889720439910889, 1.438417911529541, 1.618471384048462, 1.4442845582962036, 1.2950857877731323, 1.1892716884613037, 1.0687916278839111, 0.9324866533279419, 0.913729727268219, 0.8668679594993591, 0.8694471716880798, 0.7099432349205017, 0.769467830657959, 0.7406477928161621, 0.6709747910499573, 0.5659838318824768, 0.5432636141777039, 0.5900861024856567, 0.5608935356140137, 0.5079650282859802, 0.4774150848388672, 0.4913465976715088, 0.454944372177124, 0.4459470510482788, 0.43888840079307556, 0.429712176322937, 0.4540966749191284, 0.4495740234851837, 0.47518739104270935, 0.44640418887138367, 0.42599865794181824, 0.42476963996887207, 0.44527173042297363, 0.4430134892463684, 0.45737022161483765, 0.43861183524131775, 0.4331386685371399], "val_acurracy": [0.5731250047683716, 0.5824999809265137, 0.5803124904632568, 0.5774999856948853, 0.5843750238418579, 0.5809375047683716, 0.5771874785423279, 0.5803124904632568, 0.5912500023841858, 0.6003124713897705, 0.6221874952316284, 0.628125011920929, 0.7350000143051147, 0.7115625143051147, 0.7437499761581421, 0.7871875166893005, 0.8321874737739563, 0.84375, 0.8274999856948853, 0.8324999809265137, 0.8515625, 0.862500011920929, 0.8587499856948853, 0.870312511920929, 0.8725000023841858, 0.8734375238418579, 0.8746874928474426, 0.8728125095367432, 0.870312511920929, 0.8696874976158142, 0.8725000023841858, 0.8756250143051147, 0.8806250095367432, 0.8743749856948853, 0.8731250166893005, 0.8684375286102295, 0.8734375238418579, 0.8765624761581421]}