{"loss": [0.6412408351898193, 0.10064434260129929, 0.057560767978429794, 0.042090196162462234, 0.0528634749352932, 0.0659973993897438, 0.007675875909626484, 0.04977801814675331, 0.044013891369104385, 0.005643061827868223, 0.004216763190925121, 0.030938539654016495, 0.02364017255604267, 0.06789205968379974, 0.0729588121175766, 0.0326402522623539, 0.054797153919935226, 0.02106355130672455, 0.0038699868600815535, 0.00241270218975842, 0.02391824685037136, 0.06023604795336723], "acurracy": [0.793749988079071, 0.9909374713897705, 0.9950000047683716, 0.9962499737739563, 0.9946874976158142, 0.9918749928474426, 1.0, 0.9937499761581421, 0.9946874976158142, 0.9996874928474426, 1.0, 0.9965624809265137, 0.9978125095367432, 0.9893749952316284, 0.9887499809265137, 0.9956250190734863, 0.9921875, 0.9965624809265137, 1.0, 1.0, 0.9965624809265137, 0.987500011920929], "val_loss": [1.4253509044647217, 1.4075433015823364, 1.3584132194519043, 1.3991382122039795, 1.2781041860580444, 1.0966787338256836, 1.1673451662063599, 1.0422701835632324, 0.9753808379173279, 1.0203872919082642, 1.0811445713043213, 0.9970158338546753, 0.948202908039093, 0.7812415361404419, 0.6793485283851624, 0.6922357678413391, 0.6389120221138, 0.6682732105255127, 0.6871534585952759, 0.7022069692611694, 0.715036928653717, 0.6799545884132385], "val_acurracy": [0.5506250262260437, 0.5737500190734863, 0.5787500143051147, 0.5721874833106995, 0.5790625214576721, 0.5831249952316284, 0.5799999833106995, 0.5896875262260437, 0.620312511920929, 0.6112499833106995, 0.5953124761581421, 0.6209375262260437, 0.6487500071525574, 0.7856249809265137, 0.8334375023841858, 0.8331249952316284, 0.84375, 0.8384374976158142, 0.8303124904632568, 0.8224999904632568, 0.8265625238418579, 0.8434374928474426]}