{"loss": [0.45143601298332214, 0.05052570998668671, 0.04125453531742096, 0.027990946546196938, 0.026569729670882225, 0.04053869843482971, 0.025032350793480873, 0.0035934115294367075, 0.039599526673555374, 0.030065782368183136, 0.013781892135739326, 0.019106028601527214, 0.02502482384443283, 0.009996413253247738, 0.008816812187433243, 0.014331936836242676, 0.012414840050041676, 0.001246972824446857, 0.000901257386431098, 0.01607365533709526, 0.00897727906703949, 0.0007377520087175071, 0.0006388923502527177, 0.026028139516711235, 0.011045120656490326, 0.019283629953861237, 0.006887446623295546, 0.011073741130530834, 0.007532613351941109, 0.016401901841163635, 0.011810692958533764, 0.008408005349338055, 0.00392528809607029, 0.0004814703715965152, 0.0003990185505244881, 0.007473951205611229, 0.008313450030982494, 0.01851648837327957], "acurracy": [0.8668749928474426, 0.9946874976158142, 0.9946874976158142, 0.9962499737739563, 0.9956250190734863, 0.9921875, 0.9956250190734863, 1.0, 0.9906250238418579, 0.9915624856948853, 0.9971874952316284, 0.9971874952316284, 0.9928125143051147, 0.9981250166893005, 0.9984375238418579, 0.996874988079071, 0.9971874952316284, 1.0, 1.0, 0.995312511920929, 0.9978125095367432, 1.0, 1.0, 0.9940624833106995, 0.9978125095367432, 0.9962499737739563, 0.9981250166893005, 0.9971874952316284, 0.9978125095367432, 0.9956250190734863, 0.9956250190734863, 0.9975000023841858, 0.9990624785423279, 1.0, 1.0, 0.9978125095367432, 0.9981250166893005, 0.9959375262260437], "val_loss": [1.6976292133331299, 1.7114185094833374, 1.6815186738967896, 1.6698185205459595, 1.6225279569625854, 1.42940354347229, 1.3838802576065063, 1.4305872917175293, 1.261094093322754, 1.1719335317611694, 1.1691890954971313, 1.1431941986083984, 1.0289185047149658, 1.0072259902954102, 0.9943859577178955, 0.9684908986091614, 0.948476254940033, 0.9626998901367188, 0.9739587903022766, 0.9240750670433044, 0.9095534682273865, 0.9080722332000732, 0.9154700636863708, 0.8840275406837463, 0.862060010433197, 0.7853878140449524, 0.7765413522720337, 0.7699459195137024, 0.7595159411430359, 0.7112720608711243, 0.6863576769828796, 0.6561650037765503, 0.6378889679908752, 0.6518348455429077, 0.6552210450172424, 0.6379437446594238, 0.6403080224990845, 0.639803946018219], "val_acurracy": [0.3621875047683716, 0.3425000011920929, 0.35718750953674316, 0.3712500035762787, 0.3956249952316284, 0.4559375047683716, 0.47968751192092896, 0.4765625, 0.5490624904632568, 0.5971875190734863, 0.6100000143051147, 0.6231250166893005, 0.6837499737739563, 0.6871874928474426, 0.6937500238418579, 0.7109375, 0.7168750166893005, 0.7128124833106995, 0.7109375, 0.7271875143051147, 0.7262499928474426, 0.7240625023841858, 0.7253124713897705, 0.737500011920929, 0.7415624856948853, 0.7556250095367432, 0.7571874856948853, 0.7596874833106995, 0.7568749785423279, 0.7715625166893005, 0.7799999713897705, 0.7868750095367432, 0.7981250286102295, 0.7928125262260437, 0.7912499904632568, 0.7981250286102295, 0.7943750023841858, 0.7925000190734863]}