{"loss": [1.2108279466629028, 0.33714577555656433, 0.24733836948871613, 0.19922952353954315, 0.19783951342105865, 0.25143513083457947, 0.32597458362579346, 0.12674389779567719, 0.2958029806613922, 0.12340522557497025, 0.2672662138938904, 0.30975639820098877, 0.28406310081481934, 0.2567395865917206, 0.18406343460083008, 0.27682530879974365], "acurracy": [0.7513281106948853, 0.884765625, 0.9055469036102295, 0.9224218726158142, 0.9239843487739563, 0.899218738079071, 0.8662499785423279, 0.9477343559265137, 0.8723437786102295, 0.9483593702316284, 0.8821874856948853, 0.8589062690734863, 0.8720312714576721, 0.8823437690734863, 0.9150000214576721, 0.8735156059265137], "val_loss": [1.8520222902297974, 2.3395910263061523, 2.5696167945861816, 2.6493160724639893, 2.758650302886963, 2.6882262229919434, 2.7209408283233643, 2.9941091537475586, 2.9269509315490723, 3.061903715133667, 3.1215133666992188, 3.1453213691711426, 3.389721393585205, 3.535106897354126, 3.711272954940796, 3.8045876026153564], "val_acurracy": [0.2681249976158142, 0.17890624701976776, 0.16843749582767487, 0.16804687678813934, 0.16640624403953552, 0.16984374821186066, 0.16687500476837158, 0.16960936784744263, 0.16984374821186066, 0.17085938155651093, 0.16773436963558197, 0.1678124964237213, 0.16578124463558197, 0.16101562976837158, 0.15617187321186066, 0.1450781226158142]}