{"loss": [1.3319228887557983, 0.3875289559364319, 0.25135719776153564, 0.24209962785243988, 0.3722100853919983, 0.24667519330978394, 0.1448608785867691, 0.21556717157363892, 0.2849626839160919, 0.22749654948711395, 0.28718289732933044, 0.27646613121032715, 0.21762388944625854, 0.11698189377784729, 0.25073981285095215, 0.22892436385154724], "acurracy": [0.6614843606948853, 0.8747656345367432, 0.9030468463897705, 0.9038281440734863, 0.8443750143051147, 0.896484375, 0.9410156011581421, 0.9090625047683716, 0.8743749856948853, 0.9004687666893005, 0.8702343702316284, 0.875781238079071, 0.9016406536102295, 0.948046863079071, 0.8842968940734863, 0.8929687738418579], "val_loss": [1.7661335468292236, 2.0403223037719727, 2.1868536472320557, 2.2495534420013428, 2.2568087577819824, 2.333413600921631, 2.405280590057373, 2.419412612915039, 2.4229278564453125, 2.4794185161590576, 2.6058077812194824, 2.715757369995117, 2.9577298164367676, 3.0451104640960693, 3.1884539127349854, 3.3307342529296875], "val_acurracy": [0.20039062201976776, 0.18507812917232513, 0.17624999582767487, 0.17640624940395355, 0.17195312678813934, 0.17148438096046448, 0.17249999940395355, 0.17164061963558197, 0.1685156226158142, 0.16554687917232513, 0.15992186963558197, 0.14742188155651093, 0.13898438215255737, 0.13734374940395355, 0.10843750089406967, 0.09781250357627869]}