{"loss": [1.6936815977096558, 1.208666443824768, 0.5184519290924072, 0.39837732911109924, 0.23806463181972504, 0.18340736627578735, 0.2508086860179901, 0.22623595595359802, 0.17350584268569946, 0.17710421979427338, 0.2660652697086334, 0.21826115250587463, 0.161024272441864, 0.19710929691791534, 0.21977905929088593, 0.20799145102500916, 0.18118131160736084, 0.1571791023015976, 0.08942900598049164, 0.1634076088666916, 0.11782073229551315, 0.1368292272090912, 0.20807084441184998, 0.11044804751873016, 0.14797498285770416, 0.2044534534215927, 0.1685675084590912, 0.13326697051525116, 0.13143497705459595, 0.1579979509115219, 0.0838145911693573, 0.11939606815576553, 0.09462887048721313, 0.12954601645469666, 0.12782220542430878, 0.1799900382757187, 0.15261556208133698, 0.15338106453418732, 0.11646804213523865, 0.10322951525449753, 0.15077486634254456, 0.11640965193510056, 0.13719215989112854, 0.17568907141685486, 0.14865723252296448, 0.12561509013175964, 0.1610075980424881, 0.10414974391460419, 0.17231689393520355, 0.1598270833492279, 0.1808968335390091, 0.16983899474143982, 0.12252363562583923, 0.1343601793050766, 0.1684594750404358, 0.11072482168674469, 0.0932740569114685, 0.1229768767952919, 0.15608122944831848, 0.11282812803983688, 0.15757673978805542, 0.14430378377437592, 0.18991737067699432, 0.17796148359775543, 0.14486320316791534, 0.13188347220420837, 0.16645194590091705, 0.11099943518638611, 0.1457093358039856, 0.12176021933555603, 0.16404758393764496, 0.0783337950706482, 0.14435960352420807, 0.16394411027431488, 0.13196326792240143, 0.11978797614574432, 0.13166269659996033, 0.11072064191102982, 0.13099443912506104, 0.06582923978567123, 0.1098514273762703, 0.11918449401855469, 0.09824606776237488, 0.06624093651771545, 0.17506450414657593, 0.09649608284235, 0.1435423642396927, 0.11961044371128082, 0.1756521612405777, 0.14169913530349731, 0.14222043752670288, 0.10784652084112167, 0.1214541494846344, 0.1763574630022049, 0.10570131242275238, 0.13965100049972534, 0.0866522490978241, 0.12948305904865265, 0.084120012819767, 0.08584953099489212, 0.10739833861589432, 0.09756146371364594, 0.10756989568471909, 0.10766196250915527, 0.15094511210918427, 0.053202949464321136, 0.10579521209001541, 0.17167577147483826], "acurracy": [0.8000781536102295, 0.9105468988418579, 0.8978124856948853, 0.8811718821525574, 0.9275000095367432, 0.9416406154632568, 0.9076562523841858, 0.9084374904632568, 0.9282031059265137, 0.9222656488418579, 0.8732030987739563, 0.8957812786102295, 0.9234374761581421, 0.903124988079071, 0.8899999856948853, 0.8964062333106995, 0.9100000262260437, 0.9189843535423279, 0.9541406035423279, 0.9162499904632568, 0.9412500262260437, 0.926953136920929, 0.8917187452316284, 0.9440624713897705, 0.9217968583106995, 0.8907031416893005, 0.9125000238418579, 0.9290624856948853, 0.9297656416893005, 0.9175781011581421, 0.9574999809265137, 0.9392969012260437, 0.9502343535423279, 0.9296093583106995, 0.9307031035423279, 0.9046875238418579, 0.9192968606948853, 0.9162499904632568, 0.9378906488418579, 0.9457812309265137, 0.9157031178474426, 0.9364843964576721, 0.9260156154632568, 0.9042187333106995, 0.9214843511581421, 0.9325000047683716, 0.912890613079071, 0.9424999952316284, 0.907031238079071, 0.9139062762260437, 0.9008593559265137, 0.9078906178474426, 0.9350000023841858, 0.9259374737739563, 0.9104687571525574, 0.9413281083106995, 0.9513280987739563, 0.9300781488418579, 0.9167187213897705, 0.9383593797683716, 0.9139062762260437, 0.9205468893051147, 0.8967968821525574, 0.903124988079071, 0.9220312237739563, 0.9287499785423279, 0.9116406440734863, 0.9396874904632568, 0.9201562404632568, 0.9333593845367432, 0.9091406464576721, 0.9596874713897705, 0.9211719036102295, 0.9110937714576721, 0.9302343726158142, 0.9353125095367432, 0.9259374737739563, 0.9426562786102295, 0.9292187690734863, 0.9635156393051147, 0.9423437714576721, 0.9353906512260437, 0.9477343559265137, 0.9626562595367432, 0.9048437476158142, 0.9485156536102295, 0.9207812547683716, 0.9351562261581421, 0.9022656083106995, 0.9222656488418579, 0.9248437285423279, 0.9423437714576721, 0.9364062547683716, 0.9039062261581421, 0.9412500262260437, 0.9221875071525574, 0.9517187476158142, 0.9278125166893005, 0.9542187452316284, 0.9534375071525574, 0.9434375166893005, 0.9482031464576721, 0.9424218535423279, 0.9421093463897705, 0.9212499856948853, 0.9710156321525574, 0.9453906416893005, 0.9061718583106995], "val_loss": [1.7410780191421509, 1.9551948308944702, 2.0513076782226562, 1.8864493370056152, 1.839229702949524, 1.7618451118469238, 1.5832138061523438, 1.48248291015625, 1.4209293127059937, 1.383757472038269, 1.3172072172164917, 1.2898672819137573, 1.2735543251037598, 1.2605537176132202, 1.2408407926559448, 1.2251125574111938, 1.218644380569458, 1.21426260471344, 1.2176694869995117, 1.2096521854400635, 1.2024128437042236, 1.2024574279785156, 1.1841713190078735, 1.1880751848220825, 1.183143973350525, 1.1757029294967651, 1.1763291358947754, 1.1783603429794312, 1.1760823726654053, 1.1730166673660278, 1.1713508367538452, 1.172427773475647, 1.1705180406570435, 1.1745038032531738, 1.1709940433502197, 1.1702746152877808, 1.1599408388137817, 1.1566931009292603, 1.158067226409912, 1.1629951000213623, 1.157781720161438, 1.155149221420288, 1.1492441892623901, 1.1467633247375488, 1.1490525007247925, 1.1467463970184326, 1.1548264026641846, 1.1522091627120972, 1.1497204303741455, 1.1406962871551514, 1.1331756114959717, 1.1383031606674194, 1.1382859945297241, 1.143721103668213, 1.1383675336837769, 1.1426143646240234, 1.1414555311203003, 1.14103364944458, 1.1379599571228027, 1.140670895576477, 1.132745623588562, 1.1365147829055786, 1.1299936771392822, 1.1327235698699951, 1.12977135181427, 1.1353027820587158, 1.131195306777954, 1.1259745359420776, 1.1274096965789795, 1.1286983489990234, 1.1235575675964355, 1.1248186826705933, 1.120609164237976, 1.1234873533248901, 1.1194125413894653, 1.1169781684875488, 1.129898190498352, 1.1232471466064453, 1.123932123184204, 1.124946117401123, 1.1229519844055176, 1.1179291009902954, 1.1206551790237427, 1.1181302070617676, 1.1198458671569824, 1.1215919256210327, 1.1234080791473389, 1.1264821290969849, 1.1238877773284912, 1.1158182621002197, 1.1184974908828735, 1.1136728525161743, 1.107601523399353, 1.1130669116973877, 1.1153249740600586, 1.1217927932739258, 1.1210792064666748, 1.1143159866333008, 1.1182252168655396, 1.12342369556427, 1.123243808746338, 1.1115347146987915, 1.1121195554733276, 1.112512469291687, 1.1186593770980835, 1.1113182306289673, 1.116493582725525, 1.1187033653259277],