{"loss": [0.9694759845733643, 0.3198929727077484, 0.3634229004383087, 0.1980123370885849, 0.2811068594455719, 0.24946348369121552, 0.156517893075943, 0.2796730697154999, 0.20361925661563873, 0.14873766899108887, 0.17362552881240845, 0.17039796710014343, 0.23100554943084717, 0.18776603043079376, 0.10688859969377518, 0.19890910387039185], "acurracy": [0.8102343678474426, 0.8892187476158142, 0.8529687523841858, 0.9194531440734863, 0.8783593773841858, 0.8900781273841858, 0.9318749904632568, 0.8743749856948853, 0.9078906178474426, 0.9321093559265137, 0.9177343845367432, 0.9182812571525574, 0.8851562738418579, 0.9047656059265137, 0.9456250071525574, 0.9005468487739563], "val_loss": [1.7866195440292358, 1.8260639905929565, 1.875412106513977, 1.9105706214904785, 1.97902250289917, 2.065159559249878, 2.150909662246704, 2.333091974258423, 2.5363762378692627, 2.701414108276367, 2.902958869934082, 3.134538173675537, 3.4478142261505127, 3.642812490463257, 3.7222585678100586, 3.886098623275757], "val_acurracy": [0.17320312559604645, 0.17343750596046448, 0.1646093726158142, 0.16023437678813934, 0.126953125, 0.09078124910593033, 0.06476562470197678, 0.026015624403953552, 0.016953125596046448, 0.010937499813735485, 0.010468750260770321, 0.0078125, 0.006015624850988388, 0.0062500000931322575, 0.005703125149011612, 0.004999999888241291]}