{"loss": [1.4498932361602783, 0.3366445302963257, 0.16505752503871918, 0.3726234436035156, 0.22620601952075958, 0.22426101565361023, 0.311923623085022, 0.13829433917999268, 0.2606736123561859, 0.16496650874614716, 0.14636830985546112, 0.19267907738685608, 0.26622042059898376, 0.22323381900787354, 0.1697525829076767, 0.23617184162139893], "acurracy": [0.5651562213897705, 0.9089062213897705, 0.9367969036102295, 0.8421093821525574, 0.9059374928474426, 0.907031238079071, 0.8643749952316284, 0.9417187571525574, 0.8857812285423279, 0.9268749952316284, 0.9361718893051147, 0.9124218821525574, 0.8819531202316284, 0.8997656106948853, 0.9231250286102295, 0.8907812237739563], "val_loss": [1.8091741800308228, 2.17429518699646, 2.327789545059204, 2.278109550476074, 2.3345062732696533, 2.323089599609375, 2.312709093093872, 2.478041172027588, 2.4455466270446777, 2.571836471557617, 2.6271250247955322, 2.6664440631866455, 2.8136370182037354, 3.0121805667877197, 3.1835577487945557, 3.391589879989624], "val_acurracy": [0.30546873807907104, 0.28828126192092896, 0.232421875, 0.17570312321186066, 0.16703124344348907, 0.17039062082767487, 0.16843749582767487, 0.17085938155651093, 0.1658593714237213, 0.16249999403953552, 0.15742187201976776, 0.1393750011920929, 0.11515624821186066, 0.09257812798023224, 0.08257812261581421, 0.07750000059604645]}