{"loss": [1.6205569505691528, 1.0950877666473389, 0.6222328543663025, 0.6442350745201111, 0.6165607571601868, 0.6396321058273315, 0.5809464454650879, 0.449325293302536, 0.5393252372741699, 0.4752722680568695, 0.6053079962730408, 0.594518780708313, 0.4803345203399658, 0.4385388195514679, 0.5781756639480591, 0.45768749713897705], "acurracy": [0.5788280963897705, 0.9225000143051147, 0.9188281297683716, 0.874218761920929, 0.8751562237739563, 0.8689844012260437, 0.8837500214576721, 0.9189843535423279, 0.891796886920929, 0.9082812666893005, 0.8739062547683716, 0.875781238079071, 0.9067968726158142, 0.9171093702316284, 0.8757030963897705, 0.9086718559265137], "val_loss": [1.824434757232666, 2.0447661876678467, 2.6701269149780273, 2.8813729286193848, 2.962742805480957, 3.0430731773376465, 3.059807777404785, 3.2808332443237305, 3.1881914138793945, 3.2987868785858154, 3.1842260360717773, 3.1708309650421143, 3.2287676334381104, 3.3091092109680176, 3.2132046222686768, 3.301741123199463], "val_acurracy": [0.1678124964237213, 0.16437500715255737, 0.1681250035762787, 0.16773436963558197, 0.16914062201976776, 0.16757813096046448, 0.1681250035762787, 0.16882812976837158, 0.1692187488079071, 0.16968749463558197, 0.16882812976837158, 0.17109374701976776, 0.16789062321186066, 0.1685156226158142, 0.16882812976837158, 0.16679687798023224]}