{"loss": [1.486069917678833, 0.593101978302002, 0.29283496737480164, 0.6441857814788818, 0.4631942808628082, 0.44451072812080383, 0.4440615475177765, 0.43469753861427307, 0.3159557282924652, 0.2225436270236969, 0.14705798029899597, 0.21754999458789825, 0.2701393961906433, 0.18225258588790894, 0.19025897979736328, 0.2107214778661728, 0.19510787725448608, 0.11442864686250687, 0.1883339285850525, 0.12281753867864609, 0.23815566301345825, 0.09221342951059341, 0.22746291756629944, 0.19819751381874084, 0.13067655265331268, 0.26169610023498535, 0.18917351961135864, 0.11092190444469452, 0.15131443738937378, 0.1838516741991043, 0.308834969997406, 0.14223290979862213, 0.1909974068403244, 0.12851546704769135, 0.17681501805782318, 0.11281976848840714, 0.13563208281993866, 0.2234673947095871, 0.1794724464416504, 0.18708068132400513, 0.15988318622112274, 0.19090579450130463, 0.11057128757238388, 0.16533812880516052, 0.213320791721344, 0.16688841581344604, 0.08208243548870087, 0.15275853872299194, 0.22157703340053558, 0.11724185943603516, 0.18553827702999115, 0.1626857966184616, 0.1402665078639984, 0.0924958884716034, 0.12878288328647614, 0.19624389708042145, 0.10130901634693146, 0.16474194824695587, 0.17238937318325043, 0.10345064103603363, 0.16316959261894226, 0.2271750569343567, 0.13654924929141998, 0.18314844369888306, 0.08914991468191147, 0.1453007459640503, 0.1486634910106659, 0.16921280324459076, 0.11280157417058945, 0.14699722826480865, 0.11415524780750275, 0.19405719637870789, 0.11079508066177368, 0.16853725910186768, 0.16920724511146545, 0.1686197817325592, 0.16736747324466705, 0.10174164175987244, 0.11221450567245483, 0.18718558549880981, 0.08979020267724991, 0.15538546442985535, 0.1123843565583229, 0.17536386847496033, 0.05792343616485596, 0.12183120101690292, 0.12354430556297302, 0.14431782066822052, 0.12277326732873917, 0.0569227896630764, 0.1537666618824005, 0.2220049351453781, 0.17554223537445068, 0.10975891351699829, 0.10015472769737244, 0.13000714778900146, 0.18622739613056183, 0.10958585143089294, 0.13195040822029114, 0.12088371068239212, 0.1525181233882904, 0.17669112980365753, 0.1421898603439331, 0.17518159747123718, 0.12980426847934723, 0.13197475671768188, 0.08567792922258377, 0.12017099559307098, 0.14040569961071014], "acurracy": [0.8232812285423279, 0.9311718940734863, 0.9581249952316284, 0.8740624785423279, 0.9076562523841858, 0.9010156393051147, 0.8836718797683716, 0.858593761920929, 0.8915625214576721, 0.9229687452316284, 0.9481250047683716, 0.919140636920929, 0.8942968845367432, 0.9332812428474426, 0.9224218726158142, 0.9099218845367432, 0.9175000190734863, 0.9524999856948853, 0.9149218797683716, 0.9446094036102295, 0.8880468606948853, 0.9582812786102295, 0.8932812213897705, 0.9060937762260437, 0.938671886920929, 0.8739062547683716, 0.9065625071525574, 0.9469531178474426, 0.9237499833106995, 0.908203125, 0.8408593535423279, 0.9263281226158142, 0.9024218916893005, 0.9356250166893005, 0.908203125, 0.9417968988418579, 0.9285937547683716, 0.881640613079071, 0.9052343964576721, 0.9038281440734863, 0.9154687523841858, 0.8978906273841858, 0.9428125023841858, 0.9126562476158142, 0.8866406083106995, 0.912890613079071, 0.956250011920929, 0.9194531440734863, 0.8817968964576721, 0.9385156035423279, 0.9016406536102295, 0.9135156273841858, 0.925000011920929, 0.9503124952316284, 0.9314062595367432, 0.8967187404632568, 0.9461718797683716, 0.9099218845367432, 0.9068750143051147, 0.9447656273841858, 0.9114062786102295, 0.8774999976158142, 0.9270312786102295, 0.8975781202316284, 0.9508593678474426, 0.9217187762260437, 0.9185156226158142, 0.9132031202316284, 0.9382030963897705, 0.918749988079071, 0.9385156035423279, 0.8935156464576721, 0.9399999976158142, 0.9110937714576721, 0.907421886920929, 0.9105468988418579, 0.9103124737739563, 0.9435155987739563, 0.936718761920929, 0.8961718678474426, 0.9514843821525574, 0.9155468940734863, 0.9399999976158142, 0.9051562547683716, 0.9697656035423279, 0.9339843988418579, 0.9334375262260437, 0.9213281273841858, 0.9344531297683716, 0.9702343940734863, 0.9157812595367432, 0.8810937404632568, 0.903124988079071, 0.942187488079071, 0.9466406106948853, 0.9287499785423279, 0.8978906273841858, 0.939453125, 0.9272656440734863, 0.9370312690734863, 0.9192968606948853, 0.9032031297683716, 0.9246875047683716, 0.9060156345367432, 0.9307031035423279, 0.9284374713897705, 0.9542187452316284, 0.9353906512260437, 0.9260937571525574], "val_loss": [2.2865004539489746, 3.8767123222351074, 4.302852630615234, 3.200105905532837, 3.084148645401001, 2.664184808731079, 2.214271306991577, 1.8883575201034546, 1.7699267864227295, 1.7262202501296997, 1.7730008363723755, 1.5567485094070435, 1.5070453882217407, 1.522491455078125, 1.4740999937057495, 1.452612042427063, 1.402363896369934, 1.4409486055374146, 1.3680219650268555, 1.4071048498153687, 1.317589521408081, 1.3510606288909912, 1.2870893478393555, 1.2762929201126099, 1.2855304479599, 1.2385541200637817, 1.2410261631011963, 1.2496217489242554, 1.2322070598602295, 1.2214466333389282, 1.2015585899353027, 1.2124367952346802, 1.193577766418457, 1.1996153593063354, 1.1881424188613892, 1.1949385404586792, 1.1925630569458008, 1.1789770126342773, 1.1849586963653564, 1.165766716003418, 1.1758002042770386, 1.1688905954360962, 1.1674836874008179, 1.16660475730896, 1.1531453132629395, 1.1569002866744995, 1.1613671779632568, 1.1556586027145386, 1.1527066230773926, 1.1544371843338013, 1.153767466545105, 1.1408864259719849, 1.1494876146316528, 1.1471872329711914, 1.1394891738891602, 1.1407697200775146, 1.1482205390930176, 1.1438546180725098, 1.1440223455429077, 1.1380913257598877, 1.1357908248901367, 1.1371990442276, 1.1322696208953857, 1.131713628768921, 1.136651635169983, 1.1295208930969238, 1.1315141916275024, 1.1311990022659302, 1.1326477527618408, 1.1306281089782715, 1.134107232093811, 1.1261894702911377, 1.1261646747589111, 1.125003457069397, 1.1216541528701782, 1.118381142616272, 1.120867133140564, 1.124141812324524, 1.1273292303085327, 1.1220805644989014, 1.1186591386795044, 1.1224900484085083, 1.1215227842330933, 1.11867356300354, 1.1241059303283691, 1.1171594858169556, 1.1179805994033813, 1.1212915182113647, 1.1249184608459473, 1.1233772039413452, 1.119327187538147, 1.1191107034683228, 1.1122217178344727, 1.1121786832809448, 1.1204288005828857, 1.1232631206512451, 1.1181023120880127, 1.1195217370986938, 1.11459481716156, 1.1150950193405151, 1.1135592460632324, 1.1123554706573486, 1.114514708518982, 1.1154848337173462, 1.1182419061660767, 1.1167068481445312, 1.113788366317749, 1.1160072088241577, 1.1154708862304688],