{"loss": [1.2509361505508423, 0.4252164959907532, 0.3191666007041931, 0.28500884771347046, 0.4174686670303345, 0.22587236762046814, 0.24133411049842834, 0.2539154291152954, 0.23101221024990082, 0.24795371294021606, 0.31920552253723145, 0.2418373078107834, 0.161388099193573, 0.2364150583744049, 0.19623048603534698, 0.17513716220855713], "acurracy": [0.7012500166893005, 0.8903124928474426, 0.8916406035423279, 0.8997656106948853, 0.8426562547683716, 0.9168750047683716, 0.9083593487739563, 0.8997656106948853, 0.9082812666893005, 0.901171863079071, 0.8653905987739563, 0.8978124856948853, 0.9321874976158142, 0.900390625, 0.9178906083106995, 0.9261718988418579], "val_loss": [1.7622851133346558, 1.8138293027877808, 1.8522772789001465, 1.8610283136367798, 1.8534961938858032, 1.8729609251022339, 1.8741035461425781, 1.881117820739746, 1.8786691427230835, 1.8817431926727295, 1.8785924911499023, 1.8820174932479858, 1.8988778591156006, 1.9033116102218628, 1.9128010272979736, 1.924816608428955], "val_acurracy": [0.17265625298023224, 0.17249999940395355, 0.17109374701976776, 0.16906249523162842, 0.16578124463558197, 0.16906249523162842, 0.17015625536441803, 0.16828125715255737, 0.16820313036441803, 0.16945312917232513, 0.17054687440395355, 0.16664062440395355, 0.1672656238079071, 0.15328125655651093, 0.1489843726158142, 0.13453124463558197]}