{"loss": [1.2596275806427002, 0.6775129437446594, 0.27441754937171936, 0.12006089091300964, 0.05990837514400482, 0.10947012156248093, 0.09888237714767456, 0.03641152009367943, 0.01674756594002247, 0.09448862075805664, 0.032500263303518295, 0.03250604495406151, 0.03265050798654556, 0.04820714890956879, 0.02964135818183422, 0.006655856501311064, 0.005492512136697769, 0.025185812264680862], "acurracy": [0.7437499761581421, 0.9987499713897705, 0.9971874952316284, 0.996874988079071, 0.9987499713897705, 0.9856250286102295, 0.9865624904632568, 0.9971874952316284, 1.0, 0.9868749976158142, 0.996874988079071, 0.9962499737739563, 0.9962499737739563, 0.9940624833106995, 0.996874988079071, 1.0, 1.0, 0.996874988079071], "val_loss": [1.3803917169570923, 1.197492003440857, 1.1861748695373535, 1.2954617738723755, 1.434289813041687, 1.5372543334960938, 1.6260837316513062, 1.6901227235794067, 1.818123459815979, 1.8757104873657227, 1.9478981494903564, 2.062765121459961, 2.124730348587036, 2.1383509635925293, 2.238834857940674, 2.3256566524505615, 2.4189400672912598, 2.4760451316833496], "val_acurracy": [0.5765625238418579, 0.581250011920929, 0.5821874737739563, 0.578125, 0.5765625238418579, 0.5774999856948853, 0.5796874761581421, 0.5831249952316284, 0.5821874737739563, 0.5771874785423279, 0.5787500143051147, 0.5746874809265137, 0.5803124904632568, 0.5878124833106995, 0.5840625166893005, 0.5824999809265137, 0.5787500143051147, 0.5790625214576721]}