{"loss": [1.2533941268920898, 0.32238295674324036, 0.09141171723604202, 0.021814996376633644, 0.05275311321020126, 0.1002965196967125, 0.06719224154949188, 0.0925048440694809, 0.08329058438539505, 0.034796930849552155, 0.0638299286365509, 0.008022535592317581, 0.027889853343367577, 0.029023731127381325, 0.06973022222518921, 0.02816837839782238, 0.0058764247223734856, 0.019254619255661964, 0.06979752331972122, 0.0357322059571743, 0.005497617647051811, 0.04021107777953148, 0.029793890193104744, 0.03882792219519615, 0.024573110044002533, 0.038237668573856354, 0.024331359192728996, 0.004569848068058491, 0.0025256946682929993, 0.032850489020347595, 0.030227841809391975, 0.003482204396277666, 0.028195971623063087, 0.01627262681722641, 0.016089223325252533, 0.014006947167217731, 0.016366424039006233, 0.018235759809613228, 0.02673519402742386, 0.03806990757584572, 0.024039151147007942, 0.010098567232489586, 0.0013989583821967244, 0.0009611650020815432, 0.0006539196474477649, 0.0004708696505986154, 0.03451574966311455, 0.0036656376905739307, 0.025955574586987495, 0.036090072244405746, 0.019725238904356956, 0.024688515812158585, 0.03600018098950386, 0.04019860178232193, 0.005366871133446693, 0.0013148642610758543, 0.012372392229735851, 0.027879366651177406, 0.0025098943151533604, 0.009388534352183342, 0.007874894887208939, 0.00806594267487526, 0.016805818304419518, 0.002081898972392082, 0.011680780909955502, 0.0011333228321745992, 0.035493478178977966, 0.02822100557386875, 0.023435527458786964, 0.005033683963119984, 0.009764645248651505, 0.009403475560247898, 0.01802706904709339, 0.007594621274620295, 0.03892499953508377, 0.013244292698800564, 0.0039397249929606915, 0.012590739876031876, 0.0006746663129888475, 0.011454851366579533, 0.021889174357056618, 0.01770699769258499, 0.009279077872633934, 0.014506237581372261, 0.010403117164969444, 0.018029959872364998, 0.019407793879508972, 0.0009169359691441059, 0.010931355878710747, 0.006934696342796087], "acurracy": [0.8924999833106995, 0.9906250238418579, 0.995312511920929, 1.0, 0.9965624809265137, 0.9912499785423279, 0.9943749904632568, 0.9915624856948853, 0.9896875023841858, 0.9965624809265137, 0.9921875, 1.0, 0.9971874952316284, 0.9962499737739563, 0.9903125166893005, 0.9965624809265137, 1.0, 0.996874988079071, 0.9878125190734863, 0.9928125143051147, 1.0, 0.9921875, 0.9937499761581421, 0.9921875, 0.996874988079071, 0.9909374713897705, 0.995312511920929, 1.0, 1.0, 0.9912499785423279, 0.9940624833106995, 1.0, 0.9940624833106995, 0.9962499737739563, 0.9965624809265137, 0.9975000023841858, 0.995312511920929, 0.9975000023841858, 0.9937499761581421, 0.9918749928474426, 0.9925000071525574, 0.9978125095367432, 1.0, 1.0, 1.0, 1.0, 0.9931250214576721, 0.9996874928474426, 0.9943749904632568, 0.9918749928474426, 0.996874988079071, 0.9962499737739563, 0.9928125143051147, 0.9921875, 0.9990624785423279, 1.0, 0.9975000023841858, 0.9934375286102295, 1.0, 0.9984375238418579, 0.9981250166893005, 0.9975000023841858, 0.9971874952316284, 0.9996874928474426, 0.9984375238418579, 1.0, 0.9906250238418579, 0.9934375286102295, 0.995312511920929, 0.9987499713897705, 0.9975000023841858, 0.9978125095367432, 0.9959375262260437, 0.9987499713897705, 0.9900000095367432, 0.9962499737739563, 0.9990624785423279, 0.9981250166893005, 1.0, 0.9965624809265137, 0.9965624809265137, 0.9959375262260437, 0.9981250166893005, 0.996874988079071, 0.9975000023841858, 0.9965624809265137, 0.9943749904632568, 1.0, 0.9971874952316284, 0.9987499713897705], "val_loss": [1.8328748941421509, 2.918363094329834, 3.197483777999878, 3.6413087844848633, 3.8451855182647705, 3.010643243789673, 2.8661434650421143, 2.6943142414093018, 2.3429017066955566, 2.290663242340088, 2.0122365951538086, 2.2515921592712402, 2.2360143661499023, 2.1867666244506836, 1.9252915382385254, 1.7947274446487427, 2.020256280899048, 2.005387783050537, 1.5185564756393433, 1.5629985332489014, 1.7287051677703857, 1.558928370475769, 1.4895410537719727, 1.3531593084335327, 1.4747679233551025, 1.4135860204696655, 1.4374651908874512, 1.4896844625473022, 1.602631688117981, 1.3766980171203613, 1.3148951530456543, 1.4751416444778442, 1.3532508611679077, 1.3580565452575684, 1.4473391771316528, 1.3532931804656982, 1.447823166847229, 1.2606477737426758, 1.240126371383667, 1.181045651435852, 1.1296956539154053, 1.2048088312149048, 1.3078628778457642, 1.383793592453003, 1.4429473876953125, 1.5007367134094238, 1.0608985424041748, 1.2392098903656006, 1.0880074501037598, 1.049975872039795, 1.0598633289337158, 1.0650341510772705, 0.9255669116973877, 0.8493536114692688, 1.0015066862106323, 1.095715045928955, 0.9907645583152771, 0.8596474528312683, 1.013279676437378, 0.9780939221382141, 1.0144648551940918, 0.9741079807281494, 0.908687949180603, 1.0814812183380127, 0.9941950440406799, 1.1285526752471924, 0.8794582486152649, 0.8332394957542419, 0.8913220167160034, 0.8852174282073975, 0.8971126079559326, 0.8796024918556213, 0.7830615043640137, 0.8593766689300537, 0.7292572855949402, 0.8110526204109192, 0.8598194718360901, 0.8199342489242554, 0.8605722188949585, 0.8094978332519531, 0.7926039099693298, 0.7413867115974426, 0.7925081849098206, 0.7628397941589355, 0.7683250308036804, 0.749758243560791, 0.7469090223312378, 0.8183214068412781, 0.7614729404449463, 0.7467650771141052], "val_acurracy": [0.5668749809265137, 0.581250011920929, 0.5793750286102295, 0.5724999904632568, 0.5715625286102295, 0.5793750286102295, 0.5778124928474426, 0.5871875286102295, 0.578125, 0.5746874809265137, 0.5796874761581421, 0.5778124928474426, 0.5787500143051147, 0.5771874785423279, 0.5796874761581421, 0.5806249976158142, 0.5821874737739563, 0.5706250071525574, 0.5818750262260437, 0.5759375095367432, 0.5824999809265137, 0.5837500095367432, 0.5978124737739563, 0.6484375, 0.6290624737739563, 0.6459375023841858, 0.6521875262260437, 0.6587499976158142, 0.6434375047683716, 0.698437511920929, 0.7203124761581421, 0.6890624761581421, 0.7115625143051147, 0.7184374928474426, 0.7040625214576721, 0.7256249785423279, 0.7124999761581421, 0.7496874928474426, 0.762499988079071, 0.7671874761581421, 0.7865625023841858, 0.7784374952316284, 0.7562500238418579, 0.7456250190734863, 0.7334374785423279, 0.729687511920929, 0.8012499809265137, 0.7690625190734863, 0.7925000190734863, 0.8059375286102295, 0.8043749928474426, 0.7996875047683716, 0.8374999761581421, 0.8431249856948853, 0.8159375190734863, 0.7906249761581421, 0.8209375143051147, 0.8475000262260437, 0.8193749785423279, 0.8259375095367432, 0.8212500214576721, 0.8303124904632568, 0.8415625095367432, 0.8050000071525574, 0.8174999952316284, 0.7896875143051147, 0.8403124809265137, 0.8434374928474426, 0.8262500166893005, 0.8274999856948853, 0.8203125, 0.828125, 0.8450000286102295, 0.8334375023841858, 0.8509374856948853, 0.8365625143051147, 0.8268749713897705, 0.8374999761581421, 0.8274999856948853, 0.8415625095367432, 0.8421875238418579, 0.8515625, 0.84375, 0.8481249809265137, 0.8440625071525574, 0.8509374856948853, 0.8421875238418579, 0.8268749713897705, 0.8421875238418579, 0.8496875166893005]}