{"loss": [1.3072762489318848, 0.2910534739494324, 0.11195731908082962, 0.0654432401061058, 0.10580799728631973, 0.04451628029346466, 0.05064362660050392, 0.10825599730014801, 0.010974767617881298, 0.05887001007795334, 0.10250750184059143, 0.05319695919752121, 0.009736777283251286, 0.02871628850698471, 0.0292959026992321, 0.0043752798810601234], "acurracy": [0.8737499713897705, 0.995312511920929, 0.9912499785423279, 0.9956250190734863, 0.9896875023841858, 0.9962499737739563, 0.9959375262260437, 0.9853125214576721, 1.0, 0.9921875, 0.9856250286102295, 0.9934375286102295, 1.0, 0.9959375262260437, 0.9959375262260437, 1.0], "val_loss": [1.718977928161621, 3.0016117095947266, 3.2302145957946777, 3.2632381916046143, 2.8960299491882324, 2.8370330333709717, 2.770388603210449, 2.277236223220825, 2.4520201683044434, 2.2979233264923096, 1.8360406160354614, 1.8652833700180054, 2.042680263519287, 2.0496513843536377, 2.1078829765319824, 2.0493340492248535], "val_acurracy": [0.5159375071525574, 0.5756250023841858, 0.5799999833106995, 0.5765625238418579, 0.5793750286102295, 0.5837500095367432, 0.5815625190734863, 0.5721874833106995, 0.5796874761581421, 0.5784375071525574, 0.5806249976158142, 0.5731250047683716, 0.5743749737739563, 0.5762500166893005, 0.5834375023841858, 0.5806249976158142]}