{"loss": [1.4698034524917603, 1.0640450716018677, 0.4398387670516968, 0.15313994884490967, 0.06383130699396133, 0.055426906794309616, 0.060657430440187454, 0.05724692717194557, 0.008794687688350677, 0.04941119998693466, 0.005747685208916664, 0.01649278961122036, 0.062087077647447586, 0.004418835509568453, 0.03689649701118469, 0.06720854341983795, 0.018029095605015755, 0.03975146263837814, 0.04816397279500961, 0.022197851911187172, 0.003130759112536907, 0.002576227532699704, 0.027103016152977943, 0.030112378299236298, 0.017438504844903946, 0.01645384542644024, 0.021915242075920105, 0.01575048267841339, 0.001569818239659071, 0.0012249542633071542, 0.03251563012599945, 0.001296014292165637, 0.0007913365261629224, 0.010649221949279308, 0.014461743645370007, 0.008122716099023819, 0.0007860485929995775, 0.011474685743451118, 0.01171522494405508, 0.02268647588789463, 0.007828078232705593, 0.001116285566240549, 0.004794423934072256, 0.0007096307235769928, 0.002818385139107704, 0.005902549717575312, 0.008495909161865711, 0.007789507508277893, 0.0006286845891736448, 0.003514828160405159, 0.009071748703718185, 0.0049441116861999035, 0.011383056640625, 0.010176002979278564, 0.0005381850060075521, 0.01439991220831871, 0.01364718284457922, 0.019541233777999878, 0.021818825975060463, 0.0005638347356580198, 0.005611153785139322, 0.00887251179665327, 0.0035284750629216433, 0.0007395237917080522, 0.011481017805635929, 0.003061160445213318, 0.005722383968532085, 0.012328531593084335, 0.016736619174480438, 0.00938886497169733, 0.010810712352395058, 0.003057638183236122, 0.0018930681981146336, 0.0046342951245605946, 0.011498781852424145, 0.008775638416409492, 0.007175136357545853, 0.0005695607396773994], "acurracy": [0.7799999713897705, 0.9946874976158142, 0.9915624856948853, 0.9881250262260437, 0.9962499737739563, 0.9928125143051147, 0.9903125166893005, 0.9878125190734863, 1.0, 0.9881250262260437, 1.0, 0.996874988079071, 0.9834374785423279, 1.0, 0.9900000095367432, 0.9784374833106995, 0.9940624833106995, 0.9862499833106995, 0.9818750023841858, 0.9918749928474426, 1.0, 1.0, 0.9887499809265137, 0.9884374737739563, 0.9921875, 0.9918749928474426, 0.9900000095367432, 0.9931250214576721, 1.0, 1.0, 0.9850000143051147, 1.0, 1.0, 0.9962499737739563, 0.9940624833106995, 0.9978125095367432, 1.0, 0.9965624809265137, 0.9950000047683716, 0.9931250214576721, 0.9981250166893005, 1.0, 0.9984375238418579, 1.0, 0.9990624785423279, 0.9981250166893005, 0.9978125095367432, 0.9981250166893005, 1.0, 0.9993749856948853, 0.9971874952316284, 0.9987499713897705, 0.9965624809265137, 0.9975000023841858, 1.0, 0.9962499737739563, 0.9959375262260437, 0.9943749904632568, 0.9934375286102295, 1.0, 0.9984375238418579, 0.9975000023841858, 0.9990624785423279, 0.9996874928474426, 0.9984375238418579, 0.9993749856948853, 0.9984375238418579, 0.9975000023841858, 0.9956250190734863, 0.9975000023841858, 0.996874988079071, 0.9993749856948853, 1.0, 0.9987499713897705, 0.996874988079071, 0.9971874952316284, 0.9981250166893005, 1.0], "val_loss": [1.4791568517684937, 1.334757685661316, 1.5828109979629517, 1.7240126132965088, 1.7404937744140625, 1.6078953742980957, 1.4253642559051514, 1.265471339225769, 1.34932541847229, 1.1729779243469238, 1.2168768644332886, 1.1933181285858154, 1.041193962097168, 1.049725890159607, 1.0342631340026855, 0.89961838722229, 0.9137561917304993, 0.8959548473358154, 0.8408187031745911, 0.8459143042564392, 0.8157322406768799, 0.8707367777824402, 0.8393292427062988, 0.7967246174812317, 0.8022465705871582, 0.7672452330589294, 0.7393745183944702, 0.7317073345184326, 0.7401211261749268, 0.7512298822402954, 0.7127957940101624, 0.7031901478767395, 0.7134130597114563, 0.6802274584770203, 0.6558356285095215, 0.6548037528991699, 0.6698817610740662, 0.6582539081573486, 0.6122718453407288, 0.6002795696258545, 0.553224503993988, 0.5864388942718506, 0.568433403968811, 0.5661040544509888, 0.5685083866119385, 0.5552861094474792, 0.5704805254936218, 0.5128236413002014, 0.5217810273170471, 0.5122444033622742, 0.5054687857627869, 0.511403501033783, 0.5168659687042236, 0.4699900448322296, 0.48350611329078674, 0.4356616139411926, 0.44768401980400085, 0.4530680179595947, 0.41299858689308167, 0.39543747901916504, 0.42938232421875, 0.41699233651161194, 0.37607380747795105, 0.3948356509208679, 0.4152502715587616, 0.44124552607536316, 0.43409377336502075, 0.4482145309448242, 0.4372823238372803, 0.4352744221687317, 0.4229031503200531, 0.4194745719432831, 0.45078960061073303, 0.4145547151565552, 0.4318208694458008, 0.40508052706718445, 0.4203319847583771, 0.4144969582557678], "val_acurracy": [0.5837500095367432, 0.573437511920929, 0.5824999809265137, 0.5756250023841858, 0.5756250023841858, 0.5806249976158142, 0.5728124976158142, 0.5771874785423279, 0.5743749737739563, 0.5821874737739563, 0.5759375095367432, 0.5815625190734863, 0.5790625214576721, 0.5787500143051147, 0.5768749713897705, 0.5799999833106995, 0.5834375023841858, 0.5746874809265137, 0.5765625238418579, 0.5818750262260437, 0.5856249928474426, 0.5740625262260437, 0.5756250023841858, 0.5834375023841858, 0.6650000214576721, 0.7599999904632568, 0.8553125262260437, 0.8715624809265137, 0.8684375286102295, 0.8656250238418579, 0.8928124904632568, 0.8956249952316284, 0.8899999856948853, 0.8949999809265137, 0.901562511920929, 0.9059374928474426, 0.9028124809265137, 0.9071875214576721, 0.9153125286102295, 0.918749988079071, 0.9153125286102295, 0.9128124713897705, 0.9131249785423279, 0.910937488079071, 0.9078124761581421, 0.9150000214576721, 0.9100000262260437, 0.9068750143051147, 0.909375011920929, 0.9121875166893005, 0.9071875214576721, 0.9068750143051147, 0.9078124761581421, 0.9106249809265137, 0.910937488079071, 0.9090625047683716, 0.9115625023841858, 0.9071875214576721, 0.9103124737739563, 0.9131249785423279, 0.9081249833106995, 0.9118750095367432, 0.9143750071525574, 0.9121875166893005, 0.9121875166893005, 0.9071875214576721, 0.9075000286102295, 0.9037500023841858, 0.901562511920929, 0.9059374928474426, 0.9096875190734863, 0.9096875190734863, 0.9100000262260437, 0.9146875143051147, 0.9106249809265137, 0.9106249809265137, 0.9125000238418579, 0.9115625023841858]}