{"loss": [1.1704456806182861, 0.20212623476982117, 0.09530095010995865, 0.1305127739906311, 0.041474904865026474, 0.026794221252202988, 0.10401401668787003, 0.0352315828204155, 0.03201183304190636, 0.004430127330124378, 0.0373055636882782, 0.04825003072619438, 0.07998445630073547, 0.006369318347424269, 0.0297755915671587, 0.040567412972450256], "acurracy": [0.7706249952316284, 0.9859374761581421, 0.9909374713897705, 0.9850000143051147, 0.9959375262260437, 0.9978125095367432, 0.987500011920929, 0.9959375262260437, 0.9956250190734863, 1.0, 0.9956250190734863, 0.9940624833106995, 0.9878125190734863, 1.0, 0.9956250190734863, 0.9940624833106995], "val_loss": [1.7013875246047974, 2.242184638977051, 2.377617359161377, 2.187743902206421, 2.292494535446167, 2.435492515563965, 2.214367628097534, 2.0698440074920654, 2.098494291305542, 2.2720377445220947, 2.184058666229248, 2.007514238357544, 1.7696641683578491, 1.8683160543441772, 1.922406792640686, 1.783572793006897], "val_acurracy": [0.53125, 0.5771874785423279, 0.5790625214576721, 0.5793750286102295, 0.5853124856948853, 0.5778124928474426, 0.5740625262260437, 0.578125, 0.5846874713897705, 0.574999988079071, 0.5796874761581421, 0.5818750262260437, 0.5784375071525574, 0.5803124904632568, 0.5778124928474426, 0.5699999928474426]}