{"loss": [1.2710820436477661, 0.36331120133399963, 0.0662757009267807, 0.03381424769759178, 0.088316410779953, 0.00984925776720047, 0.006156001705676317, 0.08165925741195679, 0.06271577626466751, 0.00787290558218956, 0.033532630652189255, 0.035804130136966705, 0.03569149971008301, 0.005001917947083712, 0.06078515946865082, 0.0691472589969635, 0.04960017278790474], "acurracy": [0.8262500166893005, 0.9934375286102295, 0.996874988079071, 0.9975000023841858, 0.9912499785423279, 1.0, 1.0, 0.9915624856948853, 0.9928125143051147, 1.0, 0.9965624809265137, 0.9962499737739563, 0.9959375262260437, 1.0, 0.9931250214576721, 0.9921875, 0.9943749904632568], "val_loss": [1.3878878355026245, 1.3384637832641602, 1.4429194927215576, 1.524817943572998, 1.5134193897247314, 1.533035159111023, 1.6410269737243652, 1.580037236213684, 1.4896364212036133, 1.5598883628845215, 1.521154522895813, 1.6136704683303833, 1.5535691976547241, 1.6615328788757324, 1.6071346998214722, 1.539157748222351, 1.5282841920852661], "val_acurracy": [0.5799999833106995, 0.5809375047683716, 0.5796874761581421, 0.5743749737739563, 0.5790625214576721, 0.5771874785423279, 0.5787500143051147, 0.582812488079071, 0.581250011920929, 0.5790625214576721, 0.5846874713897705, 0.5793750286102295, 0.581250011920929, 0.5728124976158142, 0.5771874785423279, 0.5803124904632568, 0.5840625166893005]}