{"loss": [1.4558411836624146, 0.9939499497413635, 0.3647453784942627, 0.09912050515413284, 0.06567993015050888, 0.01694384589791298, 0.026764463633298874, 0.006545350421220064, 0.04381190612912178, 0.004848238080739975, 0.019699346274137497, 0.038824260234832764, 0.0034010016825050116, 0.0026346638333052397, 0.02820298820734024, 0.025175616145133972, 0.014997719787061214, 0.011102894321084023, 0.01498040184378624, 0.01305398065596819, 0.04855784773826599, 0.002256294246762991, 0.014269932173192501, 0.020611697807908058, 0.01509055495262146, 0.014260491356253624, 0.0014210810186341405, 0.011794653721153736, 0.020186571404337883, 0.0011526239104568958, 0.008387272246181965, 0.0008626498165540397, 0.0005977505352348089, 0.006316897924989462, 0.02210812270641327, 0.011059402488172054, 0.004000684712082148, 0.007962687872350216, 0.008075544610619545, 0.009662383235991001, 0.014721700921654701, 0.0005969696212559938, 0.012385052628815174, 0.0195426307618618, 0.011977885849773884, 0.006645524874329567, 0.00820895005017519, 0.004145376849919558, 0.00037037619040347636, 0.001938684843480587, 0.0004782574251294136, 0.006167321000248194, 0.0016968160634860396, 0.00028407739591784775, 0.005519234575331211, 0.0028730020858347416, 0.00018111182725988328, 0.011797880753874779, 0.01933933049440384, 0.0034915434662252665, 0.004150768741965294, 0.00021040497813373804, 0.004883459769189358, 0.010351878590881824, 0.0022324263118207455, 0.0034797429107129574, 0.001962957438081503, 0.006330444011837244, 0.005046766251325607, 0.012075112201273441], "acurracy": [0.7425000071525574, 0.9943749904632568, 0.9925000071525574, 0.9956250190734863, 0.9918749928474426, 1.0, 0.9959375262260437, 1.0, 0.9915624856948853, 1.0, 0.9962499737739563, 0.989062488079071, 1.0, 1.0, 0.9918749928474426, 0.9915624856948853, 0.9959375262260437, 0.9959375262260437, 0.9946874976158142, 0.996874988079071, 0.9778125286102295, 1.0, 0.9940624833106995, 0.9921875, 0.9931250214576721, 0.9931250214576721, 1.0, 0.995312511920929, 0.9940624833106995, 1.0, 0.9971874952316284, 1.0, 1.0, 0.996874988079071, 0.9921875, 0.9965624809265137, 0.9993749856948853, 0.9987499713897705, 0.9975000023841858, 0.9975000023841858, 0.9971874952316284, 1.0, 0.9975000023841858, 0.9946874976158142, 0.9975000023841858, 0.9981250166893005, 0.9978125095367432, 0.9990624785423279, 1.0, 1.0, 1.0, 0.9987499713897705, 0.9996874928474426, 1.0, 0.9981250166893005, 0.9990624785423279, 1.0, 0.9975000023841858, 0.9940624833106995, 0.9993749856948853, 0.9990624785423279, 1.0, 0.9987499713897705, 0.996874988079071, 0.9996874928474426, 0.9990624785423279, 0.9993749856948853, 0.9987499713897705, 0.9984375238418579, 0.9965624809265137], "val_loss": [1.375436544418335, 1.195870041847229, 1.4813443422317505, 1.8089784383773804, 1.5100276470184326, 1.7226749658584595, 1.6758586168289185, 1.6382267475128174, 1.3541951179504395, 1.3242347240447998, 1.2193074226379395, 1.0969747304916382, 1.0946975946426392, 1.1080923080444336, 1.0298813581466675, 0.9474788904190063, 0.9432331919670105, 0.903791606426239, 0.9099003672599792, 0.8771219849586487, 0.7797244191169739, 0.7710604071617126, 0.7778713703155518, 0.7335298657417297, 0.7087165713310242, 0.6818733215332031, 0.6920425295829773, 0.6739627122879028, 0.655132532119751, 0.6422272324562073, 0.6169037818908691, 0.6413270831108093, 0.6597791910171509, 0.6445707678794861, 0.5943716168403625, 0.5623711943626404, 0.5048625469207764, 0.5162514448165894, 0.5033330917358398, 0.48087257146835327, 0.4528728127479553, 0.4592834413051605, 0.45002976059913635, 0.4318573772907257, 0.4462050497531891, 0.42745599150657654, 0.4296477138996124, 0.41335585713386536, 0.4287324547767639, 0.4624074101448059, 0.46262240409851074, 0.4272896945476532, 0.4597315490245819, 0.4226812422275543, 0.4016028344631195, 0.45106983184814453, 0.45325344800949097, 0.4048100709915161, 0.45123276114463806, 0.41548407077789307, 0.4439470171928406, 0.4164588451385498, 0.41890281438827515, 0.4296703040599823, 0.42076560854911804, 0.4278695285320282, 0.4035238027572632, 0.41851121187210083, 0.4120679795742035, 0.4074675440788269], "val_acurracy": [0.5803124904632568, 0.5796874761581421, 0.5859375, 0.5815625190734863, 0.5846874713897705, 0.5771874785423279, 0.5824999809265137, 0.5824999809265137, 0.5746874809265137, 0.581250011920929, 0.5809375047683716, 0.5740625262260437, 0.578125, 0.5790625214576721, 0.5796874761581421, 0.5837500095367432, 0.5774999856948853, 0.5824999809265137, 0.5790625214576721, 0.581250011920929, 0.6318749785423279, 0.6356250047683716, 0.6809375286102295, 0.8134375214576721, 0.8637499809265137, 0.887499988079071, 0.8787500262260437, 0.8893749713897705, 0.8928124904632568, 0.8918750286102295, 0.8971874713897705, 0.8946874737739563, 0.8896874785423279, 0.8918750286102295, 0.9096875190734863, 0.9103124737739563, 0.918749988079071, 0.9112499952316284, 0.9103124737739563, 0.9146875143051147, 0.9128124713897705, 0.910937488079071, 0.9143750071525574, 0.9137499928474426, 0.9084374904632568, 0.9128124713897705, 0.9153125286102295, 0.9134374856948853, 0.9096875190734863, 0.9090625047683716, 0.9103124737739563, 0.9131249785423279, 0.910937488079071, 0.9137499928474426, 0.9153125286102295, 0.9131249785423279, 0.9150000214576721, 0.9168750047683716, 0.9100000262260437, 0.9140625, 0.9162499904632568, 0.9178125262260437, 0.9168750047683716, 0.9181249737739563, 0.918749988079071, 0.918749988079071, 0.9221875071525574, 0.9193750023841858, 0.9206249713897705, 0.9193750023841858]}