{"loss": [1.3581637144088745, 0.8483537435531616, 0.3813062608242035, 0.14605064690113068, 0.0826215073466301, 0.0598461851477623, 0.02509680762887001, 0.04355804994702339, 0.03221896290779114, 0.03086511418223381, 0.04071982949972153, 0.033374279737472534, 0.09580680727958679, 0.03512333706021309, 0.05634491518139839, 0.008698578923940659, 0.13366585969924927], "acurracy": [0.6731250286102295, 0.9868749976158142, 0.996874988079071, 1.0, 0.996874988079071, 0.9962499737739563, 1.0, 0.9956250190734863, 0.9975000023841858, 0.996874988079071, 0.9956250190734863, 0.9965624809265137, 0.9865624904632568, 0.9956250190734863, 0.9918749928474426, 1.0, 0.9784374833106995], "val_loss": [1.5346182584762573, 1.4936851263046265, 1.675460696220398, 1.9716585874557495, 2.2964377403259277, 2.4940743446350098, 2.6839184761047363, 2.8287851810455322, 3.0115103721618652, 3.138448715209961, 3.1925089359283447, 3.2899863719940186, 3.320990562438965, 3.414754867553711, 3.402162551879883, 3.5489840507507324, 3.472862958908081], "val_acurracy": [0.5737500190734863, 0.5793750286102295, 0.5753124952316284, 0.5796874761581421, 0.5706250071525574, 0.5762500166893005, 0.5806249976158142, 0.5806249976158142, 0.5740625262260437, 0.5746874809265137, 0.5793750286102295, 0.5790625214576721, 0.5793750286102295, 0.5793750286102295, 0.5818750262260437, 0.5796874761581421, 0.5846874713897705]}