{"loss": [1.4523561000823975, 0.8740553259849548, 0.20937557518482208, 0.0794387012720108, 0.1474175900220871, 0.052375391125679016, 0.01798764429986477, 0.011084010824561119, 0.09310164302587509, 0.054208770394325256, 0.12365996092557907, 0.046396926045417786, 0.09728989750146866, 0.013820154592394829, 0.06783980131149292, 0.009894976392388344, 0.03779877349734306], "acurracy": [0.5921875238418579, 0.9809374809265137, 1.0, 0.9956250190734863, 0.9837499856948853, 0.9962499737739563, 1.0, 1.0, 0.9906250238418579, 0.995312511920929, 0.9859374761581421, 0.9950000047683716, 0.9887499809265137, 1.0, 0.9925000071525574, 1.0, 0.9962499737739563], "val_loss": [1.4637495279312134, 1.257068157196045, 1.3144491910934448, 1.4279870986938477, 1.4583419561386108, 1.5148341655731201, 1.577125072479248, 1.6561861038208008, 1.5792343616485596, 1.5935441255569458, 1.5200741291046143, 1.5698078870773315, 1.5757311582565308, 1.6700775623321533, 1.6478095054626465, 1.6977746486663818, 1.6766443252563477], "val_acurracy": [0.578125, 0.5743749737739563, 0.5837500095367432, 0.5809375047683716, 0.5774999856948853, 0.582812488079071, 0.5803124904632568, 0.5778124928474426, 0.5806249976158142, 0.5768749713897705, 0.5746874809265137, 0.5768749713897705, 0.5762500166893005, 0.5768749713897705, 0.5853124856948853, 0.5756250023841858, 0.5809375047683716]}