{"loss": [1.3942914009094238, 0.8565456867218018, 0.40237727761268616, 0.17705516517162323, 0.11622579395771027, 0.08333450555801392, 0.1183646097779274, 0.04724686220288277, 0.05779439955949783, 0.10232483595609665, 0.07085199654102325, 0.08069870620965958, 0.05511113256216049, 0.011783052235841751, 0.0480910986661911, 0.029360245913267136, 0.06574802100658417], "acurracy": [0.6368749737739563, 0.9950000047683716, 0.9956250190734863, 0.9959375262260437, 0.9918749928474426, 0.9928125143051147, 0.984375, 0.9962499737739563, 0.9931250214576721, 0.9859374761581421, 0.9900000095367432, 0.9884374737739563, 0.9918749928474426, 1.0, 0.9931250214576721, 0.9962499737739563, 0.9906250238418579], "val_loss": [1.433397650718689, 1.2635842561721802, 1.2822271585464478, 1.4993293285369873, 1.6888868808746338, 1.9236915111541748, 2.0623481273651123, 2.2367777824401855, 2.384124517440796, 2.45934796333313, 2.550356388092041, 2.6543772220611572, 2.7883682250976562, 2.9214093685150146, 3.034365653991699, 3.111140489578247, 3.095332145690918], "val_acurracy": [0.5818750262260437, 0.5765625238418579, 0.5815625190734863, 0.5765625238418579, 0.5840625166893005, 0.5768749713897705, 0.5815625190734863, 0.5787500143051147, 0.5799999833106995, 0.5796874761581421, 0.581250011920929, 0.5815625190734863, 0.5778124928474426, 0.5787500143051147, 0.5746874809265137, 0.5756250023841858, 0.5868750214576721]}