{"loss": [1.365119457244873, 0.7982427477836609, 0.3352428674697876, 0.17890691757202148, 0.12799836695194244, 0.06880910694599152, 0.05773346126079559, 0.02255271002650261, 0.032937418669462204, 0.035073745995759964, 0.06354682147502899, 0.03894378989934921, 0.03147636353969574, 0.06256166845560074, 0.08454420417547226, 0.060514893382787704, 0.0650978535413742, 0.05751030147075653], "acurracy": [0.651562511920929, 0.9940624833106995, 0.9959375262260437, 0.9850000143051147, 0.9856250286102295, 0.9956250190734863, 0.9943749904632568, 1.0, 0.9971874952316284, 0.996874988079071, 0.9912499785423279, 0.995312511920929, 0.9962499737739563, 0.9915624856948853, 0.987500011920929, 0.9906250238418579, 0.9903125166893005, 0.9921875], "val_loss": [1.4488426446914673, 1.270671010017395, 1.2624074220657349, 1.3411507606506348, 1.4823319911956787, 1.5858790874481201, 1.7225080728530884, 1.842656135559082, 1.9428356885910034, 1.9880890846252441, 2.067537307739258, 2.1790058612823486, 2.233340263366699, 2.224581241607666, 2.257012367248535, 2.316068649291992, 2.360671043395996, 2.3675248622894287], "val_acurracy": [0.5824999809265137, 0.581250011920929, 0.5731250047683716, 0.582812488079071, 0.5793750286102295, 0.5849999785423279, 0.5771874785423279, 0.578125, 0.5743749737739563, 0.5862500071525574, 0.5837500095367432, 0.5746874809265137, 0.5759375095367432, 0.5806249976158142, 0.5809375047683716, 0.5796874761581421, 0.5837500095367432, 0.5862500071525574]}