{"loss": [0.74944007396698, 0.22870506346225739, 0.24662165343761444, 0.2288154810667038, 0.22124898433685303, 0.29747524857521057, 0.22796054184436798, 0.1720070242881775, 0.1782909780740738, 0.10625710338354111, 0.35248711705207825, 0.12897583842277527, 0.11988995224237442, 0.1910754144191742, 0.11549998074769974, 0.2284560352563858], "acurracy": [0.7682812213897705, 0.936328113079071, 0.9183593988418579, 0.9131249785423279, 0.9117968678474426, 0.875781238079071, 0.9060937762260437, 0.9254687428474426, 0.9243749976158142, 0.9546093940734863, 0.8421093821525574, 0.9423437714576721, 0.9467187523841858, 0.9131249785423279, 0.9470312595367432, 0.8944531083106995], "val_loss": [2.0966341495513916, 1.9896506071090698, 1.8773760795593262, 1.711138129234314, 1.5860432386398315, 1.4793939590454102, 1.4533648490905762, 1.516629934310913, 1.497792363166809, 1.5969359874725342, 1.4061877727508545, 1.4875092506408691, 1.5146483182907104, 1.488760232925415, 1.5427888631820679, 1.513485312461853], "val_acurracy": [0.17429687082767487, 0.2017187476158142, 0.21187500655651093, 0.24171875417232513, 0.27125000953674316, 0.3055468797683716, 0.3048437535762787, 0.29859375953674316, 0.30125001072883606, 0.2848437428474426, 0.3169531226158142, 0.31273436546325684, 0.3010937571525574, 0.30351561307907104, 0.2967187464237213, 0.30757811665534973]}