{"loss": [0.6357196569442749, 0.2331562042236328, 0.33470863103866577, 0.12143740803003311, 0.20476622879505157, 0.21674934029579163, 0.24048374593257904, 0.09483465552330017, 0.1630214899778366, 0.27997374534606934, 0.21602289378643036, 0.12031224370002747], "acurracy": [0.8018749952316284, 0.9372656345367432, 0.8851562738418579, 0.9577343463897705, 0.9217968583106995, 0.9119531512260437, 0.8971093893051147, 0.9603906273841858, 0.9313281178474426, 0.8793749809265137, 0.9039062261581421, 0.9458593726158142], "val_loss": [1.9692966938018799, 1.8681203126907349, 1.6613694429397583, 1.7582345008850098, 1.7157155275344849, 1.630172610282898, 1.5744094848632812, 1.6600228548049927, 1.730541706085205, 1.5819605588912964, 1.6451753377914429, 1.696997046470642], "val_acurracy": [0.2297656238079071, 0.23921875655651093, 0.23414061963558197, 0.21921874582767487, 0.23726563155651093, 0.25148436427116394, 0.26906248927116394, 0.25101563334465027, 0.25242188572883606, 0.27054688334465027, 0.2720312476158142, 0.2535937428474426]}