{"loss": [1.064366340637207, 0.7452385425567627, 0.5433621406555176, 0.4894208014011383, 0.5158259868621826, 0.34787309169769287], "acurracy": [0.7224218845367432, 0.8471875190734863, 0.8962500095367432, 0.9022656083106995, 0.8921093940734863, 0.9326562285423279], "val_loss": [2.0543224811553955, 2.396622896194458, 2.8115320205688477, 3.4179022312164307, 4.280822277069092, 5.027449131011963], "val_acurracy": [0.1314062476158142, 0.04195312410593033, 0.03242187574505806, 0.015312500298023224, 0.009140624664723873, 0.011562500149011612]}