{"loss": [0.7501528263092041, 0.5837385654449463, 0.4026559591293335, 0.5588720440864563, 0.4575868546962738, 0.3358980417251587], "acurracy": [0.7940624952316284, 0.8984375, 0.9341406226158142, 0.8985156416893005, 0.9153125286102295, 0.9410156011581421], "val_loss": [2.0733368396759033, 2.1898903846740723, 2.373624324798584, 2.7033681869506836, 3.149613380432129, 3.6611711978912354], "val_acurracy": [0.1830468773841858, 0.11968749761581421, 0.07390625029802322, 0.03554687649011612, 0.021953124552965164, 0.013359375298023224]}