{"loss": [0.6347877383232117, 0.43468189239501953, 0.30821534991264343, 0.2352948784828186, 0.21401119232177734, 0.17181396484375, 0.3114391565322876, 0.2235197126865387, 0.1958976536989212, 0.2131018042564392, 0.269697904586792, 0.16511182487010956, 0.20798471570014954, 0.1804477572441101, 0.17284508049488068], "acurracy": [0.8257812261581421, 0.8776562213897705, 0.8952343463897705, 0.913281261920929, 0.9182031154632568, 0.931640625, 0.869921863079071, 0.9035937786102295, 0.9142968654632568, 0.9075000286102295, 0.8782812356948853, 0.9273437261581421, 0.9039062261581421, 0.916796863079071, 0.9216406345367432], "val_loss": [1.9746174812316895, 1.6086704730987549, 1.5472651720046997, 1.6133811473846436, 1.62211275100708, 1.6548157930374146, 1.5034867525100708, 1.4995957612991333, 1.5212469100952148, 1.4331879615783691, 1.4618927240371704, 1.4758410453796387, 1.4398231506347656, 1.4573853015899658, 1.4410852193832397], "val_acurracy": [0.20796875655651093, 0.2629687488079071, 0.28117188811302185, 0.28046876192092896, 0.28414061665534973, 0.2893750071525574, 0.29554688930511475, 0.29609376192092896, 0.29359376430511475, 0.2957812547683716, 0.29875001311302185, 0.29039061069488525, 0.29609376192092896, 0.29124999046325684, 0.2918750047683716]}