{"loss": [0.8892934322357178, 0.7357378602027893, 0.6779830455780029, 0.4407288730144501, 0.5696893930435181, 0.4456811249256134], "acurracy": [0.7543749809265137, 0.8590624928474426, 0.8659374713897705, 0.9215624928474426, 0.8907031416893005, 0.9150000214576721], "val_loss": [2.506685256958008, 2.7511892318725586, 3.307629346847534, 3.917797803878784, 4.416131496429443, 5.095343112945557], "val_acurracy": [0.17015625536441803, 0.14726562798023224, 0.09781250357627869, 0.0852343738079071, 0.05132812634110451, 0.037109375]}