{"loss": [0.47098061442375183, 0.2625659704208374, 0.1766287088394165, 0.2267775982618332, 0.24748004972934723, 0.20560428500175476], "acurracy": [0.8671093583106995, 0.9147655963897705, 0.9361718893051147, 0.911328136920929, 0.8971093893051147, 0.9106249809265137], "val_loss": [2.147854804992676, 2.7501373291015625, 3.2997446060180664, 3.7595109939575195, 4.086293697357178, 4.280141353607178], "val_acurracy": [0.16023437678813934, 0.16906249523162842, 0.16875000298023224, 0.17304687201976776, 0.16796875, 0.17343750596046448]}