{"loss": [0.8136241436004639, 0.54054856300354, 0.4829772710800171, 0.712770402431488, 0.5857813358306885, 0.35932472348213196], "acurracy": [0.7827343940734863, 0.9060156345367432, 0.9150000214576721, 0.8489843606948853, 0.873046875, 0.9297656416893005], "val_loss": [2.176602363586426, 2.4020602703094482, 2.7507991790771484, 3.1907122135162354, 3.860745906829834, 4.481276035308838], "val_acurracy": [0.16820313036441803, 0.15476562082767487, 0.13507813215255737, 0.0905468761920929, 0.07890625298023224, 0.07414062321186066]}