{"loss": [0.729858934879303, 0.38388320803642273, 0.3094671964645386, 0.28401950001716614, 0.27142223715782166, 0.2285422384738922, 0.22115319967269897, 0.22361139953136444, 0.15742555260658264, 0.18590348958969116, 0.24604886770248413, 0.1836966574192047, 0.17743074893951416, 0.07426054775714874, 0.20394490659236908, 0.20380181074142456, 0.12983527779579163, 0.21090194582939148, 0.19366997480392456, 0.1985657513141632, 0.14080338180065155, 0.2144252061843872, 0.09665706008672714], "acurracy": [0.7827343940734863, 0.8892968893051147, 0.8951562643051147, 0.893750011920929, 0.8919531106948853, 0.9060156345367432, 0.9068750143051147, 0.9018750190734863, 0.931640625, 0.9185937643051147, 0.8939843773841858, 0.9177343845367432, 0.9196875095367432, 0.967578113079071, 0.9068750143051147, 0.9064062237739563, 0.9383593797683716, 0.8999999761581421, 0.90625, 0.9075781106948853, 0.9334375262260437, 0.8979687690734863, 0.954296886920929], "val_loss": [2.094435691833496, 1.7877246141433716, 1.6824935674667358, 1.564355492591858, 1.5025142431259155, 1.4893091917037964, 1.4527003765106201, 1.4659384489059448, 1.5082066059112549, 1.4815421104431152, 1.44456148147583, 1.437697410583496, 1.45485258102417, 1.5255229473114014, 1.4665322303771973, 1.422926425933838, 1.4764485359191895, 1.4014135599136353, 1.4178143739700317, 1.4248085021972656, 1.502729058265686, 1.4131535291671753, 1.506561279296875], "val_acurracy": [0.17976562678813934, 0.21171875298023224, 0.22898437082767487, 0.2610156238079071, 0.27867186069488525, 0.27031248807907104, 0.28703126311302185, 0.2907031178474426, 0.29296875, 0.2984375059604645, 0.30101561546325684, 0.30531251430511475, 0.3050781190395355, 0.2953124940395355, 0.2977343797683716, 0.2952343821525574, 0.2981249988079071, 0.3039843738079071, 0.3070312440395355, 0.31117188930511475, 0.3010937571525574, 0.3046875, 0.29976561665534973]}