{"loss": [0.7570528388023376, 0.3421827256679535, 0.36056262254714966, 0.20321668684482574, 0.08598478138446808, 0.23070383071899414], "acurracy": [0.7542968988418579, 0.8974218964576721, 0.8682812452316284, 0.9219531416893005, 0.9667187333106995, 0.9027343988418579], "val_loss": [2.1820807456970215, 2.572936773300171, 3.585522413253784, 3.983920097351074, 4.097407817840576, 4.205048084259033], "val_acurracy": [0.16703124344348907, 0.1379687488079071, 0.14249999821186066, 0.13843749463558197, 0.14171874523162842, 0.14039061963558197]}