{"loss": [0.7858649492263794, 0.6256355047225952, 0.6406520009040833, 0.7671822905540466, 0.5325005054473877, 0.5022152662277222], "acurracy": [0.8103125095367432, 0.8857812285423279, 0.878125011920929, 0.8374218940734863, 0.8981249928474426, 0.9007812738418579], "val_loss": [2.121760129928589, 2.3066859245300293, 2.5136234760284424, 2.8885550498962402, 3.3712594509124756, 3.9430272579193115], "val_acurracy": [0.17015625536441803, 0.16328124701976776, 0.12546874582767487, 0.07531250268220901, 0.05351562425494194, 0.03414062410593033]}