{"loss": [0.620632529258728, 0.3827782869338989, 0.10655596852302551, 0.12261412292718887, 0.07476501166820526, 0.043598394840955734, 0.09669562429189682, 0.04370255395770073, 0.044664569199085236, 0.036125048995018005, 0.024325354024767876, 0.030001264065504074, 0.027721870690584183, 0.021342331543564796, 0.04584863781929016, 0.026868043467402458, 0.06405223160982132, 0.012719836086034775, 0.019572481513023376, 0.011438658460974693, 0.06335476040840149, 0.010946754366159439, 0.02826320193707943, 0.0407961830496788, 0.03598593920469284, 0.027948498725891113, 0.04033039137721062, 0.018868528306484222, 0.02893972396850586, 0.06597841531038284, 0.06274986267089844, 0.019774990156292915, 0.04443400725722313, 0.002313086297363043, 0.04292090982198715, 0.04195333644747734, 0.03863297030329704, 0.010871919803321362, 0.0469072088599205, 0.02646247297525406, 0.02150372974574566, 0.008701874874532223, 0.04707416146993637, 0.022047650068998337, 0.015266495756804943, 0.04402976483106613], "accuracy": [0.9327343702316284, 0.9803906083106995, 1.0, 0.9792187213897705, 0.9858593940734863, 0.9909374713897705, 0.9673437476158142, 0.9859374761581421, 0.9818750023841858, 0.9860937595367432, 0.9912499785423279, 0.9878906011581421, 0.989453136920929, 0.9925781488418579, 0.9821093678474426, 0.990234375, 0.975390613079071, 0.9959375262260437, 0.9931250214576721, 0.9960156083106995, 0.9747655987739563, 0.9966406226158142, 0.9898437261581421, 0.985156238079071, 0.9868749976158142, 0.9896093606948853, 0.9845312237739563, 0.9934375286102295, 0.9896875023841858, 0.971875011920929, 0.9746875166893005, 0.9936718940734863, 0.9834374785423279, 1.0, 0.9845312237739563, 0.9834374785423279, 0.984375, 0.9959375262260437, 0.9796093702316284, 0.9908593893051147, 0.9912499785423279, 0.9975781440734863, 0.9820312261581421, 0.9917968511581421, 0.994140625, 0.9820312261581421], "val_loss": [0.6420434713363647, 0.6571866869926453, 0.8111366033554077, 0.6946617364883423, 0.5989396572113037, 0.5633182525634766, 0.43833184242248535, 0.42325279116630554, 0.4151056408882141, 0.41225987672805786, 0.40289247035980225, 0.39082470536231995, 0.39862310886383057, 0.39838990569114685, 0.38200896978378296, 0.3881969153881073, 0.38277459144592285, 0.3856292963027954, 0.3865351974964142, 0.3922702670097351, 0.3672797679901123, 0.3827019929885864, 0.3778471350669861, 0.3705373704433441, 0.3723489046096802, 0.3713730275630951, 0.3670583665370941, 0.3750637471675873, 0.37657108902931213, 0.35833534598350525, 0.3555051386356354, 0.36396563053131104, 0.3672179877758026, 0.3858416676521301, 0.37178581953048706, 0.3721802532672882, 0.35749807953834534, 0.3651157021522522, 0.3679202198982239, 0.36595749855041504, 0.3804551362991333, 0.39333316683769226, 0.36594393849372864, 0.397851824760437, 0.39853450655937195, 0.38946473598480225], "val_accuracy": [0.8217187523841858, 0.8217187523841858, 0.8217187523841858, 0.8217187523841858, 0.8217187523841858, 0.8217187523841858, 0.8180468678474426, 0.8146874904632568, 0.8131250143051147, 0.8064844012260437, 0.8021093606948853, 0.8179687261581421, 0.821093738079071, 0.8271093964576721, 0.8299219012260437, 0.8272656202316284, 0.8271093964576721, 0.8257812261581421, 0.8280468583106995, 0.8301562666893005, 0.8274219036102295, 0.828125, 0.826953113079071, 0.8282812237739563, 0.8284375071525574, 0.8296093940734863, 0.8321093916893005, 0.8316406011581421, 0.8307031393051147, 0.8352344036102295, 0.8346874713897705, 0.8355468511581421, 0.8340625166893005, 0.835156261920929, 0.835156261920929, 0.8342968821525574, 0.8426562547683716, 0.8435156345367432, 0.8442968726158142, 0.8432812690734863, 0.8404687643051147, 0.8418750166893005, 0.8408593535423279, 0.8399218916893005, 0.842968761920929, 0.8430469036102295]}