{"loss": [0.5749382972717285, 0.33350512385368347, 0.15981192886829376, 0.07543438673019409, 0.11975540965795517, 0.08885246515274048, 0.06241197511553764, 0.0817805677652359, 0.15828725695610046, 0.1020408421754837, 0.06003623828291893, 0.13319838047027588, 0.05979876592755318, 0.039562635123729706, 0.1452019065618515, 0.11448472738265991, 0.07587611675262451, 0.10287301242351532, 0.029116502031683922, 0.10792034864425659, 0.05818244442343712, 0.09997184574604034, 0.09404411911964417, 0.10081104189157486, 0.05178087577223778, 0.1050957515835762, 0.08469955623149872, 0.10127104818820953, 0.054074425250291824, 0.12916627526283264, 0.10178681463003159, 0.0761568546295166, 0.0626329705119133, 0.09912807494401932, 0.0617695152759552, 0.06354460120201111, 0.08638627827167511, 0.06125238910317421, 0.06236163154244423, 0.03746446222066879, 0.12692372500896454, 0.06374286860227585, 0.06733905524015427, 0.11742713302373886, 0.07759138941764832, 0.05942602455615997, 0.0563768595457077, 0.02392060123383999, 0.05496874451637268, 0.09406443685293198, 0.054596301168203354, 0.07773219048976898, 0.12703323364257812], "accuracy": [0.858593761920929, 0.9872656464576721, 0.9903905987739563, 0.9955468773841858, 0.9782812595367432, 0.9853125214576721, 0.9907031059265137, 0.9859374761581421, 0.9668750166893005, 0.9803906083106995, 0.9906250238418579, 0.9717187285423279, 0.990234375, 0.9944531321525574, 0.967968761920929, 0.9757031202316284, 0.9857812523841858, 0.9780468940734863, 0.9973437786102295, 0.9767968654632568, 0.9892968535423279, 0.977734386920929, 0.9794531464576721, 0.9764843583106995, 0.9905468821525574, 0.9752343893051147, 0.9811718463897705, 0.975390613079071, 0.9898437261581421, 0.9669530987739563, 0.9740625023841858, 0.982421875, 0.9853906035423279, 0.9732031226158142, 0.9857812523841858, 0.985156238079071, 0.9768750071525574, 0.9860937595367432, 0.9862499833106995, 0.9921093583106995, 0.9637500047683716, 0.9838281273841858, 0.9839843511581421, 0.9662500023841858, 0.9790624976158142, 0.9856250286102295, 0.9860156178474426, 0.9964843988418579, 0.9867968559265137, 0.975390613079071, 0.98828125, 0.9801562428474426, 0.9635156393051147], "val_loss": [0.638474702835083, 0.5658278465270996, 0.5448148250579834, 0.6002953052520752, 0.5901855826377869, 0.5923868417739868, 0.6116623282432556, 0.6112442016601562, 0.5649224519729614, 0.5436115264892578, 0.5570862293243408, 0.5247018933296204, 0.5320478677749634, 0.5569227933883667, 0.5026279091835022, 0.4874988794326782, 0.4883491098880768, 0.47892439365386963, 0.4885364770889282, 0.4658169150352478, 0.46532630920410156, 0.4498549699783325, 0.43905580043792725, 0.4217585027217865, 0.42608511447906494, 0.41677600145339966, 0.4118538200855255, 0.40096649527549744, 0.40184101462364197, 0.38824090361595154, 0.3822217881679535, 0.37806466221809387, 0.37999412417411804, 0.3726847767829895, 0.3727807104587555, 0.3715820610523224, 0.36746543645858765, 0.36727431416511536, 0.3696543574333191, 0.3724403381347656, 0.3679890036582947, 0.3724254369735718, 0.3749420940876007, 0.3810429871082306, 0.3826214671134949, 0.382496178150177, 0.39126384258270264, 0.3957584500312805, 0.3987903594970703, 0.39765894412994385, 0.39923036098480225, 0.4069412648677826, 0.4118008315563202], "val_accuracy": [0.8217187523841858, 0.8217187523841858, 0.8217187523841858, 0.8217187523841858, 0.8217187523841858, 0.8217187523841858, 0.8217187523841858, 0.8217187523841858, 0.8217187523841858, 0.8217187523841858, 0.8217187523841858, 0.8217187523841858, 0.8217187523841858, 0.8217187523841858, 0.8217187523841858, 0.8217187523841858, 0.8217187523841858, 0.8217187523841858, 0.8217187523841858, 0.8217187523841858, 0.8217187523841858, 0.8217187523841858, 0.8217187523841858, 0.8217187523841858, 0.8217187523841858, 0.8217187523841858, 0.8217187523841858, 0.8217187523841858, 0.8217187523841858, 0.8217187523841858, 0.8189843893051147, 0.8155468702316284, 0.8121874928474426, 0.8103125095367432, 0.8087499737739563, 0.8046875, 0.8046093583106995, 0.8047656416893005, 0.8050781488418579, 0.8077343702316284, 0.8146874904632568, 0.8129687309265137, 0.8129687309265137, 0.8047656416893005, 0.8041406273841858, 0.8056250214576721, 0.8046093583106995, 0.8060937523841858, 0.8059375286102295, 0.8046093583106995, 0.8053125143051147, 0.803515613079071, 0.8014062643051147]}