{"loss": [0.5275718569755554, 0.29492905735969543, 0.18865497410297394, 0.15979677438735962, 0.11470558494329453, 0.08276620507240295, 0.0966525673866272, 0.09894666075706482, 0.11463557183742523, 0.0749322921037674, 0.09637819230556488, 0.07979906350374222, 0.07541432231664658, 0.1315290480852127, 0.09568008780479431, 0.09008362144231796, 0.12932227551937103, 0.11194947361946106, 0.10954839736223221, 0.03990625962615013, 0.09553191065788269, 0.07583727687597275, 0.16042588651180267, 0.06304719299077988, 0.04885127395391464, 0.16924482583999634, 0.09877657145261765, 0.10516249388456345, 0.05459883064031601, 0.0976373478770256, 0.11366672813892365, 0.01760711520910263, 0.03152712434530258, 0.08696083724498749, 0.028865110129117966, 0.13462111353874207, 0.04391969367861748, 0.11462181806564331, 0.048260223120450974, 0.0922318547964096, 0.04140777885913849, 0.056967899203300476, 0.07225961983203888, 0.08669305592775345, 0.055259689688682556, 0.05476684123277664, 0.05932287126779556, 0.125535249710083, 0.08278781175613403, 0.0722077339887619, 0.11285713315010071, 0.11010299623012543, 0.030656959861516953, 0.06430026888847351, 0.09795364737510681, 0.05278570577502251, 0.0805281326174736, 0.051613256335258484, 0.026317425072193146], "accuracy": [0.9333593845367432, 0.9811718463897705, 0.9711718559265137, 0.9701562523841858, 0.9803125262260437, 0.9870312213897705, 0.9821093678474426, 0.9821875095367432, 0.9776562452316284, 0.9872656464576721, 0.9813281297683716, 0.9853906035423279, 0.9862499833106995, 0.9728124737739563, 0.9810937643051147, 0.982421875, 0.9732031226158142, 0.9761718511581421, 0.9764843583106995, 0.9955468773841858, 0.9799218773841858, 0.985546886920929, 0.9632031321525574, 0.9889062643051147, 0.991406261920929, 0.9590625166893005, 0.9774218797683716, 0.9764843583106995, 0.9896875023841858, 0.9776562452316284, 0.9723437428474426, 1.0, 0.9950000047683716, 0.9800781011581421, 0.9955468773841858, 0.9664062261581421, 0.991015613079071, 0.9702343940734863, 0.9903905987739563, 0.9775781035423279, 0.9915624856948853, 0.987109363079071, 0.9821875095367432, 0.9768750071525574, 0.9884374737739563, 0.9864843487739563, 0.9860156178474426, 0.9650781154632568, 0.9793750047683716, 0.9825000166893005, 0.9684374928474426, 0.9710156321525574, 0.9956250190734863, 0.9836719036102295, 0.9722656011581421, 0.9876562356948853, 0.9800000190734863, 0.9876562356948853, 0.9956250190734863], "val_loss": [0.6316769123077393, 0.5739734768867493, 0.5710615515708923, 0.5740810632705688, 0.5968818068504333, 0.617889940738678, 0.627790629863739, 0.6022019982337952, 0.5897144079208374, 0.5867164731025696, 0.5769731998443604, 0.5790616273880005, 0.5738586187362671, 0.5464408993721008, 0.5380088090896606, 0.525297999382019, 0.5138651728630066, 0.5047206282615662, 0.4917214512825012, 0.5023659467697144, 0.4934573769569397, 0.4834473431110382, 0.45798373222351074, 0.45803147554397583, 0.45551958680152893, 0.43031376600265503, 0.42274802923202515, 0.41314584016799927, 0.40922093391418457, 0.40549200773239136, 0.3976030647754669, 0.4046443700790405, 0.40905657410621643, 0.39677664637565613, 0.40045973658561707, 0.3791728615760803, 0.3776859641075134, 0.36891165375709534, 0.37327033281326294, 0.3690987825393677, 0.3737727105617523, 0.3721235990524292, 0.36627113819122314, 0.3605513870716095, 0.36426106095314026, 0.3692794740200043, 0.37039923667907715, 0.36428382992744446, 0.364187628030777, 0.36591997742652893, 0.3672977089881897, 0.3678310811519623, 0.37078627943992615, 0.37672027945518494, 0.3831203877925873, 0.3853050172328949, 0.38478195667266846, 0.38690081238746643, 0.391928493976593], "val_accuracy": [0.8217187523841858, 0.8217187523841858, 0.8217187523841858, 0.8217187523841858, 0.8217187523841858, 0.8217187523841858, 0.8217187523841858, 0.8217187523841858, 0.8217187523841858, 0.8217187523841858, 0.8217187523841858, 0.8217187523841858, 0.8217187523841858, 0.8217187523841858, 0.8217187523841858, 0.8217187523841858, 0.8217187523841858, 0.8217187523841858, 0.8217187523841858, 0.8217187523841858, 0.8217187523841858, 0.8217187523841858, 0.8217187523841858, 0.8217187523841858, 0.8217187523841858, 0.8217187523841858, 0.8217187523841858, 0.8217187523841858, 0.8217187523841858, 0.8217187523841858, 0.8217187523841858, 0.8217187523841858, 0.8217187523841858, 0.8217187523841858, 0.8217187523841858, 0.821093738079071, 0.8203125, 0.8081250190734863, 0.8067187666893005, 0.8046875, 0.8039844036102295, 0.8018749952316284, 0.7995312213897705, 0.796875, 0.7994531393051147, 0.8028125166893005, 0.8067187666893005, 0.8034374713897705, 0.8034374713897705, 0.8031250238418579, 0.8010937571525574, 0.8013281226158142, 0.8014843463897705, 0.8018749952316284, 0.7987499833106995, 0.7987499833106995, 0.7985156178474426, 0.7997656464576721, 0.8005468845367432]}