{"loss": [0.6391689777374268, 0.3424587547779083, 0.09964967519044876, 0.037992242723703384, 0.030054746195673943, 0.06295984238386154, 0.027391135692596436, 0.056027330458164215, 0.00991307944059372, 0.010671752505004406, 0.022171011194586754, 0.04549746960401535, 0.018233947455883026, 0.031921885907649994, 0.04763421043753624, 0.030508313328027725, 0.016274943947792053, 0.04120974615216255, 0.027683837339282036, 0.04620422422885895, 0.02067945897579193, 0.021169541403651237, 0.03631770983338356], "accuracy": [0.9588281512260437, 0.9910937547683716, 0.983203113079071, 0.9914844036102295, 0.9924218654632568, 0.9739843606948853, 0.9896875023841858, 0.9778906106948853, 0.9965624809265137, 0.9961718916893005, 0.9928125143051147, 0.9814062714576721, 0.9922656416893005, 0.9845312237739563, 0.9750781059265137, 0.9842187762260437, 0.992968738079071, 0.9783594012260437, 0.9870312213897705, 0.9783594012260437, 0.9896875023841858, 0.9886718988418579, 0.9818750023841858], "val_loss": [0.6025360226631165, 0.42013442516326904, 0.38889357447624207, 0.37865638732910156, 0.3777441382408142, 0.33602169156074524, 0.33566197752952576, 0.3216424882411957, 0.3336026072502136, 0.3440910577774048, 0.3308984041213989, 0.32289063930511475, 0.33282893896102905, 0.3348293602466583, 0.3293319344520569, 0.335152268409729, 0.34604111313819885, 0.33315128087997437, 0.3355483114719391, 0.3357216715812683, 0.331772118806839, 0.34230077266693115, 0.3476223051548004], "val_accuracy": [0.8217187523841858, 0.8241406083106995, 0.8432812690734863, 0.84375, 0.8407812714576721, 0.8483593463897705, 0.8487499952316284, 0.8428906202316284, 0.8434374928474426, 0.8435156345367432, 0.8369531035423279, 0.8337500095367432, 0.830078125, 0.8304687738418579, 0.8317187428474426, 0.831250011920929, 0.8292187452316284, 0.8317968845367432, 0.8328906297683716, 0.833203136920929, 0.8337500095367432, 0.833203136920929, 0.8310937285423279]}