{"loss": [0.6650106906890869, 0.4823037385940552, 0.22075584530830383, 0.06892849504947662, 0.04584082216024399, 0.03724340721964836, 0.05926656350493431, 0.055323172360658646, 0.03671402111649513, 0.0399763286113739, 0.00989537127315998, 0.04494621604681015, 0.043152742087841034, 0.034276336431503296, 0.05092430114746094, 0.023943917825818062, 0.042430486530065536, 0.02559034526348114, 0.02695891633629799, 0.021866608411073685, 0.04242734983563423, 0.04658352956175804, 0.03322577476501465, 0.058537665754556656], "accuracy": [0.7615625262260437, 0.9893749952316284, 0.9631249904632568, 0.9872656464576721, 0.9880468845367432, 0.9883593916893005, 0.9786718487739563, 0.9810937643051147, 0.986328125, 0.9871875047683716, 0.9967187643051147, 0.9813281297683716, 0.9826562404632568, 0.9859374761581421, 0.9776562452316284, 0.9892187714576721, 0.981249988079071, 0.9885156154632568, 0.9897656440734863, 0.9889062643051147, 0.9775781035423279, 0.9766406416893005, 0.9854687452316284, 0.9742968678474426], "val_loss": [0.6395874619483948, 0.49466782808303833, 0.3956432640552521, 0.41717636585235596, 0.40478894114494324, 0.3889869451522827, 0.3862095773220062, 0.3817567527294159, 0.3813062906265259, 0.38419491052627563, 0.3995284140110016, 0.4040067195892334, 0.3984757363796234, 0.4027247726917267, 0.39602160453796387, 0.40567243099212646, 0.4068513810634613, 0.4062578082084656, 0.4148949086666107, 0.41046929359436035, 0.4023638069629669, 0.41196537017822266, 0.4007675051689148, 0.3829299211502075], "val_accuracy": [0.8217187523841858, 0.8217187523841858, 0.8211718797683716, 0.8228124976158142, 0.8342187404632568, 0.8329687714576721, 0.826953113079071, 0.8239843845367432, 0.8255468606948853, 0.8263280987739563, 0.827343761920929, 0.8274219036102295, 0.8264062404632568, 0.8263280987739563, 0.8255468606948853, 0.825390636920929, 0.8253124952316284, 0.8241406083106995, 0.8242968916893005, 0.824999988079071, 0.8240625262260437, 0.8232812285423279, 0.8255468606948853, 0.8277343511581421]}