{"loss": [0.5202509164810181, 0.2663324773311615, 0.1693715900182724, 0.12220627814531326, 0.17399877309799194, 0.09850553423166275, 0.10195764899253845, 0.14088840782642365, 0.09584880620241165, 0.09654001146554947, 0.05438971891999245, 0.10014568269252777, 0.05586256831884384, 0.060131777077913284, 0.12969227135181427, 0.15885034203529358, 0.04234166443347931, 0.03769727423787117, 0.10424310714006424, 0.06310770660638809, 0.04114854335784912, 0.02949724905192852, 0.08451021462678909, 0.04737371951341629, 0.06745430082082748, 0.027714990079402924, 0.10351714491844177, 0.09816548973321915, 0.09487924724817276, 0.07175993174314499, 0.08666384965181351], "accuracy": [0.917187511920929, 0.9782031178474426, 0.9761718511581421, 0.9828906059265137, 0.9671093821525574, 0.985546886920929, 0.9825000166893005, 0.971875011920929, 0.9823437333106995, 0.9807031154632568, 0.9917968511581421, 0.9796093702316284, 0.9897656440734863, 0.9896093606948853, 0.9708593487739563, 0.9598437547683716, 0.9950781464576721, 0.9939844012260437, 0.9750000238418579, 0.9860937595367432, 0.9927343726158142, 0.995312511920929, 0.9814062714576721, 0.9908593893051147, 0.9854687452316284, 0.9961718916893005, 0.9750000238418579, 0.9766406416893005, 0.9761718511581421, 0.983203113079071, 0.9775000214576721], "val_loss": [0.6361827254295349, 0.6196898221969604, 0.6376484036445618, 0.6387931704521179, 0.6023154258728027, 0.6183503866195679, 0.6166940927505493, 0.5730795860290527, 0.5726910829544067, 0.5551695823669434, 0.5860428810119629, 0.5561413764953613, 0.5770770907402039, 0.5872306823730469, 0.517137885093689, 0.4734663665294647, 0.5243160724639893, 0.5728743672370911, 0.524167537689209, 0.5357296466827393, 0.5605459809303284, 0.5942607522010803, 0.5493127703666687, 0.5760146975517273, 0.5524905323982239, 0.6052252650260925, 0.5240315794944763, 0.5107525587081909, 0.491586834192276, 0.5056594610214233, 0.49378421902656555], "val_accuracy": [0.8217187523841858, 0.8217187523841858, 0.8217187523841858, 0.8217187523841858, 0.8217187523841858, 0.8217187523841858, 0.8217187523841858, 0.8217187523841858, 0.8217187523841858, 0.8217187523841858, 0.8217187523841858, 0.8217187523841858, 0.8217187523841858, 0.8217187523841858, 0.8217187523841858, 0.8217187523841858, 0.8217187523841858, 0.8217187523841858, 0.8217187523841858, 0.8217187523841858, 0.8217187523841858, 0.8217187523841858, 0.8217187523841858, 0.8217187523841858, 0.8217187523841858, 0.8217187523841858, 0.8217187523841858, 0.8217187523841858, 0.8217187523841858, 0.8217187523841858, 0.8217187523841858]}