{"loss": [0.6054638028144836, 0.40055570006370544, 0.20533904433250427, 0.15733568370342255, 0.060142308473587036, 0.17363432049751282, 0.11490488052368164, 0.10123706609010696, 0.07724849134683609, 0.15410259366035461, 0.09686391800642014, 0.15635983645915985, 0.06665211915969849, 0.08254864066839218, 0.13690167665481567, 0.15238535404205322, 0.12102273106575012, 0.08426864445209503], "accuracy": [0.8549218773841858, 0.9655468463897705, 0.9817968606948853, 0.9717968702316284, 0.9960156083106995, 0.9633593559265137, 0.9782812595367432, 0.9814843535423279, 0.987109363079071, 0.967968761920929, 0.9822656512260437, 0.9671875238418579, 0.9900781512260437, 0.9854687452316284, 0.9720312356948853, 0.9678124785423279, 0.9759374856948853, 0.9847656488418579], "val_loss": [0.6436476707458496, 0.5741651654243469, 0.5481626987457275, 0.5682573914527893, 0.6257950067520142, 0.6077680587768555, 0.6224428415298462, 0.6346757411956787, 0.6427773833274841, 0.6232704520225525, 0.6194849014282227, 0.6050058603286743, 0.6276168823242188, 0.6401100754737854, 0.6196739077568054, 0.6049660444259644, 0.5966485738754272, 0.6113006472587585], "val_accuracy": [0.8217187523841858, 0.8217187523841858, 0.8217187523841858, 0.8217187523841858, 0.8217187523841858, 0.8217187523841858, 0.8217187523841858, 0.8217187523841858, 0.8217187523841858, 0.8217187523841858, 0.8217187523841858, 0.8217187523841858, 0.8217187523841858, 0.8217187523841858, 0.8217187523841858, 0.8217187523841858, 0.8217187523841858, 0.8217187523841858]}