{"loss": [0.7014285922050476, 0.6703384518623352, 0.6414176225662231, 0.6059016585350037, 0.566938042640686, 0.5233426094055176, 0.4676010012626648, 0.4045780599117279, 0.35329392552375793, 0.29177966713905334, 0.24217292666435242, 0.202459454536438, 0.1610366702079773, 0.12739114463329315, 0.10411058366298676, 0.09793698042631149, 0.08682430535554886, 0.06213196739554405, 0.05077461898326874, 0.06224445998668671, 0.033739857375621796, 0.027064576745033264, 0.02920234389603138, 0.041491951793432236, 0.02554180659353733, 0.030136195942759514, 0.023105721920728683, 0.01528503280133009, 0.014293563552200794, 0.013723905198276043, 0.01729939505457878, 0.01714765466749668, 0.01806163601577282, 0.031752459704875946, 0.03359560668468475, 0.025571726262569427, 0.018296746537089348, 0.03358430042862892, 0.016659870743751526, 0.023898547515273094, 0.00806422159075737, 0.02473311871290207, 0.016399364918470383, 0.01389883179217577, 0.00819263607263565, 0.007466665003448725, 0.026960339397192, 0.020828815177083015, 0.02522098459303379, 0.015170536004006863, 0.023934969678521156, 0.008254971355199814, 0.027440659701824188, 0.020930800586938858, 0.007236584555357695, 0.03849801793694496, 0.014006364159286022, 0.048797573894262314, 0.038151126354932785, 0.032659873366355896, 0.040085554122924805, 0.052331969141960144, 0.009280477650463581, 0.015008557587862015, 0.03985491394996643, 0.03557940199971199, 0.021025700494647026], "accuracy": [0.36406248807907104, 0.848437488079071, 0.9706249833106995, 0.9931250214576721, 0.9925000071525574, 0.9771875143051147, 0.9865624904632568, 0.9909374713897705, 0.984375, 0.987500011920929, 0.9859374761581421, 0.9862499833106995, 0.9878125190734863, 0.9912499785423279, 0.9903125166893005, 0.9846875071525574, 0.9850000143051147, 0.9900000095367432, 0.9931250214576721, 0.984375, 0.9956250190734863, 0.9978125095367432, 0.9950000047683716, 0.9868749976158142, 0.9946874976158142, 0.9918749928474426, 0.9934375286102295, 0.996874988079071, 0.9975000023841858, 0.9971874952316284, 0.9956250190734863, 0.9956250190734863, 0.9937499761581421, 0.9893749952316284, 0.9878125190734863, 0.9909374713897705, 0.9931250214576721, 0.9881250262260437, 0.9934375286102295, 0.9900000095367432, 0.9975000023841858, 0.9896875023841858, 0.9940624833106995, 0.9940624833106995, 0.9962499737739563, 0.9971874952316284, 0.9884374737739563, 0.9934375286102295, 0.9887499809265137, 0.995312511920929, 0.9912499785423279, 0.996874988079071, 0.9881250262260437, 0.9903125166893005, 0.9975000023841858, 0.9846875071525574, 0.995312511920929, 0.9800000190734863, 0.9846875071525574, 0.9865624904632568, 0.9840624928474426, 0.9762499928474426, 0.9975000023841858, 0.9946874976158142, 0.9834374785423279, 0.9828125238418579, 0.9900000095367432], "val_loss": [0.6887994408607483, 0.6834518909454346, 0.6774659156799316, 0.6706176996231079, 0.6627867817878723, 0.6535087823867798, 0.6433470845222473, 0.6324025392532349, 0.6209856271743774, 0.6093003749847412, 0.5977497696876526, 0.5863816738128662, 0.5756348967552185, 0.5653170943260193, 0.5557738542556763, 0.5475044846534729, 0.5399508476257324, 0.5331897139549255, 0.5268959403038025, 0.5214940905570984, 0.5164269208908081, 0.5114861130714417, 0.5068942904472351, 0.5032575130462646, 0.49947088956832886, 0.4959033727645874, 0.4927399754524231, 0.48956528306007385, 0.486579030752182, 0.4839220941066742, 0.4811308979988098, 0.47868430614471436, 0.4767378270626068, 0.4752117991447449, 0.47450169920921326, 0.47300097346305847, 0.4715881645679474, 0.47074082493782043, 0.47011038661003113, 0.46895983815193176, 0.46716195344924927, 0.4666648805141449, 0.46579575538635254, 0.4641197621822357, 0.4629040062427521, 0.46155211329460144, 0.4606550633907318, 0.45993509888648987, 0.46079930663108826, 0.4595763385295868, 0.459766149520874, 0.4592958688735962, 0.461191862821579, 0.4611595571041107, 0.4601885974407196, 0.4612499475479126, 0.46052777767181396, 0.46353259682655334, 0.46641048789024353, 0.4677404761314392, 0.4689521789550781, 0.4708505868911743, 0.4702017903327942, 0.46956318616867065, 0.47202736139297485, 0.47219717502593994, 0.47220832109451294], "val_accuracy": [0.8653125166893005, 0.8803125023841858, 0.890625, 0.8993750214576721, 0.901562511920929, 0.903124988079071, 0.9049999713897705, 0.9040625095367432, 0.9053124785423279, 0.9065625071525574, 0.9065625071525574, 0.9068750143051147, 0.9068750143051147, 0.9068750143051147, 0.9068750143051147, 0.9068750143051147, 0.9068750143051147, 0.9068750143051147, 0.9068750143051147, 0.9068750143051147, 0.9068750143051147, 0.9068750143051147, 0.9068750143051147, 0.9068750143051147, 0.9068750143051147, 0.9068750143051147, 0.9068750143051147, 0.9068750143051147, 0.9068750143051147, 0.9068750143051147, 0.9068750143051147, 0.9068750143051147, 0.9068750143051147, 0.9068750143051147, 0.9068750143051147, 0.9068750143051147, 0.9068750143051147, 0.9068750143051147, 0.9068750143051147, 0.9068750143051147, 0.9068750143051147, 0.9068750143051147, 0.9068750143051147, 0.9068750143051147, 0.9068750143051147, 0.9068750143051147, 0.9068750143051147, 0.9068750143051147, 0.9068750143051147, 0.9068750143051147, 0.9068750143051147, 0.9068750143051147, 0.9068750143051147, 0.9068750143051147, 0.9068750143051147, 0.9068750143051147, 0.9068750143051147, 0.9068750143051147, 0.9068750143051147, 0.9068750143051147, 0.9068750143051147, 0.9068750143051147, 0.9068750143051147, 0.9068750143051147, 0.9068750143051147, 0.9068750143051147, 0.9068750143051147]}