{"loss": [0.6752210259437561, 0.648836076259613, 0.6155359745025635, 0.5788486003875732, 0.5287915468215942, 0.4888042211532593, 0.4228070378303528, 0.3700888156890869, 0.316096693277359, 0.27618178725242615, 0.22652031481266022, 0.18710336089134216, 0.1394520103931427, 0.1383509635925293, 0.09418737143278122, 0.09131884574890137, 0.06066523864865303, 0.09063435345888138, 0.04276030883193016, 0.08543649315834045, 0.032580405473709106, 0.029159177094697952, 0.026857536286115646, 0.04905402287840843, 0.02902865968644619, 0.02004340849816799, 0.023915579542517662, 0.04036159813404083, 0.024308837950229645, 0.02046291157603264, 0.014679819345474243, 0.020560400560498238, 0.027651401236653328, 0.03350255265831947, 0.02912854589521885, 0.034020449966192245, 0.017424628138542175, 0.01755737140774727, 0.015884147956967354, 0.02126348204910755, 0.03523992374539375, 0.021910233423113823, 0.016224944964051247, 0.02949013002216816, 0.017295097932219505, 0.03146309033036232, 0.027131926268339157, 0.01660514622926712, 0.021248243749141693, 0.022671939805150032, 0.009447352029383183, 0.007281188387423754, 0.013712347485125065, 0.029192138463258743, 0.033650677651166916, 0.030960025265812874, 0.001471396186389029, 0.03580110892653465, 0.009224405512213707, 0.024429501965641975, 0.007563428487628698, 0.022271502763032913, 0.027067506685853004, 0.010445701889693737, 0.007430527824908495, 0.01502986904233694, 0.02083033137023449, 0.02032523788511753, 0.017288193106651306, 0.0009489961666986346, 0.022758617997169495, 0.04632461443543434, 0.021279150620102882, 0.027570633217692375, 0.01971052587032318, 0.04348091781139374, 0.008374195545911789, 0.02259005606174469, 0.01860751584172249, 0.03552788496017456, 0.026363961398601532, 0.019704923033714294, 0.008000058121979237, 0.02068670094013214, 0.02686830796301365], "accuracy": [0.8600000143051147, 0.9840624928474426, 0.9925000071525574, 0.9915624856948853, 0.9978125095367432, 0.9778125286102295, 1.0, 0.9959375262260437, 0.9934375286102295, 0.9868749976158142, 0.9881250262260437, 0.9896875023841858, 0.996874988079071, 0.9825000166893005, 0.9950000047683716, 0.9871875047683716, 0.9971874952316284, 0.9768750071525574, 0.9965624809265137, 0.9737499952316284, 0.9975000023841858, 0.9971874952316284, 0.9962499737739563, 0.9846875071525574, 0.9918749928474426, 0.9965624809265137, 0.9937499761581421, 0.9853125214576721, 0.9937499761581421, 0.9937499761581421, 0.9962499737739563, 0.9931250214576721, 0.9900000095367432, 0.989062488079071, 0.9893749952316284, 0.987500011920929, 0.9937499761581421, 0.9946874976158142, 0.9934375286102295, 0.9921875, 0.9840624928474426, 0.9925000071525574, 0.9940624833106995, 0.989062488079071, 0.9931250214576721, 0.9887499809265137, 0.9893749952316284, 0.9937499761581421, 0.9925000071525574, 0.9903125166893005, 0.9965624809265137, 0.9981250166893005, 0.9956250190734863, 0.9887499809265137, 0.984375, 0.987500011920929, 1.0, 0.9859374761581421, 0.9956250190734863, 0.9896875023841858, 0.996874988079071, 0.9896875023841858, 0.9900000095367432, 0.9962499737739563, 0.9975000023841858, 0.9937499761581421, 0.9925000071525574, 0.9906250238418579, 0.9925000071525574, 1.0, 0.9903125166893005, 0.981249988079071, 0.9903125166893005, 0.9859374761581421, 0.9909374713897705, 0.9784374833106995, 0.9956250190734863, 0.9906250238418579, 0.9918749928474426, 0.9846875071525574, 0.9868749976158142, 0.9900000095367432, 0.9956250190734863, 0.9906250238418579, 0.9868749976158142], "val_loss": [0.6860373020172119, 0.679667055606842, 0.6720162034034729, 0.6626927852630615, 0.6525009870529175, 0.6419489979743958, 0.6302893161773682, 0.6180517673492432, 0.605366587638855, 0.5928463339805603, 0.5806025862693787, 0.568692147731781, 0.5573814511299133, 0.5473177433013916, 0.5380226373672485, 0.5298771858215332, 0.5223992466926575, 0.5161219239234924, 0.5101379156112671, 0.5053808093070984, 0.5001125931739807, 0.495463490486145, 0.49117791652679443, 0.4876825213432312, 0.48440077900886536, 0.4810476303100586, 0.4782491624355316, 0.475592702627182, 0.47314608097076416, 0.4705737829208374, 0.46839919686317444, 0.46638429164886475, 0.46473267674446106, 0.4633888602256775, 0.4622565507888794, 0.46132132411003113, 0.4598027467727661, 0.45829567313194275, 0.45695918798446655, 0.4564168155193329, 0.45516371726989746, 0.45489880442619324, 0.45403069257736206, 0.4531528055667877, 0.4523088037967682, 0.45190930366516113, 0.4518851041793823, 0.4513954222202301, 0.4499416649341583, 0.44961315393447876, 0.44883042573928833, 0.4476708173751831, 0.44658294320106506, 0.4460601508617401, 0.44572970271110535, 0.446048766374588, 0.44497355818748474, 0.44536063075065613, 0.44512513279914856, 0.44652122259140015, 0.44578665494918823, 0.4460427463054657, 0.4454147219657898, 0.44541633129119873, 0.4445212483406067, 0.44424673914909363, 0.44377464056015015, 0.44399720430374146, 0.44436004757881165, 0.44359028339385986, 0.44412440061569214, 0.4465048313140869, 0.4463100731372833, 0.44654473662376404, 0.4465796649456024, 0.44675350189208984, 0.44781792163848877, 0.44805994629859924, 0.44761207699775696, 0.44886457920074463, 0.44903820753097534, 0.4488970637321472, 0.448650598526001, 0.44835203886032104, 0.448729544878006], "val_accuracy": [0.8912500143051147, 0.8949999809265137, 0.8974999785423279, 0.9028124809265137, 0.9046875238418579, 0.9056249856948853, 0.9059374928474426, 0.9068750143051147, 0.9068750143051147, 0.9068750143051147, 0.9068750143051147, 0.9068750143051147, 0.9068750143051147, 0.9068750143051147, 0.9068750143051147, 0.9068750143051147, 0.9068750143051147, 0.9068750143051147, 0.9068750143051147, 0.9068750143051147, 0.9068750143051147, 0.9068750143051147, 0.9068750143051147, 0.9068750143051147, 0.9068750143051147, 0.9068750143051147, 0.9068750143051147, 0.9068750143051147, 0.9068750143051147, 0.9068750143051147, 0.9068750143051147, 0.9068750143051147, 0.9068750143051147, 0.9068750143051147, 0.9068750143051147, 0.9068750143051147, 0.9068750143051147, 0.9068750143051147, 0.9068750143051147, 0.9068750143051147, 0.9068750143051147, 0.9068750143051147, 0.9068750143051147, 0.9068750143051147, 0.9068750143051147, 0.9068750143051147, 0.9068750143051147, 0.9068750143051147, 0.9068750143051147, 0.9068750143051147, 0.9068750143051147, 0.9068750143051147, 0.9068750143051147, 0.9068750143051147, 0.9068750143051147, 0.9068750143051147, 0.9068750143051147, 0.9068750143051147, 0.9068750143051147, 0.9068750143051147, 0.9068750143051147, 0.9068750143051147, 0.9068750143051147, 0.9068750143051147, 0.9068750143051147, 0.9068750143051147, 0.9068750143051147, 0.9068750143051147, 0.9068750143051147, 0.9068750143051147, 0.9068750143051147, 0.9068750143051147, 0.9068750143051147, 0.9068750143051147, 0.9068750143051147, 0.9068750143051147, 0.9068750143051147, 0.9068750143051147, 0.9068750143051147, 0.9068750143051147, 0.9068750143051147, 0.9068750143051147, 0.9068750143051147, 0.9068750143051147, 0.9068750143051147]}