{"loss": [0.6423489451408386, 0.5741170644760132, 0.5086794495582581, 0.4433564841747284, 0.38763558864593506, 0.32268577814102173, 0.28299224376678467, 0.23939990997314453, 0.1928703635931015, 0.15348796546459198, 0.13685065507888794, 0.12106874585151672, 0.08576495200395584, 0.07539360970258713, 0.06482268124818802, 0.05169611796736717, 0.053906094282865524, 0.04485147446393967, 0.04739322513341904, 0.02827811799943447, 0.037565864622592926, 0.023402292281389236, 0.02038465067744255, 0.02685672976076603, 0.0446903221309185, 0.052607618272304535, 0.037624459713697433, 0.014529856853187084, 0.03747919946908951, 0.04957536235451698, 0.02394227311015129, 0.051128800958395004, 0.030975036323070526, 0.012786281295120716, 0.02571815811097622, 0.014284644275903702, 0.038919899612665176, 0.04405447840690613, 0.0339604876935482, 0.004310618154704571, 0.0210577342659235, 0.01834072545170784, 0.018851984292268753, 0.03709816560149193, 0.022155286744236946, 0.053654205054044724, 0.024339213967323303, 0.02866496331989765, 0.024750737473368645, 0.018765367567539215, 0.01825963705778122, 0.02240603044629097, 0.04920661076903343, 0.014332005754113197, 0.017185747623443604, 0.033306222409009933, 0.040474794805049896, 0.01692504994571209, 0.02674858644604683, 0.027803456410765648, 0.02444295585155487, 0.018569989129900932, 0.008385387249290943, 0.03981143236160278, 0.02166026271879673, 0.02920081838965416, 0.030727839097380638, 0.02766474336385727, 0.010619070380926132, 0.02490931563079357, 0.02796093374490738, 0.009681749157607555, 0.01633414812386036, 0.016593145206570625, 0.001893836073577404, 0.0016939066117629409, 0.04389078542590141, 0.03309837356209755, 0.014915051870048046, 0.009450766257941723, 0.03618108481168747, 0.02424132078886032, 0.014450511895120144, 0.019517257809638977, 0.0016140586230903864, 0.025333333760499954, 0.010031646117568016, 0.013931705616414547, 0.0013073375448584557, 0.01206943765282631, 0.007996723987162113, 0.046914469450712204, 0.028428927063941956, 0.014983279630541801, 0.009591608308255672, 0.03950178995728493, 0.03245532140135765, 0.010941765271127224, 0.010342934168875217, 0.014895218424499035, 0.020625747740268707, 0.03444250673055649, 0.03262655436992645, 0.008916697464883327, 0.03133053332567215, 0.0077054910361766815], "accuracy": [0.7196875214576721, 0.901562511920929, 0.9684374928474426, 0.9881250262260437, 0.9865624904632568, 0.9965624809265137, 0.9809374809265137, 0.9821875095367432, 0.987500011920929, 0.9940624833106995, 0.9837499856948853, 0.9850000143051147, 0.9956250190734863, 0.9934375286102295, 0.9931250214576721, 0.995312511920929, 0.9912499785423279, 0.9934375286102295, 0.9906250238418579, 0.9971874952316284, 0.9928125143051147, 0.9971874952316284, 0.9984375238418579, 0.9950000047683716, 0.9840624928474426, 0.9815624952316284, 0.9865624904632568, 0.9978125095367432, 0.9881250262260437, 0.9818750023841858, 0.9925000071525574, 0.981249988079071, 0.9912499785423279, 0.9975000023841858, 0.9903125166893005, 0.9962499737739563, 0.9846875071525574, 0.984375, 0.9868749976158142, 1.0, 0.9921875, 0.9937499761581421, 0.9940624833106995, 0.9862499833106995, 0.9915624856948853, 0.9790624976158142, 0.9912499785423279, 0.989062488079071, 0.9912499785423279, 0.9937499761581421, 0.9940624833106995, 0.9912499785423279, 0.9790624976158142, 0.9962499737739563, 0.9925000071525574, 0.9862499833106995, 0.9837499856948853, 0.9940624833106995, 0.989062488079071, 0.9887499809265137, 0.989062488079071, 0.9931250214576721, 0.996874988079071, 0.9834374785423279, 0.9921875, 0.9878125190734863, 0.9896875023841858, 0.9909374713897705, 0.996874988079071, 0.9909374713897705, 0.9887499809265137, 0.9962499737739563, 0.9943749904632568, 0.9934375286102295, 1.0, 1.0, 0.981249988079071, 0.9856250286102295, 0.9931250214576721, 0.996874988079071, 0.9862499833106995, 0.9906250238418579, 0.9946874976158142, 0.9915624856948853, 1.0, 0.9896875023841858, 0.996874988079071, 0.995312511920929, 1.0, 0.9956250190734863, 0.996874988079071, 0.9815624952316284, 0.9884374737739563, 0.9943749904632568, 0.9962499737739563, 0.9828125238418579, 0.9871875047683716, 0.9956250190734863, 0.9965624809265137, 0.9946874976158142, 0.9915624856948853, 0.9859374761581421, 0.9878125190734863, 0.9959375262260437, 0.9881250262260437, 0.9975000023841858], "val_loss": [0.6855312585830688, 0.6781735420227051, 0.6702114939689636, 0.6616278886795044, 0.6526466608047485, 0.6429972052574158, 0.633251965045929, 0.6234912276268005, 0.6139501333236694, 0.6045769453048706, 0.5963344573974609, 0.5882111191749573, 0.5803996324539185, 0.5732940435409546, 0.566661536693573, 0.5605114102363586, 0.5548056960105896, 0.5494972467422485, 0.5447839498519897, 0.5400047898292542, 0.5357429385185242, 0.5314865112304688, 0.5272465348243713, 0.5236865282058716, 0.5205063819885254, 0.5183626413345337, 0.5162916779518127, 0.512959361076355, 0.5103023648262024, 0.509292483329773, 0.5070483088493347, 0.5062159299850464, 0.5046964883804321, 0.5021352171897888, 0.500445544719696, 0.4982409179210663, 0.4974852502346039, 0.4970908761024475, 0.4964038133621216, 0.49410712718963623, 0.49304330348968506, 0.49163618683815, 0.4903689920902252, 0.4901815354824066, 0.4893558919429779, 0.4911290109157562, 0.4901740550994873, 0.48941075801849365, 0.4888654351234436, 0.4878908395767212, 0.4875044524669647, 0.4867071211338043, 0.48821666836738586, 0.48770907521247864, 0.4869445562362671, 0.4870159924030304, 0.48904579877853394, 0.4882952868938446, 0.48711836338043213, 0.4881938099861145, 0.4884503185749054, 0.48800697922706604, 0.4866503179073334, 0.4880169928073883, 0.4880618155002594, 0.4873664975166321, 0.4886094331741333, 0.48892268538475037, 0.48853668570518494, 0.48869788646698, 0.4886143207550049, 0.48764538764953613, 0.48665595054626465, 0.48614078760147095, 0.4845161437988281, 0.4828665256500244, 0.48466601967811584, 0.48595455288887024, 0.48571932315826416, 0.484905481338501, 0.48631417751312256, 0.48633790016174316, 0.48569434881210327, 0.485569566488266, 0.4847365915775299, 0.4842793643474579, 0.48387205600738525, 0.48333150148391724, 0.48184120655059814, 0.48065653443336487, 0.47962701320648193, 0.4824744462966919, 0.48357269167900085, 0.4831884801387787, 0.48294615745544434, 0.48575887084007263, 0.48736488819122314, 0.4874659776687622, 0.48705947399139404, 0.48648491501808167, 0.48647841811180115, 0.4887166917324066, 0.4888579845428467, 0.4884854853153229, 0.4894571602344513, 0.4883386492729187],