{"loss": [0.6790897250175476, 0.6619583368301392, 0.6423403024673462, 0.6249015927314758, 0.6046009063720703, 0.5868735313415527, 0.5660744309425354, 0.5444394946098328, 0.5252870321273804, 0.4998360872268677, 0.4750007390975952, 0.4610733687877655, 0.4330616891384125, 0.40873637795448303, 0.38990986347198486, 0.3703623116016388, 0.3368816673755646, 0.3236599266529083, 0.29919013381004333, 0.2799889147281647, 0.2617856562137604, 0.24587765336036682, 0.23184524476528168, 0.2368522584438324, 0.1919780969619751, 0.18557941913604736, 0.18145357072353363, 0.16649994254112244, 0.1683245450258255, 0.1389596313238144, 0.1394030749797821, 0.13400211930274963, 0.12196800857782364, 0.08660074323415756, 0.13845734298229218, 0.08260756731033325, 0.08236031234264374, 0.07643314450979233, 0.109247587621212, 0.0653052106499672, 0.11363089829683304, 0.08013029396533966, 0.10224591195583344, 0.09406349807977676, 0.08204483985900879, 0.06610158085823059, 0.053067151457071304, 0.07779275625944138], "accuracy": [0.6331250071525574, 0.7512500286102295, 0.8696874976158142, 0.9346874952316284, 0.9700000286102295, 0.9759374856948853, 0.9900000095367432, 0.9934375286102295, 0.9846875071525574, 0.9956250190734863, 1.0, 0.9834374785423279, 0.995312511920929, 0.9962499737739563, 0.9906250238418579, 0.987500011920929, 1.0, 0.9900000095367432, 0.9937499761581421, 0.9906250238418579, 0.9903125166893005, 0.9909374713897705, 0.9881250262260437, 0.9765625, 0.9940624833106995, 0.9915624856948853, 0.9856250286102295, 0.9871875047683716, 0.9828125238418579, 0.9931250214576721, 0.9871875047683716, 0.9865624904632568, 0.9893749952316284, 1.0, 0.9784374833106995, 0.996874988079071, 0.9950000047683716, 0.9946874976158142, 0.9853125214576721, 0.9965624809265137, 0.9809374809265137, 0.9909374713897705, 0.9828125238418579, 0.9862499833106995, 0.9884374737739563, 0.9921875, 0.995312511920929, 0.9878125190734863], "val_loss": [0.6879811882972717, 0.6800916194915771, 0.671539843082428, 0.6623944044113159, 0.6526212096214294, 0.6423034071922302, 0.6312124133110046, 0.619554877281189, 0.6075991988182068, 0.5949277877807617, 0.5816547870635986, 0.5684884190559387, 0.5547437071800232, 0.5408361554145813, 0.5270085334777832, 0.5134893655776978, 0.4995591640472412, 0.486349493265152, 0.4733887016773224, 0.46110525727272034, 0.44963696599006653, 0.4388890564441681, 0.42943766713142395, 0.4212951958179474, 0.41339120268821716, 0.4067345857620239, 0.40130290389060974, 0.3966936767101288, 0.39326712489128113, 0.39033302664756775, 0.3886098563671112, 0.3875856399536133, 0.3874032497406006, 0.3880821466445923, 0.3888944983482361, 0.39091283082962036, 0.3936394155025482, 0.39673981070518494, 0.3992481529712677, 0.40318819880485535, 0.40550050139427185, 0.4089962840080261, 0.41151905059814453, 0.4141858220100403, 0.4174535870552063, 0.4213160574436188, 0.42609623074531555, 0.4292986989021301], "val_accuracy": [0.8643749952316284, 0.8834375143051147, 0.8956249952316284, 0.9049999713897705, 0.9068750143051147, 0.9068750143051147, 0.9068750143051147, 0.9068750143051147, 0.9068750143051147, 0.9068750143051147, 0.9068750143051147, 0.9068750143051147, 0.9068750143051147, 0.9068750143051147, 0.9068750143051147, 0.9068750143051147, 0.9068750143051147, 0.9068750143051147, 0.9068750143051147, 0.9068750143051147, 0.9068750143051147, 0.9068750143051147, 0.9068750143051147, 0.9068750143051147, 0.9068750143051147, 0.9068750143051147, 0.9068750143051147, 0.9068750143051147, 0.9068750143051147, 0.9068750143051147, 0.9068750143051147, 0.9068750143051147, 0.9068750143051147, 0.9068750143051147, 0.9068750143051147, 0.9068750143051147, 0.9068750143051147, 0.9068750143051147, 0.9068750143051147, 0.9068750143051147, 0.9068750143051147, 0.9068750143051147, 0.9068750143051147, 0.9068750143051147, 0.9068750143051147, 0.9068750143051147, 0.9068750143051147, 0.9068750143051147]}