{"loss": [0.6397659778594971, 0.5934267640113831, 0.5371967554092407, 0.47527921199798584, 0.4016404449939728, 0.3362092077732086, 0.2681003510951996, 0.21612036228179932, 0.15533596277236938, 0.13985636830329895, 0.11722289770841599, 0.07272396236658096, 0.06719693541526794, 0.06425626575946808, 0.05278857797384262, 0.04221527650952339, 0.029297806322574615, 0.04150857403874397, 0.022647012025117874, 0.02808135561645031, 0.0174581166356802, 0.03117082081735134, 0.016576534137129784, 0.03360645845532417, 0.02590940147638321, 0.005830237176269293, 0.031155645847320557, 0.025994164869189262, 0.011454685591161251, 0.03188794478774071, 0.009959710761904716, 0.021323978900909424, 0.026960644870996475, 0.030063915997743607, 0.014712613075971603, 0.00794035755097866, 0.009625384584069252, 0.030158355832099915, 0.02789693884551525, 0.028057627379894257, 0.05044469237327576, 0.0207699965685606, 0.013888631016016006, 0.01387754362076521, 0.01319654006510973, 0.009488296695053577, 0.007798086851835251, 0.02139291912317276, 0.0010817247675731778, 0.018487941473722458, 0.03572884947061539, 0.013782287947833538, 0.03851426765322685, 0.026877371594309807, 0.031850043684244156, 0.026775898411870003, 0.02363787218928337, 0.014172104187309742, 0.030169153586030006, 0.0007929476560093462, 0.016181258484721184, 0.012667668052017689, 0.027259262278676033, 0.029501011595129967, 0.007226317655295134, 0.02555549144744873, 0.008706535212695599, 0.00660588126629591, 0.017656102776527405, 0.039812516421079636, 0.02060552127659321, 0.048270951956510544, 0.014614978805184364, 0.013359962962567806, 0.0069761816412210464, 0.012182189151644707, 0.03478148952126503, 0.04800047725439072, 0.007000600919127464, 0.02128375507891178, 0.02237413451075554, 0.014357178471982479, 0.01893610879778862, 0.007251583971083164], "accuracy": [0.9203125238418579, 0.9740625023841858, 0.9909374713897705, 0.9800000190734863, 0.9906250238418579, 0.9853125214576721, 0.9896875023841858, 0.9881250262260437, 0.9965624809265137, 0.9853125214576721, 0.984375, 0.996874988079071, 0.9934375286102295, 0.989062488079071, 0.9906250238418579, 0.9912499785423279, 0.9971874952316284, 0.9915624856948853, 0.9956250190734863, 0.9934375286102295, 0.9971874952316284, 0.9884374737739563, 0.9965624809265137, 0.9868749976158142, 0.9921875, 1.0, 0.9887499809265137, 0.9903125166893005, 0.9962499737739563, 0.9871875047683716, 0.9978125095367432, 0.9912499785423279, 0.9900000095367432, 0.9862499833106995, 0.9940624833106995, 0.9978125095367432, 0.9962499737739563, 0.989062488079071, 0.9887499809265137, 0.9878125190734863, 0.9784374833106995, 0.9918749928474426, 0.9940624833106995, 0.9931250214576721, 0.9956250190734863, 0.9959375262260437, 0.9971874952316284, 0.9921875, 1.0, 0.9928125143051147, 0.9831249713897705, 0.995312511920929, 0.9825000166893005, 0.9881250262260437, 0.9871875047683716, 0.9887499809265137, 0.9884374737739563, 0.9943749904632568, 0.9846875071525574, 1.0, 0.9943749904632568, 0.995312511920929, 0.9878125190734863, 0.9862499833106995, 0.9971874952316284, 0.9878125190734863, 0.9956250190734863, 0.9981250166893005, 0.9928125143051147, 0.981249988079071, 0.9921875, 0.9778125286102295, 0.9934375286102295, 0.9943749904632568, 0.9971874952316284, 0.9940624833106995, 0.9840624928474426, 0.9787499904632568, 0.996874988079071, 0.9906250238418579, 0.9896875023841858, 0.9931250214576721, 0.9915624856948853, 0.9959375262260437], "val_loss": [0.6854421496391296, 0.6785545349121094, 0.6703402996063232, 0.6613153219223022, 0.6513871550559998, 0.6409475803375244, 0.6303029656410217, 0.6202441453933716, 0.6106262803077698, 0.6017792820930481, 0.5938217043876648, 0.5863677263259888, 0.5795478224754333, 0.5732660889625549, 0.5677018165588379, 0.5627541542053223, 0.5579288005828857, 0.5532404780387878, 0.5492963194847107, 0.5456825494766235, 0.5421856045722961, 0.5394904613494873, 0.5367376208305359, 0.5341557860374451, 0.5315896272659302, 0.5290672779083252, 0.52693772315979, 0.525076687335968, 0.522940993309021, 0.5213558673858643, 0.5194019675254822, 0.5172324180603027, 0.5150969624519348, 0.5141103863716125, 0.512195348739624, 0.5104333758354187, 0.5092672109603882, 0.5085304379463196, 0.5074801445007324, 0.5072880387306213, 0.5068456530570984, 0.5055651664733887, 0.504233717918396, 0.5031308531761169, 0.5016422867774963, 0.5010694265365601, 0.49997684359550476, 0.49895229935646057, 0.497761994600296, 0.49627649784088135, 0.49743515253067017, 0.496160626411438, 0.497196227312088, 0.49680396914482117, 0.497898668050766, 0.4973606765270233, 0.4986937344074249, 0.4978310763835907, 0.4986158609390259, 0.4982495605945587, 0.49831730127334595, 0.49696213006973267, 0.4971161186695099, 0.497905969619751, 0.4971737563610077, 0.4962550103664398, 0.49569961428642273, 0.49514466524124146, 0.4938986599445343, 0.49484387040138245, 0.4954615831375122, 0.4978783428668976, 0.49853280186653137, 0.4975229501724243, 0.49730831384658813, 0.496212363243103, 0.49786654114723206, 0.4988391101360321, 0.49799835681915283, 0.49797767400741577, 0.49932870268821716, 0.49946632981300354, 0.4992316961288452, 0.4982520043849945], "val_accuracy": [0.8959375023841858, 0.9009374976158142, 0.9053124785423279, 0.90625, 0.9068750143051147, 0.9068750143051147, 0.9068750143051147, 0.9068750143051147, 0.9068750143051147, 0.9068750143051147, 0.9068750143051147, 0.9068750143051147, 0.9068750143051147, 0.9068750143051147, 0.9068750143051147, 0.9068750143051147, 0.9068750143051147, 0.9068750143051147, 0.9068750143051147, 0.9068750143051147, 0.9068750143051147, 0.9068750143051147, 0.9068750143051147, 0.9068750143051147, 0.9068750143051147, 0.9068750143051147, 0.9068750143051147, 0.9068750143051147, 0.9068750143051147, 0.9068750143051147, 0.9068750143051147, 0.9068750143051147, 0.9068750143051147, 0.9068750143051147, 0.9068750143051147, 0.9068750143051147, 0.9068750143051147, 0.9068750143051147, 0.9068750143051147, 0.9068750143051147, 0.9068750143051147, 0.9068750143051147, 0.9068750143051147, 0.9068750143051147, 0.9068750143051147, 0.9068750143051147, 0.9068750143051147, 0.9068750143051147, 0.9068750143051147, 0.9068750143051147, 0.9068750143051147, 0.9068750143051147, 0.9068750143051147, 0.9068750143051147, 0.9068750143051147, 0.9068750143051147, 0.9068750143051147, 0.9068750143051147, 0.9068750143051147, 0.9068750143051147, 0.9068750143051147, 0.9068750143051147, 0.9068750143051147, 0.9068750143051147, 0.9068750143051147, 0.9068750143051147, 0.9068750143051147, 0.9068750143051147, 0.9068750143051147, 0.9068750143051147, 0.9068750143051147, 0.9068750143051147, 0.9068750143051147, 0.9068750143051147, 0.9068750143051147, 0.9068750143051147, 0.9068750143051147, 0.9068750143051147, 0.9068750143051147, 0.9068750143051147, 0.9068750143051147, 0.9068750143051147, 0.9068750143051147, 0.9068750143051147]}