{"loss": [0.7101924419403076, 0.6887266039848328, 0.6708686351776123, 0.6502819657325745, 0.629392683506012, 0.6109028458595276, 0.5923807621002197, 0.5700646042823792, 0.55211341381073, 0.5344283580780029, 0.5125513672828674, 0.489201158285141, 0.4717317223548889, 0.4474586248397827, 0.4330008625984192, 0.41078081727027893, 0.3848622441291809, 0.3724590241909027, 0.35048526525497437, 0.3291933834552765, 0.31539344787597656, 0.2941914498806, 0.2805080711841583, 0.2561989724636078, 0.26440563797950745, 0.24109044671058655, 0.2196619063615799, 0.19883905351161957, 0.19415269792079926, 0.17527955770492554, 0.16894599795341492, 0.147206112742424, 0.1389828771352768, 0.1254812777042389, 0.13920894265174866, 0.12629790604114532, 0.10445508360862732, 0.10678709298372269, 0.1054287999868393, 0.11518867313861847, 0.12400251626968384, 0.10660681128501892, 0.08973023295402527, 0.1078219786286354, 0.07144851982593536, 0.06046688184142113, 0.10040909796953201, 0.086554616689682, 0.051863063126802444, 0.061108898371458054, 0.07397106289863586, 0.06022395193576813, 0.05412169545888901, 0.08939886838197708, 0.09578685462474823, 0.05730998516082764, 0.055841706693172455], "accuracy": [0.3890624940395355, 0.5400000214576721, 0.6721875071525574, 0.796875, 0.8881250023841858, 0.9393749833106995, 0.9646875262260437, 0.9834374785423279, 0.9853125214576721, 0.9884374737739563, 0.9859374761581421, 0.9965624809265137, 0.989062488079071, 0.9956250190734863, 0.9871875047683716, 0.989062488079071, 0.9943749904632568, 0.9853125214576721, 0.9915624856948853, 0.9915624856948853, 0.9884374737739563, 0.9900000095367432, 0.9887499809265137, 0.9940624833106995, 0.9753124713897705, 0.9846875071525574, 0.9893749952316284, 0.9940624833106995, 0.989062488079071, 0.9918749928474426, 0.9906250238418579, 0.9946874976158142, 0.9937499761581421, 0.9978125095367432, 0.9868749976158142, 0.9903125166893005, 0.9965624809265137, 0.9928125143051147, 0.9909374713897705, 0.9862499833106995, 0.9815624952316284, 0.987500011920929, 0.9915624856948853, 0.984375, 0.995312511920929, 0.9978125095367432, 0.984375, 0.9884374737739563, 0.9978125095367432, 0.9940624833106995, 0.9906250238418579, 0.9931250214576721, 0.9940624833106995, 0.9846875071525574, 0.9834374785423279, 0.9934375286102295, 0.9931250214576721], "val_loss": [0.6912199258804321, 0.6852182149887085, 0.6789381504058838, 0.6721739768981934, 0.6651294827461243, 0.6575415134429932, 0.6496096253395081, 0.641114354133606, 0.6323410272598267, 0.6231763958930969, 0.6135302186012268, 0.6033230423927307, 0.5929532051086426, 0.582115888595581, 0.5712835192680359, 0.5602623224258423, 0.5488382577896118, 0.5374791026115417, 0.5261315703392029, 0.5146594047546387, 0.503521740436554, 0.49252596497535706, 0.481866717338562, 0.47118663787841797, 0.4618162512779236, 0.4526139795780182, 0.443827748298645, 0.4349111318588257, 0.4268892705440521, 0.4195137917995453, 0.41279956698417664, 0.4064314663410187, 0.40082237124443054, 0.3957544267177582, 0.39188674092292786, 0.3885638117790222, 0.38560181856155396, 0.38335177302360535, 0.38169020414352417, 0.38070324063301086, 0.38009408116340637, 0.37989673018455505, 0.37997180223464966, 0.3803352415561676, 0.3810240924358368, 0.3823319375514984, 0.38334915041923523, 0.3847408592700958, 0.3866535425186157, 0.3886389136314392, 0.3905284106731415, 0.39295125007629395, 0.3953646719455719, 0.39728105068206787, 0.3979211151599884, 0.40027981996536255, 0.40262511372566223], "val_accuracy": [0.8296874761581421, 0.8571875095367432, 0.8809375166893005, 0.8959375023841858, 0.9065625071525574, 0.9068750143051147, 0.9068750143051147, 0.9068750143051147, 0.9068750143051147, 0.9068750143051147, 0.9068750143051147, 0.9068750143051147, 0.9068750143051147, 0.9068750143051147, 0.9068750143051147, 0.9068750143051147, 0.9068750143051147, 0.9068750143051147, 0.9068750143051147, 0.9068750143051147, 0.9068750143051147, 0.9068750143051147, 0.9068750143051147, 0.9068750143051147, 0.9068750143051147, 0.9068750143051147, 0.9068750143051147, 0.9068750143051147, 0.9068750143051147, 0.9068750143051147, 0.9068750143051147, 0.9068750143051147, 0.9068750143051147, 0.9068750143051147, 0.9068750143051147, 0.9068750143051147, 0.9068750143051147, 0.9068750143051147, 0.9068750143051147, 0.9068750143051147, 0.9068750143051147, 0.9068750143051147, 0.9068750143051147, 0.9068750143051147, 0.9068750143051147, 0.9068750143051147, 0.9068750143051147, 0.9068750143051147, 0.9068750143051147, 0.9068750143051147, 0.9068750143051147, 0.9068750143051147, 0.9068750143051147, 0.9068750143051147, 0.9068750143051147, 0.9068750143051147, 0.9068750143051147]}