{"loss": [0.6909210681915283, 0.6841583251953125, 0.6770281791687012, 0.667873203754425, 0.6592167615890503, 0.6462832689285278, 0.6326663494110107, 0.6193916201591492, 0.5993084907531738, 0.5769187808036804, 0.5556368827819824, 0.5276920199394226, 0.4982849061489105, 0.46122661232948303, 0.4370688199996948, 0.40036270022392273, 0.35354575514793396, 0.32538002729415894, 0.28655877709388733, 0.27145859599113464, 0.22135739028453827, 0.20467466115951538, 0.17534959316253662, 0.1566901057958603, 0.14552003145217896, 0.12911714613437653, 0.13554106652736664, 0.10846997052431107, 0.07413047552108765, 0.10662101954221725, 0.07490570098161697, 0.10902712494134903, 0.09190727025270462, 0.0723133385181427, 0.04915674030780792, 0.04219619184732437, 0.060235511511564255, 0.07176223397254944], "accuracy": [0.9837499856948853, 0.9878125190734863, 0.9784374833106995, 0.9900000095367432, 0.9778125286102295, 0.9928125143051147, 0.9975000023841858, 0.9768750071525574, 0.9937499761581421, 0.9937499761581421, 0.9871875047683716, 0.9900000095367432, 0.989062488079071, 0.9962499737739563, 0.9809374809265137, 0.9865624904632568, 0.9956250190734863, 0.9893749952316284, 0.9925000071525574, 0.9784374833106995, 0.9959375262260437, 0.9903125166893005, 0.9937499761581421, 0.9912499785423279, 0.9884374737739563, 0.9915624856948853, 0.9825000166893005, 0.9893749952316284, 1.0, 0.9831249713897705, 0.9937499761581421, 0.9784374833106995, 0.9825000166893005, 0.9900000095367432, 0.996874988079071, 0.9978125095367432, 0.9912499785423279, 0.9859374761581421], "val_loss": [0.6896570324897766, 0.6836379766464233, 0.6767523884773254, 0.6687768697738647, 0.6598613858222961, 0.6492289900779724, 0.636832594871521, 0.6229652762413025, 0.6066911220550537, 0.5880650877952576, 0.5676943063735962, 0.5452945232391357, 0.5214705467224121, 0.49574318528175354, 0.4708009660243988, 0.44543755054473877, 0.42014122009277344, 0.39723068475723267, 0.37642258405685425, 0.35905811190605164, 0.34340980648994446, 0.3307848870754242, 0.3210293650627136, 0.3136028051376343, 0.3085607886314392, 0.3053690195083618, 0.303475558757782, 0.30311256647109985, 0.3043564558029175, 0.30519652366638184, 0.30758535861968994, 0.30830979347229004, 0.3095470368862152, 0.31219908595085144, 0.3160080015659332, 0.3201717436313629, 0.3229386806488037, 0.32569217681884766], "val_accuracy": [0.840624988079071, 0.8578125238418579, 0.8756250143051147, 0.8828125, 0.8946874737739563, 0.9006249904632568, 0.9053124785423279, 0.9056249856948853, 0.9084374904632568, 0.9081249833106995, 0.9071875214576721, 0.9068750143051147, 0.9068750143051147, 0.9068750143051147, 0.9068750143051147, 0.9068750143051147, 0.9068750143051147, 0.9068750143051147, 0.9068750143051147, 0.9068750143051147, 0.9068750143051147, 0.9068750143051147, 0.9068750143051147, 0.9068750143051147, 0.9068750143051147, 0.9068750143051147, 0.9068750143051147, 0.9068750143051147, 0.9068750143051147, 0.9068750143051147, 0.9068750143051147, 0.9068750143051147, 0.9068750143051147, 0.9068750143051147, 0.9068750143051147, 0.9068750143051147, 0.9068750143051147, 0.9068750143051147]}