{"loss": [0.5993292331695557, 0.5283552408218384, 0.4529663026332855, 0.37559184432029724, 0.30326956510543823, 0.23700545728206635, 0.18054181337356567, 0.14571112394332886, 0.12019650638103485, 0.09103355556726456, 0.08036227524280548, 0.06987454742193222, 0.043786779046058655, 0.04848496615886688, 0.04982248693704605, 0.0554191917181015, 0.036517366766929626, 0.01427486538887024, 0.041269853711128235, 0.019282368943095207, 0.03534257039427757, 0.023286299780011177, 0.01984630525112152, 0.01832420751452446, 0.02412606030702591, 0.034923896193504333, 0.018392113968729973, 0.0279788039624691, 0.01680205762386322, 0.04388676583766937, 0.03888394683599472, 0.017456186935305595, 0.01602776348590851, 0.015811467543244362, 0.04065544903278351, 0.019794203341007233, 0.0285552479326725, 0.03127751126885414, 0.010745290666818619, 0.02480967529118061, 0.001772221177816391, 0.01888023130595684, 0.028341665863990784, 0.029023537412285805, 0.027060281485319138, 0.014674743637442589, 0.020537089556455612, 0.009782071225345135, 0.01161816157400608, 0.027968058362603188, 0.013522799126803875, 0.021836578845977783, 0.025111906230449677, 0.00834618415683508, 0.01418113149702549, 0.012411012314260006, 0.01746402122080326, 0.020712338387966156, 0.007118868641555309, 0.02316206693649292, 0.013639821670949459, 0.01169546041637659, 0.0054542552679777145, 0.026189249008893967, 0.006602742243558168, 0.006886211223900318, 0.015340987592935562, 0.007225531153380871, 0.025078894570469856, 0.028684673830866814, 0.019246602430939674, 0.012547897174954414, 0.015620697289705276, 0.0076693459413945675, 0.020698172971606255, 0.02537011355161667, 0.019346779212355614, 0.013097481802105904, 0.021011631935834885, 0.025314422324299812, 0.02250991389155388, 0.02295585907995701, 0.04295826330780983, 0.03151582553982735], "accuracy": [0.8918750286102295, 0.9628124833106995, 0.9803125262260437, 0.984375, 0.9871875047683716, 0.987500011920929, 0.9915624856948853, 0.989062488079071, 0.9856250286102295, 0.9915624856948853, 0.9868749976158142, 0.9878125190734863, 0.9950000047683716, 0.9906250238418579, 0.9856250286102295, 0.9850000143051147, 0.9903125166893005, 1.0, 0.9846875071525574, 0.9959375262260437, 0.9871875047683716, 0.9931250214576721, 0.9937499761581421, 0.9946874976158142, 0.9915624856948853, 0.9853125214576721, 0.9931250214576721, 0.9900000095367432, 0.9946874976158142, 0.979687511920929, 0.9837499856948853, 0.9931250214576721, 0.9946874976158142, 0.9925000071525574, 0.9831249713897705, 0.9912499785423279, 0.987500011920929, 0.9856250286102295, 0.9959375262260437, 0.989062488079071, 1.0, 0.9918749928474426, 0.9893749952316284, 0.9868749976158142, 0.9881250262260437, 0.9937499761581421, 0.9909374713897705, 0.9965624809265137, 0.995312511920929, 0.9871875047683716, 0.9937499761581421, 0.9896875023841858, 0.9887499809265137, 0.9962499737739563, 0.9946874976158142, 0.9946874976158142, 0.9931250214576721, 0.9903125166893005, 0.9971874952316284, 0.9893749952316284, 0.9934375286102295, 0.995312511920929, 0.9987499713897705, 0.9887499809265137, 0.9971874952316284, 0.996874988079071, 0.9940624833106995, 0.9971874952316284, 0.9903125166893005, 0.9878125190734863, 0.9912499785423279, 0.9946874976158142, 0.9925000071525574, 0.9962499737739563, 0.9903125166893005, 0.989062488079071, 0.9921875, 0.9943749904632568, 0.9900000095367432, 0.9881250262260437, 0.9903125166893005, 0.9906250238418579, 0.9818750023841858, 0.9862499833106995], "val_loss": [0.6831204295158386, 0.675882875919342, 0.667865514755249, 0.6594128608703613, 0.6507617831230164, 0.6422531604766846, 0.633679211139679, 0.6258336901664734, 0.6185088753700256, 0.6116874814033508, 0.6056135296821594, 0.6000075340270996, 0.5948485732078552, 0.5900787711143494, 0.5861672759056091, 0.5822770595550537, 0.5784959197044373, 0.5750892162322998, 0.5724260210990906, 0.5694233179092407, 0.5665677785873413, 0.5642085075378418, 0.5617221593856812, 0.5593015551567078, 0.5571836233139038, 0.5550935864448547, 0.5534795522689819, 0.552321195602417, 0.5505417585372925, 0.5500302314758301, 0.5492317080497742, 0.5480462908744812, 0.5466331839561462, 0.5453153848648071, 0.5446234345436096, 0.5430062413215637, 0.5423470139503479, 0.5426400899887085, 0.5421303510665894, 0.5422141551971436, 0.5408563017845154, 0.5392271280288696, 0.5389741659164429, 0.5389617085456848, 0.5390008091926575, 0.5384761691093445, 0.5379084944725037, 0.5376243591308594, 0.5360341668128967, 0.5362637042999268, 0.5358438491821289, 0.5358902812004089, 0.5355677008628845, 0.5349726676940918, 0.5344618558883667, 0.5333492755889893, 0.53232342004776, 0.5321245789527893, 0.5315991044044495, 0.5331509113311768, 0.5331335663795471, 0.5322783589363098, 0.5307100415229797, 0.5308767557144165, 0.5307202339172363, 0.5302197933197021, 0.5305488109588623, 0.5301192998886108, 0.5301061868667603, 0.5308024883270264, 0.5319890379905701, 0.5316147208213806, 0.5327894687652588, 0.5327840447425842, 0.5333546996116638, 0.5336308479309082, 0.5343639850616455, 0.5341117978096008, 0.5346745252609253, 0.5350462198257446, 0.5364443063735962, 0.5382322669029236, 0.5417171120643616, 0.5420606136322021], "val_accuracy": [0.9021875262260437, 0.9068750143051147, 0.9071875214576721, 0.9068750143051147, 0.9068750143051147, 0.9068750143051147, 0.9068750143051147, 0.9068750143051147, 0.9068750143051147, 0.9068750143051147, 0.9068750143051147, 0.9068750143051147, 0.9068750143051147, 0.9068750143051147, 0.9068750143051147, 0.9068750143051147, 0.9068750143051147, 0.9068750143051147, 0.9068750143051147, 0.9068750143051147, 0.9068750143051147, 0.9068750143051147, 0.9068750143051147, 0.9068750143051147, 0.9068750143051147, 0.9068750143051147, 0.9068750143051147, 0.9068750143051147, 0.9068750143051147, 0.9068750143051147, 0.9068750143051147, 0.9068750143051147, 0.9068750143051147, 0.9068750143051147, 0.9068750143051147, 0.9068750143051147, 0.9068750143051147, 0.9068750143051147, 0.9068750143051147, 0.9068750143051147, 0.9068750143051147, 0.9068750143051147, 0.9068750143051147, 0.9068750143051147, 0.9068750143051147, 0.9068750143051147, 0.9068750143051147, 0.9068750143051147, 0.9068750143051147, 0.9068750143051147, 0.9068750143051147, 0.9068750143051147, 0.9068750143051147, 0.9068750143051147, 0.9068750143051147, 0.9068750143051147, 0.9068750143051147, 0.9068750143051147, 0.9068750143051147, 0.9068750143051147, 0.9068750143051147, 0.9068750143051147, 0.9068750143051147, 0.9068750143051147, 0.9068750143051147, 0.9068750143051147, 0.9068750143051147, 0.9068750143051147, 0.9068750143051147, 0.9068750143051147, 0.9068750143051147, 0.9068750143051147, 0.9068750143051147, 0.9068750143051147, 0.9068750143051147, 0.9068750143051147, 0.9068750143051147, 0.9068750143051147, 0.9068750143051147, 0.9068750143051147, 0.9068750143051147, 0.9068750143051147, 0.9068750143051147, 0.9068750143051147]}