{"loss": [0.658047080039978, 0.6256303191184998, 0.5942839980125427, 0.5569030046463013, 0.5082666873931885, 0.4613095223903656, 0.4132666289806366, 0.3514344394207001, 0.29362013936042786, 0.2520914077758789, 0.1977328658103943, 0.15267068147659302, 0.11597452312707901, 0.11068861186504364, 0.08659505099058151, 0.08294827491044998, 0.07017023116350174, 0.07753395289182663, 0.06945808976888657, 0.03257816657423973, 0.058839038014411926, 0.04458928108215332, 0.03574931249022484, 0.014029406011104584, 0.02930297702550888, 0.02140210196375847, 0.03407615050673485, 0.037590593099594116, 0.022673487663269043, 0.02861730568110943, 0.019775673747062683, 0.046419158577919006, 0.024698864668607712, 0.026230480521917343, 0.0304923914372921, 0.024321962147951126, 0.03280816599726677, 0.016475284472107887, 0.04814882203936577, 0.04213187098503113, 0.054563917219638824, 0.0030816674698144197, 0.02286064624786377, 0.02383204735815525, 0.0153280571103096, 0.02547665685415268, 0.018012655898928642, 0.014014198444783688, 0.04186827316880226, 0.007141920737922192, 0.03013942949473858, 0.009219248779118061, 0.04428136721253395, 0.018176548182964325, 0.02886188216507435, 0.007589270360767841, 0.03699658438563347, 0.014094415120780468, 0.029344186186790466, 0.008375153876841068, 0.027897287160158157, 0.02531871385872364, 0.021541142836213112, 0.029561419039964676, 0.008709761314094067, 0.03372488170862198, 0.027701567858457565, 0.02691468968987465, 0.04677409306168556, 0.023237720131874084, 0.036881569772958755], "accuracy": [0.9143750071525574, 0.9771875143051147, 0.9787499904632568, 0.9846875071525574, 0.995312511920929, 0.9881250262260437, 0.9825000166893005, 0.9896875023841858, 0.9896875023841858, 0.9809374809265137, 0.9900000095367432, 0.9943749904632568, 0.9978125095367432, 0.9896875023841858, 0.9909374713897705, 0.9868749976158142, 0.9893749952316284, 0.9765625, 0.9818750023841858, 0.996874988079071, 0.9790624976158142, 0.9881250262260437, 0.9912499785423279, 1.0, 0.9950000047683716, 0.9962499737739563, 0.989062488079071, 0.9871875047683716, 0.9925000071525574, 0.9915624856948853, 0.9937499761581421, 0.9825000166893005, 0.9928125143051147, 0.9909374713897705, 0.989062488079071, 0.9912499785423279, 0.9878125190734863, 0.9940624833106995, 0.9803125262260437, 0.9818750023841858, 0.979687511920929, 1.0, 0.9909374713897705, 0.9909374713897705, 0.9956250190734863, 0.9887499809265137, 0.9937499761581421, 0.9940624833106995, 0.9825000166893005, 0.9978125095367432, 0.9881250262260437, 0.9962499737739563, 0.9825000166893005, 0.9928125143051147, 0.9871875047683716, 0.9981250166893005, 0.9825000166893005, 0.9937499761581421, 0.9871875047683716, 0.9959375262260437, 0.9887499809265137, 0.9896875023841858, 0.9906250238418579, 0.987500011920929, 0.9971874952316284, 0.9846875071525574, 0.9915624856948853, 0.9871875047683716, 0.9787499904632568, 0.9878125190734863, 0.9840624928474426], "val_loss": [0.6866520047187805, 0.681080162525177, 0.6746724843978882, 0.6671518683433533, 0.6582435369491577, 0.6482322812080383, 0.6372947096824646, 0.6253316402435303, 0.6122743487358093, 0.599354088306427, 0.5864901542663574, 0.5741259455680847, 0.5625002384185791, 0.5522803068161011, 0.5430121421813965, 0.534848153591156, 0.5273131132125854, 0.5213907361030579, 0.5153858065605164, 0.5097249150276184, 0.505155622959137, 0.5006797313690186, 0.49637144804000854, 0.4920746684074402, 0.4880334734916687, 0.4841991066932678, 0.4810822010040283, 0.4791381061077118, 0.4766102135181427, 0.4744614064693451, 0.4720763862133026, 0.47086867690086365, 0.46898746490478516, 0.4671475291252136, 0.46534329652786255, 0.4638878107070923, 0.4631493389606476, 0.4615073800086975, 0.46192485094070435, 0.46218451857566833, 0.46275925636291504, 0.4609229564666748, 0.46006283164024353, 0.4595670700073242, 0.45816853642463684, 0.45805874466896057, 0.45755064487457275, 0.4562431275844574, 0.45782509446144104, 0.4562129080295563, 0.45627349615097046, 0.4556322395801544, 0.4560607075691223, 0.4551190137863159, 0.4558025300502777, 0.4547215700149536, 0.45558711886405945, 0.45511123538017273, 0.4557149112224579, 0.45527756214141846, 0.45536258816719055, 0.45672571659088135, 0.4568001925945282, 0.4571932256221771, 0.4564805328845978, 0.45630887150764465, 0.45621639490127563, 0.45662063360214233, 0.45779281854629517, 0.4588364064693451, 0.4600972831249237], "val_accuracy": [0.8931249976158142, 0.8996875286102295, 0.9028124809265137, 0.9043750166893005, 0.9053124785423279, 0.9056249856948853, 0.9059374928474426, 0.9059374928474426, 0.9056249856948853, 0.90625, 0.9068750143051147, 0.9068750143051147, 0.90625, 0.90625, 0.90625, 0.9065625071525574, 0.9071875214576721, 0.9065625071525574, 0.9071875214576721, 0.9071875214576721, 0.9071875214576721, 0.9071875214576721, 0.9071875214576721, 0.9071875214576721, 0.9071875214576721, 0.9071875214576721, 0.9071875214576721, 0.9071875214576721, 0.9071875214576721, 0.9071875214576721, 0.9071875214576721, 0.9071875214576721, 0.9071875214576721, 0.9071875214576721, 0.9071875214576721, 0.9068750143051147, 0.9068750143051147, 0.9068750143051147, 0.9068750143051147, 0.9068750143051147, 0.9068750143051147, 0.9068750143051147, 0.9068750143051147, 0.9068750143051147, 0.9068750143051147, 0.9068750143051147, 0.9068750143051147, 0.9068750143051147, 0.9068750143051147, 0.9068750143051147, 0.9068750143051147, 0.9068750143051147, 0.9068750143051147, 0.9068750143051147, 0.9068750143051147, 0.9068750143051147, 0.9068750143051147, 0.9068750143051147, 0.9068750143051147, 0.9068750143051147, 0.9068750143051147, 0.9068750143051147, 0.9068750143051147, 0.9068750143051147, 0.9068750143051147, 0.9068750143051147, 0.9068750143051147, 0.9068750143051147, 0.9068750143051147, 0.9068750143051147, 0.9068750143051147]}