{"loss": [0.6778708696365356, 0.6594147682189941, 0.637632429599762, 0.6128671169281006, 0.582389771938324, 0.5460971593856812, 0.5059481263160706, 0.4542894661426544, 0.40595805644989014, 0.3380967080593109, 0.2890480160713196, 0.2318751960992813, 0.21173076331615448, 0.16716526448726654, 0.13324081897735596, 0.10070229321718216, 0.09835635870695114, 0.062174588441848755, 0.0699068009853363, 0.05583236739039421, 0.05098281428217888, 0.05531907081604004, 0.047675393521785736, 0.029407737776637077, 0.0360962450504303, 0.034969281405210495, 0.047640781849622726, 0.05028851330280304, 0.027254784479737282, 0.022069869562983513, 0.044619396328926086, 0.01323016732931137, 0.03140651807188988, 0.037480585277080536, 0.02037239819765091, 0.017548631876707077, 0.011142934672534466, 0.018778204917907715, 0.0217913668602705, 0.01811281219124794, 0.040424175560474396, 0.03467317670583725, 0.028919264674186707, 0.012256286107003689, 0.008989515714347363, 0.03855219483375549, 0.03753647953271866, 0.029124168679118156, 0.024194497615098953, 0.02328796125948429, 0.016294825822114944, 0.03878621757030487, 0.0020474151242524385, 0.016319116577506065, 0.017123360186815262, 0.030670752748847008, 0.03217688575387001, 0.009415940381586552, 0.04467331990599632, 0.021451380103826523], "accuracy": [0.901562511920929, 0.9840624928474426, 0.9921875, 0.9900000095367432, 0.9931250214576721, 0.9940624833106995, 0.9918749928474426, 0.9946874976158142, 0.9846875071525574, 1.0, 0.9909374713897705, 0.9971874952316284, 0.9790624976158142, 0.9856250286102295, 0.9893749952316284, 0.9931250214576721, 0.984375, 0.996874988079071, 0.9871875047683716, 0.9906250238418579, 0.9915624856948853, 0.9840624928474426, 0.9868749976158142, 0.9950000047683716, 0.989062488079071, 0.9900000095367432, 0.984375, 0.9806249737739563, 0.9909374713897705, 0.9931250214576721, 0.9834374785423279, 0.996874988079071, 0.989062488079071, 0.9850000143051147, 0.9934375286102295, 0.995312511920929, 0.9975000023841858, 0.9937499761581421, 0.9912499785423279, 0.9943749904632568, 0.9850000143051147, 0.9859374761581421, 0.9884374737739563, 0.9959375262260437, 0.9975000023841858, 0.9856250286102295, 0.984375, 0.9871875047683716, 0.9903125166893005, 0.989062488079071, 0.9950000047683716, 0.9846875071525574, 1.0, 0.9934375286102295, 0.9931250214576721, 0.9881250262260437, 0.9896875023841858, 0.9971874952316284, 0.9806249737739563, 0.9931250214576721], "val_loss": [0.689525306224823, 0.683579683303833, 0.6765757203102112, 0.6682840585708618, 0.6587622165679932, 0.647854208946228, 0.6352719664573669, 0.6208634376525879, 0.6053001284599304, 0.5881344079971313, 0.570715606212616, 0.5538070201873779, 0.5382961630821228, 0.5238232016563416, 0.5108767151832581, 0.4991721212863922, 0.48908019065856934, 0.47969749569892883, 0.47163155674934387, 0.46487101912498474, 0.4585733115673065, 0.45342254638671875, 0.44890278577804565, 0.4444091320037842, 0.44092345237731934, 0.4377252459526062, 0.435063898563385, 0.43344101309776306, 0.43107932806015015, 0.4289241433143616, 0.427208811044693, 0.4250795245170593, 0.4241626262664795, 0.4238927960395813, 0.4228847622871399, 0.42140525579452515, 0.41987714171409607, 0.41893136501312256, 0.41799771785736084, 0.4171488881111145, 0.4176025390625, 0.41810864210128784, 0.41794073581695557, 0.4174962341785431, 0.41649487614631653, 0.4170851409435272, 0.4175785779953003, 0.41857674717903137, 0.41863909363746643, 0.4186495542526245, 0.4188210964202881, 0.4201657772064209, 0.4194674789905548, 0.419402539730072, 0.4193347096443176, 0.42001816630363464, 0.41961032152175903, 0.4194685220718384, 0.421259343624115, 0.42116230726242065], "val_accuracy": [0.8581249713897705, 0.8706250190734863, 0.887499988079071, 0.8956249952316284, 0.9018750190734863, 0.903124988079071, 0.9034374952316284, 0.903124988079071, 0.9037500023841858, 0.9028124809265137, 0.9040625095367432, 0.9043750166893005, 0.9049999713897705, 0.9059374928474426, 0.9068750143051147, 0.9068750143051147, 0.9065625071525574, 0.9068750143051147, 0.9065625071525574, 0.9068750143051147, 0.9065625071525574, 0.9059374928474426, 0.9059374928474426, 0.9059374928474426, 0.90625, 0.90625, 0.90625, 0.9059374928474426, 0.9059374928474426, 0.9065625071525574, 0.9065625071525574, 0.9065625071525574, 0.9065625071525574, 0.90625, 0.90625, 0.90625, 0.9068750143051147, 0.9068750143051147, 0.90625, 0.9068750143051147, 0.90625, 0.90625, 0.90625, 0.90625, 0.90625, 0.9078124761581421, 0.9071875214576721, 0.9071875214576721, 0.90625, 0.90625, 0.9065625071525574, 0.9065625071525574, 0.9065625071525574, 0.9065625071525574, 0.9068750143051147, 0.9068750143051147, 0.9071875214576721, 0.9071875214576721, 0.9071875214576721, 0.9071875214576721]}