{"loss": [0.6945446133613586, 0.6753903031349182, 0.6530194878578186, 0.6247650384902954, 0.5919616222381592, 0.5508989095687866, 0.49877211451530457, 0.44218727946281433, 0.3837011754512787, 0.3204779326915741, 0.24984776973724365, 0.2051284909248352, 0.16729870438575745, 0.14508429169654846, 0.1064140722155571, 0.09252333641052246, 0.1016274094581604, 0.06555629521608353, 0.06378119438886642, 0.050199802964925766, 0.03796065226197243, 0.032998815178871155, 0.046499576419591904, 0.03004889003932476, 0.035807281732559204, 0.04507554695010185, 0.02900177799165249, 0.02963508851826191, 0.025914786383509636, 0.036434952169656754, 0.019259458407759666, 0.014491950161755085, 0.019510990008711815, 0.01720147579908371, 0.01084473729133606, 0.009685605764389038, 0.025346264243125916, 0.02474648505449295, 0.030182627961039543, 0.0555768720805645, 0.03367192670702934, 0.020049750804901123, 0.01743302308022976, 0.020946793258190155, 0.002456071088090539, 0.010760042816400528, 0.03209381178021431, 0.03638473153114319, 0.014652092009782791, 0.03301944211125374, 0.026563186198472977, 0.02100876159965992, 0.016058199107646942, 0.0201890729367733, 0.022997761145234108, 0.013762601651251316, 0.008253507316112518, 0.03703311085700989, 0.04955074191093445, 0.015751374885439873, 0.007507962640374899, 0.03200729936361313, 0.022849729284644127, 0.0426747165620327, 0.012684592977166176, 0.006923124194145203, 0.0011648108484223485, 0.023329775780439377, 0.02159639075398445, 0.013605722226202488, 0.00780476676300168, 0.008542082272469997], "accuracy": [0.4606249928474426, 0.8909375071525574, 0.9862499833106995, 0.9993749856948853, 0.9925000071525574, 0.9928125143051147, 0.9971874952316284, 0.9937499761581421, 0.987500011920929, 0.9881250262260437, 0.9965624809265137, 0.9912499785423279, 0.9900000095367432, 0.9837499856948853, 0.9928125143051147, 0.9893749952316284, 0.9753124713897705, 0.9884374737739563, 0.984375, 0.9912499785423279, 0.9950000047683716, 0.9937499761581421, 0.9865624904632568, 0.9925000071525574, 0.9884374737739563, 0.9862499833106995, 0.9925000071525574, 0.9896875023841858, 0.9918749928474426, 0.987500011920929, 0.9950000047683716, 0.996874988079071, 0.9946874976158142, 0.9943749904632568, 0.9975000023841858, 0.996874988079071, 0.9900000095367432, 0.9906250238418579, 0.9881250262260437, 0.9756249785423279, 0.987500011920929, 0.9912499785423279, 0.9937499761581421, 0.9915624856948853, 1.0, 0.9962499737739563, 0.987500011920929, 0.9878125190734863, 0.995312511920929, 0.9859374761581421, 0.9887499809265137, 0.9903125166893005, 0.9934375286102295, 0.9912499785423279, 0.9909374713897705, 0.9940624833106995, 0.9975000023841858, 0.984375, 0.9793750047683716, 0.9918749928474426, 0.9965624809265137, 0.9859374761581421, 0.9903125166893005, 0.9806249737739563, 0.9946874976158142, 0.9978125095367432, 1.0, 0.9909374713897705, 0.9896875023841858, 0.9934375286102295, 0.9962499737739563, 0.995312511920929], "val_loss": [0.6875353455543518, 0.6826643943786621, 0.6767622232437134, 0.6695045232772827, 0.6606807708740234, 0.6503154635429382, 0.6382607817649841, 0.6243430972099304, 0.60928875207901, 0.5938262939453125, 0.5783196091651917, 0.5637016892433167, 0.5505977272987366, 0.538356602191925, 0.527337372303009, 0.5178884267807007, 0.5104004144668579, 0.5032726526260376, 0.4971640706062317, 0.4914586544036865, 0.48618489503860474, 0.48139554262161255, 0.47753384709358215, 0.4739181101322174, 0.47114190459251404, 0.4683440923690796, 0.46584710478782654, 0.46333175897598267, 0.46099022030830383, 0.4592442810535431, 0.4569617509841919, 0.454979807138443, 0.45322972536087036, 0.4516022205352783, 0.4497862160205841, 0.4480445981025696, 0.44724327325820923, 0.4463249146938324, 0.44593706727027893, 0.4466165602207184, 0.44570010900497437, 0.4455420970916748, 0.4449945092201233, 0.44391879439353943, 0.44273385405540466, 0.4422754645347595, 0.4417388439178467, 0.44077154994010925, 0.43990108370780945, 0.4399683475494385, 0.44173580408096313, 0.44150665402412415, 0.4410073161125183, 0.4406508207321167, 0.44081562757492065, 0.4400331974029541, 0.43929949402809143, 0.44037315249443054, 0.44170916080474854, 0.44180065393447876, 0.44111064076423645, 0.44280892610549927, 0.4430130124092102, 0.44425204396247864, 0.4434286952018738, 0.44261181354522705, 0.44183844327926636, 0.4409783184528351, 0.44157323241233826, 0.4413706660270691, 0.44147393107414246, 0.441444993019104], "val_accuracy": [0.8946874737739563, 0.8978124856948853, 0.903124988079071, 0.90625, 0.9056249856948853, 0.9071875214576721, 0.90625, 0.9068750143051147, 0.9068750143051147, 0.9068750143051147, 0.9068750143051147, 0.9068750143051147, 0.9068750143051147, 0.9068750143051147, 0.9068750143051147, 0.9068750143051147, 0.9068750143051147, 0.9068750143051147, 0.9068750143051147, 0.9068750143051147, 0.9068750143051147, 0.9068750143051147, 0.9068750143051147, 0.9068750143051147, 0.9068750143051147, 0.9068750143051147, 0.9068750143051147, 0.9068750143051147, 0.9068750143051147, 0.9068750143051147, 0.9068750143051147, 0.9068750143051147, 0.9068750143051147, 0.9068750143051147, 0.9068750143051147, 0.9068750143051147, 0.9068750143051147, 0.9068750143051147, 0.9068750143051147, 0.9068750143051147, 0.9068750143051147, 0.9068750143051147, 0.9068750143051147, 0.9068750143051147, 0.9068750143051147, 0.9068750143051147, 0.9068750143051147, 0.9068750143051147, 0.9068750143051147, 0.9068750143051147, 0.9068750143051147, 0.9068750143051147, 0.9068750143051147, 0.9068750143051147, 0.9068750143051147, 0.9068750143051147, 0.9068750143051147, 0.9068750143051147, 0.9068750143051147, 0.9068750143051147, 0.9068750143051147, 0.9068750143051147, 0.9068750143051147, 0.9068750143051147, 0.9068750143051147, 0.9068750143051147, 0.9068750143051147, 0.9068750143051147, 0.9068750143051147, 0.9068750143051147, 0.9068750143051147, 0.9068750143051147]}