{"loss": [0.6744386553764343, 0.6204847097396851, 0.5689626336097717, 0.512993574142456, 0.46064889430999756, 0.39784687757492065, 0.3396337926387787, 0.2907412648200989, 0.2495490312576294, 0.2061426341533661, 0.1455429345369339, 0.130704864859581, 0.09679093211889267, 0.08853170275688171, 0.07178092002868652, 0.07599244266748428, 0.06859822571277618, 0.03626241534948349, 0.06282161921262741, 0.04724802076816559, 0.03683976083993912, 0.048371296375989914, 0.019308872520923615, 0.023441733792424202, 0.04927520453929901, 0.02140876092016697, 0.027605783194303513, 0.007050693035125732, 0.025679800659418106, 0.02442237362265587, 0.018794434145092964, 0.03742411732673645, 0.039365388453006744, 0.024660883471369743, 0.022232092916965485, 0.04393526539206505, 0.028022916987538338, 0.02663687989115715, 0.03327874094247818, 0.03568630293011665, 0.03112160973250866, 0.02456687204539776, 0.008199648931622505, 0.04452332481741905, 0.02735200710594654, 0.014734255149960518, 0.021426284685730934, 0.021870868280529976, 0.03385895863175392, 0.02249102294445038, 0.032265037298202515, 0.024678967893123627, 0.020920801907777786, 0.03574415296316147, 0.02121657133102417, 0.02934691682457924, 0.0448601096868515, 0.024804944172501564, 0.02620125748217106, 0.048197437077760696, 0.021456964313983917, 0.008116966113448143, 0.02044878713786602, 0.030004171654582024, 0.006717278156429529, 0.03469781577587128, 0.019199766218662262, 0.019168902188539505, 0.02448473870754242, 0.02001701295375824, 0.023624973371624947, 0.019971849396824837, 0.018124258145689964, 0.024868469685316086, 0.0197098758071661, 0.0408443920314312, 0.014340605586767197, 0.025672467425465584, 0.01279087457805872, 0.005597375798970461, 0.022898413240909576, 0.019036732614040375, 0.02444363571703434, 0.01794399693608284, 0.01956891268491745], "accuracy": [0.6993749737739563, 0.9643750190734863, 0.9793750047683716, 0.9850000143051147, 0.9831249713897705, 0.9925000071525574, 0.9962499737739563, 0.9881250262260437, 0.9775000214576721, 0.9800000190734863, 0.9978125095367432, 0.9878125190734863, 0.9937499761581421, 0.9909374713897705, 0.9912499785423279, 0.9828125238418579, 0.984375, 0.9965624809265137, 0.9818750023841858, 0.9856250286102295, 0.9887499809265137, 0.9825000166893005, 0.9975000023841858, 0.9937499761581421, 0.9803125262260437, 0.9943749904632568, 0.9900000095367432, 1.0, 0.9906250238418579, 0.9912499785423279, 0.9925000071525574, 0.9831249713897705, 0.9831249713897705, 0.9896875023841858, 0.9896875023841858, 0.9787499904632568, 0.9878125190734863, 0.9909374713897705, 0.9840624928474426, 0.9850000143051147, 0.9846875071525574, 0.9896875023841858, 0.9978125095367432, 0.9803125262260437, 0.987500011920929, 0.9934375286102295, 0.9912499785423279, 0.9900000095367432, 0.9850000143051147, 0.9900000095367432, 0.9856250286102295, 0.987500011920929, 0.9918749928474426, 0.984375, 0.9893749952316284, 0.9853125214576721, 0.9787499904632568, 0.9884374737739563, 0.9884374737739563, 0.9775000214576721, 0.9893749952316284, 0.9971874952316284, 0.9900000095367432, 0.987500011920929, 0.9978125095367432, 0.9840624928474426, 0.9900000095367432, 0.9909374713897705, 0.989062488079071, 0.9909374713897705, 0.9865624904632568, 0.9909374713897705, 0.9915624856948853, 0.9884374737739563, 0.9903125166893005, 0.9821875095367432, 0.9943749904632568, 0.9887499809265137, 0.9934375286102295, 0.9981250166893005, 0.9871875047683716, 0.9925000071525574, 0.9906250238418579, 0.9918749928474426, 0.9918749928474426], "val_loss": [0.6883900165557861, 0.6823729872703552, 0.6754921674728394, 0.6679603457450867, 0.660003662109375, 0.6512879133224487, 0.6418211460113525, 0.6320301294326782, 0.6224045157432556, 0.6129776239395142, 0.6036373376846313, 0.5950888991355896, 0.5871756076812744, 0.5795441269874573, 0.5725708603858948, 0.5663284063339233, 0.5605189800262451, 0.5551230907440186, 0.5500056743621826, 0.5456677675247192, 0.5415832996368408, 0.5378217101097107, 0.5340935587882996, 0.5305002331733704, 0.5275267362594604, 0.5243486166000366, 0.5219519138336182, 0.5191762447357178, 0.5168231725692749, 0.5143148303031921, 0.5120084285736084, 0.5107906460762024, 0.5091968774795532, 0.5077579617500305, 0.5056966543197632, 0.5051815509796143, 0.5035884380340576, 0.5014868378639221, 0.5014246702194214, 0.5007312297821045, 0.5003072619438171, 0.49960556626319885, 0.49790817499160767, 0.4965617060661316, 0.4955765902996063, 0.49423208832740784, 0.4934123754501343, 0.492868036031723, 0.49175384640693665, 0.49216458201408386, 0.4930083453655243, 0.49240726232528687, 0.4912465810775757, 0.4919489026069641, 0.491342693567276, 0.49165618419647217, 0.4915167987346649, 0.49200016260147095, 0.49128207564353943, 0.4921893775463104, 0.4918546974658966, 0.49103835225105286, 0.49029332399368286, 0.49108996987342834, 0.4899812638759613, 0.4906676411628723, 0.4900323152542114, 0.48909473419189453, 0.4881415069103241, 0.48690909147262573, 0.48875296115875244, 0.4884569048881531, 0.4898327887058258, 0.4892953038215637, 0.4891805350780487, 0.49051421880722046, 0.4901745617389679, 0.49127328395843506, 0.4916948974132538, 0.4903096854686737, 0.4914023280143738, 0.49115806818008423, 0.48993679881095886, 0.4890426695346832, 0.4880399703979492], "val_accuracy": [0.8609374761581421, 0.8743749856948853, 0.8903124928474426, 0.8931249976158142, 0.9012500047683716, 0.9075000286102295, 0.9078124761581421, 0.9087499976158142, 0.9065625071525574, 0.9087499976158142, 0.9090625047683716, 0.9090625047683716, 0.9081249833106995, 0.9078124761581421, 0.9078124761581421, 0.9078124761581421, 0.90625, 0.90625, 0.9059374928474426, 0.9059374928474426, 0.9059374928474426, 0.9065625071525574, 0.9065625071525574, 0.9065625071525574, 0.9065625071525574, 0.9065625071525574, 0.9065625071525574, 0.9065625071525574, 0.9065625071525574, 0.9065625071525574, 0.9065625071525574, 0.9065625071525574, 0.9056249856948853, 0.9056249856948853, 0.9056249856948853, 0.9056249856948853, 0.9056249856948853, 0.9056249856948853, 0.9056249856948853, 0.9056249856948853, 0.9056249856948853, 0.9056249856948853, 0.9056249856948853, 0.9056249856948853, 0.9056249856948853, 0.9056249856948853, 0.9056249856948853, 0.9056249856948853, 0.9056249856948853, 0.9056249856948853, 0.9056249856948853, 0.9056249856948853, 0.9056249856948853, 0.9056249856948853, 0.9056249856948853, 0.9056249856948853, 0.9056249856948853, 0.9056249856948853, 0.9056249856948853, 0.9056249856948853, 0.9056249856948853, 0.9056249856948853, 0.9056249856948853, 0.9056249856948853, 0.9056249856948853, 0.9056249856948853, 0.9056249856948853, 0.9056249856948853, 0.9056249856948853, 0.9056249856948853, 0.9056249856948853, 0.9056249856948853, 0.9056249856948853, 0.9056249856948853, 0.9056249856948853, 0.9056249856948853, 0.9056249856948853, 0.9056249856948853, 0.9056249856948853, 0.9056249856948853, 0.9056249856948853, 0.9056249856948853, 0.9056249856948853, 0.9056249856948853, 0.9056249856948853]}