{"loss": [0.6807568073272705, 0.6591556668281555, 0.634397029876709, 0.6025469899177551, 0.5700628757476807, 0.5230806469917297, 0.47869330644607544, 0.4229138195514679, 0.3723185062408447, 0.3288121819496155, 0.2680375874042511, 0.2117360681295395, 0.17093093693256378, 0.1535940319299698, 0.11919263750314713, 0.10013153403997421, 0.09025297313928604, 0.05222022905945778, 0.05522982031106949, 0.04644136130809784, 0.060678910464048386, 0.03750259801745415, 0.03435773774981499, 0.018612006679177284, 0.04618886113166809, 0.027695948258042336, 0.03639296442270279, 0.030553704127669334, 0.03276730701327324, 0.01753755286335945, 0.02414041757583618, 0.030585451051592827, 0.02963872253894806, 0.03778360038995743, 0.044258520007133484, 0.03184478357434273, 0.04060142859816551, 0.02354350872337818, 0.004662390798330307, 0.039954375475645065, 0.04059337079524994, 0.026178648695349693, 0.025500798597931862, 0.03868696093559265, 0.029725663363933563, 0.03656593710184097, 0.026590583845973015, 0.030946196988224983, 0.031218357384204865, 0.024563312530517578, 0.01883551850914955, 0.03941020369529724, 0.021256091073155403, 0.04298105835914612, 0.02175222709774971, 0.04941623657941818, 0.03307851403951645, 0.008622091263532639, 0.010746900923550129, 0.0020090879406780005, 0.021852005273103714, 0.04422564432024956, 0.04436750337481499, 0.018588809296488762, 0.043195758014917374, 0.007669394835829735, 0.01662885956466198, 0.0294880960136652, 0.014569034799933434, 0.007994206622242928, 0.001545943203382194, 0.033520039170980453, 0.01530958991497755, 0.013339879922568798, 0.02172435261309147, 0.02195771224796772], "accuracy": [0.7825000286102295, 0.9599999785423279, 0.9750000238418579, 0.9912499785423279, 0.9825000166893005, 0.9965624809265137, 0.9862499833106995, 0.9934375286102295, 0.9903125166893005, 0.9781249761581421, 0.9850000143051147, 0.9928125143051147, 0.9915624856948853, 0.9865624904632568, 0.9903125166893005, 0.9900000095367432, 0.9856250286102295, 1.0, 0.9937499761581421, 0.9950000047683716, 0.984375, 0.9934375286102295, 0.9946874976158142, 1.0, 0.9868749976158142, 0.9943749904632568, 0.9896875023841858, 0.989062488079071, 0.989062488079071, 0.9959375262260437, 0.9909374713897705, 0.9906250238418579, 0.9906250238418579, 0.9859374761581421, 0.9818750023841858, 0.9884374737739563, 0.9850000143051147, 0.9921875, 1.0, 0.9850000143051147, 0.9846875071525574, 0.9906250238418579, 0.9909374713897705, 0.9856250286102295, 0.989062488079071, 0.9859374761581421, 0.9893749952316284, 0.9884374737739563, 0.9912499785423279, 0.9918749928474426, 0.9934375286102295, 0.9865624904632568, 0.9925000071525574, 0.9825000166893005, 0.9915624856948853, 0.9803125262260437, 0.9881250262260437, 0.9971874952316284, 0.9956250190734863, 1.0, 0.9912499785423279, 0.9806249737739563, 0.9800000190734863, 0.9934375286102295, 0.9800000190734863, 0.9978125095367432, 0.9931250214576721, 0.9868749976158142, 0.9946874976158142, 0.9975000023841858, 1.0, 0.9871875047683716, 0.9934375286102295, 0.9946874976158142, 0.9903125166893005, 0.9912499785423279], "val_loss": [0.6897018551826477, 0.6832507848739624, 0.675554633140564, 0.6668984889984131, 0.6571289896965027, 0.6458770632743835, 0.6338018178939819, 0.6206342577934265, 0.6068171858787537, 0.5926674008369446, 0.5787442326545715, 0.5648989081382751, 0.5524393320083618, 0.5410312414169312, 0.5306975841522217, 0.521588146686554, 0.5138142108917236, 0.5064127445220947, 0.49981197714805603, 0.4940814673900604, 0.48946353793144226, 0.4850586950778961, 0.4808235466480255, 0.47688400745391846, 0.47411879897117615, 0.47107768058776855, 0.4682490825653076, 0.4660925567150116, 0.46379774808883667, 0.46167513728141785, 0.460154265165329, 0.45890891551971436, 0.45786991715431213, 0.4574647545814514, 0.45694661140441895, 0.4564971923828125, 0.4559042751789093, 0.45526576042175293, 0.45375165343284607, 0.45370855927467346, 0.4539373517036438, 0.45358240604400635, 0.4527397155761719, 0.45235419273376465, 0.45249873399734497, 0.4532885253429413, 0.4535224139690399, 0.4535185992717743, 0.453216552734375, 0.45267218351364136, 0.4522978663444519, 0.45256420969963074, 0.45186474919319153, 0.4528214633464813, 0.4526714086532593, 0.45328289270401, 0.45362740755081177, 0.4528561532497406, 0.4526422917842865, 0.45167312026023865, 0.4515554904937744, 0.4534737467765808, 0.45490241050720215, 0.45410385727882385, 0.4549081325531006, 0.45468413829803467, 0.4547199606895447, 0.4554794430732727, 0.4553181529045105, 0.4549952447414398, 0.4541836678981781, 0.45548754930496216, 0.4556598961353302, 0.4552663564682007, 0.45605191588401794, 0.45630115270614624], "val_accuracy": [0.8500000238418579, 0.8584374785423279, 0.8803125023841858, 0.8896874785423279, 0.8934375047683716, 0.9028124809265137, 0.903124988079071, 0.903124988079071, 0.9046875238418579, 0.9046875238418579, 0.9043750166893005, 0.9043750166893005, 0.9028124809265137, 0.9018750190734863, 0.9018750190734863, 0.901562511920929, 0.901562511920929, 0.9012500047683716, 0.9012500047683716, 0.901562511920929, 0.901562511920929, 0.9018750190734863, 0.9018750190734863, 0.9018750190734863, 0.9024999737739563, 0.9024999737739563, 0.9024999737739563, 0.9034374952316284, 0.9037500023841858, 0.9024999737739563, 0.9024999737739563, 0.9024999737739563, 0.9024999737739563, 0.9018750190734863, 0.9024999737739563, 0.9024999737739563, 0.9018750190734863, 0.901562511920929, 0.901562511920929, 0.9012500047683716, 0.9012500047683716, 0.9012500047683716, 0.901562511920929, 0.901562511920929, 0.9028124809265137, 0.903124988079071, 0.9021875262260437, 0.903124988079071, 0.9043750166893005, 0.9043750166893005, 0.9043750166893005, 0.9049999713897705, 0.9049999713897705, 0.9049999713897705, 0.9049999713897705, 0.9049999713897705, 0.9049999713897705, 0.9049999713897705, 0.9049999713897705, 0.9049999713897705, 0.9049999713897705, 0.9046875238418579, 0.9046875238418579, 0.9043750166893005, 0.9043750166893005, 0.9043750166893005, 0.9043750166893005, 0.9043750166893005, 0.9043750166893005, 0.9043750166893005, 0.9043750166893005, 0.9043750166893005, 0.9043750166893005, 0.9046875238418579, 0.9046875238418579, 0.9046875238418579]}