{"loss": [1.3141777515411377, 0.23333309590816498, 0.04540698602795601, 0.021640809252858162, 0.005394138861447573, 0.029679562896490097, 0.014095327816903591, 0.0018553792033344507, 0.001482123858295381, 0.03356529399752617, 0.036627039313316345, 0.011123047210276127, 0.0013437482994049788, 0.01641569659113884, 0.0009906431660056114, 0.0008495120564475656, 0.019151119515299797, 0.009696027263998985, 0.0006172180874273181, 0.000576328719034791, 0.028399504721164703, 0.02556988038122654, 0.021633904427289963, 0.0176783949136734, 0.005173805169761181, 0.010079358704388142, 0.01228424347937107, 0.0053834253922104836, 0.01480578538030386, 0.012512799352407455, 0.012844881042838097, 0.004741744138300419, 0.014844365417957306, 0.014378169551491737, 0.006280902773141861, 0.019161302596330643, 0.0036334586329758167, 0.02019568532705307, 0.010601677931845188, 0.000486907665617764, 0.004293917678296566, 0.008474648930132389, 0.012138957157731056, 0.00026113277999684215, 0.00015851709758862853, 0.010961826890707016, 0.017383795231580734, 0.008477416820824146, 0.01935942843556404, 0.00026583694852888584, 0.00024334767658729106, 0.0072304923087358475, 0.013977864757180214, 0.0003428779891692102, 0.007332591339945793, 0.00010456427844474092, 0.0032572862692177296, 0.00012904632603749633, 0.004343572072684765, 0.007021209225058556, 0.013828087598085403, 0.0003913161635864526, 0.0031036625150591135, 0.0051236446015536785, 0.012929098680615425, 0.00977207999676466, 0.00015127660299185663, 0.0003474085533525795, 0.0037228355649858713, 0.009124398231506348, 0.009981735609471798, 0.00019506200624164194, 0.00012739031808450818, 0.00011870541493408382, 0.014834379777312279, 0.010741328820586205, 0.00015873815573286265, 0.00017733871936798096, 0.003623371943831444, 0.00013805627531837672], "acurracy": [0.6712499856948853, 0.9962499737739563, 0.9912499785423279, 0.9965624809265137, 1.0, 0.9909374713897705, 0.9971874952316284, 1.0, 1.0, 0.9887499809265137, 0.9862499833106995, 0.9981250166893005, 1.0, 0.9959375262260437, 1.0, 1.0, 0.9934375286102295, 0.9971874952316284, 1.0, 1.0, 0.9925000071525574, 0.995312511920929, 0.9959375262260437, 0.9965624809265137, 0.9990624785423279, 0.996874988079071, 0.9959375262260437, 0.9984375238418579, 0.9962499737739563, 0.9971874952316284, 0.9965624809265137, 0.9987499713897705, 0.996874988079071, 0.9950000047683716, 0.9987499713897705, 0.995312511920929, 0.9987499713897705, 0.9950000047683716, 0.9975000023841858, 1.0, 0.9987499713897705, 0.996874988079071, 0.9971874952316284, 1.0, 1.0, 0.9965624809265137, 0.9950000047683716, 0.9981250166893005, 0.9950000047683716, 1.0, 1.0, 0.9984375238418579, 0.9965624809265137, 1.0, 0.9975000023841858, 1.0, 0.9990624785423279, 1.0, 0.9990624785423279, 0.9978125095367432, 0.9956250190734863, 1.0, 0.9987499713897705, 0.9981250166893005, 0.9965624809265137, 0.9975000023841858, 1.0, 1.0, 0.9987499713897705, 0.9975000023841858, 0.9971874952316284, 1.0, 1.0, 1.0, 0.9962499737739563, 0.9959375262260437, 1.0, 1.0, 0.9990624785423279, 1.0], "val_loss": [1.4637019634246826, 1.2275569438934326, 1.1780858039855957, 1.1376256942749023, 1.1414774656295776, 1.111019253730774, 1.0529366731643677, 1.075085163116455, 1.0693460702896118, 1.0080277919769287, 0.9465405344963074, 0.9399254322052002, 0.931865394115448, 0.9235561490058899, 0.9288468956947327, 0.9217709898948669, 0.8939634561538696, 0.855156660079956, 0.8524986505508423, 0.8490445613861084, 0.7820075750350952, 0.7457861304283142, 0.6777932643890381, 0.6267834901809692, 0.6130996346473694, 0.5837876200675964, 0.5721576809883118, 0.546699047088623, 0.5120472311973572, 0.469204306602478, 0.4616360068321228, 0.4553993344306946, 0.44264861941337585, 0.4187064468860626, 0.4363565444946289, 0.4093353748321533, 0.418697714805603, 0.3950327932834625, 0.38400933146476746, 0.39076387882232666, 0.3922092318534851, 0.38290324807167053, 0.3743862509727478, 0.37904274463653564, 0.3724709749221802, 0.3819108307361603, 0.37861308455467224, 0.3597032427787781, 0.3702230751514435, 0.369350403547287, 0.36442673206329346, 0.3563424050807953, 0.36658522486686707, 0.3515861928462982, 0.3442886471748352, 0.3555741608142853, 0.3604220151901245, 0.37048572301864624, 0.3757175803184509, 0.3548559844493866, 0.3500353693962097, 0.3628702163696289, 0.3467675447463989, 0.35990479588508606, 0.34346553683280945, 0.35392314195632935, 0.3584699332714081, 0.373271107673645, 0.3695236146450043, 0.34441208839416504, 0.3488709628582001, 0.349045991897583, 0.3526751697063446, 0.35586822032928467, 0.35754355788230896, 0.358875572681427, 0.3665112555027008, 0.3633880913257599, 0.3662286102771759, 0.36744052171707153], "val_acurracy": [0.5724999904632568, 0.5784375071525574, 0.573437511920929, 0.5840625166893005, 0.5878124833106995, 0.5940625071525574, 0.6334375143051147, 0.6234375238418579, 0.6196874976158142, 0.7971875071525574, 0.8853124976158142, 0.8893749713897705, 0.8843749761581421, 0.887499988079071, 0.8871874809265137, 0.890625, 0.8828125, 0.8865625262260437, 0.8862500190734863, 0.8856250047683716, 0.8828125, 0.8728125095367432, 0.8784375190734863, 0.8774999976158142, 0.8840625286102295, 0.8799999952316284, 0.8740624785423279, 0.8771874904632568, 0.8790624737739563, 0.8878124952316284, 0.8809375166893005, 0.8828125, 0.8837500214576721, 0.8934375047683716, 0.8849999904632568, 0.8896874785423279, 0.8846874833106995, 0.8912500143051147, 0.8943750262260437, 0.8946874737739563, 0.8949999809265137, 0.8996875286102295, 0.8981249928474426, 0.8971874713897705, 0.8968750238418579, 0.8987500071525574, 0.8996875286102295, 0.9012500047683716, 0.8999999761581421, 0.9003124833106995, 0.9003124833106995, 0.8993750214576721, 0.8978124856948853, 0.9028124809265137, 0.9087499976158142, 0.9046875238418579, 0.9028124809265137, 0.8984375, 0.8999999761581421, 0.9037500023841858, 0.9037500023841858, 0.8984375, 0.903124988079071, 0.9018750190734863, 0.9034374952316284, 0.9043750166893005, 0.903124988079071, 0.8978124856948853, 0.9037500023841858, 0.90625, 0.9075000286102295, 0.9065625071525574, 0.9065625071525574, 0.9081249833106995, 0.9034374952316284, 0.9071875214576721, 0.9053124785423279, 0.9040625095367432, 0.9040625095367432, 0.9065625071525574]}