{"loss": [1.4679844379425049, 1.0152256488800049, 0.5159296989440918, 0.19397713243961334, 0.09797919541597366, 0.037583127617836, 0.021599235013127327, 0.08817055076360703, 0.06514761596918106, 0.01223792228847742, 0.09080099314451218, 0.07119494676589966, 0.06809008121490479, 0.04534978047013283, 0.04388921707868576, 0.00811013299971819, 0.03608172386884689], "acurracy": [0.5646874904632568, 0.9896875023841858, 0.9825000166893005, 0.9950000047683716, 0.9943749904632568, 1.0, 1.0, 0.9900000095367432, 0.9918749928474426, 1.0, 0.989062488079071, 0.9906250238418579, 0.9918749928474426, 0.9940624833106995, 0.9950000047683716, 1.0, 0.9962499737739563], "val_loss": [1.4847195148468018, 1.4125900268554688, 1.6246709823608398, 2.057445764541626, 2.523547887802124, 2.8481967449188232, 3.2316088676452637, 3.2844362258911133, 3.3401851654052734, 3.5111777782440186, 3.448525905609131, 3.51619029045105, 3.446300983428955, 3.504929542541504, 3.5170071125030518, 3.6933395862579346, 3.8472955226898193], "val_acurracy": [0.5834375023841858, 0.5796874761581421, 0.5709375143051147, 0.5840625166893005, 0.5774999856948853, 0.5831249952316284, 0.5709375143051147, 0.581250011920929, 0.578125, 0.5859375, 0.5778124928474426, 0.573437511920929, 0.5793750286102295, 0.5840625166893005, 0.5856249928474426, 0.5853124856948853, 0.5762500166893005]}