{"loss": [1.5064715147018433, 1.0335384607315063, 0.475881963968277, 0.1885952204465866, 0.09687601029872894, 0.09305551648139954, 0.08780039101839066, 0.03710971772670746, 0.03488586097955704, 0.06639634817838669, 0.06109939515590668, 0.030175551772117615, 0.056774333119392395, 0.008329536765813828, 0.10968142747879028, 0.008356736041605473, 0.05362282320857048], "acurracy": [0.5028125047683716, 0.9837499856948853, 1.0, 0.9946874976158142, 0.9950000047683716, 0.9906250238418579, 0.9900000095367432, 0.9975000023841858, 0.9971874952316284, 0.9921875, 0.9925000071525574, 0.996874988079071, 0.9934375286102295, 1.0, 0.9840624928474426, 1.0, 0.9931250214576721], "val_loss": [1.4604973793029785, 1.291172981262207, 1.3895535469055176, 1.7567799091339111, 2.086021661758423, 2.3255960941314697, 2.533350944519043, 2.7271735668182373, 2.956925868988037, 3.024327039718628, 3.030538320541382, 3.1366586685180664, 3.1693739891052246, 3.2912731170654297, 3.2822649478912354, 3.4410572052001953, 3.4889602661132812], "val_acurracy": [0.5756250023841858, 0.5843750238418579, 0.5765625238418579, 0.5743749737739563, 0.5793750286102295, 0.5809375047683716, 0.581250011920929, 0.578125, 0.5699999928474426, 0.5699999928474426, 0.5799999833106995, 0.5806249976158142, 0.5784375071525574, 0.5837500095367432, 0.5759375095367432, 0.5759375095367432, 0.5774999856948853]}