{"loss": [1.546540379524231, 1.1462900638580322, 0.6350727677345276, 0.2868429720401764, 0.08872896432876587, 0.0648067370057106, 0.07634332776069641, 0.040772199630737305, 0.08231843262910843, 0.04228111729025841, 0.028528019785881042, 0.04701869189739227, 0.0370660275220871, 0.06243244558572769, 0.007057836279273033, 0.004846680909395218, 0.034747276455163956], "acurracy": [0.3021875023841858, 0.9546874761581421, 0.995312511920929, 0.9840624928474426, 1.0, 0.9959375262260437, 0.9928125143051147, 0.9965624809265137, 0.9903125166893005, 0.9959375262260437, 0.9975000023841858, 0.995312511920929, 0.9959375262260437, 0.9931250214576721, 1.0, 1.0, 0.9959375262260437], "val_loss": [1.5481382608413696, 1.4370131492614746, 1.4923529624938965, 1.794235348701477, 2.2781755924224854, 2.5578668117523193, 2.572742223739624, 2.697861671447754, 2.6412651538848877, 2.5957627296447754, 2.6936254501342773, 2.5438873767852783, 2.533623456954956, 2.3811604976654053, 2.520630121231079, 2.6512176990509033, 2.5205190181732178], "val_acurracy": [0.557812511920929, 0.5753124952316284, 0.5806249976158142, 0.5759375095367432, 0.5771874785423279, 0.578125, 0.5806249976158142, 0.5837500095367432, 0.5753124952316284, 0.5771874785423279, 0.5737500190734863, 0.5762500166893005, 0.5806249976158142, 0.5793750286102295, 0.5765625238418579, 0.5746874809265137, 0.5799999833106995]}