{"loss": [1.4588121175765991, 0.9839280843734741, 0.5729441046714783, 0.41712749004364014, 0.6610634326934814, 0.42952337861061096, 0.6208078265190125, 0.45691922307014465, 0.5382967591285706, 0.4881037175655365, 0.42136693000793457, 0.48761802911758423, 0.614119827747345, 0.548058807849884, 0.5424076318740845, 0.6367997527122498], "acurracy": [0.8022656440734863, 0.8768749833106995, 0.9167187213897705, 0.9342187643051147, 0.8665624856948853, 0.9259374737739563, 0.875, 0.9182031154632568, 0.8967968821525574, 0.908203125, 0.9250781536102295, 0.907421886920929, 0.8751562237739563, 0.8921093940734863, 0.8932812213897705, 0.8681250214576721], "val_loss": [1.863783359527588, 2.266430616378784, 2.9700658321380615, 3.4102704524993896, 3.267500877380371, 3.3843753337860107, 3.241694927215576, 3.474125385284424, 3.3233163356781006, 3.30946683883667, 3.454866647720337, 3.410329580307007, 3.2858049869537354, 3.282336950302124, 3.278007745742798, 3.1579666137695312], "val_acurracy": [0.17078125476837158, 0.17015625536441803, 0.17210938036441803, 0.16914062201976776, 0.16718749701976776, 0.16875000298023224, 0.16929687559604645, 0.16445311903953552, 0.1685156226158142, 0.16960936784744263, 0.16843749582767487, 0.16960936784744263, 0.16929687559604645, 0.16914062201976776, 0.16687500476837158, 0.1717187464237213]}