{"loss": [1.703294038772583, 1.3168764114379883, 0.7007519602775574, 0.5307153463363647, 0.49379417300224304, 0.4741823971271515, 0.35952872037887573, 0.26404431462287903, 0.26686543226242065, 0.20313258469104767, 0.2523902654647827, 0.24413706362247467, 0.2156798392534256, 0.2633275091648102, 0.26207080483436584, 0.2433737814426422, 0.25228726863861084, 0.2998782694339752, 0.18754003942012787, 0.208910271525383, 0.1319127082824707, 0.24651645123958588, 0.21276114881038666, 0.24060001969337463, 0.2715914249420166, 0.20347532629966736, 0.21600133180618286, 0.22100013494491577, 0.261213093996048, 0.17395685613155365, 0.16877706348896027, 0.19847902655601501, 0.24007785320281982, 0.19591915607452393, 0.22145821154117584, 0.25934460759162903, 0.1833997368812561, 0.21499189734458923, 0.10668257623910904, 0.25177136063575745, 0.16185227036476135, 0.17709237337112427, 0.20499056577682495, 0.24540621042251587, 0.1735273152589798, 0.15947788953781128, 0.2564941644668579, 0.24511492252349854, 0.14259959757328033, 0.26922011375427246, 0.17253127694129944, 0.13780102133750916, 0.1886516958475113, 0.19741317629814148, 0.29015058279037476, 0.16904720664024353, 0.13892734050750732, 0.17759133875370026, 0.2150224894285202, 0.24792534112930298, 0.15310923755168915, 0.1622849702835083, 0.14631696045398712, 0.1306694597005844, 0.14771966636180878, 0.2425549477338791, 0.2392389327287674, 0.1675156056880951, 0.22892656922340393, 0.22716885805130005, 0.2622441053390503, 0.16432294249534607, 0.1724434792995453, 0.17836834490299225, 0.15265843272209167, 0.1659034937620163, 0.23754507303237915, 0.21081756055355072, 0.15070801973342896, 0.19687886536121368, 0.15683305263519287, 0.1246245801448822, 0.15268011391162872, 0.1135672777891159, 0.18543793261051178, 0.17245525121688843, 0.1630675494670868, 0.15088064968585968, 0.25343823432922363, 0.17501695454120636, 0.18912647664546967, 0.18279600143432617, 0.15772554278373718, 0.24163036048412323, 0.11164195835590363, 0.21813562512397766, 0.19468040764331818, 0.16681472957134247, 0.20608821511268616, 0.17121408879756927, 0.16528038680553436, 0.17506536841392517, 0.15609362721443176, 0.15630514919757843], "acurracy": [0.5202343463897705, 0.9134374856948853, 0.93359375, 0.9010937213897705, 0.8885156512260437, 0.8759375214576721, 0.9036718606948853, 0.9320312738418579, 0.9279687404632568, 0.9457812309265137, 0.9236719012260437, 0.9261718988418579, 0.9303905963897705, 0.9147655963897705, 0.9067968726158142, 0.9123437404632568, 0.9060937762260437, 0.8841406106948853, 0.9321093559265137, 0.9183593988418579, 0.9556249976158142, 0.9076562523841858, 0.9185937643051147, 0.9066406488418579, 0.8909375071525574, 0.9175781011581421, 0.9134374856948853, 0.9091406464576721, 0.8910937309265137, 0.9325781464576721, 0.9332812428474426, 0.9213281273841858, 0.9010156393051147, 0.9205468893051147, 0.9071093797683716, 0.8903906345367432, 0.9279687404632568, 0.9071093797683716, 0.9567968845367432, 0.8968750238418579, 0.9326562285423279, 0.9260937571525574, 0.9139062762260437, 0.8932031393051147, 0.9259374737739563, 0.9326562285423279, 0.8889062404632568, 0.8946874737739563, 0.9398437738418579, 0.8785937428474426, 0.9272656440734863, 0.9422656297683716, 0.9169531464576721, 0.9132031202316284, 0.8684375286102295, 0.9259374737739563, 0.9392187595367432, 0.9214843511581421, 0.9041406512260437, 0.8876562714576721, 0.9322656393051147, 0.9294531345367432, 0.9360156059265137, 0.9432031512260437, 0.9348437786102295, 0.88671875, 0.8881250023841858, 0.9244531393051147, 0.8936718702316284, 0.8969531059265137, 0.875781238079071, 0.9245312213897705, 0.9235937595367432, 0.9161718487739563, 0.9273437261581421, 0.9243749976158142, 0.8902343511581421, 0.9012500047683716, 0.9278125166893005, 0.9041406512260437, 0.9282031059265137, 0.9411718845367432, 0.9267968535423279, 0.9487500190734863, 0.9100000262260437, 0.9149218797683716, 0.9235156178474426, 0.9312499761581421, 0.8766406178474426, 0.914843738079071, 0.9064062237739563, 0.911328136920929, 0.923828125, 0.8785156011581421, 0.949999988079071, 0.8961718678474426, 0.9041406512260437, 0.9175000190734863, 0.901562511920929, 0.9168750047683716, 0.921093761920929, 0.9134374856948853, 0.9234374761581421, 0.9235937595367432], "val_loss": [1.7843537330627441, 1.957221269607544, 2.8061301708221436, 2.8199498653411865, 2.463228940963745, 2.196162700653076, 2.0702102184295654, 2.037040948867798, 1.9157533645629883, 1.8324047327041626, 1.7040040493011475, 1.6294167041778564, 1.5765392780303955, 1.517276406288147, 1.4525120258331299, 1.4167484045028687, 1.4096119403839111, 1.3773764371871948, 1.3702458143234253, 1.3842053413391113, 1.3948352336883545, 1.3495978116989136, 1.3440980911254883, 1.3249163627624512, 1.3116412162780762, 1.3256782293319702, 1.3180742263793945, 1.3198952674865723, 1.3033524751663208, 1.309501051902771, 1.3143926858901978, 1.3091119527816772, 1.293359398841858, 1.293644666671753, 1.287429690361023, 1.2648212909698486, 1.277469515800476, 1.2676615715026855, 1.3032829761505127, 1.271726369857788, 1.2840263843536377, 1.2774816751480103, 1.2650142908096313, 1.2394614219665527, 1.2609422206878662, 1.266004204750061, 1.256220817565918, 1.2440513372421265, 1.2577420473098755, 1.225154161453247, 1.2340232133865356, 1.2463736534118652, 1.2355601787567139, 1.232764720916748, 1.214568018913269, 1.2302532196044922, 1.237136960029602, 1.23247492313385, 1.2176719903945923, 1.2072670459747314, 1.2267231941223145, 1.2192986011505127, 1.2211787700653076, 1.2208054065704346, 1.2208012342453003, 1.2044010162353516, 1.1917071342468262, 1.2050971984863281, 1.1979409456253052, 1.187152624130249, 1.182777762413025, 1.2001750469207764, 1.1896483898162842, 1.1979199647903442, 1.1984237432479858, 1.1935648918151855, 1.1823807954788208, 1.1857315301895142, 1.1871167421340942, 1.1844843626022339, 1.177419900894165, 1.1872817277908325, 1.1870537996292114, 1.1931500434875488, 1.186356782913208, 1.1800811290740967, 1.187178373336792, 1.1772552728652954, 1.171592354774475, 1.1775894165039062, 1.1780025959014893, 1.1804064512252808, 1.1797034740447998, 1.1841226816177368, 1.184258222579956, 1.172807216644287, 1.1782668828964233, 1.175845742225647, 1.1797988414764404, 1.1716097593307495, 1.1851599216461182, 1.1757553815841675, 1.1777697801589966, 1.1786837577819824],