{"loss": [1.6814429759979248, 1.1190468072891235, 0.6327036619186401, 0.4049775004386902, 0.4582538604736328, 0.576453685760498, 0.5406062006950378, 0.5613887310028076, 0.6220844388008118, 0.2919479310512543, 0.49122345447540283, 0.4925685226917267, 0.44932132959365845, 0.6475667357444763, 0.6053758859634399, 0.5781498551368713], "acurracy": [0.42039063572883606, 0.9248437285423279, 0.9081249833106995, 0.9418749809265137, 0.9220312237739563, 0.8914843797683716, 0.9002344012260437, 0.892578125, 0.8757030963897705, 0.9585937261581421, 0.9081249833106995, 0.9071093797683716, 0.9170312285423279, 0.8678905963897705, 0.8762500286102295, 0.8840625286102295], "val_loss": [1.8378627300262451, 2.302027702331543, 3.5938363075256348, 4.164289951324463, 3.946861982345581, 3.6738061904907227, 3.503568649291992, 3.249720811843872, 3.1265556812286377, 3.6139731407165527, 3.4397499561309814, 3.324733018875122, 3.2347099781036377, 2.9944231510162354, 2.915847063064575, 2.848423719406128], "val_acurracy": [0.16898436844348907, 0.16890625655651093, 0.16648437082767487, 0.16960936784744263, 0.16468749940395355, 0.16640624403953552, 0.16906249523162842, 0.16789062321186066, 0.16890625655651093, 0.16648437082767487, 0.16593749821186066, 0.16835936903953552, 0.16734375059604645, 0.16898436844348907, 0.16968749463558197, 0.16882812976837158]}