{"loss": [1.6609916687011719, 1.1900634765625, 0.753075122833252, 0.6432566046714783, 0.4626668691635132, 0.4020903706550598, 0.33298054337501526, 0.42576301097869873, 0.45019662380218506, 0.42018744349479675, 0.417696088552475, 0.2085041105747223, 0.2949458360671997, 0.21500149369239807, 0.37462642788887024, 0.26905572414398193, 0.3219265341758728, 0.4609682857990265, 0.31536656618118286, 0.3009984493255615, 0.43193069100379944, 0.3670825958251953, 0.28092849254608154, 0.39813050627708435, 0.26882168650627136, 0.3615962266921997, 0.2561093866825104, 0.28969505429267883, 0.2697855532169342, 0.282108873128891, 0.23224744200706482, 0.20013011991977692, 0.2997775375843048, 0.18957367539405823, 0.22906383872032166, 0.19312933087348938, 0.2685476541519165, 0.35339486598968506, 0.2868865132331848, 0.17972338199615479, 0.2336309403181076, 0.33661600947380066, 0.3095754086971283, 0.2819313406944275, 0.32407474517822266, 0.26160332560539246, 0.24071072041988373, 0.23821529746055603, 0.33675360679626465, 0.2050352692604065, 0.20209957659244537, 0.32858067750930786, 0.3171565532684326, 0.20102672278881073, 0.12835784256458282, 0.2761276662349701, 0.23944365978240967, 0.2131863832473755, 0.25819703936576843, 0.15149283409118652, 0.2196776568889618, 0.2581588327884674, 0.21923527121543884, 0.23338571190834045], "acurracy": [0.5186718702316284, 0.9060156345367432, 0.8832812309265137, 0.8682812452316284, 0.9088281393051147, 0.9180468916893005, 0.9271875023841858, 0.891796886920929, 0.8774218559265137, 0.8810155987739563, 0.87890625, 0.9476562738418579, 0.9165624976158142, 0.9413281083106995, 0.8868749737739563, 0.9206249713897705, 0.9018750190734863, 0.8477343916893005, 0.9000781178474426, 0.9035937786102295, 0.854296863079071, 0.8741406202316284, 0.9080469012260437, 0.8590624928474426, 0.9143750071525574, 0.8764843940734863, 0.9166406393051147, 0.8993750214576721, 0.9087499976158142, 0.9026562571525574, 0.9233593940734863, 0.9371874928474426, 0.9026562571525574, 0.9431250095367432, 0.9239843487739563, 0.9377343654632568, 0.9099218845367432, 0.8756250143051147, 0.8992968797683716, 0.9444531202316284, 0.9248437285423279, 0.8832031488418579, 0.8923437595367432, 0.9017187356948853, 0.8829687237739563, 0.91015625, 0.916015625, 0.9163281321525574, 0.8806250095367432, 0.931640625, 0.9307031035423279, 0.8817187547683716, 0.8856250047683716, 0.9318749904632568, 0.9576562643051147, 0.9020312428474426, 0.9129687547683716, 0.922656238079071, 0.9051562547683716, 0.9535937309265137, 0.925000011920929, 0.9085937738418579, 0.923828125, 0.9166406393051147], "val_loss": [1.7788711786270142, 2.016725778579712, 2.545567035675049, 2.6259005069732666, 2.6418776512145996, 2.522592067718506, 2.445718765258789, 2.207308769226074, 1.996937870979309, 1.8819153308868408, 1.7805482149124146, 1.7607340812683105, 1.7240142822265625, 1.6881755590438843, 1.5794665813446045, 1.5482124090194702, 1.4837586879730225, 1.4189066886901855, 1.415407419204712, 1.4185349941253662, 1.3583426475524902, 1.3530224561691284, 1.3710769414901733, 1.3411086797714233, 1.3476507663726807, 1.346614956855774, 1.3701313734054565, 1.3594776391983032, 1.3691462278366089, 1.3558955192565918, 1.3596285581588745, 1.3793156147003174, 1.3532520532608032, 1.354823350906372, 1.3441836833953857, 1.3636780977249146, 1.3467659950256348, 1.3208863735198975, 1.325392484664917, 1.349152684211731, 1.3449708223342896, 1.3122036457061768, 1.3144818544387817, 1.3163058757781982, 1.3077359199523926, 1.314164400100708, 1.3144220113754272, 1.314394474029541, 1.2865656614303589, 1.3185383081436157, 1.317914605140686, 1.3005656003952026, 1.301845908164978, 1.319347858428955, 1.350356101989746, 1.3132182359695435, 1.3060427904129028, 1.3115949630737305, 1.2905223369598389, 1.3103358745574951, 1.3068633079528809, 1.2933287620544434, 1.3015490770339966, 1.2926397323608398], "val_acurracy": [0.16687500476837158, 0.16765624284744263, 0.16515624523162842, 0.16625000536441803, 0.17015625536441803, 0.16906249523162842, 0.1674218773841858, 0.1693750023841858, 0.28414061665534973, 0.3098437488079071, 0.3207031190395355, 0.33281248807907104, 0.3304687440395355, 0.3366406261920929, 0.33406248688697815, 0.3373437523841858, 0.34757813811302185, 0.34578123688697815, 0.33601561188697815, 0.33265626430511475, 0.3334375023841858, 0.32710936665534973, 0.3359375, 0.33296874165534973, 0.34273436665534973, 0.3384374976158142, 0.33320313692092896, 0.3272656202316284, 0.33335936069488525, 0.3314843773841858, 0.3285156190395355, 0.3317187428474426, 0.33015623688697815, 0.3405468761920929, 0.3414843678474426, 0.33726561069488525, 0.3371874988079071, 0.33296874165534973, 0.33984375, 0.3441406190395355, 0.34101563692092896, 0.34367188811302185, 0.3313281238079071, 0.3362500071525574, 0.3387500047683716, 0.3371874988079071, 0.3401562571525574, 0.34203124046325684, 0.3425000011920929, 0.33765625953674316, 0.33296874165534973, 0.34281250834465027, 0.33445313572883606, 0.33976563811302185, 0.33640626072883606, 0.3377343714237213, 0.34226563572883606, 0.33890625834465027, 0.3409374952316284, 0.34273436665534973, 0.3400000035762787, 0.3384374976158142, 0.3402343690395355, 0.33984375]}