{"loss": [1.7331535816192627, 1.338956594467163, 0.7894126176834106, 0.4565252661705017, 0.2501344680786133, 0.27196401357650757, 0.31911027431488037, 0.24402181804180145, 0.32139331102371216, 0.2786462903022766, 0.24958603084087372, 0.18570612370967865, 0.27424320578575134, 0.21269738674163818, 0.18649959564208984, 0.14134880900382996, 0.14107853174209595, 0.2247181534767151, 0.15985886752605438, 0.18464195728302002, 0.17145641148090363, 0.11875107884407043, 0.18088668584823608, 0.14198455214500427, 0.1794622838497162, 0.13793011009693146, 0.15327662229537964, 0.1982494741678238, 0.14996179938316345, 0.11356033384799957, 0.18220502138137817, 0.09989119321107864, 0.22062551975250244, 0.11526612192392349, 0.14703212678432465, 0.1211114153265953, 0.1347833126783371, 0.1580953299999237, 0.17937341332435608, 0.10981854796409607, 0.2641882598400116, 0.13416564464569092, 0.16834856569766998, 0.17705053091049194, 0.16477632522583008, 0.17541790008544922, 0.10513012856245041, 0.17577755451202393, 0.15290072560310364, 0.151073157787323, 0.13972996175289154, 0.15308700501918793, 0.17361578345298767, 0.12818112969398499, 0.0925486832857132, 0.13769572973251343, 0.16071419417858124, 0.10419555753469467, 0.12790606915950775, 0.146698459982872, 0.17013141512870789, 0.12678736448287964, 0.18207842111587524, 0.20709112286567688, 0.16818886995315552, 0.16844846308231354, 0.05541462451219559, 0.15012291073799133, 0.19190217554569244, 0.157157301902771, 0.12404727935791016, 0.13595788180828094, 0.1346217393875122, 0.07836402207612991, 0.12265649437904358, 0.15766052901744843, 0.09107966721057892, 0.11124272644519806, 0.15720617771148682, 0.1907300353050232, 0.22135484218597412, 0.17829880118370056, 0.17725269496440887, 0.05644181743264198, 0.10073099285364151, 0.1427602916955948, 0.167746901512146, 0.1553293913602829, 0.11010557413101196, 0.12133248150348663, 0.11025950312614441, 0.12915292382240295, 0.06766103953123093, 0.1426619291305542, 0.12126181274652481, 0.18680442869663239, 0.119872085750103], "acurracy": [0.5876562595367432, 0.909375011920929, 0.8771874904632568, 0.8917187452316284, 0.9356250166893005, 0.917187511920929, 0.893750011920929, 0.9149218797683716, 0.8782031536102295, 0.8857812285423279, 0.8934375047683716, 0.9219531416893005, 0.8746874928474426, 0.899609386920929, 0.9135937690734863, 0.9370312690734863, 0.9341406226158142, 0.8878124952316284, 0.9210156202316284, 0.9091406464576721, 0.9145312309265137, 0.9416406154632568, 0.9100000262260437, 0.9313281178474426, 0.908984363079071, 0.9281250238418579, 0.9203125238418579, 0.8974218964576721, 0.9212499856948853, 0.942578136920929, 0.9051562547683716, 0.9475781321525574, 0.8817187547683716, 0.9432812333106995, 0.9251562356948853, 0.9371874928474426, 0.9300781488418579, 0.915234386920929, 0.90625, 0.9442187547683716, 0.8636718988418579, 0.9296093583106995, 0.9133594036102295, 0.9064062237739563, 0.9114843606948853, 0.9045312404632568, 0.947265625, 0.9064062237739563, 0.9175781011581421, 0.9185156226158142, 0.9255468845367432, 0.9192187786102295, 0.9078906178474426, 0.9313281178474426, 0.9506250023841858, 0.9253125190734863, 0.9122655987739563, 0.9436718821525574, 0.9322656393051147, 0.9245312213897705, 0.9098437428474426, 0.9340624809265137, 0.9032812714576721, 0.8883593678474426, 0.9096093773841858, 0.9086718559265137, 0.9709374904632568, 0.9200780987739563, 0.8956249952316284, 0.9131249785423279, 0.9332031011581421, 0.9261718988418579, 0.9264843463897705, 0.9559375047683716, 0.9323437213897705, 0.9147655963897705, 0.9504687786102295, 0.9389843940734863, 0.915234386920929, 0.897265613079071, 0.8815624713897705, 0.9057031273841858, 0.9048437476158142, 0.970703125, 0.9467968940734863, 0.9240624904632568, 0.91015625, 0.9178125262260437, 0.9432031512260437, 0.9348437786102295, 0.9408593773841858, 0.930468738079071, 0.9632812738418579, 0.9206249713897705, 0.9352343678474426, 0.8992968797683716, 0.9364843964576721], "val_loss": [1.787117600440979, 2.3040413856506348, 2.2418124675750732, 2.136338472366333, 2.180075168609619, 2.066387414932251, 1.8907350301742554, 1.7929669618606567, 1.6178333759307861, 1.5404319763183594, 1.4963966608047485, 1.4345693588256836, 1.3944352865219116, 1.3647236824035645, 1.3596162796020508, 1.3556952476501465, 1.3529947996139526, 1.325086236000061, 1.3356375694274902, 1.3052468299865723, 1.3023805618286133, 1.3121519088745117, 1.2942187786102295, 1.2882674932479858, 1.276465654373169, 1.2747676372528076, 1.268323302268982, 1.2628085613250732, 1.2670576572418213, 1.2670669555664062, 1.2651526927947998, 1.2717671394348145, 1.2533987760543823, 1.2464416027069092, 1.2476152181625366, 1.25368070602417, 1.2407903671264648, 1.2404117584228516, 1.2373170852661133, 1.2360143661499023, 1.2182230949401855, 1.2264606952667236, 1.2219295501708984, 1.2237956523895264, 1.2280564308166504, 1.2209076881408691, 1.2267303466796875, 1.2148234844207764, 1.2237036228179932, 1.2188825607299805, 1.2130944728851318, 1.204877495765686, 1.2095831632614136, 1.2044621706008911, 1.2087774276733398, 1.212036371231079, 1.2024013996124268, 1.2108263969421387, 1.2070600986480713, 1.2040051221847534, 1.1866538524627686, 1.193437099456787, 1.1872748136520386, 1.1897526979446411, 1.1888068914413452, 1.195292592048645, 1.1989632844924927, 1.2015633583068848, 1.1920747756958008, 1.1900603771209717, 1.1865078210830688, 1.1916468143463135, 1.1962467432022095, 1.210547685623169, 1.2089674472808838, 1.1968073844909668, 1.196812629699707, 1.1936109066009521, 1.1883212327957153, 1.1842597723007202, 1.178693413734436, 1.1749305725097656, 1.17924165725708, 1.186253547668457, 1.1903643608093262, 1.1902607679367065, 1.1764401197433472, 1.1812593936920166, 1.1820043325424194, 1.1850905418395996, 1.1938165426254272, 1.1956866979599, 1.201183795928955, 1.1909843683242798, 1.1769301891326904, 1.1903042793273926, 1.1895719766616821], "val_acurracy": [0.1724218726158142, 0.16640624403953552, 0.16906249523162842, 0.17749999463558197, 0.2077343761920929, 0.25414061546325684, 0.2957812547683716, 0.31203123927116394, 0.32593750953674316, 0.32789063453674316, 0.33179688453674316, 0.33109375834465027, 0.34375, 0.35249999165534973, 0.35328125953674316, 0.34773436188697815, 0.34437501430511475, 0.35054686665534973, 0.34367188811302185, 0.3522656261920929, 0.3471093773841858, 0.3464062511920929, 0.3600781261920929, 0.3577343821525574, 0.3618749976158142, 0.3531250059604645, 0.3628906309604645, 0.35859376192092896, 0.365234375, 0.37007811665534973, 0.3668749928474426, 0.35484373569488525, 0.3682812452316284, 0.36304688453674316, 0.3648437559604645, 0.36570313572883606, 0.36976563930511475, 0.3773437440395355, 0.3641406297683716, 0.3657812476158142, 0.3660937547683716, 0.36570313572883606, 0.3592187464237213, 0.3627343773841858, 0.3695312440395355, 0.3585156202316284, 0.36625000834465027, 0.37382811307907104, 0.37523436546325684, 0.36976563930511475, 0.3776562511920929, 0.3799999952316284, 0.3741406202316284, 0.3760937452316284, 0.3735937476158142, 0.37578123807907104, 0.37281250953674316, 0.38078126311302185, 0.37968748807907104, 0.38039061427116394, 0.3814062476158142, 0.3842187523841858, 0.3839062452316284, 0.3824999928474426, 0.3840624988079071, 0.38203126192092896, 0.3842187523841858, 0.376953125, 0.38999998569488525, 0.3844531178474426, 0.3851562440395355, 0.39765626192092896, 0.38648438453674316, 0.3799999952316284, 0.38593751192092896, 0.38164061307907104, 0.380859375, 0.3792968690395355, 0.38523438572883606, 0.3796093761920929, 0.38859376311302185, 0.39234375953674316, 0.39015623927116394, 0.3913281261920929, 0.38671875, 0.38671875, 0.3888281285762787, 0.38914063572883606, 0.38624998927116394, 0.38804686069488525, 0.3871093690395355, 0.38554686307907104, 0.38820311427116394, 0.3883593678474426, 0.3938281238079071, 0.3914843797683716, 0.3903124928474426]}