{"loss": [1.5491087436676025, 1.0127229690551758, 0.660400927066803, 0.48104342818260193, 0.6238621473312378, 0.6485663652420044, 0.6317607760429382, 0.6453189253807068, 0.49325045943260193, 0.4165954291820526, 0.5210848450660706, 0.6497565507888794, 0.4547201097011566, 0.5490915179252625, 0.546983540058136, 0.5111514329910278], "acurracy": [0.6827343702316284, 0.9317187666893005, 0.9005468487739563, 0.9242968559265137, 0.8768749833106995, 0.8689844012260437, 0.8725000023841858, 0.8681250214576721, 0.9092187285423279, 0.9274218678474426, 0.9010156393051147, 0.8671093583106995, 0.9175781011581421, 0.8927343487739563, 0.8923437595367432, 0.9013281464576721], "val_loss": [1.823506474494934, 2.0637972354888916, 2.5536744594573975, 2.797389507293701, 2.8349790573120117, 2.7799456119537354, 2.7596163749694824, 2.7589797973632812, 2.9411258697509766, 3.0181989669799805, 3.033810615539551, 2.8449227809906006, 2.970393419265747, 2.941885471343994, 2.9333791732788086, 2.974273443222046], "val_acurracy": [0.17078125476837158, 0.1681250035762787, 0.16835936903953552, 0.1681250035762787, 0.1658593714237213, 0.16593749821186066, 0.16898436844348907, 0.16796875, 0.16757813096046448, 0.17031249403953552, 0.16757813096046448, 0.16718749701976776, 0.1693750023841858, 0.16695313155651093, 0.1678124964237213, 0.17109374701976776]}