{"loss": [1.7490487098693848, 1.3225467205047607, 0.7501855492591858, 0.6631894111633301, 0.6247538328170776, 0.5272060632705688, 0.6284406781196594, 0.5295758843421936, 0.4977579414844513, 0.43181702494621277, 0.31686103343963623, 0.5565784573554993, 0.3511723577976227, 0.6304244995117188, 0.5457321405410767, 0.5477486252784729], "acurracy": [0.2613281309604645, 0.8524218797683716, 0.9157031178474426, 0.880859375, 0.8822656273841858, 0.9076562523841858, 0.8767969012260437, 0.9013281464576721, 0.9085937738418579, 0.9246875047683716, 0.950390636920929, 0.8924999833106995, 0.9414843916893005, 0.8740624785423279, 0.8918750286102295, 0.8914843797683716], "val_loss": [1.821781039237976, 2.059147596359253, 3.1856677532196045, 3.489746332168579, 3.4234976768493652, 3.3611440658569336, 3.2236461639404297, 3.2688663005828857, 3.239025354385376, 3.2888238430023193, 3.479506731033325, 3.236325979232788, 3.3320233821868896, 2.9602181911468506, 2.969738483428955, 2.9268436431884766], "val_acurracy": [0.14796875417232513, 0.16890625655651093, 0.16968749463558197, 0.1685156226158142, 0.16859374940395355, 0.16796875, 0.16898436844348907, 0.16906249523162842, 0.17039062082767487, 0.16882812976837158, 0.1692187488079071, 0.16515624523162842, 0.16968749463558197, 0.1693750023841858, 0.16882812976837158, 0.16968749463558197]}