{"loss": [1.6818289756774902, 1.1924952268600464, 0.5695247650146484, 0.354850172996521, 0.4769243001937866, 0.21866069734096527, 0.12831953167915344, 0.19466239213943481, 0.23813799023628235, 0.22546347975730896, 0.17785029113292694, 0.15295779705047607, 0.1937263160943985, 0.10268690437078476, 0.19264841079711914, 0.23106788098812103, 0.16354221105575562, 0.21190951764583588, 0.13190390169620514, 0.16568084061145782, 0.10349602997303009, 0.21751528978347778, 0.13895100355148315, 0.1500287503004074, 0.12613196671009064, 0.17280630767345428, 0.15099474787712097, 0.18453142046928406, 0.13449206948280334, 0.12390875071287155, 0.14873094856739044, 0.08678043633699417, 0.20071077346801758, 0.22706739604473114, 0.1648646593093872, 0.14142611622810364, 0.15568646788597107, 0.08172152191400528, 0.15271826088428497, 0.16154594719409943, 0.13989654183387756, 0.19921350479125977, 0.17442259192466736, 0.15077358484268188, 0.1622878909111023, 0.16328300535678864, 0.09195243567228317, 0.10351674258708954, 0.21866394579410553, 0.18214553594589233, 0.09166303277015686, 0.18122544884681702, 0.1269810050725937, 0.11388042569160461, 0.14759071171283722, 0.12489458918571472, 0.14598362147808075, 0.114785335958004, 0.15855763852596283, 0.09289997816085815, 0.16848477721214294, 0.14764443039894104, 0.10325741022825241, 0.11038535088300705, 0.18779371678829193, 0.11043128371238708, 0.1358279287815094, 0.15708677470684052, 0.11115650087594986, 0.16641494631767273, 0.135257288813591, 0.11161258816719055, 0.10963085293769836, 0.13362033665180206, 0.15333910286426544, 0.11189014464616776, 0.11002366989850998, 0.14383739233016968, 0.09939933568239212, 0.12128917872905731, 0.09936939924955368, 0.13216805458068848], "acurracy": [0.831250011920929, 0.9009374976158142, 0.884765625, 0.8932031393051147, 0.833984375, 0.927734375, 0.957812488079071, 0.932421863079071, 0.9057031273841858, 0.9073437452316284, 0.9248437285423279, 0.9320312738418579, 0.9112499952316284, 0.9526562690734863, 0.9091406464576721, 0.8874218463897705, 0.9196093678474426, 0.8964062333106995, 0.9346093535423279, 0.9173437356948853, 0.9469531178474426, 0.8885156512260437, 0.9300781488418579, 0.921093761920929, 0.9353906512260437, 0.909375011920929, 0.9242187738418579, 0.9048437476158142, 0.9280468821525574, 0.9342187643051147, 0.9214843511581421, 0.9551562666893005, 0.8910937309265137, 0.879687488079071, 0.9089062213897705, 0.9240624904632568, 0.9146875143051147, 0.9557031393051147, 0.9175781011581421, 0.9119531512260437, 0.9261718988418579, 0.8918750286102295, 0.9085937738418579, 0.9168750047683716, 0.9110156297683716, 0.9132031202316284, 0.9514062404632568, 0.9436718821525574, 0.8806250095367432, 0.9000781178474426, 0.9500781297683716, 0.9004687666893005, 0.928906261920929, 0.9375, 0.9201562404632568, 0.9319531321525574, 0.9195312261581421, 0.9353906512260437, 0.9145312309265137, 0.9505468606948853, 0.90625, 0.9189843535423279, 0.9434375166893005, 0.9414843916893005, 0.8962500095367432, 0.9409375190734863, 0.926953136920929, 0.9125000238418579, 0.9395312666893005, 0.9067968726158142, 0.9262499809265137, 0.9413281083106995, 0.9416406154632568, 0.9260937571525574, 0.9142968654632568, 0.9384375214576721, 0.9399218559265137, 0.9204687476158142, 0.944531261920929, 0.9337499737739563, 0.9469531178474426, 0.9279687404632568], "val_loss": [1.838409423828125, 2.203122138977051, 2.100350856781006, 2.124490737915039, 1.9219119548797607, 1.8629865646362305, 1.8417010307312012, 1.753587245941162, 1.618556022644043, 1.543174386024475, 1.472192645072937, 1.4258286952972412, 1.377559781074524, 1.360632300376892, 1.3396458625793457, 1.3096507787704468, 1.2841647863388062, 1.2638168334960938, 1.2561489343643188, 1.257011890411377, 1.2491815090179443, 1.234879493713379, 1.225408673286438, 1.2232779264450073, 1.2254974842071533, 1.223412036895752, 1.211836576461792, 1.2077747583389282, 1.207323670387268, 1.1959670782089233, 1.198981761932373, 1.196089267730713, 1.1947275400161743, 1.1830384731292725, 1.179266095161438, 1.180774211883545, 1.1786472797393799, 1.1852134466171265, 1.1811381578445435, 1.1804249286651611, 1.176275610923767, 1.174529790878296, 1.1689872741699219, 1.17714262008667, 1.1708190441131592, 1.163702130317688, 1.1651496887207031, 1.168026089668274, 1.1664317846298218, 1.1653294563293457, 1.1647685766220093, 1.1630887985229492, 1.162093997001648, 1.16115403175354, 1.1648105382919312, 1.1608542203903198, 1.1592999696731567, 1.1598849296569824, 1.1621134281158447, 1.1526128053665161, 1.1568645238876343, 1.1482079029083252, 1.1513062715530396, 1.1546413898468018, 1.15061354637146, 1.1548210382461548, 1.145261526107788, 1.156866431236267, 1.1560672521591187, 1.1587457656860352, 1.161229133605957, 1.155411720275879, 1.1569185256958008, 1.1532130241394043, 1.1571096181869507, 1.1553106307983398, 1.1650652885437012, 1.1476842164993286, 1.157220721244812, 1.154269814491272, 1.1580449342727661, 1.1461222171783447], "val_acurracy": [0.16734375059604645, 0.16695313155651093, 0.1697656214237213, 0.18617187440395355, 0.2810937464237213, 0.30375000834465027, 0.3064843714237213, 0.3121874928474426, 0.33335936069488525, 0.33570313453674316, 0.33726561069488525, 0.33882811665534973, 0.3373437523841858, 0.3462499976158142, 0.3547656238079071, 0.3538281321525574, 0.35257813334465027, 0.35734376311302185, 0.35359373688697815, 0.3419531285762787, 0.3503125011920929, 0.3391406238079071, 0.35664063692092896, 0.35984376072883606, 0.3653906285762787, 0.35546875, 0.359375, 0.3631249964237213, 0.35874998569488525, 0.36265623569488525, 0.36070311069488525, 0.3668749928474426, 0.3628906309604645, 0.36234375834465027, 0.36140623688697815, 0.365234375, 0.3695312440395355, 0.3675000071525574, 0.3682812452316284, 0.36835938692092896, 0.37156251072883606, 0.3863281309604645, 0.3716406226158142, 0.37226563692092896, 0.37171876430511475, 0.37132811546325684, 0.37421876192092896, 0.3684374988079071, 0.37789061665534973, 0.3843750059604645, 0.3801562488079071, 0.37578123807907104, 0.3844531178474426, 0.3801562488079071, 0.38109374046325684, 0.3766406178474426, 0.38257813453674316, 0.38179686665534973, 0.37562501430511475, 0.38093748688697815, 0.38234373927116394, 0.38749998807907104, 0.38695311546325684, 0.3871093690395355, 0.38914063572883606, 0.38203126192092896, 0.3910156190395355, 0.3824999928474426, 0.38570311665534973, 0.38328126072883606, 0.3914843797683716, 0.3865624964237213, 0.39765626192092896, 0.3929687440395355, 0.3883593678474426, 0.3939843773841858, 0.37507811188697815, 0.3978906273841858, 0.38890624046325684, 0.4046093821525574, 0.4041406214237213, 0.3987500071525574]}