{"loss": [1.730423092842102, 1.3558543920516968, 0.6856164336204529, 0.19998416304588318, 0.2306974083185196, 0.32113051414489746, 0.17569850385189056, 0.1900467872619629, 0.13800296187400818, 0.17359980940818787, 0.15857304632663727, 0.2313510775566101, 0.23955701291561127, 0.0708019956946373, 0.1310148984193802, 0.21717886626720428, 0.16401605308055878, 0.1421612799167633, 0.12781253457069397, 0.19160468876361847, 0.18554866313934326, 0.15074704587459564, 0.12630029022693634, 0.15999603271484375, 0.16952690482139587, 0.16747145354747772, 0.07374846190214157, 0.12005575001239777, 0.1461903601884842, 0.16655637323856354, 0.1325252801179886, 0.16805197298526764, 0.1786523312330246, 0.09429144114255905, 0.131261944770813, 0.20185726881027222, 0.15295308828353882, 0.13980087637901306, 0.14916929602622986, 0.16177204251289368, 0.1278621256351471, 0.17138680815696716, 0.1870977282524109, 0.16354799270629883, 0.11591406911611557, 0.12756717205047607, 0.1274547278881073, 0.04689749702811241, 0.1032128781080246, 0.16028983891010284, 0.10121440142393112, 0.12467367202043533, 0.15734562277793884, 0.18183639645576477, 0.06750978529453278, 0.14634162187576294, 0.09051724523305893, 0.12522128224372864, 0.12529374659061432, 0.10112092643976212, 0.15660618245601654, 0.13527554273605347, 0.099949911236763, 0.1891600638628006, 0.20010128617286682, 0.11179515719413757, 0.16641384363174438, 0.1474103480577469, 0.15756073594093323, 0.08803989738225937, 0.15642091631889343, 0.1111847460269928, 0.154657781124115, 0.15500378608703613, 0.08840659260749817, 0.13151437044143677, 0.13252714276313782, 0.19950293004512787, 0.0991983637213707, 0.18717366456985474, 0.09738214313983917, 0.12001553177833557, 0.12002386897802353, 0.11943992972373962, 0.14177557826042175, 0.11940494179725647, 0.19462768733501434, 0.1305437684059143, 0.1311628222465515, 0.11937279999256134, 0.10807068645954132, 0.23557619750499725, 0.09613291919231415, 0.10696595162153244, 0.1285364329814911, 0.1598808318376541, 0.1387898027896881, 0.20338311791419983, 0.10924822092056274, 0.11959320306777954, 0.15117008984088898, 0.1172197163105011, 0.1611858308315277, 0.10797633975744247, 0.17015747725963593, 0.1209319531917572, 0.10698644816875458, 0.1385916918516159, 0.08523688465356827, 0.1818356066942215, 0.18087303638458252, 0.16077323257923126, 0.1267734318971634, 0.13738524913787842, 0.09490068256855011, 0.11643140763044357, 0.09323760122060776, 0.08289564400911331], "acurracy": [0.7721093893051147, 0.8860156536102295, 0.8521093726158142, 0.9522656202316284, 0.9270312786102295, 0.881640613079071, 0.9350000023841858, 0.9232031106948853, 0.9411718845367432, 0.9235156178474426, 0.9278905987739563, 0.8885937333106995, 0.8828125, 0.9673437476158142, 0.9345312714576721, 0.8901562690734863, 0.9151562452316284, 0.9298437237739563, 0.936718761920929, 0.9032812714576721, 0.9045312404632568, 0.9233593940734863, 0.9339062571525574, 0.9165624976158142, 0.9122655987739563, 0.9124218821525574, 0.9622656106948853, 0.936328113079071, 0.9231250286102295, 0.9125000238418579, 0.928515613079071, 0.9096093773841858, 0.9046093821525574, 0.9482812285423279, 0.928515613079071, 0.8914843797683716, 0.91796875, 0.9241406321525574, 0.9198437333106995, 0.9115625023841858, 0.9310156106948853, 0.9091406464576721, 0.8983593583106995, 0.910937488079071, 0.9380468726158142, 0.9292968511581421, 0.9309375286102295, 0.9750000238418579, 0.9446874856948853, 0.9106249809265137, 0.9435937404632568, 0.934765636920929, 0.9136718511581421, 0.903124988079071, 0.9632812738418579, 0.923046886920929, 0.9500781297683716, 0.9323437213897705, 0.9315624833106995, 0.947265625, 0.9150781035423279, 0.9242187738418579, 0.9447656273841858, 0.8980468511581421, 0.8914843797683716, 0.9403125047683716, 0.9098437428474426, 0.9197656512260437, 0.9138281345367432, 0.9544531106948853, 0.9173437356948853, 0.9387500286102295, 0.9175000190734863, 0.9170312285423279, 0.9535156488418579, 0.9314062595367432, 0.9288281202316284, 0.8942968845367432, 0.9462500214576721, 0.8999999761581421, 0.9468749761581421, 0.9352343678474426, 0.9353125095367432, 0.9340624809265137, 0.9242968559265137, 0.9342968463897705, 0.8963281512260437, 0.9309375286102295, 0.9282812476158142, 0.9358593821525574, 0.9418749809265137, 0.8724218606948853, 0.9513280987739563, 0.9442968964576721, 0.9318749904632568, 0.9135156273841858, 0.9250781536102295, 0.8889843821525574, 0.9426562786102295, 0.9352343678474426, 0.9196093678474426, 0.9361718893051147, 0.9136718511581421, 0.9416406154632568, 0.9067968726158142, 0.9359375238418579, 0.9418749809265137, 0.9258593916893005, 0.9566406011581421, 0.9008593559265137, 0.9022656083106995, 0.9129687547683716, 0.9313281178474426, 0.9260156154632568, 0.9495312571525574, 0.9368749856948853, 0.951953113079071, 0.957812488079071], "val_loss": [1.7678567171096802, 1.8031082153320312, 1.8608866930007935, 1.938944697380066, 1.7828596830368042, 1.6149890422821045, 1.5375131368637085, 1.4653613567352295, 1.449710488319397, 1.3992278575897217, 1.352858543395996, 1.3187755346298218, 1.2741270065307617, 1.2810120582580566, 1.277591347694397, 1.2576481103897095, 1.2500959634780884, 1.2315945625305176, 1.2373052835464478, 1.2237215042114258, 1.2117128372192383, 1.2121622562408447, 1.2055517435073853, 1.1975818872451782, 1.192254900932312, 1.1958558559417725, 1.2013354301452637, 1.194356083869934, 1.1922246217727661, 1.184052586555481, 1.1850935220718384, 1.1801550388336182, 1.173547387123108, 1.172644019126892, 1.1763499975204468, 1.1681623458862305, 1.175262689590454, 1.1739872694015503, 1.166385293006897, 1.1629525423049927, 1.1629005670547485, 1.1675269603729248, 1.161037564277649, 1.1602506637573242, 1.1602230072021484, 1.160148024559021, 1.1620668172836304, 1.1655601263046265, 1.163474678993225, 1.1572511196136475, 1.157128930091858, 1.150128960609436, 1.1556727886199951, 1.1511101722717285, 1.1599607467651367, 1.153261661529541, 1.1563525199890137, 1.1519477367401123, 1.153204083442688, 1.152652382850647, 1.1501004695892334, 1.1445355415344238, 1.1443120241165161, 1.1440237760543823, 1.1417406797409058, 1.1505160331726074, 1.147875428199768, 1.1455206871032715, 1.1411776542663574, 1.152825951576233, 1.1410179138183594, 1.1482863426208496, 1.1440415382385254, 1.1464719772338867, 1.1410044431686401, 1.1393390893936157, 1.1374447345733643, 1.1469197273254395, 1.1404352188110352, 1.1390444040298462, 1.1450629234313965, 1.1451194286346436, 1.149166464805603, 1.1466083526611328, 1.1335835456848145, 1.142624855041504, 1.139940857887268, 1.1460790634155273, 1.1381245851516724, 1.137662410736084, 1.1374646425247192, 1.1392366886138916, 1.146688461303711, 1.1417495012283325, 1.139174461364746, 1.1328810453414917, 1.1383694410324097, 1.1417306661605835, 1.136301040649414, 1.1369881629943848, 1.1419697999954224, 1.1440176963806152, 1.1305042505264282, 1.1480845212936401, 1.140206217765808, 1.1372277736663818, 1.1375596523284912, 1.1343227624893188, 1.138893961906433, 1.1437056064605713, 1.1509336233139038, 1.1419603824615479, 1.1401376724243164, 1.150801420211792, 1.1458379030227661, 1.1467665433883667, 1.1425763368606567, 1.1449246406555176],