{"loss": [1.5561692714691162, 0.9777916669845581, 0.5877260565757751, 0.5339483618736267, 0.49661868810653687, 0.5441145896911621, 0.3600010275840759, 0.4621271789073944, 0.5741975903511047, 0.5205300450325012, 0.7149665355682373, 0.5860477089881897, 0.5189916491508484, 0.6155523061752319, 0.4496258497238159, 0.5493950247764587], "acurracy": [0.6344531178474426, 0.9212499856948853, 0.9160937666893005, 0.9085156321525574, 0.9155468940734863, 0.9004687666893005, 0.9423437714576721, 0.9178125262260437, 0.8899219036102295, 0.9006249904632568, 0.8500781059265137, 0.8834375143051147, 0.9010937213897705, 0.8746093511581421, 0.9176562428474426, 0.8918750286102295], "val_loss": [1.8721977472305298, 2.5814266204833984, 3.6889266967773438, 4.014055252075195, 3.9306540489196777, 3.814582586288452, 4.0814385414123535, 3.915480375289917, 3.601245164871216, 3.505289316177368, 3.194460153579712, 3.2602059841156006, 3.3627021312713623, 3.3020195960998535, 3.563210964202881, 3.3836617469787598], "val_acurracy": [0.16914062201976776, 0.16734375059604645, 0.16843749582767487, 0.16875000298023224, 0.1665624976158142, 0.16710937023162842, 0.16773436963558197, 0.16859374940395355, 0.16820313036441803, 0.1700781285762787, 0.16765624284744263, 0.17140625417232513, 0.16835936903953552, 0.1674218773841858, 0.16882812976837158, 0.1692187488079071]}