{"loss": [0.651689887046814, 0.4244435131549835, 0.1416901797056198, 0.05659760534763336, 0.07166194170713425, 0.027412934228777885, 0.0820770338177681, 0.0633895993232727, 0.06645283102989197, 0.08292798697948456, 0.04514993354678154, 0.0720360204577446, 0.03207206353545189, 0.06030593067407608, 0.02037804201245308, 0.05471576750278473, 0.04354463890194893, 0.09577547758817673, 0.10011248290538788, 0.07117795944213867, 0.06076327711343765, 0.10442574322223663, 0.056605055928230286, 0.09730251133441925, 0.08513820916414261, 0.03129921853542328, 0.07599565386772156, 0.06949438899755478, 0.07755374908447266, 0.03157297521829605, 0.021842772141098976, 0.08343067765235901, 0.025308607146143913, 0.060951754450798035, 0.028671953827142715, 0.06267157942056656, 0.04376271367073059, 0.06140286475419998, 0.030951909720897675], "accuracy": [0.7693750262260437, 0.9837499856948853, 0.9928125143051147, 0.9962499737739563, 0.9893749952316284, 0.9981250166893005, 0.9881250262260437, 0.9906250238418579, 0.9906250238418579, 0.9868749976158142, 0.9937499761581421, 0.9903125166893005, 0.9965624809265137, 0.9915624856948853, 0.9984375238418579, 0.9925000071525574, 0.9940624833106995, 0.9846875071525574, 0.9834374785423279, 0.989062488079071, 0.9906250238418579, 0.9828125238418579, 0.9918749928474426, 0.9831249713897705, 0.9850000143051147, 0.996874988079071, 0.987500011920929, 0.9893749952316284, 0.9862499833106995, 0.9965624809265137, 0.9975000023841858, 0.987500011920929, 0.9971874952316284, 0.9906250238418579, 0.9965624809265137, 0.9900000095367432, 0.9934375286102295, 0.9909374713897705, 0.9962499737739563], "val_loss": [0.6317280530929565, 0.487211138010025, 0.4114933907985687, 0.4116881489753723, 0.41432997584342957, 0.42795559763908386, 0.40808191895484924, 0.40444114804267883, 0.4015085995197296, 0.3958633840084076, 0.40249672532081604, 0.3968319296836853, 0.40868231654167175, 0.40728214383125305, 0.41484570503234863, 0.41431817412376404, 0.40865886211395264, 0.39224669337272644, 0.3666742742061615, 0.37216976284980774, 0.3838489055633545, 0.3681876063346863, 0.38245531916618347, 0.3660051226615906, 0.3666800260543823, 0.38278090953826904, 0.37983283400535583, 0.3795397877693176, 0.37739044427871704, 0.393106073141098, 0.4124644994735718, 0.38842663168907166, 0.40764498710632324, 0.3981664180755615, 0.41155341267585754, 0.40033161640167236, 0.4000512361526489, 0.39656519889831543, 0.4078556001186371], "val_accuracy": [0.9068750143051147, 0.9068750143051147, 0.9056249856948853, 0.9056249856948853, 0.9056249856948853, 0.9056249856948853, 0.9065625071525574, 0.9065625071525574, 0.9065625071525574, 0.9068750143051147, 0.9068750143051147, 0.9068750143051147, 0.9068750143051147, 0.9068750143051147, 0.9068750143051147, 0.9068750143051147, 0.9068750143051147, 0.9068750143051147, 0.9068750143051147, 0.9068750143051147, 0.9068750143051147, 0.9068750143051147, 0.9068750143051147, 0.9068750143051147, 0.9068750143051147, 0.9068750143051147, 0.9068750143051147, 0.9068750143051147, 0.9068750143051147, 0.9068750143051147, 0.9068750143051147, 0.9068750143051147, 0.9068750143051147, 0.9068750143051147, 0.9068750143051147, 0.9068750143051147, 0.9068750143051147, 0.9068750143051147, 0.9068750143051147]}