{"loss": [0.6306348443031311, 0.2751246392726898, 0.07141390442848206, 0.07430382072925568, 0.03236054629087448, 0.01921519637107849, 0.028194330632686615, 0.07516611367464066, 0.027838652953505516, 0.052514489740133286, 0.1059042364358902, 0.04860211908817291, 0.06875529140233994, 0.0735945776104927, 0.05907055735588074, 0.09014882892370224, 0.037821996957063675, 0.05591059848666191, 0.07595889270305634, 0.025773467496037483, 0.006210598163306713, 0.016690248623490334, 0.01812564767897129, 0.048605646938085556, 0.10391177237033844, 0.06410910934209824, 0.053643226623535156, 0.034234680235385895, 0.052354030311107635, 0.06553691625595093, 0.06653434038162231, 0.03738829120993614, 0.03402194380760193, 0.07199633866548538, 0.0818634033203125, 0.04960936680436134, 0.05543030798435211, 0.04670887812972069, 0.026058489456772804, 0.046756986528635025, 0.05527211353182793, 0.051844820380210876, 0.023180324584245682, 0.04377724975347519, 0.10198622941970825, 0.08727098256349564, 0.07241567969322205, 0.012703227810561657, 0.03570716455578804, 0.09729143232107162], "accuracy": [0.9300000071525574, 0.987500011920929, 0.9896875023841858, 0.9871875047683716, 0.9956250190734863, 0.9978125095367432, 0.9962499737739563, 0.987500011920929, 0.996874988079071, 0.9921875, 0.9809374809265137, 0.9931250214576721, 0.9887499809265137, 0.9868749976158142, 0.9903125166893005, 0.984375, 0.9946874976158142, 0.9909374713897705, 0.9865624904632568, 0.9965624809265137, 1.0, 0.9978125095367432, 0.9978125095367432, 0.9931250214576721, 0.9818750023841858, 0.9896875023841858, 0.9912499785423279, 0.9946874976158142, 0.9921875, 0.989062488079071, 0.989062488079071, 0.9946874976158142, 0.9946874976158142, 0.9884374737739563, 0.9853125214576721, 0.9915624856948853, 0.9912499785423279, 0.9928125143051147, 0.9965624809265137, 0.9925000071525574, 0.9909374713897705, 0.9915624856948853, 0.9971874952316284, 0.9934375286102295, 0.9809374809265137, 0.9840624928474426, 0.9871875047683716, 1.0, 0.9943749904632568, 0.9831249713897705], "val_loss": [0.6048381328582764, 0.44131675362586975, 0.4359028935432434, 0.43681320548057556, 0.443640798330307, 0.45622149109840393, 0.45716097950935364, 0.4436976909637451, 0.44682490825653076, 0.4441649317741394, 0.4308737814426422, 0.4368942677974701, 0.43463775515556335, 0.43225955963134766, 0.4315311908721924, 0.4267250895500183, 0.4322821795940399, 0.431682825088501, 0.42912647128105164, 0.4396379590034485, 0.453424334526062, 0.46023106575012207, 0.4651244878768921, 0.45018330216407776, 0.4322895109653473, 0.43236106634140015, 0.4304846525192261, 0.4372246563434601, 0.43463924527168274, 0.43195560574531555, 0.42579615116119385, 0.4316735565662384, 0.4355596601963043, 0.4268624186515808, 0.41906601190567017, 0.4236189126968384, 0.42235836386680603, 0.42664259672164917, 0.43314284086227417, 0.43380147218704224, 0.43156883120536804, 0.4311649799346924, 0.44031158089637756, 0.43702828884124756, 0.4270250201225281, 0.42439329624176025, 0.42173871397972107, 0.4348633587360382, 0.4443448781967163, 0.42296168208122253], "val_accuracy": [0.9084374904632568, 0.90625, 0.9053124785423279, 0.9049999713897705, 0.9049999713897705, 0.9043750166893005, 0.9043750166893005, 0.9049999713897705, 0.9049999713897705, 0.9043750166893005, 0.9059374928474426, 0.9056249856948853, 0.9056249856948853, 0.9056249856948853, 0.9056249856948853, 0.90625, 0.9065625071525574, 0.9065625071525574, 0.9065625071525574, 0.9065625071525574, 0.9065625071525574, 0.9065625071525574, 0.9065625071525574, 0.9065625071525574, 0.9056249856948853, 0.9053124785423279, 0.9053124785423279, 0.90625, 0.9059374928474426, 0.9059374928474426, 0.9059374928474426, 0.9071875214576721, 0.9068750143051147, 0.9075000286102295, 0.9075000286102295, 0.9075000286102295, 0.9075000286102295, 0.9075000286102295, 0.9075000286102295, 0.9081249833106995, 0.9081249833106995, 0.9081249833106995, 0.9071875214576721, 0.9071875214576721, 0.9081249833106995, 0.9081249833106995, 0.9081249833106995, 0.9071875214576721, 0.9071875214576721, 0.9068750143051147]}