{"loss": [0.6030475497245789, 0.3964155614376068, 0.20149928331375122, 0.10025659203529358, 0.06932911276817322, 0.09717143326997757, 0.07577235251665115, 0.03361224755644798, 0.05542530491948128, 0.028497330844402313, 0.03865921497344971, 0.061905670911073685, 0.06864922493696213, 0.04841013252735138, 0.04242806136608124, 0.057179998606443405, 0.08811566233634949, 0.020773010328412056, 0.02173413336277008], "accuracy": [0.8218749761581421, 0.9825000166893005, 1.0, 0.9975000023841858, 0.9934375286102295, 0.9821875095367432, 0.9871875047683716, 0.9971874952316284, 0.9915624856948853, 0.9965624809265137, 0.9946874976158142, 0.9906250238418579, 0.989062488079071, 0.9928125143051147, 0.9940624833106995, 0.9912499785423279, 0.9853125214576721, 0.9981250166893005, 0.9975000023841858], "val_loss": [0.6123799681663513, 0.508530855178833, 0.4145428538322449, 0.37885013222694397, 0.38670727610588074, 0.397938996553421, 0.4065341055393219, 0.4241665005683899, 0.4327837824821472, 0.4530408978462219, 0.46599358320236206, 0.45894476771354675, 0.4528549611568451, 0.4579615890979767, 0.4665750563144684, 0.45852869749069214, 0.444539338350296, 0.46446019411087036, 0.48083481192588806], "val_accuracy": [0.9068750143051147, 0.9068750143051147, 0.9068750143051147, 0.9068750143051147, 0.9068750143051147, 0.9068750143051147, 0.9068750143051147, 0.9068750143051147, 0.9068750143051147, 0.9068750143051147, 0.9068750143051147, 0.9068750143051147, 0.9068750143051147, 0.9068750143051147, 0.9068750143051147, 0.9068750143051147, 0.9068750143051147, 0.9068750143051147, 0.9068750143051147]}