{"loss": [0.4410117268562317, 0.07058759778738022, 0.06628520041704178, 0.05623108893632889, 0.02560245804488659, 0.0355183444917202, 0.06560830771923065, 0.031552914530038834, 0.01563483104109764, 0.026459665969014168, 0.09840548783540726, 0.06097817048430443, 0.0663255825638771, 0.10041413456201553, 0.06917335838079453, 0.04193474352359772, 0.08170498162508011, 0.027331771329045296, 0.039163220673799515, 0.043744735419750214, 0.05469566956162453, 0.07256636023521423, 0.08319081366062164, 0.026657089591026306, 0.07645552605390549, 0.030842764303088188, 0.022057147696614265, 0.04199184849858284, 0.03661021590232849, 0.048972249031066895, 0.026673205196857452, 0.10398083925247192, 0.042917490005493164, 0.03477959707379341, 0.04929088056087494, 0.056257277727127075, 0.006126356776803732, 0.13478027284145355, 0.03906170278787613, 0.03946572542190552, 0.07898452877998352, 0.10101624578237534, 0.06052479147911072, 0.05180889740586281, 0.06582615524530411, 0.007969212718307972, 0.04379008710384369, 0.06198865920305252, 0.059178486466407776, 0.08075316250324249, 0.052459944039583206, 0.04056840389966965, 0.04796305671334267, 0.07427912950515747, 0.06279502063989639, 0.052624139934778214, 0.05420691519975662, 0.059861138463020325, 0.06645739823579788, 0.08724496513605118, 0.1001541018486023, 0.04666602239012718], "accuracy": [0.9759374856948853, 0.9959375262260437, 0.989062488079071, 0.9918749928474426, 0.9971874952316284, 0.9946874976158142, 0.9893749952316284, 0.9956250190734863, 0.9984375238418579, 0.9962499737739563, 0.9831249713897705, 0.9903125166893005, 0.9893749952316284, 0.9818750023841858, 0.9881250262260437, 0.9940624833106995, 0.9856250286102295, 0.9965624809265137, 0.9946874976158142, 0.9937499761581421, 0.9912499785423279, 0.9878125190734863, 0.9853125214576721, 0.996874988079071, 0.9871875047683716, 0.9959375262260437, 0.9971874952316284, 0.9937499761581421, 0.9943749904632568, 0.9925000071525574, 0.9965624809265137, 0.9818750023841858, 0.9934375286102295, 0.9950000047683716, 0.9925000071525574, 0.9909374713897705, 1.0, 0.9762499928474426, 0.9946874976158142, 0.9940624833106995, 0.987500011920929, 0.9809374809265137, 0.9903125166893005, 0.9912499785423279, 0.989062488079071, 1.0, 0.9934375286102295, 0.9900000095367432, 0.9903125166893005, 0.9850000143051147, 0.9918749928474426, 0.9940624833106995, 0.9925000071525574, 0.9871875047683716, 0.989062488079071, 0.9915624856948853, 0.9912499785423279, 0.9903125166893005, 0.9884374737739563, 0.984375, 0.9809374809265137, 0.9934375286102295], "val_loss": [0.6053630113601685, 0.5317620635032654, 0.5209100842475891, 0.5206711292266846, 0.5068410634994507, 0.5032918453216553, 0.5095826983451843, 0.502410888671875, 0.49139946699142456, 0.4897977113723755, 0.5178395509719849, 0.5169587135314941, 0.513625979423523, 0.5305096507072449, 0.5232207775115967, 0.5054250955581665, 0.5150983333587646, 0.4976111352443695, 0.49492013454437256, 0.4896100163459778, 0.48635333776474, 0.5079101920127869, 0.5151976943016052, 0.4951423406600952, 0.5038833022117615, 0.48791706562042236, 0.47697383165359497, 0.48567482829093933, 0.4822675287723541, 0.48991143703460693, 0.4794006645679474, 0.5058181285858154, 0.49368706345558167, 0.47500893473625183, 0.48001807928085327, 0.4836551547050476, 0.45959049463272095, 0.502373993396759, 0.4824505150318146, 0.4719655513763428, 0.4872482419013977, 0.5016899704933167, 0.49469321966171265, 0.47977733612060547, 0.48535117506980896, 0.46044883131980896, 0.45877933502197266, 0.4812609553337097, 0.4817766547203064, 0.48894476890563965, 0.48295921087265015, 0.4709469676017761, 0.4635360836982727, 0.4708786904811859, 0.4741348624229431, 0.47094905376434326, 0.47127148509025574, 0.4738190770149231, 0.4739067554473877, 0.4850861728191376, 0.4874555468559265, 0.47037917375564575], "val_accuracy": [0.9068750143051147, 0.9068750143051147, 0.9068750143051147, 0.9068750143051147, 0.9068750143051147, 0.9068750143051147, 0.9068750143051147, 0.9068750143051147, 0.9068750143051147, 0.9068750143051147, 0.9068750143051147, 0.9068750143051147, 0.9068750143051147, 0.9068750143051147, 0.9068750143051147, 0.9068750143051147, 0.9068750143051147, 0.9068750143051147, 0.9068750143051147, 0.9068750143051147, 0.9068750143051147, 0.9068750143051147, 0.9068750143051147, 0.9068750143051147, 0.9068750143051147, 0.9068750143051147, 0.9068750143051147, 0.9068750143051147, 0.9068750143051147, 0.9068750143051147, 0.9068750143051147, 0.9068750143051147, 0.9068750143051147, 0.9068750143051147, 0.9068750143051147, 0.9068750143051147, 0.9068750143051147, 0.9068750143051147, 0.9068750143051147, 0.9068750143051147, 0.9068750143051147, 0.9068750143051147, 0.9068750143051147, 0.9068750143051147, 0.9068750143051147, 0.9068750143051147, 0.9068750143051147, 0.9068750143051147, 0.9068750143051147, 0.9068750143051147, 0.9068750143051147, 0.9068750143051147, 0.9068750143051147, 0.9068750143051147, 0.9068750143051147, 0.9068750143051147, 0.9068750143051147, 0.9068750143051147, 0.9068750143051147, 0.9068750143051147, 0.9068750143051147, 0.9068750143051147]}