{"loss": [0.6159693598747253, 0.2452559620141983, 0.07843272387981415, 0.04003872722387314, 0.023709967732429504, 0.0236922949552536, 0.0888906791806221, 0.05078389123082161, 0.09227390587329865, 0.0618082731962204, 0.07884681969881058, 0.09661877900362015, 0.04157323017716408, 0.06627288460731506, 0.058403629809617996, 0.05265752226114273, 0.039458081126213074, 0.042580559849739075, 0.08483488112688065, 0.08038395643234253, 0.04098404571413994, 0.05372227355837822, 0.03772154450416565, 0.08780530095100403, 0.04194893687963486, 0.059082020074129105, 0.007691127248108387, 0.0858854129910469, 0.12224424630403519, 0.053693078458309174, 0.028474600985646248, 0.06453526020050049, 0.0619407556951046, 0.03212857246398926, 0.0951545313000679, 0.062465958297252655, 0.07572765648365021, 0.06843746453523636, 0.04110148921608925, 0.04613032937049866, 0.08195016533136368, 0.05860336869955063], "accuracy": [0.971875011920929, 0.9940624833106995, 0.9881250262260437, 0.9943749904632568, 0.9971874952316284, 0.996874988079071, 0.9853125214576721, 0.9921875, 0.9840624928474426, 0.9900000095367432, 0.9865624904632568, 0.9815624952316284, 0.9943749904632568, 0.9884374737739563, 0.9906250238418579, 0.9915624856948853, 0.9943749904632568, 0.9931250214576721, 0.9846875071525574, 0.9853125214576721, 0.9940624833106995, 0.9909374713897705, 0.9943749904632568, 0.9846875071525574, 0.9934375286102295, 0.9906250238418579, 1.0, 0.9856250286102295, 0.9768750071525574, 0.9912499785423279, 0.9965624809265137, 0.9893749952316284, 0.9900000095367432, 0.9959375262260437, 0.9828125238418579, 0.9896875023841858, 0.9859374761581421, 0.9881250262260437, 0.9940624833106995, 0.9925000071525574, 0.9853125214576721, 0.9900000095367432], "val_loss": [0.6126076579093933, 0.4476071894168854, 0.42187827825546265, 0.41481560468673706, 0.41308003664016724, 0.41303208470344543, 0.41626960039138794, 0.4146878123283386, 0.41892069578170776, 0.4174612760543823, 0.4178420305252075, 0.42208439111709595, 0.41574618220329285, 0.4168775975704193, 0.416138231754303, 0.41585299372673035, 0.413481205701828, 0.4121362268924713, 0.4172874391078949, 0.42004138231277466, 0.4143683910369873, 0.4130311906337738, 0.4117073118686676, 0.4166671335697174, 0.412544846534729, 0.4131096601486206, 0.4094015955924988, 0.4147432744503021, 0.4215201139450073, 0.4180085361003876, 0.4113970696926117, 0.4133812189102173, 0.41467875242233276, 0.4112842082977295, 0.41680285334587097, 0.41549181938171387, 0.41607028245925903, 0.41610321402549744, 0.41259780526161194, 0.41132962703704834, 0.41539087891578674, 0.41367465257644653], "val_accuracy": [0.9003124833106995, 0.9034374952316284, 0.901562511920929, 0.8999999761581421, 0.9009374976158142, 0.9003124833106995, 0.9006249904632568, 0.9012500047683716, 0.9028124809265137, 0.903124988079071, 0.9034374952316284, 0.9037500023841858, 0.9049999713897705, 0.9049999713897705, 0.9049999713897705, 0.9046875238418579, 0.9034374952316284, 0.9046875238418579, 0.9046875238418579, 0.9037500023841858, 0.9056249856948853, 0.9056249856948853, 0.9059374928474426, 0.9043750166893005, 0.9059374928474426, 0.9059374928474426, 0.9056249856948853, 0.90625, 0.9053124785423279, 0.9056249856948853, 0.9046875238418579, 0.9049999713897705, 0.9049999713897705, 0.9049999713897705, 0.9059374928474426, 0.9065625071525574, 0.9053124785423279, 0.9059374928474426, 0.9056249856948853, 0.9056249856948853, 0.9059374928474426, 0.9056249856948853]}