{"loss": [0.6538724303245544, 0.4565849304199219, 0.1369427740573883, 0.07712763547897339, 0.06192752346396446, 0.022479195147752762, 0.055246930569410324, 0.06990007311105728, 0.03179668262600899, 0.03590679541230202, 0.04442489147186279, 0.047886982560157776, 0.02787981927394867, 0.051870036870241165, 0.02668541483581066, 0.06717577576637268, 0.03916165232658386, 0.016050783917307854], "accuracy": [0.9115625023841858, 0.9978125095367432, 0.9937499761581421, 0.9846875071525574, 0.9878125190734863, 0.9965624809265137, 0.989062488079071, 0.9856250286102295, 0.9931250214576721, 0.9940624833106995, 0.9921875, 0.9915624856948853, 0.9959375262260437, 0.987500011920929, 0.9943749904632568, 0.9837499856948853, 0.9884374737739563, 0.9971874952316284], "val_loss": [0.6103511452674866, 0.38468465209007263, 0.35051605105400085, 0.37886351346969604, 0.39806294441223145, 0.4335159957408905, 0.42439648509025574, 0.4080503582954407, 0.4173353612422943, 0.41912367939949036, 0.4149234890937805, 0.40354594588279724, 0.41157376766204834, 0.39437782764434814, 0.40243908762931824, 0.3794519305229187, 0.38100796937942505, 0.39889103174209595], "val_accuracy": [0.9068750143051147, 0.9068750143051147, 0.9068750143051147, 0.9068750143051147, 0.9068750143051147, 0.9068750143051147, 0.9068750143051147, 0.9068750143051147, 0.9068750143051147, 0.9068750143051147, 0.9078124761581421, 0.9078124761581421, 0.9081249833106995, 0.9081249833106995, 0.9075000286102295, 0.9075000286102295, 0.9078124761581421, 0.9078124761581421]}