{"loss": [1.6140189170837402, 1.5472232103347778, 1.4751309156417847, 1.3880003690719604, 1.2769087553024292, 1.1600494384765625, 1.0212595462799072, 0.8565613031387329, 0.7007468342781067, 0.5624584555625916, 0.44834816455841064, 0.3260006606578827, 0.268231600522995, 0.23188692331314087, 0.20125573873519897, 0.11170081049203873, 0.12634898722171783, 0.12625020742416382, 0.09672372788190842, 0.07449459284543991, 0.123844213783741, 0.0757085531949997, 0.09599731117486954, 0.0716133862733841, 0.0741121917963028, 0.06678485870361328, 0.10635264217853546, 0.05130636319518089, 0.06611119955778122, 0.038743626326322556], "acurracy": [0.1509374976158142, 0.33500000834465027, 0.5768749713897705, 0.7828124761581421, 0.9259374737739563, 0.9615625143051147, 0.9825000166893005, 0.9937499761581421, 0.9993749856948853, 0.9903125166893005, 0.9868749976158142, 0.9978125095367432, 0.989062488079071, 0.9868749976158142, 0.9853125214576721, 1.0, 0.9921875, 0.989062488079071, 0.9934375286102295, 0.9965624809265137, 0.9853125214576721, 0.9940624833106995, 0.989062488079071, 0.9931250214576721, 0.9918749928474426, 0.9931250214576721, 0.9868749976158142, 0.995312511920929, 0.9931250214576721, 0.9965624809265137], "val_loss": [1.5883593559265137, 1.5649150609970093, 1.539780855178833, 1.5109728574752808, 1.4793909788131714, 1.4429771900177002, 1.4085673093795776, 1.3688486814498901, 1.3360933065414429, 1.2995021343231201, 1.2759404182434082, 1.2631175518035889, 1.2464113235473633, 1.2454323768615723, 1.2275289297103882, 1.2347846031188965, 1.2396644353866577, 1.2369052171707153, 1.2324793338775635, 1.2368983030319214, 1.2488391399383545, 1.2313388586044312, 1.2487971782684326, 1.241228699684143, 1.2437965869903564, 1.256222128868103, 1.2466646432876587, 1.2477328777313232, 1.250319004058838, 1.2676680088043213], "val_acurracy": [0.2331250011920929, 0.3581250011920929, 0.5140625238418579, 0.6209375262260437, 0.6565625071525574, 0.6696875095367432, 0.6721875071525574, 0.6753125190734863, 0.6768749952316284, 0.682812511920929, 0.6859375238418579, 0.6881250143051147, 0.6971874833106995, 0.6918749809265137, 0.7068750262260437, 0.7009375095367432, 0.7012500166893005, 0.7034375071525574, 0.7059375047683716, 0.706250011920929, 0.7059375047683716, 0.7081249952316284, 0.7081249952316284, 0.7153124809265137, 0.715624988079071, 0.7162500023841858, 0.7212499976158142, 0.7206249833106995, 0.7246875166893005, 0.7174999713897705]}