{"loss": [1.5118474960327148, 1.4691481590270996, 1.4220690727233887, 1.3819091320037842, 1.332654595375061, 1.2826405763626099, 1.2389308214187622, 1.1818363666534424, 1.1451890468597412, 1.0879861116409302, 1.025282621383667, 0.9685333967208862, 0.9143436551094055, 0.8655158281326294, 0.8191155195236206, 0.7422654032707214, 0.6918707489967346, 0.6427454948425293, 0.5893560647964478, 0.5534906983375549, 0.500423014163971, 0.4555743336677551, 0.4276719391345978, 0.3870668113231659, 0.34818485379219055, 0.3136788606643677, 0.3004233241081238, 0.2588886022567749, 0.2354636937379837, 0.2062487155199051, 0.21318361163139343, 0.1756441444158554, 0.1828967034816742, 0.15445156395435333, 0.16573400795459747], "acurracy": [0.5143749713897705, 0.6528124809265137, 0.7784374952316284, 0.8587499856948853, 0.9200000166893005, 0.9518749713897705, 0.9700000286102295, 0.9850000143051147, 0.9771875143051147, 0.9831249713897705, 0.9993749856948853, 1.0, 1.0, 0.9943749904632568, 0.9821875095367432, 1.0, 1.0, 0.9965624809265137, 0.9965624809265137, 0.9915624856948853, 0.9931250214576721, 0.9956250190734863, 0.989062488079071, 0.9912499785423279, 0.9931250214576721, 0.9950000047683716, 0.9912499785423279, 0.9965624809265137, 0.9965624809265137, 1.0, 0.9912499785423279, 0.996874988079071, 0.9918749928474426, 0.9956250190734863, 0.989062488079071], "val_loss": [1.5538780689239502, 1.5330744981765747, 1.5153415203094482, 1.4944953918457031, 1.4743356704711914, 1.4541631937026978, 1.4326297044754028, 1.412232518196106, 1.3908764123916626, 1.363731026649475, 1.3492175340652466, 1.329295039176941, 1.3038034439086914, 1.2820816040039062, 1.2703537940979004, 1.2540884017944336, 1.2456759214401245, 1.2304770946502686, 1.2291570901870728, 1.2159675359725952, 1.2166481018066406, 1.2223981618881226, 1.2251495122909546, 1.232884168624878, 1.2411977052688599, 1.2499313354492188, 1.281718134880066, 1.288365364074707, 1.3025164604187012, 1.3377119302749634, 1.3683831691741943, 1.3886168003082275, 1.4124996662139893, 1.4484230279922485, 1.4649968147277832], "val_acurracy": [0.5278124809265137, 0.5684375166893005, 0.5712500214576721, 0.5774999856948853, 0.5809375047683716, 0.5765625238418579, 0.5784375071525574, 0.5787500143051147, 0.5778124928474426, 0.5884374976158142, 0.5762500166893005, 0.5765625238418579, 0.5824999809265137, 0.5865625143051147, 0.5806249976158142, 0.5824999809265137, 0.5759375095367432, 0.5815625190734863, 0.5774999856948853, 0.5809375047683716, 0.581250011920929, 0.5790625214576721, 0.5796874761581421, 0.5787500143051147, 0.5803124904632568, 0.5818750262260437, 0.5762500166893005, 0.581250011920929, 0.5821874737739563, 0.5790625214576721, 0.5753124952316284, 0.5793750286102295, 0.5809375047683716, 0.5759375095367432, 0.5806249976158142]}