{"loss": [1.5983996391296387, 1.5839529037475586, 1.5659550428390503, 1.5408272743225098, 1.5147854089736938, 1.4829034805297852, 1.440751552581787, 1.3915597200393677, 1.334538459777832, 1.2638769149780273, 1.1804546117782593, 1.0859395265579224, 0.9740546941757202, 0.8560078144073486, 0.7364414930343628, 0.6234164834022522, 0.5219354033470154, 0.4122762680053711, 0.34450677037239075, 0.27070608735084534, 0.21579395234584808, 0.1816958636045456, 0.14553378522396088, 0.13615572452545166, 0.11863929778337479, 0.09067746251821518, 0.08342830836772919, 0.057411111891269684, 0.07257218658924103, 0.04223109409213066, 0.03737138584256172, 0.04403969272971153], "acurracy": [0.6003124713897705, 0.9431250095367432, 0.9909374713897705, 0.987500011920929, 0.9878125190734863, 0.9959375262260437, 0.9965624809265137, 0.9928125143051147, 1.0, 0.9928125143051147, 0.9965624809265137, 1.0, 0.989062488079071, 0.9909374713897705, 1.0, 0.9921875, 0.9928125143051147, 1.0, 0.9921875, 1.0, 1.0, 0.9946874976158142, 0.9962499737739563, 0.9906250238418579, 0.9921875, 0.9975000023841858, 0.9940624833106995, 1.0, 0.9921875, 1.0, 1.0, 0.996874988079071], "val_loss": [1.5432833433151245, 1.5252326726913452, 1.5075572729110718, 1.4819949865341187, 1.4502511024475098, 1.421873927116394, 1.3873897790908813, 1.3416507244110107, 1.2920936346054077, 1.2377305030822754, 1.1670258045196533, 1.1084316968917847, 1.0381443500518799, 0.9657014608383179, 0.9567598700523376, 0.9396965503692627, 0.9305307269096375, 0.9376046061515808, 0.9505150318145752, 0.9573269486427307, 0.9892003536224365, 1.011564016342163, 1.0341392755508423, 1.0530478954315186, 1.0235185623168945, 1.0433753728866577, 1.0150043964385986, 1.0491588115692139, 1.036268711090088, 1.079017996788025, 1.047074556350708, 1.0583853721618652], "val_acurracy": [0.5584375262260437, 0.6306250095367432, 0.6237499713897705, 0.609375, 0.5981249809265137, 0.5874999761581421, 0.5784375071525574, 0.5799999833106995, 0.5874999761581421, 0.5846874713897705, 0.59375, 0.6003124713897705, 0.6087499856948853, 0.637499988079071, 0.6409375071525574, 0.6675000190734863, 0.6825000047683716, 0.6968749761581421, 0.7315624952316284, 0.734375, 0.7471874952316284, 0.7543749809265137, 0.768750011920929, 0.7799999713897705, 0.796875, 0.7981250286102295, 0.8065624833106995, 0.8056250214576721, 0.8084375262260437, 0.8106250166893005, 0.8131250143051147, 0.8162500262260437]}