{"loss": [1.6745587587356567, 1.6219825744628906, 1.5711497068405151, 1.5233185291290283, 1.4744430780410767, 1.4119133949279785, 1.3407385349273682, 1.2669498920440674, 1.1899101734161377, 1.1004228591918945, 1.012904167175293, 0.9127349257469177, 0.8096316456794739, 0.7317297458648682, 0.6444560289382935, 0.5703903436660767, 0.49105843901634216, 0.4397231638431549, 0.37487244606018066, 0.3500577509403229, 0.29933837056159973, 0.25064074993133545, 0.22154733538627625, 0.2247345894575119, 0.18566688895225525, 0.16579610109329224, 0.13325485587120056, 0.12439700961112976, 0.10431625694036484, 0.08972351998090744, 0.0965639278292656, 0.12782374024391174, 0.13074558973312378], "acurracy": [0.0637499988079071, 0.1496874988079071, 0.28437501192092896, 0.42375001311302185, 0.5712500214576721, 0.7275000214576721, 0.8481249809265137, 0.9190624952316284, 0.9546874761581421, 0.9762499928474426, 0.9828125238418579, 0.9887499809265137, 0.9931250214576721, 0.9896875023841858, 0.9950000047683716, 0.9928125143051147, 0.996874988079071, 0.9943749904632568, 1.0, 0.9915624856948853, 0.9950000047683716, 1.0, 1.0, 0.9925000071525574, 0.9925000071525574, 0.9965624809265137, 1.0, 1.0, 1.0, 1.0, 0.9956250190734863, 0.9878125190734863, 0.9871875047683716], "val_loss": [1.6212255954742432, 1.5986638069152832, 1.5781223773956299, 1.5545966625213623, 1.529524803161621, 1.5009936094284058, 1.4644348621368408, 1.4241336584091187, 1.3766855001449585, 1.3218317031860352, 1.2715725898742676, 1.216781497001648, 1.1637624502182007, 1.1262390613555908, 1.0977190732955933, 1.062084436416626, 1.0413775444030762, 1.018671989440918, 1.0371097326278687, 1.0302585363388062, 1.0291746854782104, 1.0548546314239502, 1.0753737688064575, 1.094836711883545, 1.1189887523651123, 1.1506685018539429, 1.1646629571914673, 1.2102264165878296, 1.2580480575561523, 1.2997325658798218, 1.3416626453399658, 1.3582122325897217, 1.3503254652023315], "val_acurracy": [0.06781250238418579, 0.18968750536441803, 0.35499998927116394, 0.4950000047683716, 0.5540624856948853, 0.5684375166893005, 0.5756250023841858, 0.578125, 0.5815625190734863, 0.5840625166893005, 0.5799999833106995, 0.582812488079071, 0.5837500095367432, 0.5759375095367432, 0.5724999904632568, 0.578125, 0.5768749713897705, 0.5865625143051147, 0.5746874809265137, 0.5778124928474426, 0.5856249928474426, 0.5784375071525574, 0.5796874761581421, 0.5809375047683716, 0.5799999833106995, 0.5771874785423279, 0.5837500095367432, 0.5818750262260437, 0.5778124928474426, 0.5778124928474426, 0.5765625238418579, 0.5771874785423279, 0.5831249952316284]}