{"loss": [1.5745570659637451, 1.537715196609497, 1.495571255683899, 1.4465733766555786, 1.3890929222106934, 1.3128879070281982, 1.2271711826324463, 1.1215033531188965, 1.0053693056106567, 0.8806855082511902, 0.7636184692382812, 0.6597952842712402, 0.5394191145896912, 0.46398720145225525, 0.4119979441165924, 0.35825908184051514, 0.29776257276535034, 0.2558213174343109, 0.22777314484119415, 0.17937630414962769, 0.1750878095626831, 0.15943653881549835, 0.14978563785552979, 0.12667252123355865, 0.12180960923433304, 0.11038580536842346, 0.09907519072294235, 0.08266925811767578, 0.09042398631572723, 0.08030329644680023, 0.06921065598726273], "acurracy": [0.4074999988079071, 0.6521875262260437, 0.8421875238418579, 0.934374988079071, 0.9725000262260437, 0.9840624928474426, 0.9981250166893005, 0.9943749904632568, 0.9956250190734863, 0.995312511920929, 0.9934375286102295, 0.989062488079071, 1.0, 0.9918749928474426, 0.9825000166893005, 0.9871875047683716, 0.9959375262260437, 0.9971874952316284, 0.9971874952316284, 1.0, 0.9956250190734863, 0.9925000071525574, 0.9921875, 0.996874988079071, 0.9956250190734863, 0.9940624833106995, 0.9959375262260437, 0.9959375262260437, 0.9925000071525574, 0.9931250214576721, 0.9918749928474426], "val_loss": [1.5657882690429688, 1.5306143760681152, 1.491365671157837, 1.4475865364074707, 1.3924741744995117, 1.327083706855774, 1.2584292888641357, 1.193709135055542, 1.1180087327957153, 1.0632413625717163, 1.0211533308029175, 0.994852602481842, 0.9910880327224731, 0.9898438453674316, 0.9938842058181763, 0.9810240268707275, 0.9868571758270264, 0.9863414168357849, 1.0386117696762085, 1.0452762842178345, 1.0589555501937866, 1.0754640102386475, 1.0997620820999146, 1.104519248008728, 1.1112511157989502, 1.1104713678359985, 1.1044775247573853, 1.112045407295227, 1.1650915145874023, 1.1336115598678589, 1.142898678779602], "val_acurracy": [0.33375000953674316, 0.4728125035762787, 0.5615624785423279, 0.5803124904632568, 0.581250011920929, 0.5818750262260437, 0.5815625190734863, 0.5753124952316284, 0.5843750238418579, 0.578125, 0.581250011920929, 0.5843750238418579, 0.5803124904632568, 0.5762500166893005, 0.5731250047683716, 0.5818750262260437, 0.5837500095367432, 0.5853124856948853, 0.5746874809265137, 0.5815625190734863, 0.5774999856948853, 0.5768749713897705, 0.5753124952316284, 0.5706250071525574, 0.5778124928474426, 0.5815625190734863, 0.5846874713897705, 0.5831249952316284, 0.5712500214576721, 0.5831249952316284, 0.5806249976158142]}