{"loss": [1.5614842176437378, 1.5335290431976318, 1.5044355392456055, 1.471337080001831, 1.4388808012008667, 1.4015804529190063, 1.354741096496582, 1.3148247003555298, 1.2592077255249023, 1.201385259628296, 1.132643699645996, 1.0650854110717773, 0.9900193810462952, 0.8919498920440674, 0.7982677221298218, 0.7280388474464417, 0.6309046745300293, 0.557461142539978, 0.4812708795070648, 0.42619168758392334, 0.3647576570510864, 0.33399760723114014, 0.2607679069042206, 0.22943708300590515, 0.2144903540611267, 0.18956443667411804, 0.18753038346767426, 0.14301997423171997, 0.179165780544281], "acurracy": [0.4962500035762787, 0.6696875095367432, 0.8090624809265137, 0.9143750071525574, 0.9568750262260437, 0.9818750023841858, 0.9937499761581421, 0.984375, 0.9909374713897705, 0.9887499809265137, 1.0, 0.9959375262260437, 0.989062488079071, 0.9996874928474426, 1.0, 0.989062488079071, 0.9962499737739563, 0.9906250238418579, 0.9950000047683716, 0.9896875023841858, 0.9959375262260437, 0.9896875023841858, 1.0, 1.0, 0.9975000023841858, 0.996874988079071, 0.9921875, 1.0, 0.9900000095367432], "val_loss": [1.564793348312378, 1.547319769859314, 1.5280003547668457, 1.5088087320327759, 1.4880661964416504, 1.468196153640747, 1.4444500207901, 1.4200152158737183, 1.402767539024353, 1.3808714151382446, 1.3674952983856201, 1.3525259494781494, 1.3416814804077148, 1.339195728302002, 1.3719260692596436, 1.3794891834259033, 1.4150134325027466, 1.4746334552764893, 1.5226637125015259, 1.5569616556167603, 1.6333703994750977, 1.667431354522705, 1.7741779088974, 1.8256536722183228, 1.927598237991333, 1.9623478651046753, 2.012401819229126, 2.0883920192718506, 2.0954818725585938], "val_acurracy": [0.44468748569488525, 0.5434374809265137, 0.5793750286102295, 0.5771874785423279, 0.578125, 0.5743749737739563, 0.5824999809265137, 0.5818750262260437, 0.5762500166893005, 0.5771874785423279, 0.5718749761581421, 0.5787500143051147, 0.578125, 0.5824999809265137, 0.5728124976158142, 0.582812488079071, 0.5793750286102295, 0.5721874833106995, 0.5768749713897705, 0.5771874785423279, 0.5746874809265137, 0.5803124904632568, 0.578125, 0.5831249952316284, 0.5803124904632568, 0.5840625166893005, 0.5831249952316284, 0.581250011920929, 0.5856249928474426]}