{"loss": [1.650944471359253, 1.6310584545135498, 1.6085454225540161, 1.5879225730895996, 1.565419316291809, 1.5414553880691528, 1.5162309408187866, 1.4884980916976929, 1.4601986408233643, 1.4328807592391968, 1.3998291492462158, 1.3639287948608398, 1.3257744312286377, 1.2891367673873901, 1.2388478517532349, 1.1872496604919434, 1.145051121711731, 1.0780069828033447, 1.0271196365356445, 0.9720799326896667, 0.917925238609314, 0.8397680521011353, 0.7846564650535583, 0.70995032787323, 0.6549661159515381, 0.5829220414161682, 0.5375467538833618, 0.4810047447681427, 0.41609326004981995, 0.3909494876861572, 0.3419334292411804, 0.29795369505882263, 0.23979061841964722, 0.21956104040145874, 0.22942933440208435, 0.1834094226360321], "acurracy": [0.02031249925494194, 0.05718750134110451, 0.11562500149011612, 0.23718750476837158, 0.375, 0.550000011920929, 0.698437511920929, 0.8368750214576721, 0.9100000262260437, 0.9443749785423279, 0.9674999713897705, 0.9837499856948853, 0.9931250214576721, 0.9806249737739563, 0.9993749856948853, 0.9996874928474426, 0.989062488079071, 1.0, 1.0, 0.9918749928474426, 0.9884374737739563, 1.0, 0.9915624856948853, 0.996874988079071, 0.9928125143051147, 0.9956250190734863, 0.9912499785423279, 0.9906250238418579, 0.995312511920929, 0.9871875047683716, 0.9903125166893005, 0.9925000071525574, 1.0, 0.9962499737739563, 0.9884374737739563, 0.9940624833106995], "val_loss": [1.6577526330947876, 1.6454250812530518, 1.6341798305511475, 1.6221612691879272, 1.6104522943496704, 1.6008179187774658, 1.5889134407043457, 1.575259804725647, 1.560512900352478, 1.5470139980316162, 1.5311883687973022, 1.5122654438018799, 1.496213436126709, 1.4736833572387695, 1.4585020542144775, 1.441022515296936, 1.4338704347610474, 1.429392695426941, 1.4053536653518677, 1.3895944356918335, 1.3783378601074219, 1.3840373754501343, 1.3878978490829468, 1.4002763032913208, 1.410245656967163, 1.4233174324035645, 1.4400027990341187, 1.4675462245941162, 1.4910277128219604, 1.5093992948532104, 1.5216063261032104, 1.5749183893203735, 1.5916293859481812, 1.6560657024383545, 1.6897772550582886, 1.6934889554977417], "val_acurracy": [0.06031249836087227, 0.06156250089406967, 0.06718750298023224, 0.09968750178813934, 0.2096875011920929, 0.3515625, 0.4749999940395355, 0.5471875071525574, 0.5765625238418579, 0.5774999856948853, 0.574999988079071, 0.578125, 0.5790625214576721, 0.582812488079071, 0.5799999833106995, 0.582812488079071, 0.5724999904632568, 0.567187488079071, 0.5809375047683716, 0.5849999785423279, 0.5853124856948853, 0.5796874761581421, 0.5759375095367432, 0.5762500166893005, 0.5740625262260437, 0.5784375071525574, 0.5787500143051147, 0.5753124952316284, 0.5796874761581421, 0.5790625214576721, 0.5856249928474426, 0.5762500166893005, 0.5859375, 0.5787500143051147, 0.5803124904632568, 0.5840625166893005]}