{"loss": [1.6021087169647217, 1.5814982652664185, 1.5589523315429688, 1.5338282585144043, 1.5033276081085205, 1.46809720993042, 1.4262757301330566, 1.3745139837265015, 1.3141943216323853, 1.2448399066925049, 1.1664329767227173, 1.0741608142852783, 0.9772354960441589, 0.8703992366790771, 0.7723249197006226, 0.654712438583374, 0.554493248462677, 0.4727867841720581, 0.38888731598854065, 0.3176756203174591, 0.251129686832428, 0.22686053812503815, 0.18646568059921265, 0.1502307802438736, 0.13497382402420044, 0.10400228202342987, 0.1038191094994545, 0.08270952105522156, 0.06668560206890106, 0.053709421306848526, 0.04657921940088272, 0.055754996836185455, 0.04185326397418976, 0.031391579657793045, 0.041520752012729645, 0.03887554258108139, 0.030860310420393944, 0.02614627033472061, 0.038389477878808975, 0.02642667107284069], "acurracy": [0.9781249761581421, 0.9871875047683716, 1.0, 0.9840624928474426, 0.9915624856948853, 0.9903125166893005, 0.9956250190734863, 0.9950000047683716, 0.9934375286102295, 0.9928125143051147, 0.9959375262260437, 1.0, 1.0, 0.9971874952316284, 0.9825000166893005, 0.9943749904632568, 0.9946874976158142, 0.9853125214576721, 0.9921875, 0.9937499761581421, 1.0, 0.9881250262260437, 0.9921875, 0.9950000047683716, 0.9893749952316284, 0.9962499737739563, 0.989062488079071, 0.9946874976158142, 0.9965624809265137, 1.0, 1.0, 0.9912499785423279, 0.9959375262260437, 1.0, 0.9931250214576721, 0.9931250214576721, 0.9950000047683716, 0.9965624809265137, 0.9887499809265137, 0.9940624833106995], "val_loss": [1.6164058446884155, 1.601988673210144, 1.585478663444519, 1.5540976524353027, 1.524672269821167, 1.4903892278671265, 1.445923924446106, 1.4040863513946533, 1.3407166004180908, 1.2772547006607056, 1.2031238079071045, 1.1658291816711426, 1.1083662509918213, 1.0645878314971924, 0.9829046130180359, 0.9596663117408752, 0.9348087310791016, 0.9140989184379578, 0.9123441576957703, 0.9018121957778931, 0.9124001264572144, 0.9110643863677979, 0.9093937873840332, 0.8888797760009766, 0.8882909417152405, 0.9159594178199768, 0.8957481980323792, 0.9165283441543579, 0.9202302694320679, 0.914532482624054, 0.9306474328041077, 0.9195325970649719, 0.9352568984031677, 0.9395887851715088, 0.9410997629165649, 0.9222963452339172, 0.9100848436355591, 0.9302836060523987, 0.9154220819473267, 0.9262112975120544], "val_acurracy": [0.2787500023841858, 0.36125001311302185, 0.44187501072883606, 0.5165625214576721, 0.5481250286102295, 0.5659375190734863, 0.574999988079071, 0.5731250047683716, 0.5784375071525574, 0.5771874785423279, 0.5887500047683716, 0.574999988079071, 0.5803124904632568, 0.5778124928474426, 0.582812488079071, 0.5762500166893005, 0.578125, 0.5784375071525574, 0.5762500166893005, 0.5790625214576721, 0.5778124928474426, 0.5759375095367432, 0.5768749713897705, 0.5843750238418579, 0.5878124833106995, 0.5834375023841858, 0.5793750286102295, 0.581250011920929, 0.5809375047683716, 0.5834375023841858, 0.5787500143051147, 0.582812488079071, 0.5862500071525574, 0.5824999809265137, 0.5862500071525574, 0.5921875238418579, 0.6009374856948853, 0.5971875190734863, 0.604687511920929, 0.6187499761581421]}