{"loss": [1.5175632238388062, 1.4649500846862793, 1.4158648252487183, 1.3567596673965454, 1.2832125425338745, 1.193070650100708, 1.094567894935608, 0.9785180687904358, 0.8500968217849731, 0.7244970202445984, 0.5856487154960632, 0.47157782316207886, 0.37310364842414856, 0.31719791889190674, 0.24107545614242554, 0.21897022426128387, 0.20057392120361328, 0.11207643151283264, 0.1292460411787033, 0.13312673568725586, 0.10499944537878036, 0.10882812738418579, 0.05005156621336937, 0.12480596452951431, 0.11735514551401138, 0.09130920469760895, 0.12388698756694794, 0.06602758169174194, 0.09071224182844162, 0.02707815356552601, 0.04991608113050461, 0.05383681133389473], "acurracy": [0.3668749928474426, 0.5571874976158142, 0.6846874952316284, 0.8096874952316284, 0.9112499952316284, 0.9674999713897705, 0.9881250262260437, 0.9971874952316284, 0.9900000095367432, 0.9906250238418579, 0.9937499761581421, 0.9934375286102295, 0.9918749928474426, 0.989062488079071, 0.9934375286102295, 0.9878125190734863, 0.9878125190734863, 1.0, 0.9928125143051147, 0.9909374713897705, 0.9937499761581421, 0.9918749928474426, 1.0, 0.9878125190734863, 0.9881250262260437, 0.9921875, 0.9878125190734863, 0.995312511920929, 0.9912499785423279, 1.0, 0.996874988079071, 0.9962499737739563], "val_loss": [1.5851141214370728, 1.5712529420852661, 1.554101586341858, 1.5392369031906128, 1.5218169689178467, 1.5017263889312744, 1.480589747428894, 1.4511891603469849, 1.416203260421753, 1.3997950553894043, 1.3805142641067505, 1.3675519227981567, 1.3541502952575684, 1.3515533208847046, 1.3556627035140991, 1.3510342836380005, 1.3428277969360352, 1.3497536182403564, 1.380790114402771, 1.363086223602295, 1.382611870765686, 1.401047706604004, 1.4078270196914673, 1.4000767469406128, 1.3992382287979126, 1.4334754943847656, 1.4251762628555298, 1.4151948690414429, 1.4325844049453735, 1.442319393157959, 1.4560798406600952, 1.4753152132034302], "val_acurracy": [0.28812500834465027, 0.39750000834465027, 0.5040624737739563, 0.5481250286102295, 0.5693749785423279, 0.574999988079071, 0.574999988079071, 0.581250011920929, 0.590624988079071, 0.5809375047683716, 0.5765625238418579, 0.5756250023841858, 0.5809375047683716, 0.5790625214576721, 0.581250011920929, 0.5771874785423279, 0.5856249928474426, 0.5843750238418579, 0.578125, 0.581250011920929, 0.5849999785423279, 0.582812488079071, 0.5762500166893005, 0.5824999809265137, 0.5784375071525574, 0.5706250071525574, 0.5768749713897705, 0.5809375047683716, 0.5771874785423279, 0.5815625190734863, 0.578125, 0.5721874833106995]}