{"loss": [0.48956453800201416, 0.08752886950969696, 0.03067910484969616, 0.04142025113105774, 0.016034023836255074, 0.020299483090639114, 0.02248683013021946, 0.028763629496097565, 0.02051149122416973, 0.028502285480499268, 0.022375354543328285, 0.026220757514238358, 0.011537378653883934, 0.0068211741745471954, 0.02574734017252922, 0.028522925451397896, 0.008142252452671528, 0.013646692037582397, 0.02400149591267109, 0.0325496681034565, 0.00032258962164632976], "accuracy": [0.9887499809265137, 0.9909374713897705, 0.9900000095367432, 0.9815624952316284, 0.9946874976158142, 0.9940624833106995, 0.9900000095367432, 0.9881250262260437, 0.9909374713897705, 0.9878125190734863, 0.9893749952316284, 0.987500011920929, 0.9950000047683716, 0.9978125095367432, 0.9865624904632568, 0.9865624904632568, 0.9959375262260437, 0.9946874976158142, 0.9878125190734863, 0.9825000166893005, 1.0], "val_loss": [0.5819762945175171, 0.47923481464385986, 0.4591464698314667, 0.4564596116542816, 0.4480278789997101, 0.43981432914733887, 0.4440854787826538, 0.44661399722099304, 0.4456465244293213, 0.44791996479034424, 0.45407402515411377, 0.4553348422050476, 0.44990766048431396, 0.4471755623817444, 0.45097577571868896, 0.4606054723262787, 0.461856484413147, 0.4600653052330017, 0.4596329629421234, 0.4683944582939148, 0.4666294455528259], "val_accuracy": [0.9068750143051147, 0.9075000286102295, 0.9065625071525574, 0.9065625071525574, 0.9068750143051147, 0.9068750143051147, 0.9068750143051147, 0.9068750143051147, 0.9068750143051147, 0.9068750143051147, 0.9068750143051147, 0.9068750143051147, 0.9068750143051147, 0.9068750143051147, 0.9068750143051147, 0.9068750143051147, 0.9059374928474426, 0.9059374928474426, 0.9068750143051147, 0.9059374928474426, 0.9059374928474426]}