{"loss": [0.45611417293548584, 0.07260284572839737, 0.030628254637122154, 0.030142977833747864, 0.02035207487642765, 0.029868196696043015, 0.022211953997612, 0.041920486837625504, 0.013339475728571415, 0.00643375376239419, 0.02452795021235943, 0.014007365331053734, 0.015901803970336914, 0.02429906092584133, 0.03133327513933182, 0.02401541918516159, 0.025955602526664734, 0.0053547280840575695, 0.019610414281487465, 0.01863475702702999, 0.01308225654065609, 0.02372472919523716, 0.012816539965569973, 0.012328640557825565, 0.027893180027604103, 0.011339827440679073, 0.02676975727081299, 0.010007314383983612, 0.011520158499479294, 0.024899577721953392, 0.009089818224310875, 0.018679942935705185, 0.011050662957131863, 0.03860846906900406, 0.0054217553697526455, 0.009740626439452171, 0.0209664274007082, 0.017537837848067284, 0.02198614552617073, 0.010449317283928394, 0.009970393031835556, 0.03440873324871063, 0.006590641103684902, 0.018725767731666565, 0.013581913895905018, 0.011138874106109142], "accuracy": [0.9859374761581421, 0.9962499737739563, 0.989062488079071, 0.987500011920929, 0.9928125143051147, 0.9878125190734863, 0.9903125166893005, 0.9809374809265137, 0.9940624833106995, 0.9975000023841858, 0.9887499809265137, 0.9925000071525574, 0.9912499785423279, 0.9887499809265137, 0.9837499856948853, 0.9881250262260437, 0.9853125214576721, 0.9971874952316284, 0.9900000095367432, 0.9884374737739563, 0.9937499761581421, 0.9887499809265137, 0.9921875, 0.9931250214576721, 0.9850000143051147, 0.9946874976158142, 0.9868749976158142, 0.995312511920929, 0.9925000071525574, 0.9868749976158142, 0.9959375262260437, 0.9900000095367432, 0.9956250190734863, 0.9815624952316284, 0.9971874952316284, 0.9965624809265137, 0.9878125190734863, 0.9912499785423279, 0.987500011920929, 0.9934375286102295, 0.9956250190734863, 0.9815624952316284, 0.9965624809265137, 0.9903125166893005, 0.9931250214576721, 0.9943749904632568], "val_loss": [0.6114832162857056, 0.529854416847229, 0.505149245262146, 0.49554434418678284, 0.48797622323036194, 0.4894351065158844, 0.48723161220550537, 0.49398672580718994, 0.4896865487098694, 0.4852569103240967, 0.48386067152023315, 0.4864581823348999, 0.49675843119621277, 0.49165844917297363, 0.4911358952522278, 0.4843747317790985, 0.48847827315330505, 0.482341468334198, 0.4919070303440094, 0.4957497715950012, 0.497997522354126, 0.4987908601760864, 0.5017387270927429, 0.49979928135871887, 0.4892963171005249, 0.49553370475769043, 0.48860839009284973, 0.48390868306159973, 0.4844256639480591, 0.4761100113391876, 0.4678654372692108, 0.48331019282341003, 0.48451653122901917, 0.49215149879455566, 0.48930689692497253, 0.4841495454311371, 0.49305465817451477, 0.49846258759498596, 0.4942284822463989, 0.49039092659950256, 0.4869611859321594, 0.5037504434585571, 0.5030419230461121, 0.5002215504646301, 0.49448028206825256, 0.49245017766952515], "val_accuracy": [0.9068750143051147, 0.9068750143051147, 0.9068750143051147, 0.9068750143051147, 0.9068750143051147, 0.9068750143051147, 0.9068750143051147, 0.9068750143051147, 0.9068750143051147, 0.9068750143051147, 0.9068750143051147, 0.9068750143051147, 0.9068750143051147, 0.9068750143051147, 0.9068750143051147, 0.9068750143051147, 0.9068750143051147, 0.9068750143051147, 0.9068750143051147, 0.9068750143051147, 0.9068750143051147, 0.9068750143051147, 0.9068750143051147, 0.9068750143051147, 0.9068750143051147, 0.9068750143051147, 0.9068750143051147, 0.9068750143051147, 0.9068750143051147, 0.9068750143051147, 0.9068750143051147, 0.9065625071525574, 0.9065625071525574, 0.9059374928474426, 0.9059374928474426, 0.9068750143051147, 0.9065625071525574, 0.9059374928474426, 0.9059374928474426, 0.9046875238418579, 0.9059374928474426, 0.9046875238418579, 0.9046875238418579, 0.9043750166893005, 0.9043750166893005, 0.9046875238418579]}