{"loss": [0.505455493927002, 0.2937597632408142, 0.13587172329425812, 0.12927831709384918, 0.08265122771263123, 0.027361851185560226, 0.045294251292943954, 0.047112345695495605, 0.04054716229438782, 0.02431608736515045, 0.07617440819740295, 0.11836270242929459, 0.013532101176679134, 0.048724278807640076, 0.05608942359685898, 0.089931920170784, 0.05852024629712105, 0.010881535708904266, 0.09649184346199036], "accuracy": [0.9681249856948853, 0.9903125166893005, 0.9971874952316284, 0.9775000214576721, 0.9881250262260437, 1.0, 0.9940624833106995, 0.9931250214576721, 0.9943749904632568, 0.9971874952316284, 0.987500011920929, 0.9793750047683716, 1.0, 0.9925000071525574, 0.9909374713897705, 0.9846875071525574, 0.9912499785423279, 1.0, 0.9834374785423279], "val_loss": [0.59818434715271, 0.4830905497074127, 0.4051390588283539, 0.3891523778438568, 0.3898237347602844, 0.40345847606658936, 0.4195111393928528, 0.4287189841270447, 0.43930041790008545, 0.45779237151145935, 0.44485870003700256, 0.4192311465740204, 0.44273701310157776, 0.4479596018791199, 0.4477546811103821, 0.43405112624168396, 0.434207558631897, 0.45728006958961487, 0.4386370778083801], "val_accuracy": [0.9068750143051147, 0.9068750143051147, 0.9068750143051147, 0.9068750143051147, 0.9068750143051147, 0.9068750143051147, 0.9068750143051147, 0.9068750143051147, 0.9068750143051147, 0.9068750143051147, 0.9068750143051147, 0.9068750143051147, 0.9068750143051147, 0.9068750143051147, 0.9068750143051147, 0.9068750143051147, 0.9068750143051147, 0.9068750143051147, 0.9068750143051147]}