{"loss": [0.5930600166320801, 0.1766909807920456, 0.0559249110519886, 0.046851202845573425, 0.017441194504499435, 0.002142209792509675, 0.03799440711736679, 0.034923940896987915, 0.04430341348052025, 0.02186650224030018, 0.03661750257015228, 0.018955443054437637, 0.02062191814184189, 0.015747545287013054, 0.01787116564810276, 0.00831132847815752, 0.015960678458213806, 0.01278868317604065, 0.01645391620695591, 0.005594081711024046, 0.006960599217563868], "accuracy": [0.9287499785423279, 0.9946874976158142, 0.9821875095367432, 0.9803125262260437, 0.9950000047683716, 1.0, 0.9868749976158142, 0.9862499833106995, 0.9803125262260437, 0.9906250238418579, 0.9868749976158142, 0.9928125143051147, 0.9912499785423279, 0.9928125143051147, 0.9912499785423279, 0.9981250166893005, 0.9925000071525574, 0.9950000047683716, 0.9915624856948853, 0.9975000023841858, 0.9962499737739563], "val_loss": [0.6259840130805969, 0.4922749996185303, 0.45998886227607727, 0.4572335183620453, 0.44913533329963684, 0.44255802035331726, 0.4449220895767212, 0.44848063588142395, 0.4584996700286865, 0.4563240706920624, 0.4526381194591522, 0.4583798944950104, 0.45912235975265503, 0.4601110816001892, 0.45738616585731506, 0.45409220457077026, 0.448016881942749, 0.44955527782440186, 0.4591915011405945, 0.4580540359020233, 0.45839542150497437], "val_accuracy": [0.9053124785423279, 0.9065625071525574, 0.90625, 0.9068750143051147, 0.9068750143051147, 0.9068750143051147, 0.9068750143051147, 0.9068750143051147, 0.9068750143051147, 0.9068750143051147, 0.9068750143051147, 0.9068750143051147, 0.9068750143051147, 0.9068750143051147, 0.9068750143051147, 0.9068750143051147, 0.9068750143051147, 0.9068750143051147, 0.9068750143051147, 0.9068750143051147, 0.9068750143051147]}