{"loss": [0.5312604904174805, 0.3247278928756714, 0.15535451471805573, 0.12799128890037537, 0.05669255182147026, 0.03205498307943344, 0.03858745098114014, 0.1259348839521408, 0.035826124250888824, 0.04698817431926727, 0.07445812970399857, 0.08714041113853455, 0.030095957219600677, 0.06536799669265747, 0.05851035192608833, 0.10156004130840302, 0.040832821279764175, 0.043430622667074203, 0.009452253580093384], "accuracy": [0.9662500023841858, 0.9828125238418579, 0.9912499785423279, 0.979687511920929, 0.9943749904632568, 0.9978125095367432, 0.995312511920929, 0.9765625, 0.9956250190734863, 0.9928125143051147, 0.9868749976158142, 0.9837499856948853, 0.9965624809265137, 0.9893749952316284, 0.9906250238418579, 0.981249988079071, 0.9943749904632568, 0.9943749904632568, 1.0], "val_loss": [0.5928182005882263, 0.4644722640514374, 0.3884420394897461, 0.38360947370529175, 0.402800053358078, 0.43580344319343567, 0.4589879512786865, 0.4264715909957886, 0.44620293378829956, 0.4603267312049866, 0.4603782296180725, 0.4441252052783966, 0.46346768736839294, 0.4592409133911133, 0.4589478671550751, 0.4454292058944702, 0.4500660002231598, 0.46188440918922424, 0.49244633316993713], "val_accuracy": [0.9068750143051147, 0.9068750143051147, 0.9068750143051147, 0.9068750143051147, 0.9068750143051147, 0.9068750143051147, 0.9068750143051147, 0.9068750143051147, 0.9068750143051147, 0.9068750143051147, 0.9068750143051147, 0.9068750143051147, 0.9068750143051147, 0.9068750143051147, 0.9068750143051147, 0.9068750143051147, 0.9068750143051147, 0.9068750143051147, 0.9068750143051147]}