{"loss": [0.5165023803710938, 0.13182027637958527, 0.0316331684589386, 0.02057492733001709, 0.015239915810525417, 0.03038492240011692, 0.007470501586794853, 0.023173863068223, 0.0255186278373003, 0.0217844620347023, 0.021892542019486427, 0.02088463492691517, 0.02892899326980114, 0.013566307723522186, 0.04715738818049431, 0.04046927019953728, 0.02459905296564102, 0.0070503815077245235, 0.020016204565763474, 0.0191376693546772, 0.023531896993517876, 0.041199296712875366], "accuracy": [0.9906250238418579, 0.9800000190734863, 0.9921875, 0.9931250214576721, 0.9940624833106995, 0.9853125214576721, 0.9971874952316284, 0.9912499785423279, 0.9887499809265137, 0.9912499785423279, 0.9887499809265137, 0.9903125166893005, 0.9862499833106995, 0.9940624833106995, 0.9762499928474426, 0.979687511920929, 0.9884374737739563, 0.996874988079071, 0.9912499785423279, 0.9906250238418579, 0.9900000095367432, 0.9793750047683716], "val_loss": [0.5979320406913757, 0.4972212612628937, 0.46822836995124817, 0.4608110189437866, 0.4563828706741333, 0.4591298997402191, 0.45524418354034424, 0.45890313386917114, 0.457763671875, 0.45830661058425903, 0.4623672366142273, 0.46595248579978943, 0.4699598550796509, 0.4686608910560608, 0.4824608862400055, 0.4840853810310364, 0.48489996790885925, 0.48344773054122925, 0.48452693223953247, 0.48472797870635986, 0.48644647002220154, 0.48595213890075684], "val_accuracy": [0.9068750143051147, 0.9068750143051147, 0.9068750143051147, 0.9068750143051147, 0.9068750143051147, 0.9068750143051147, 0.9068750143051147, 0.9065625071525574, 0.9065625071525574, 0.9068750143051147, 0.9065625071525574, 0.9065625071525574, 0.9065625071525574, 0.90625, 0.9059374928474426, 0.90625, 0.9065625071525574, 0.9065625071525574, 0.9065625071525574, 0.9065625071525574, 0.9068750143051147, 0.9065625071525574]}