{"loss": [0.679412305355072, 0.48474201560020447, 0.17598621547222137, 0.058391667902469635, 0.051992155611515045, 0.051195550709962845, 0.051713090389966965, 0.016151413321495056, 0.0217253640294075, 0.03230320289731026, 0.015705620869994164, 0.03182801604270935, 0.008952761068940163], "accuracy": [0.9956250190734863, 0.9971874952316284, 0.9756249785423279, 0.9925000071525574, 0.9884374737739563, 0.9878125190734863, 0.9856250286102295, 0.996874988079071, 0.9940624833106995, 0.9906250238418579, 0.996874988079071, 0.9893749952316284, 0.9978125095367432], "val_loss": [0.646361768245697, 0.38491618633270264, 0.29960429668426514, 0.33092960715293884, 0.35183289647102356, 0.35023048520088196, 0.34898918867111206, 0.3685382008552551, 0.3782601058483124, 0.3743632137775421, 0.3825589418411255, 0.375290185213089, 0.38891956210136414], "val_accuracy": [0.9018750190734863, 0.9068750143051147, 0.9068750143051147, 0.9068750143051147, 0.9068750143051147, 0.9075000286102295, 0.9084374904632568, 0.9087499976158142, 0.9087499976158142, 0.9084374904632568, 0.9112499952316284, 0.9112499952316284, 0.9115625023841858]}