{"loss": [0.5924017429351807, 0.3965985178947449, 0.19097906351089478, 0.10917752236127853, 0.05184075981378555, 0.049866944551467896, 0.058305319398641586, 0.07935945689678192, 0.08846127241849899, 0.030870182439684868, 0.0648486390709877, 0.0877118706703186, 0.04568299651145935, 0.03893214464187622, 0.119344063103199, 0.0190013125538826, 0.035729702562093735, 0.09096192568540573], "accuracy": [0.9628124833106995, 0.995312511920929, 0.9915624856948853, 0.9862499833106995, 0.995312511920929, 0.9931250214576721, 0.9903125166893005, 0.9865624904632568, 0.9850000143051147, 0.9965624809265137, 0.989062488079071, 0.9837499856948853, 0.9931250214576721, 0.9940624833106995, 0.9790624976158142, 0.9987499713897705, 0.995312511920929, 0.984375], "val_loss": [0.6085388660430908, 0.45791199803352356, 0.36983028054237366, 0.39185184240341187, 0.43805548548698425, 0.47258907556533813, 0.4833207428455353, 0.47869282960891724, 0.4666358530521393, 0.4819593131542206, 0.47861000895500183, 0.4601735770702362, 0.47979071736335754, 0.49625319242477417, 0.44660359621047974, 0.485504150390625, 0.499541312456131, 0.4723033010959625], "val_accuracy": [0.9068750143051147, 0.9068750143051147, 0.9068750143051147, 0.9068750143051147, 0.9068750143051147, 0.9068750143051147, 0.9068750143051147, 0.9068750143051147, 0.9068750143051147, 0.9068750143051147, 0.9068750143051147, 0.9068750143051147, 0.9068750143051147, 0.9068750143051147, 0.9068750143051147, 0.9068750143051147, 0.9068750143051147, 0.9068750143051147]}