{"loss": [0.6515077352523804, 0.4617224931716919, 0.16004137694835663, 0.10738702863454819, 0.040332160890102386, 0.05898956209421158, 0.03045012056827545, 0.02651028148829937, 0.04926212877035141, 0.03017132543027401, 0.04517417028546333, 0.062249694019556046, 0.05833742022514343, 0.037364423274993896, 0.05314665660262108, 0.03813885524868965, 0.02156774327158928, 0.021340837702155113], "accuracy": [0.9059374928474426, 0.9865624904632568, 0.9900000095367432, 0.9781249761581421, 0.9943749904632568, 0.9893749952316284, 0.9946874976158142, 0.9959375262260437, 0.9909374713897705, 0.9937499761581421, 0.9903125166893005, 0.984375, 0.9887499809265137, 0.9909374713897705, 0.9862499833106995, 0.9896875023841858, 0.9962499737739563, 0.9940624833106995], "val_loss": [0.6055088043212891, 0.39095988869667053, 0.32996997237205505, 0.35423484444618225, 0.38510993123054504, 0.390667200088501, 0.4071657955646515, 0.4206298887729645, 0.4139529764652252, 0.4187234044075012, 0.41507601737976074, 0.3867676854133606, 0.36808615922927856, 0.3789116144180298, 0.3666248321533203, 0.3673896789550781, 0.3866816461086273, 0.3881906569004059], "val_accuracy": [0.9068750143051147, 0.9068750143051147, 0.9068750143051147, 0.9068750143051147, 0.9068750143051147, 0.9068750143051147, 0.9068750143051147, 0.9068750143051147, 0.9068750143051147, 0.9068750143051147, 0.9068750143051147, 0.9075000286102295, 0.9059374928474426, 0.9075000286102295, 0.9071875214576721, 0.9071875214576721, 0.9071875214576721, 0.9071875214576721]}