{"loss": [0.43702492117881775, 0.08201710879802704, 0.012923660688102245, 0.029703844338655472, 0.024396631866693497, 0.02334335818886757, 0.011983174830675125, 0.034462351351976395, 0.022548435255885124, 0.03197174146771431, 0.006817804183810949, 0.013127191923558712, 0.0350651852786541, 0.02490735799074173, 0.010804655961692333, 0.025190772488713264, 0.012316890060901642, 0.030315440148115158, 0.019830875098705292, 0.020083963871002197, 0.011992168612778187, 0.024548767134547234], "accuracy": [0.9937499761581421, 0.9831249713897705, 0.9975000023841858, 0.9896875023841858, 0.9903125166893005, 0.9903125166893005, 0.995312511920929, 0.9831249713897705, 0.9896875023841858, 0.9853125214576721, 0.996874988079071, 0.9934375286102295, 0.9818750023841858, 0.9878125190734863, 0.995312511920929, 0.9878125190734863, 0.9950000047683716, 0.9846875071525574, 0.9903125166893005, 0.9921875, 0.9950000047683716, 0.9881250262260437], "val_loss": [0.6004799604415894, 0.5290545225143433, 0.49934855103492737, 0.48672550916671753, 0.4840323328971863, 0.4809073209762573, 0.4717877209186554, 0.4800819456577301, 0.4869113862514496, 0.4858936071395874, 0.47928115725517273, 0.4803672134876251, 0.49542495608329773, 0.4899350702762604, 0.4840684235095978, 0.48019519448280334, 0.4800994396209717, 0.4789055585861206, 0.48643702268600464, 0.4875483810901642, 0.480497270822525, 0.4773032069206238], "val_accuracy": [0.9068750143051147, 0.9068750143051147, 0.9068750143051147, 0.9068750143051147, 0.9068750143051147, 0.9068750143051147, 0.9068750143051147, 0.9068750143051147, 0.9068750143051147, 0.9068750143051147, 0.9068750143051147, 0.9068750143051147, 0.9068750143051147, 0.9068750143051147, 0.9068750143051147, 0.9068750143051147, 0.9068750143051147, 0.9068750143051147, 0.9068750143051147, 0.9068750143051147, 0.9068750143051147, 0.9068750143051147]}