{"loss": [0.4416835904121399, 0.10032273083925247, 0.03057764284312725, 0.04341588914394379, 0.025406820699572563, 0.02385750599205494, 0.029965247958898544, 0.029464635998010635, 0.05476982891559601, 0.025603806599974632, 0.020444804802536964, 0.0010417409939691424, 0.018982455134391785, 0.0301345344632864, 0.01228594221174717, 0.017890630289912224, 0.050197504460811615, 0.023697122931480408, 0.013673858717083931, 0.0007100343937054276, 0.022112103179097176, 0.02922055311501026, 0.013196783140301704, 0.017637822777032852, 0.025291597470641136, 0.024297816678881645, 0.007262053433805704, 0.010388392955064774], "accuracy": [0.8696874976158142, 0.9859374761581421, 0.9918749928474426, 0.9815624952316284, 0.9921875, 0.9900000095367432, 0.9871875047683716, 0.9871875047683716, 0.9753124713897705, 0.989062488079071, 0.9915624856948853, 1.0, 0.9918749928474426, 0.9862499833106995, 0.9943749904632568, 0.9921875, 0.9784374833106995, 0.989062488079071, 0.9940624833106995, 1.0, 0.9881250262260437, 0.9856250286102295, 0.9934375286102295, 0.9912499785423279, 0.9868749976158142, 0.9878125190734863, 0.9965624809265137, 0.9956250190734863], "val_loss": [0.6386162638664246, 0.5895864963531494, 0.5634589791297913, 0.5489521026611328, 0.5376960635185242, 0.5303390026092529, 0.5266894698143005, 0.5282565355300903, 0.5390836596488953, 0.5315625071525574, 0.5295461416244507, 0.523969829082489, 0.5183917880058289, 0.5273435711860657, 0.5233604311943054, 0.5216686725616455, 0.5335944294929504, 0.5410202741622925, 0.5436641573905945, 0.5388752222061157, 0.5492269396781921, 0.5636336803436279, 0.561884343624115, 0.5585439801216125, 0.5606982707977295, 0.5695574283599854, 0.5704092979431152, 0.5743743777275085], "val_accuracy": [0.9034374952316284, 0.9068750143051147, 0.9071875214576721, 0.9075000286102295, 0.9065625071525574, 0.9071875214576721, 0.9071875214576721, 0.9071875214576721, 0.9071875214576721, 0.9068750143051147, 0.9068750143051147, 0.9068750143051147, 0.9068750143051147, 0.9075000286102295, 0.9075000286102295, 0.9068750143051147, 0.9068750143051147, 0.9068750143051147, 0.9068750143051147, 0.9068750143051147, 0.9053124785423279, 0.9046875238418579, 0.9046875238418579, 0.9046875238418579, 0.9049999713897705, 0.9049999713897705, 0.9049999713897705, 0.9049999713897705]}