{"loss": [0.5962172150611877, 0.38506194949150085, 0.1871660202741623, 0.10411865264177322, 0.05868062376976013, 0.06250428408384323, 0.03270548954606056, 0.09448429197072983, 0.08622414618730545, 0.08078503608703613, 0.060137972235679626, 0.027520563453435898, 0.049399420619010925, 0.00949456263333559, 0.08513211458921432, 0.04631442949175835, 0.05312160402536392, 0.01838078163564205, 0.04351755604147911], "accuracy": [0.8387500047683716, 0.9784374833106995, 0.996874988079071, 0.9909374713897705, 0.9950000047683716, 0.9912499785423279, 0.9971874952316284, 0.9834374785423279, 0.9846875071525574, 0.9862499833106995, 0.9906250238418579, 0.9971874952316284, 0.9921875, 1.0, 0.9862499833106995, 0.9931250214576721, 0.9912499785423279, 0.9981250166893005, 0.9931250214576721], "val_loss": [0.6148662567138672, 0.4980200529098511, 0.3990830183029175, 0.378782719373703, 0.39678069949150085, 0.4202919006347656, 0.4450666010379791, 0.4326876401901245, 0.43440207839012146, 0.4269236624240875, 0.438096821308136, 0.45632290840148926, 0.46489542722702026, 0.4922858774662018, 0.46757686138153076, 0.46807196736335754, 0.464476078748703, 0.4876708984375, 0.48735281825065613], "val_accuracy": [0.9068750143051147, 0.9068750143051147, 0.9068750143051147, 0.9068750143051147, 0.9068750143051147, 0.9068750143051147, 0.9068750143051147, 0.9068750143051147, 0.9068750143051147, 0.9068750143051147, 0.9068750143051147, 0.9068750143051147, 0.9068750143051147, 0.9068750143051147, 0.9068750143051147, 0.9068750143051147, 0.9068750143051147, 0.9068750143051147, 0.9068750143051147]}