{"loss": [1.5289148092269897, 0.8942246437072754, 0.1005307286977768, 0.042778901755809784, 0.02055717259645462, 0.011820700019598007, 0.01767989993095398, 0.0025332020595669746, 0.008734401315450668, 0.010907205753028393, 0.009636582806706429, 0.022129060700535774, 0.004290112294256687, 0.005454806610941887, 0.004419678822159767, 0.008150706067681313, 0.004645134322345257, 0.004171420354396105, 0.0029773954302072525, 0.012757944874465466, 0.006021787412464619, 0.006256131920963526, 0.002115350216627121, 0.00017870269948616624, 0.013367809355258942, 0.005591175053268671, 0.004101319704204798, 0.006953757256269455, 0.0017354846931993961, 0.0025352686643600464, 0.004285153932869434, 0.009974446147680283, 0.0022656216751784086, 7.925182580947876e-05, 0.003292117500677705, 6.93586771376431e-05, 0.005247148685157299, 0.0028366371989250183, 0.0034028927329927683, 0.006439645309001207, 0.0036750794388353825, 0.0008152335067279637, 0.0074602155946195126, 0.0029389376286417246], "acurracy": [0.8868749737739563, 0.9865624904632568, 1.0, 0.995312511920929, 0.9981250166893005, 0.9987499713897705, 0.9965624809265137, 1.0, 0.9987499713897705, 0.9990624785423279, 0.9978125095367432, 0.9946874976158142, 0.9996874928474426, 0.9990624785423279, 0.9996874928474426, 0.9978125095367432, 0.9993749856948853, 0.9990624785423279, 0.9996874928474426, 0.9962499737739563, 0.9984375238418579, 0.9984375238418579, 0.9996874928474426, 1.0, 0.9959375262260437, 0.9984375238418579, 0.9990624785423279, 0.9981250166893005, 0.9993749856948853, 0.9990624785423279, 0.9990624785423279, 0.9975000023841858, 0.9993749856948853, 1.0, 0.9990624785423279, 1.0, 0.9981250166893005, 0.9990624785423279, 0.9987499713897705, 0.9978125095367432, 0.9990624785423279, 1.0, 0.9975000023841858, 0.9993749856948853], "val_loss": [1.3954349756240845, 0.8965772390365601, 1.1330513954162598, 1.0148322582244873, 0.9810882806777954, 0.9379839301109314, 0.854582667350769, 0.8884528279304504, 0.8574553728103638, 0.8055779337882996, 0.7754327654838562, 0.7208843231201172, 0.7642351388931274, 0.72222900390625, 0.7293071150779724, 0.7088783383369446, 0.6621338725090027, 0.6525568962097168, 0.6251627802848816, 0.640734076499939, 0.6625580787658691, 0.6090028285980225, 0.603315532207489, 0.5852096080780029, 0.6564979553222656, 0.6002065539360046, 0.5904500484466553, 0.6118935942649841, 0.5821369290351868, 0.6601442098617554, 0.6708845496177673, 0.6690255999565125, 0.6157816052436829, 0.60779869556427, 0.6443092823028564, 0.6163792610168457, 0.6294072270393372, 0.6529302000999451, 0.666110098361969, 0.6178062558174133, 0.6110565662384033, 0.6263048648834229, 0.5925853848457336, 0.6211544275283813], "val_acurracy": [0.6068750023841858, 0.7856249809265137, 0.8196874856948853, 0.8537499904632568, 0.8849999904632568, 0.8887500166893005, 0.8931249976158142, 0.8965625166893005, 0.8996875286102295, 0.901562511920929, 0.9049999713897705, 0.9106249809265137, 0.9065625071525574, 0.9056249856948853, 0.9090625047683716, 0.9046875238418579, 0.90625, 0.9100000262260437, 0.9068750143051147, 0.9106249809265137, 0.9131249785423279, 0.9068750143051147, 0.9100000262260437, 0.9118750095367432, 0.909375011920929, 0.9162499904632568, 0.9153125286102295, 0.9143750071525574, 0.9178125262260437, 0.9146875143051147, 0.9118750095367432, 0.9168750047683716, 0.917187511920929, 0.9181249737739563, 0.9159374833106995, 0.9168750047683716, 0.9150000214576721, 0.9118750095367432, 0.9193750023841858, 0.9146875143051147, 0.9178125262260437, 0.9140625, 0.9212499856948853, 0.9184374809265137]}