{"loss": [1.4568246603012085, 0.49343451857566833, 0.0784245952963829, 0.027646183967590332, 0.041385721415281296, 0.03660197928547859, 0.0053075398318469524, 0.029021289199590683, 0.04934565722942352, 0.020906394347548485, 0.011726303026080132, 0.010131198912858963, 0.003045390360057354, 0.012399538420140743, 0.009685815311968327, 0.0018158321036025882, 0.015339822508394718, 0.02759326994419098, 0.002132163383066654, 0.0012288452126085758, 0.020597876980900764, 0.0006341210682876408, 0.0016255113296210766, 0.000769845035392791, 0.007026829291135073, 0.0006653656018897891, 0.0006564772920683026, 0.0006298104417510331, 0.01417647022753954, 0.012066846713423729, 0.008915199898183346, 0.0005375183536671102, 0.009818735532462597, 0.013360539451241493, 0.0032673138193786144, 0.006662970874458551, 0.00025467100203968585, 0.0007439181790687144, 0.002572717610746622, 0.01135482918471098, 0.010170135647058487, 0.008906484581530094, 0.0008508401224389672, 0.005618729628622532, 0.0002793368767015636, 0.00025171131710521877, 0.0002666308428160846, 0.011658888310194016, 0.005020980257540941, 0.00036267470568418503, 0.0038368275854736567, 0.003819130128249526, 0.0022838038858026266, 0.0044353315606713295, 0.007241685874760151, 0.006127323489636183, 0.001280129887163639, 8.863143011694774e-05, 0.002551084151491523, 0.0018136210273951292, 0.00367227871902287, 0.0032567253801971674, 0.0015208192635327578], "acurracy": [0.6618750095367432, 0.9859374761581421, 0.9887499809265137, 0.9962499737739563, 0.9928125143051147, 0.9928125143051147, 1.0, 0.9921875, 0.9906250238418579, 0.9965624809265137, 0.9975000023841858, 0.996874988079071, 1.0, 0.9965624809265137, 0.9978125095367432, 1.0, 0.9959375262260437, 0.9931250214576721, 1.0, 1.0, 0.9965624809265137, 1.0, 1.0, 1.0, 0.9990624785423279, 1.0, 1.0, 1.0, 0.9956250190734863, 0.9978125095367432, 0.9981250166893005, 1.0, 0.9981250166893005, 0.9962499737739563, 0.9993749856948853, 0.9981250166893005, 1.0, 0.9996874928474426, 0.9996874928474426, 0.9975000023841858, 0.9975000023841858, 0.9971874952316284, 0.9996874928474426, 0.9975000023841858, 1.0, 1.0, 1.0, 0.9959375262260437, 0.9981250166893005, 1.0, 0.9987499713897705, 0.9993749856948853, 0.9993749856948853, 0.9987499713897705, 0.9975000023841858, 0.9978125095367432, 0.9996874928474426, 1.0, 0.9993749856948853, 0.9993749856948853, 0.9987499713897705, 0.9990624785423279, 0.9996874928474426], "val_loss": [1.42853581905365, 1.290502905845642, 1.3728915452957153, 1.407912015914917, 1.420622706413269, 1.306705117225647, 1.374000906944275, 1.2992196083068848, 1.1064544916152954, 0.9855414628982544, 0.9574271440505981, 0.9397956728935242, 0.9600502848625183, 0.9415384531021118, 0.8933919668197632, 0.8990985155105591, 0.8493868112564087, 0.716666042804718, 0.7244445085525513, 0.7634944319725037, 0.6790860891342163, 0.6488874554634094, 0.6799590587615967, 0.6883255243301392, 0.6577584743499756, 0.6555857062339783, 0.6728349924087524, 0.6694750189781189, 0.6092728972434998, 0.5281641483306885, 0.5270283222198486, 0.5321655869483948, 0.4496382772922516, 0.43927228450775146, 0.46492472290992737, 0.46117499470710754, 0.46672552824020386, 0.47432753443717957, 0.4771527349948883, 0.44649380445480347, 0.4611516296863556, 0.43172967433929443, 0.44433650374412537, 0.4399011731147766, 0.4255746901035309, 0.44133663177490234, 0.4328773021697998, 0.38838931918144226, 0.41173291206359863, 0.41194823384284973, 0.4251578450202942, 0.3950008153915405, 0.41808950901031494, 0.431255578994751, 0.42098331451416016, 0.4137001037597656, 0.4553965628147125, 0.4367755055427551, 0.4714679419994354, 0.46042317152023315, 0.4397982656955719, 0.46045562624931335, 0.4353927671909332], "val_acurracy": [0.5793750286102295, 0.5774999856948853, 0.582812488079071, 0.5990625023841858, 0.6171875, 0.6768749952316284, 0.6753125190734863, 0.7634375095367432, 0.8131250143051147, 0.8293750286102295, 0.8493750095367432, 0.8609374761581421, 0.862500011920929, 0.8665624856948853, 0.8709375262260437, 0.8734375238418579, 0.8806250095367432, 0.901562511920929, 0.9009374976158142, 0.8974999785423279, 0.9034374952316284, 0.9112499952316284, 0.9053124785423279, 0.9040625095367432, 0.9128124713897705, 0.9125000238418579, 0.9096875190734863, 0.909375011920929, 0.9146875143051147, 0.9128124713897705, 0.9112499952316284, 0.9115625023841858, 0.9112499952316284, 0.9134374856948853, 0.9118750095367432, 0.9112499952316284, 0.9143750071525574, 0.9112499952316284, 0.9118750095367432, 0.9146875143051147, 0.9212499856948853, 0.9178125262260437, 0.9165624976158142, 0.921875, 0.9212499856948853, 0.9196875095367432, 0.9228125214576721, 0.9228125214576721, 0.921875, 0.9225000143051147, 0.9206249713897705, 0.9215624928474426, 0.9196875095367432, 0.9215624928474426, 0.918749988079071, 0.921875, 0.9146875143051147, 0.9159374833106995, 0.9143750071525574, 0.9153125286102295, 0.9200000166893005, 0.9193750023841858, 0.918749988079071]}