{"loss": [1.3735729455947876, 0.668104350566864, 0.18099719285964966, 0.07588274031877518, 0.032468028366565704, 0.05166637897491455, 0.03094373270869255, 0.04073513671755791, 0.06184876337647438, 0.0522112138569355, 0.06940284371376038, 0.029872622340917587, 0.007577710319310427, 0.025953488424420357, 0.03321006894111633, 0.006317607127130032, 0.0445573516190052, 0.06364607065916061], "acurracy": [0.6806250214576721, 0.9906250238418579, 0.995312511920929, 0.9950000047683716, 1.0, 0.9937499761581421, 0.9971874952316284, 0.9959375262260437, 0.9925000071525574, 0.9921875, 0.9906250238418579, 0.9962499737739563, 1.0, 0.9965624809265137, 0.9956250190734863, 1.0, 0.9934375286102295, 0.9896875023841858], "val_loss": [1.399532675743103, 1.1027642488479614, 1.0415486097335815, 1.0854789018630981, 1.139682412147522, 1.1526730060577393, 1.183831810951233, 1.178862452507019, 1.1476612091064453, 1.1446797847747803, 1.0885471105575562, 1.1152830123901367, 1.1487598419189453, 1.1539688110351562, 1.1489038467407227, 1.1849875450134277, 1.1574500799179077, 1.095492959022522], "val_acurracy": [0.5840625166893005, 0.5834375023841858, 0.5806249976158142, 0.5731250047683716, 0.5784375071525574, 0.5778124928474426, 0.5787500143051147, 0.582812488079071, 0.5840625166893005, 0.5762500166893005, 0.5871875286102295, 0.5809375047683716, 0.5799999833106995, 0.5815625190734863, 0.5793750286102295, 0.5824999809265137, 0.578125, 0.5859375]}