{"loss": [1.3338993787765503, 0.37611591815948486, 0.05142251029610634, 0.047009993344545364, 0.04057068005204201, 0.026759352535009384, 0.00858475361019373, 0.005102701019495726, 0.04051651433110237, 0.029125360772013664, 0.018441593274474144, 0.0036196797154843807, 0.017528237774968147, 0.014319054782390594, 0.022641291841864586, 0.03998697176575661, 0.003026770893484354, 0.010725407861173153, 0.011011545546352863, 0.0052085150964558125, 0.0011775128077715635, 0.0038891853764653206, 0.0007446206291206181, 0.009052474051713943, 0.003551129950210452, 0.0050856005400419235, 0.008417724631726742, 0.002630964620038867, 0.002457911381497979, 0.004572190344333649, 0.006158979143947363, 0.008743923157453537, 0.003778807120397687, 0.0030019318219274282, 0.00032405354431830347, 0.0028784123715013266, 0.002972179092466831, 0.00993727520108223, 0.00458539417013526, 0.00651470897719264, 0.011953692883253098, 0.0026621308643370867, 0.008325307630002499, 0.0009778470266610384, 0.00033445897861383855, 0.0029358011670410633, 9.604690421838313e-05, 0.0002088543405989185, 6.897493585711345e-05], "acurracy": [0.9009374976158142, 0.9971874952316284, 1.0, 0.9928125143051147, 0.9934375286102295, 0.9962499737739563, 1.0, 1.0, 0.9915624856948853, 0.9943749904632568, 0.9984375238418579, 1.0, 0.9978125095367432, 0.9987499713897705, 0.9956250190734863, 0.9934375286102295, 1.0, 0.9990624785423279, 0.9984375238418579, 0.9993749856948853, 0.9996874928474426, 0.9996874928474426, 1.0, 0.9978125095367432, 0.9993749856948853, 0.9990624785423279, 0.9987499713897705, 0.9996874928474426, 0.9996874928474426, 0.9990624785423279, 0.9984375238418579, 0.9975000023841858, 0.9990624785423279, 0.9993749856948853, 1.0, 0.9993749856948853, 0.9990624785423279, 0.9971874952316284, 0.9987499713897705, 0.9984375238418579, 0.9965624809265137, 0.9990624785423279, 0.9978125095367432, 1.0, 1.0, 0.9987499713897705, 1.0, 1.0, 1.0], "val_loss": [1.2398401498794556, 1.2706575393676758, 1.4827672243118286, 1.4719395637512207, 1.472885251045227, 1.4091236591339111, 1.5091549158096313, 1.561342716217041, 1.368248701095581, 1.2011321783065796, 1.1179742813110352, 1.1032506227493286, 0.9914566874504089, 0.9119189381599426, 0.8162885904312134, 0.6504938006401062, 0.6533653736114502, 0.6099565625190735, 0.5647541880607605, 0.5531344413757324, 0.5575288534164429, 0.5644819736480713, 0.5770495533943176, 0.5702093243598938, 0.5245250463485718, 0.5277237892150879, 0.463510662317276, 0.4852926731109619, 0.45405715703964233, 0.456836998462677, 0.4540620744228363, 0.4296877384185791, 0.4409239590167999, 0.4130939245223999, 0.4636811316013336, 0.4710991382598877, 0.4267636239528656, 0.4315555989742279, 0.41594329476356506, 0.4360058605670929, 0.4259474277496338, 0.42363932728767395, 0.41418516635894775, 0.41693058609962463, 0.422260046005249, 0.42816677689552307, 0.42931947112083435, 0.4476766288280487, 0.4357834756374359], "val_acurracy": [0.5787500143051147, 0.5693749785423279, 0.5706250071525574, 0.6025000214576721, 0.7131249904632568, 0.7799999713897705, 0.7774999737739563, 0.7784374952316284, 0.8387500047683716, 0.8668749928474426, 0.8743749856948853, 0.8756250143051147, 0.8824999928474426, 0.8837500214576721, 0.8987500071525574, 0.9162499904632568, 0.9121875166893005, 0.9146875143051147, 0.917187511920929, 0.9159374833106995, 0.917187511920929, 0.9159374833106995, 0.9137499928474426, 0.9146875143051147, 0.9162499904632568, 0.9131249785423279, 0.9231250286102295, 0.9181249737739563, 0.9206249713897705, 0.9228125214576721, 0.9206249713897705, 0.9203125238418579, 0.9206249713897705, 0.9228125214576721, 0.917187511920929, 0.9156249761581421, 0.9209374785423279, 0.9243749976158142, 0.9240624904632568, 0.9215624928474426, 0.9212499856948853, 0.9275000095367432, 0.9240624904632568, 0.9234374761581421, 0.9200000166893005, 0.9231250286102295, 0.9237499833106995, 0.9221875071525574, 0.9209374785423279]}