{"loss": [1.330909252166748, 0.3581027090549469, 0.045570436865091324, 0.09621746838092804, 0.014419861137866974, 0.051673773676157, 0.007793860509991646, 0.07104797661304474, 0.007137503009289503, 0.11076708137989044, 0.040999479591846466, 0.007440793327987194, 0.10424597561359406, 0.033013977110385895, 0.1452699899673462, 0.06412956863641739, 0.0666298121213913, 0.0492977648973465], "acurracy": [0.6153125166893005, 0.9737499952316284, 1.0, 0.9887499809265137, 1.0, 0.9950000047683716, 1.0, 0.9928125143051147, 1.0, 0.9868749976158142, 0.9950000047683716, 1.0, 0.9862499833106995, 0.9956250190734863, 0.9771875143051147, 0.9909374713897705, 0.9896875023841858, 0.9928125143051147], "val_loss": [1.4231843948364258, 1.2811427116394043, 1.2690201997756958, 1.2941993474960327, 1.2956795692443848, 1.3060951232910156, 1.351609468460083, 1.3379930257797241, 1.385082721710205, 1.3738129138946533, 1.4083393812179565, 1.433751106262207, 1.4090254306793213, 1.4297964572906494, 1.4683754444122314, 1.5314445495605469, 1.5798439979553223, 1.6577380895614624], "val_acurracy": [0.5384374856948853, 0.5453125238418579, 0.5546875, 0.550000011920929, 0.5637500286102295, 0.5634375214576721, 0.5596874952316284, 0.5674999952316284, 0.5596874952316284, 0.565625011920929, 0.5665624737739563, 0.5674999952316284, 0.5737500190734863, 0.5728124976158142, 0.5756250023841858, 0.5746874809265137, 0.5803124904632568, 0.5762500166893005]}