{"loss": [1.3045055866241455, 0.8215019106864929, 0.3724309206008911, 0.13063128292560577, 0.10007218271493912, 0.03461822122335434, 0.042483583092689514, 0.08310158550739288, 0.034376516938209534, 0.049402132630348206, 0.033339668065309525, 0.03601269796490669, 0.05929794907569885, 0.05721896514296532, 0.02570711448788643, 0.03184710070490837, 0.023584721609950066], "acurracy": [0.862500011920929, 0.9859374761581421, 0.9881250262260437, 1.0, 0.9915624856948853, 1.0, 0.996874988079071, 0.9896875023841858, 0.9965624809265137, 0.9940624833106995, 0.9962499737739563, 0.9959375262260437, 0.9912499785423279, 0.9921875, 0.996874988079071, 0.9965624809265137, 0.9971874952316284], "val_loss": [1.500504493713379, 1.4512355327606201, 1.7095211744308472, 2.0895752906799316, 2.4121291637420654, 2.6809401512145996, 2.947918653488159, 2.9975156784057617, 3.235133409500122, 3.2937774658203125, 3.433145046234131, 3.58724308013916, 3.5966742038726807, 3.604008436203003, 3.6558456420898438, 3.7392003536224365, 3.8215715885162354], "val_acurracy": [0.5815625190734863, 0.5849999785423279, 0.5790625214576721, 0.5793750286102295, 0.5753124952316284, 0.5793750286102295, 0.5715625286102295, 0.581250011920929, 0.5731250047683716, 0.5790625214576721, 0.5771874785423279, 0.5753124952316284, 0.5765625238418579, 0.578125, 0.5834375023841858, 0.5821874737739563, 0.5837500095367432]}