{"loss": [1.3069980144500732, 0.6570551991462708, 0.18221372365951538, 0.06879954785108566, 0.07901425659656525, 0.04997202754020691, 0.013581250794231892, 0.052787188440561295, 0.055507317185401917, 0.05687098205089569, 0.05629647150635719, 0.008660541847348213, 0.039504993706941605, 0.08331553637981415, 0.04315020516514778, 0.0489097535610199, 0.06206316128373146], "acurracy": [0.809374988079071, 0.9868749976158142, 0.987500011920929, 0.9956250190734863, 0.9909374713897705, 0.9946874976158142, 1.0, 0.9921875, 0.9925000071525574, 0.9928125143051147, 0.9928125143051147, 1.0, 0.9950000047683716, 0.987500011920929, 0.9937499761581421, 0.9934375286102295, 0.9903125166893005], "val_loss": [1.3661648035049438, 1.3361362218856812, 1.7006016969680786, 2.063636302947998, 2.303169012069702, 2.5318453311920166, 2.727581739425659, 2.9247803688049316, 2.9800033569335938, 3.008486032485962, 3.1607110500335693, 3.3415098190307617, 3.350031852722168, 3.270328998565674, 3.3920717239379883, 3.4265503883361816, 3.456028938293457], "val_acurracy": [0.5824999809265137, 0.5718749761581421, 0.5809375047683716, 0.5793750286102295, 0.5762500166893005, 0.5809375047683716, 0.5843750238418579, 0.5762500166893005, 0.5818750262260437, 0.5840625166893005, 0.5731250047683716, 0.5796874761581421, 0.5831249952316284, 0.5787500143051147, 0.5790625214576721, 0.5803124904632568, 0.5809375047683716]}