{"loss": [1.517759084701538, 0.7795307636260986, 0.1036112979054451, 0.018474899232387543, 0.008575857616961002, 0.023511292412877083, 0.0037299871910363436, 0.026146406307816505, 0.0077794878743588924, 0.008091455325484276, 0.015654493123292923, 0.012631001882255077, 0.01273646205663681, 0.00984828919172287, 0.0039245812222361565, 0.010950655676424503, 0.007772176060825586, 0.009187624789774418, 0.0027111500967293978, 0.004101403523236513, 0.00219918810762465, 0.011781502515077591, 0.007748125120997429, 0.007921120151877403, 0.00941922701895237, 0.003638223046436906, 0.00783714558929205, 0.0042546819895505905, 0.002525568241253495, 0.0001396739244228229, 0.00699971430003643, 0.007194401230663061, 0.005566013976931572, 0.002745979465544224, 0.005169365555047989, 0.0017493927152827382, 0.005050311796367168, 0.004367487970739603, 0.005184726323932409, 0.0021902539301663637, 5.4627886129310355e-05, 0.0023004552349448204, 4.483994052861817e-05, 0.0020487646106630564, 0.00562116876244545, 0.00704976636916399, 5.747070099459961e-05, 0.0027094283141195774], "acurracy": [0.8296874761581421, 1.0, 0.9915624856948853, 1.0, 1.0, 0.9981250166893005, 1.0, 0.9956250190734863, 0.9981250166893005, 0.9984375238418579, 0.9971874952316284, 0.9971874952316284, 0.9981250166893005, 0.9981250166893005, 0.9996874928474426, 0.996874988079071, 0.9981250166893005, 0.9971874952316284, 0.9996874928474426, 0.9987499713897705, 0.9996874928474426, 0.996874988079071, 0.9984375238418579, 0.9978125095367432, 0.996874988079071, 0.9990624785423279, 0.9978125095367432, 0.9984375238418579, 0.9993749856948853, 1.0, 0.9975000023841858, 0.9975000023841858, 0.9984375238418579, 0.9990624785423279, 0.9987499713897705, 0.9996874928474426, 0.9987499713897705, 0.9987499713897705, 0.9987499713897705, 0.9996874928474426, 1.0, 0.9993749856948853, 1.0, 0.9990624785423279, 0.9987499713897705, 0.9984375238418579, 1.0, 0.9990624785423279], "val_loss": [1.2972018718719482, 0.9753129482269287, 1.031050682067871, 1.0917842388153076, 1.1271058320999146, 1.0263234376907349, 1.040000557899475, 0.8741095662117004, 0.8685693144798279, 0.8531948924064636, 0.8156620860099792, 0.763996958732605, 0.7141259908676147, 0.6522759199142456, 0.686618983745575, 0.6625034809112549, 0.6745209693908691, 0.6458311676979065, 0.6241523027420044, 0.651856541633606, 0.6125094294548035, 0.6410713195800781, 0.6284925937652588, 0.5856876969337463, 0.6294330358505249, 0.629564642906189, 0.6190480589866638, 0.6296234130859375, 0.6149307489395142, 0.6211251616477966, 0.6189864277839661, 0.6587768793106079, 0.5618785619735718, 0.5746852159500122, 0.6200025677680969, 0.584277868270874, 0.6062806844711304, 0.6263395547866821, 0.6405723690986633, 0.6620427966117859, 0.6065837144851685, 0.6279234290122986, 0.6347346901893616, 0.6876586675643921, 0.672639012336731, 0.6056365370750427, 0.6282770037651062, 0.6657012104988098], "val_acurracy": [0.6153125166893005, 0.7731249928474426, 0.8787500262260437, 0.887499988079071, 0.8853124976158142, 0.8856250047683716, 0.887499988079071, 0.8956249952316284, 0.893750011920929, 0.8987500071525574, 0.9028124809265137, 0.9059374928474426, 0.90625, 0.9100000262260437, 0.909375011920929, 0.9103124737739563, 0.9103124737739563, 0.9121875166893005, 0.9121875166893005, 0.9106249809265137, 0.9153125286102295, 0.9131249785423279, 0.9115625023841858, 0.9153125286102295, 0.9084374904632568, 0.9150000214576721, 0.9150000214576721, 0.9181249737739563, 0.9196875095367432, 0.921875, 0.9206249713897705, 0.9193750023841858, 0.9287499785423279, 0.9246875047683716, 0.9221875071525574, 0.9240624904632568, 0.9231250286102295, 0.9228125214576721, 0.9221875071525574, 0.9243749976158142, 0.9221875071525574, 0.9231250286102295, 0.9231250286102295, 0.9203125238418579, 0.9184374809265137, 0.9240624904632568, 0.918749988079071, 0.9225000143051147]}