{"loss": [1.529942512512207, 1.146665334701538, 0.6144006252288818, 0.26064106822013855, 0.102635957300663, 0.08471667021512985, 0.08366291970014572, 0.01886897347867489, 0.056270893663167953, 0.036768652498722076, 0.047884415835142136, 0.03926422446966171, 0.024558844044804573, 0.039008405059576035, 0.029426930472254753, 0.004922856576740742, 0.07045461982488632], "acurracy": [0.5140625238418579, 0.9862499833106995, 0.9965624809265137, 0.9859374761581421, 0.9956250190734863, 0.9925000071525574, 0.9906250238418579, 1.0, 0.9931250214576721, 0.9959375262260437, 0.9934375286102295, 0.995312511920929, 0.9971874952316284, 0.9956250190734863, 0.9965624809265137, 1.0, 0.9906250238418579], "val_loss": [1.4816293716430664, 1.3282736539840698, 1.3719162940979004, 1.625980019569397, 1.9385801553726196, 2.1024868488311768, 2.039736747741699, 2.2481954097747803, 2.199080228805542, 2.1079046726226807, 1.9997024536132812, 1.8899803161621094, 1.9085432291030884, 1.8668752908706665, 1.8491835594177246, 1.9282475709915161, 1.7411394119262695], "val_acurracy": [0.5793750286102295, 0.5793750286102295, 0.5774999856948853, 0.578125, 0.5790625214576721, 0.5778124928474426, 0.5799999833106995, 0.5790625214576721, 0.578125, 0.5724999904632568, 0.5790625214576721, 0.573437511920929, 0.5737500190734863, 0.5759375095367432, 0.5762500166893005, 0.5774999856948853, 0.5834375023841858]}