{"loss": [1.4258887767791748, 0.8600948452949524, 0.42831677198410034, 0.16206033527851105, 0.08418550342321396, 0.12710781395435333, 0.0681246966123581, 0.0638267919421196, 0.0841602236032486, 0.054724469780921936, 0.059351831674575806, 0.031489189714193344, 0.04217041656374931, 0.0990528091788292, 0.029843688011169434, 0.05839887261390686, 0.057056497782468796], "acurracy": [0.5871875286102295, 0.9956250190734863, 0.9809374809265137, 0.996874988079071, 0.996874988079071, 0.9834374785423279, 0.9937499761581421, 0.9931250214576721, 0.9893749952316284, 0.9931250214576721, 0.9925000071525574, 0.996874988079071, 0.9956250190734863, 0.9856250286102295, 0.9971874952316284, 0.9921875, 0.9921875], "val_loss": [1.4677178859710693, 1.3332867622375488, 1.462666630744934, 1.7479591369628906, 2.067124843597412, 2.266051769256592, 2.5024359226226807, 2.6112189292907715, 2.6870172023773193, 2.8317532539367676, 2.9549245834350586, 3.0791425704956055, 3.1654019355773926, 3.133396625518799, 3.189265251159668, 3.214797019958496, 3.3189148902893066], "val_acurracy": [0.5796874761581421, 0.5803124904632568, 0.5743749737739563, 0.5793750286102295, 0.5765625238418579, 0.5790625214576721, 0.5696874856948853, 0.5803124904632568, 0.5837500095367432, 0.581250011920929, 0.5765625238418579, 0.5778124928474426, 0.5740625262260437, 0.5778124928474426, 0.5790625214576721, 0.5821874737739563, 0.5746874809265137]}