{"loss": [0.6239887475967407, 0.6723231673240662, 0.6623715162277222, 0.6253549456596375, 0.45844513177871704, 0.6851357221603394, 0.5630037784576416], "acurracy": [0.8389843702316284, 0.8814062476158142, 0.8807031512260437, 0.889453113079071, 0.9242187738418579, 0.8760156035423279, 0.9002344012260437], "val_loss": [2.519092559814453, 2.317626714706421, 2.3191490173339844, 2.385209083557129, 2.5906982421875, 2.3286592960357666, 2.3301572799682617], "val_acurracy": [0.16882812976837158, 0.1693750023841858, 0.16914062201976776, 0.16804687678813934, 0.1681250035762787, 0.17015625536441803, 0.1692187488079071]}