{"loss": [0.7701127529144287, 0.36330464482307434, 0.48274219036102295, 0.5110357403755188, 0.684984564781189, 0.5222859978675842], "acurracy": [0.8154687285423279, 0.9481250047683716, 0.9235156178474426, 0.9150781035423279, 0.8739843964576721, 0.9129687547683716], "val_loss": [2.4979159832000732, 2.9281647205352783, 2.9359652996063232, 3.1050305366516113, 2.876969337463379, 3.220449447631836], "val_acurracy": [0.16796875, 0.1685156226158142, 0.16882812976837158, 0.1647656261920929, 0.16914062201976776, 0.1665624976158142]}