{"loss": [0.9806172251701355, 0.3879602551460266, 0.48135948181152344, 0.7580713629722595, 0.5681727528572083, 0.5424485802650452], "acurracy": [0.7188281416893005, 0.9382030963897705, 0.9237499833106995, 0.8558593988418579, 0.9003124833106995, 0.9067187309265137], "val_loss": [1.8878114223480225, 2.000793218612671, 2.022155284881592, 1.9933279752731323, 2.037536382675171, 2.021042823791504], "val_acurracy": [0.17265625298023224, 0.16953125596046448, 0.1674218773841858, 0.17148438096046448, 0.16960936784744263, 0.1681250035762787]}