{"loss": [0.8489122986793518, 0.4627150297164917, 0.729702889919281, 0.46267402172088623, 0.4912703335285187, 0.4818025231361389, 0.6797049045562744, 0.5162116885185242, 0.625808596611023, 0.41797566413879395, 0.5295683145523071, 0.43530112504959106, 0.3782195746898651, 0.3594745695590973, 0.44121307134628296, 0.3337295651435852], "acurracy": [0.7700781226158142, 0.9205468893051147, 0.8519531488418579, 0.9107031226158142, 0.895312488079071, 0.8853124976158142, 0.821484386920929, 0.8685156106948853, 0.8258593678474426, 0.8938281536102295, 0.8604687452316284, 0.8862500190734863, 0.9026562571525574, 0.9141406416893005, 0.880078136920929, 0.9156249761581421], "val_loss": [2.334031343460083, 2.4479897022247314, 2.0200181007385254, 1.919640064239502, 1.7114109992980957, 1.7801727056503296, 1.6310969591140747, 1.6721693277359009, 1.6215194463729858, 1.6592868566513062, 1.6008753776550293, 1.616694450378418, 1.641971230506897, 1.6834619045257568, 1.6261610984802246, 1.6700743436813354], "val_acurracy": [0.22507812082767487, 0.23718750476837158, 0.2547656297683716, 0.2596093714237213, 0.2670312523841858, 0.2608593702316284, 0.2652343809604645, 0.2679687440395355, 0.26304686069488525, 0.26609376072883606, 0.27085936069488525, 0.26484376192092896, 0.26750001311302185, 0.26484376192092896, 0.2711718678474426, 0.2674218714237213]}