{"loss": [0.617611289024353, 0.6085147261619568, 0.6712459325790405, 0.39183157682418823, 0.4540150463581085, 0.2695207893848419, 0.2861008942127228, 0.4459407925605774, 0.36753594875335693, 0.3055029809474945], "acurracy": [0.8725781440734863, 0.8817968964576721, 0.8467968702316284, 0.9107031226158142, 0.8771874904632568, 0.9321093559265137, 0.9203125238418579, 0.858593761920929, 0.8828906416893005, 0.9028124809265137], "val_loss": [2.269280195236206, 2.0711326599121094, 1.595770001411438, 1.5488407611846924, 1.5008906126022339, 1.5840553045272827, 1.6307158470153809, 1.57810378074646, 1.5948337316513062, 1.6068264245986938], "val_acurracy": [0.18687500059604645, 0.267578125, 0.30296874046325684, 0.30765625834465027, 0.3263281285762787, 0.33101561665534973, 0.3318749964237213, 0.3394531309604645, 0.3442968726158142, 0.3387500047683716]}