{"loss": [1.214025616645813, 0.6622889041900635, 0.4650096595287323, 0.43290770053863525, 0.3081141710281372, 0.3362659513950348, 0.34504929184913635, 0.2534026801586151, 0.4270824193954468, 0.3401029109954834, 0.29468029737472534, 0.31208986043930054, 0.4643455147743225, 0.17534542083740234, 0.3267562985420227, 0.30797600746154785, 0.21284884214401245, 0.2665746808052063, 0.22147348523139954, 0.3212880790233612, 0.24343638122081757, 0.2553060054779053, 0.36365675926208496, 0.24356487393379211, 0.15659593045711517, 0.2215481549501419, 0.17398861050605774, 0.19389955699443817, 0.22615352272987366, 0.162104994058609, 0.20646606385707855, 0.1833832710981369, 0.1363767385482788, 0.13715314865112305], "acurracy": [0.6385937333106995, 0.8610937595367432, 0.9065625071525574, 0.9092187285423279, 0.9354687333106995, 0.9207812547683716, 0.9095312356948853, 0.9315624833106995, 0.8663281202316284, 0.8951562643051147, 0.9053906202316284, 0.8979687690734863, 0.8391406536102295, 0.9481250047683716, 0.8877343535423279, 0.893750011920929, 0.9275781512260437, 0.9064062237739563, 0.9204687476158142, 0.8771093487739563, 0.9092968702316284, 0.8996875286102295, 0.8507031202316284, 0.9030468463897705, 0.9384375214576721, 0.9077343940734863, 0.9300781488418579, 0.9185937643051147, 0.9032812714576721, 0.9303905963897705, 0.9078124761581421, 0.9180468916893005, 0.9391406178474426, 0.938281238079071], "val_loss": [2.165963649749756, 1.9706469774246216, 2.0261075496673584, 1.8032971620559692, 1.7673333883285522, 1.608156681060791, 1.6349809169769287, 1.571864128112793, 1.5331072807312012, 1.5123263597488403, 1.544256567955017, 1.5125395059585571, 1.4695628881454468, 1.4927315711975098, 1.476173996925354, 1.408544898033142, 1.4048010110855103, 1.3894283771514893, 1.3973422050476074, 1.361897587776184, 1.3630717992782593, 1.3363986015319824, 1.319973349571228, 1.3113077878952026, 1.3380258083343506, 1.306039571762085, 1.3161988258361816, 1.3483688831329346, 1.2739030122756958, 1.2970280647277832, 1.3341128826141357, 1.291245460510254, 1.3345664739608765, 1.2917323112487793], "val_acurracy": [0.1873437464237213, 0.2737500071525574, 0.2947656214237213, 0.31812500953674316, 0.32679688930511475, 0.3332812488079071, 0.3316406309604645, 0.33320313692092896, 0.3304687440395355, 0.3331249952316284, 0.33421874046325684, 0.330078125, 0.3323437571525574, 0.34132811427116394, 0.3321875035762787, 0.33421874046325684, 0.3260156214237213, 0.3335937559604645, 0.3328906297683716, 0.33835938572883606, 0.3350781202316284, 0.33671873807907104, 0.3359375, 0.33476561307907104, 0.33546873927116394, 0.33601561188697815, 0.33031249046325684, 0.3182031214237213, 0.33617186546325684, 0.3295312523841858, 0.3362500071525574, 0.33406248688697815, 0.3314843773841858, 0.3249218761920929]}