{"loss": [0.5027527809143066, 0.061566077172756195, 0.05844558775424957, 0.04409874975681305, 0.007565660867840052, 0.04769949987530708, 0.09796206653118134, 0.00781207624822855, 0.03470635414123535, 0.04213748127222061, 0.042301785200834274, 0.02166343852877617, 0.02335837110877037, 0.0287526436150074, 0.04627801850438118, 0.006782472599297762, 0.02120928466320038, 0.003479267004877329, 0.04190206155180931, 0.02344840206205845], "acurracy": [0.8459374904632568, 0.9959375262260437, 0.9934375286102295, 0.995312511920929, 1.0, 0.9940624833106995, 0.9859374761581421, 0.9996874928474426, 0.9959375262260437, 0.9943749904632568, 0.9940624833106995, 0.9975000023841858, 0.9965624809265137, 0.9962499737739563, 0.9912499785423279, 0.9996874928474426, 0.996874988079071, 1.0, 0.9925000071525574, 0.9962499737739563], "val_loss": [1.704304814338684, 1.8018591403961182, 1.7411036491394043, 1.7646493911743164, 1.8361690044403076, 1.6738086938858032, 1.338332176208496, 1.4358538389205933, 1.4193551540374756, 1.310379147529602, 1.145347237586975, 1.2324211597442627, 1.1494187116622925, 1.1065759658813477, 0.9631640911102295, 1.0876376628875732, 1.1341886520385742, 1.1534310579299927, 0.9811477065086365, 1.0232551097869873], "val_acurracy": [0.42656248807907104, 0.48218750953674316, 0.5159375071525574, 0.5318750143051147, 0.542187511920929, 0.5487499833106995, 0.5653125047683716, 0.5696874856948853, 0.5628125071525574, 0.5843750238418579, 0.6271874904632568, 0.6112499833106995, 0.6309375166893005, 0.6387500166893005, 0.6974999904632568, 0.6706249713897705, 0.6618750095367432, 0.6621875166893005, 0.7206249833106995, 0.7137500047683716]}