{"loss": [0.2508507966995239, 0.0993085503578186, 0.04212156683206558, 0.028576776385307312, 0.03481438755989075, 0.09149694442749023], "acurracy": [0.9487500190734863, 0.9871875047683716, 0.9959375262260437, 0.9971874952316284, 0.9959375262260437, 0.9878125190734863], "val_loss": [1.5582892894744873, 1.8167479038238525, 1.9617880582809448, 2.168259620666504, 2.3189032077789307, 2.4213407039642334], "val_acurracy": [0.5762500166893005, 0.5746874809265137, 0.5840625166893005, 0.5756250023841858, 0.5728124976158142, 0.5778124928474426]}