{"loss": [0.38722243905067444, 0.03197765722870827, 0.1619005799293518, 0.013438683934509754, 0.008159033954143524, 0.03218236193060875], "acurracy": [0.8956249952316284, 1.0, 0.979687511920929, 1.0, 1.0, 0.9965624809265137], "val_loss": [1.093705415725708, 1.169156551361084, 1.4099147319793701, 1.558903694152832, 1.7279503345489502, 1.839208722114563], "val_acurracy": [0.5790625214576721, 0.5768749713897705, 0.5756250023841858, 0.5843750238418579, 0.5821874737739563, 0.582812488079071]}