{"loss": [0.1386159360408783, 0.037369441241025925, 0.02449149638414383, 0.035266753286123276, 0.0029378551989793777, 0.0177141185849905, 0.038643211126327515, 0.023333461955189705, 0.0021650255657732487, 0.01520149502903223, 0.056769803166389465, 0.05014896020293236, 0.03228278458118439, 0.0084756538271904, 0.025760259479284286, 0.02188972942531109, 0.03482164070010185, 0.038263991475105286, 0.02451934665441513, 0.013287392444908619, 0.017687378451228142, 0.009415201842784882, 0.018211480230093002, 0.017329566180706024, 0.0072570424526929855, 0.008390668779611588, 0.0009203010704368353, 0.021030547097325325, 0.006565375719219446, 0.05388685315847397, 0.026155950501561165, 0.0028087259270250797, 0.03843066096305847, 0.028073998168110847, 0.019398780539631844, 0.04603344947099686, 0.014206751249730587, 0.0202926117926836, 0.004356682300567627], "acurracy": [0.9793750047683716, 0.9959375262260437, 0.9971874952316284, 0.9950000047683716, 1.0, 0.996874988079071, 0.9943749904632568, 0.9962499737739563, 1.0, 0.9965624809265137, 0.9887499809265137, 0.9881250262260437, 0.9937499761581421, 0.9975000023841858, 0.9946874976158142, 0.9928125143051147, 0.9900000095367432, 0.9915624856948853, 0.9950000047683716, 0.9971874952316284, 0.9965624809265137, 0.9978125095367432, 0.9975000023841858, 0.9965624809265137, 0.9981250166893005, 0.9975000023841858, 1.0, 0.9962499737739563, 0.9984375238418579, 0.987500011920929, 0.9940624833106995, 1.0, 0.9887499809265137, 0.9903125166893005, 0.9943749904632568, 0.9903125166893005, 0.9975000023841858, 0.9950000047683716, 0.9990624785423279], "val_loss": [0.8175984025001526, 0.8115315437316895, 0.799308717250824, 0.8042116761207581, 0.8051186203956604, 0.7838778495788574, 0.7317326068878174, 0.6964111328125, 0.7236714363098145, 0.6880796551704407, 0.6350948810577393, 0.606351912021637, 0.579501748085022, 0.5853073596954346, 0.56345534324646, 0.5517296195030212, 0.5396531224250793, 0.5325853824615479, 0.5300330519676208, 0.5414654016494751, 0.5709737539291382, 0.5534540414810181, 0.5380637645721436, 0.5286250710487366, 0.5357329845428467, 0.5191794037818909, 0.5467990040779114, 0.5354068875312805, 0.5066077709197998, 0.5009026527404785, 0.508531928062439, 0.5133882761001587, 0.4860706627368927, 0.46089625358581543, 0.4883560538291931, 0.4848262667655945, 0.4770837426185608, 0.48237350583076477, 0.4748087227344513], "val_acurracy": [0.6584374904632568, 0.6790624856948853, 0.6903125047683716, 0.7059375047683716, 0.7203124761581421, 0.7434375286102295, 0.7690625190734863, 0.7931249737739563, 0.7853124737739563, 0.8028125166893005, 0.8218749761581421, 0.8293750286102295, 0.8343750238418579, 0.8334375023841858, 0.839062511920929, 0.8443750143051147, 0.8424999713897705, 0.8381249904632568, 0.8443750143051147, 0.8403124809265137, 0.8334375023841858, 0.8365625143051147, 0.8378124833106995, 0.8412500023841858, 0.8349999785423279, 0.8381249904632568, 0.8324999809265137, 0.8337500095367432, 0.8456249833106995, 0.8378124833106995, 0.8356249928474426, 0.8393750190734863, 0.8415625095367432, 0.846875011920929, 0.8353124856948853, 0.8374999761581421, 0.8396875262260437, 0.840624988079071, 0.8431249856948853]}