{"loss": [0.6995853185653687, 0.06969345360994339, 0.06724412739276886, 0.07645054906606674, 0.014149398542940617, 0.03581421822309494], "acurracy": [0.7640625238418579, 0.9959375262260437, 0.9937499761581421, 0.9906250238418579, 1.0, 0.996874988079071], "val_loss": [1.004950761795044, 1.0364255905151367, 1.162243366241455, 1.3309248685836792, 1.4999432563781738, 1.6435034275054932], "val_acurracy": [0.606249988079071, 0.582812488079071, 0.5793750286102295, 0.5768749713897705, 0.5737500190734863, 0.5784375071525574]}