{"loss": [0.5384905934333801, 0.07402181625366211, 0.041779376566410065, 0.05300639569759369, 0.011144746094942093, 0.032693393528461456], "acurracy": [0.8293750286102295, 0.9931250214576721, 0.9965624809265137, 0.9937499761581421, 0.9993749856948853, 0.9959375262260437], "val_loss": [0.9811940789222717, 1.1634751558303833, 1.357469081878662, 1.5095608234405518, 1.6884150505065918, 1.864789605140686], "val_acurracy": [0.5803124904632568, 0.5756250023841858, 0.5815625190734863, 0.5843750238418579, 0.5859375, 0.5737500190734863]}