{"loss": [0.28584393858909607, 0.09321321547031403, 0.03202773630619049, 0.029502127319574356, 0.051860615611076355, 0.005057116970419884, 0.02852053940296173, 0.0033528972417116165, 0.07923605293035507, 0.022028477862477303, 0.02860875427722931, 0.02238485775887966, 0.002343925181776285, 0.0017971544293686748, 0.04105040058493614, 0.00984127912670374, 0.06708922237157822, 0.004770155064761639, 0.02168291062116623, 0.036443546414375305, 0.043926216661930084, 0.0133788101375103, 0.0017339567421004176, 0.043681882321834564, 0.016661327332258224, 0.01569717936217785, 0.01091533899307251, 0.01894454099237919, 0.012731684371829033, 0.001514822244644165, 0.008291460573673248, 0.010472015477716923, 0.0007683724397793412, 0.020985707640647888], "acurracy": [0.9284374713897705, 0.9856250286102295, 0.995312511920929, 0.9959375262260437, 0.9909374713897705, 1.0, 0.9946874976158142, 1.0, 0.9828125238418579, 0.9950000047683716, 0.9931250214576721, 0.9937499761581421, 1.0, 1.0, 0.9909374713897705, 0.9975000023841858, 0.9831249713897705, 0.9996874928474426, 0.9940624833106995, 0.9918749928474426, 0.9903125166893005, 0.9962499737739563, 1.0, 0.9900000095367432, 0.9965624809265137, 0.9971874952316284, 0.9981250166893005, 0.995312511920929, 0.996874988079071, 1.0, 0.9984375238418579, 0.9975000023841858, 1.0, 0.9950000047683716], "val_loss": [2.233222723007202, 2.09934139251709, 2.059072971343994, 2.0126428604125977, 1.670748233795166, 1.6908527612686157, 1.5502506494522095, 1.593866229057312, 1.1532748937606812, 1.1181641817092896, 1.0452998876571655, 1.0326032638549805, 1.0606207847595215, 1.1488220691680908, 0.9225110411643982, 0.9363269805908203, 0.8002903461456299, 0.8279708027839661, 0.7929182648658752, 0.7220476269721985, 0.6833259463310242, 0.7397968173027039, 0.7336052060127258, 0.6449475288391113, 0.6639007329940796, 0.6712207794189453, 0.7023072838783264, 0.6687934994697571, 0.6431465148925781, 0.6869281530380249, 0.661699116230011, 0.6788123250007629, 0.7042158246040344, 0.6576963663101196], "val_acurracy": [0.26093751192092896, 0.34437501430511475, 0.35843750834465027, 0.3675000071525574, 0.4506250023841858, 0.46562498807907104, 0.49812498688697815, 0.4971874952316284, 0.6243749856948853, 0.6487500071525574, 0.6756250262260437, 0.6806250214576721, 0.6756250262260437, 0.6565625071525574, 0.7250000238418579, 0.7253124713897705, 0.760937511920929, 0.7549999952316284, 0.7615625262260437, 0.78125, 0.7943750023841858, 0.7734375, 0.7784374952316284, 0.8056250214576721, 0.7959374785423279, 0.7981250286102295, 0.7862499952316284, 0.7943750023841858, 0.8012499809265137, 0.7953125238418579, 0.7940624952316284, 0.7896875143051147, 0.7875000238418579, 0.7981250286102295]}