{"loss": [0.6820012927055359, 0.11784046143293381, 0.08295890688896179, 0.040808167308568954, 0.12386894226074219, 0.08159270137548447], "acurracy": [0.7662500143051147, 0.9862499833106995, 0.9915624856948853, 0.9962499737739563, 0.9837499856948853, 0.989062488079071], "val_loss": [1.5803396701812744, 1.628931999206543, 1.651261568069458, 1.6490527391433716, 1.7460154294967651, 1.8169807195663452], "val_acurracy": [0.1899999976158142, 0.11874999850988388, 0.10531249642372131, 0.1171875, 0.09781250357627869, 0.10531249642372131]}