{"loss": [0.2688344120979309, 0.053547587245702744, 0.05524463579058647, 0.03145681321620941, 0.060777731239795685, 0.043485816568136215, 0.02714489959180355, 0.004821071866899729, 0.02496906742453575, 0.014694350771605968, 0.020791413262486458, 0.026556171476840973, 0.05186465382575989, 0.029359120875597, 0.01747426949441433, 0.003262910759076476, 0.023752354085445404, 0.03168516978621483, 0.02006779983639717, 0.014308490790426731, 0.019261928275227547, 0.022598572075366974, 0.017526939511299133, 0.013580129481852055, 0.006975970230996609, 0.03594321385025978, 0.00510440394282341, 0.014299917966127396, 0.013480844907462597, 0.020001070573925972, 0.013919047079980373], "acurracy": [0.9275000095367432, 0.9931250214576721, 0.9903125166893005, 0.9956250190734863, 0.9884374737739563, 0.9928125143051147, 0.9956250190734863, 1.0, 0.9962499737739563, 0.9978125095367432, 0.9962499737739563, 0.9943749904632568, 0.9893749952316284, 0.9921875, 0.996874988079071, 0.9993749856948853, 0.9946874976158142, 0.9921875, 0.9965624809265137, 0.9962499737739563, 0.9965624809265137, 0.9959375262260437, 0.996874988079071, 0.996874988079071, 0.9981250166893005, 0.9896875023841858, 0.9984375238418579, 0.9959375262260437, 0.9959375262260437, 0.9946874976158142, 0.9975000023841858], "val_loss": [1.055666446685791, 0.9933460354804993, 0.8634253144264221, 0.847096860408783, 0.7218969464302063, 0.6711182594299316, 0.6666837334632874, 0.6647674441337585, 0.6579463481903076, 0.629464864730835, 0.6161060929298401, 0.5867587327957153, 0.544529139995575, 0.5518324971199036, 0.5348067283630371, 0.5490953326225281, 0.5156975984573364, 0.5132189393043518, 0.5038976073265076, 0.5069034099578857, 0.517094075679779, 0.5128159523010254, 0.486013799905777, 0.48173630237579346, 0.49086257815361023, 0.4563851058483124, 0.46368828415870667, 0.4786050021648407, 0.45704934000968933, 0.4700634479522705, 0.47929513454437256], "val_acurracy": [0.5590624809265137, 0.5609375238418579, 0.5996875166893005, 0.6156250238418579, 0.7328125238418579, 0.7753124833106995, 0.7831249833106995, 0.7856249809265137, 0.7956249713897705, 0.8131250143051147, 0.8181250095367432, 0.8365625143051147, 0.8578125238418579, 0.8550000190734863, 0.8587499856948853, 0.8478124737739563, 0.8600000143051147, 0.8609374761581421, 0.8603125214576721, 0.8628125190734863, 0.8606250286102295, 0.8631250262260437, 0.870312511920929, 0.8696874976158142, 0.8618749976158142, 0.8740624785423279, 0.871874988079071, 0.8715624809265137, 0.8706250190734863, 0.8687499761581421, 0.8687499761581421]}