{"loss": [0.4516993761062622, 0.03390096500515938, 0.08884694427251816, 0.013473347760736942, 0.042183443903923035, 0.006973928771913052, 0.03469584882259369, 0.004162145312875509, 0.06182728335261345], "acurracy": [0.8606250286102295, 0.9996874928474426, 0.9915624856948853, 1.0, 0.9959375262260437, 1.0, 0.9965624809265137, 1.0, 0.9934375286102295], "val_loss": [1.648138165473938, 1.6287202835083008, 1.6434446573257446, 1.6035493612289429, 1.6301252841949463, 1.61130952835083, 1.6739240884780884, 1.6999708414077759, 1.7244147062301636], "val_acurracy": [0.41593751311302185, 0.49406251311302185, 0.518750011920929, 0.5668749809265137, 0.5690624713897705, 0.5834375023841858, 0.5759375095367432, 0.5746874809265137, 0.5803124904632568]}