{"loss": [0.46146833896636963, 0.040605753660202026, 0.054239630699157715, 0.011096635833382607, 0.11225056648254395, 0.07731553912162781, 0.02798462100327015, 0.058881163597106934, 0.03281986713409424, 0.025036273524165154, 0.02017422951757908, 0.04342200234532356, 0.005057185422629118, 0.02791915461421013], "acurracy": [0.8550000190734863, 0.9990624785423279, 0.9943749904632568, 0.9996874928474426, 0.9846875071525574, 0.9878125190734863, 0.9965624809265137, 0.9896875023841858, 0.9959375262260437, 0.9959375262260437, 0.996874988079071, 0.9912499785423279, 1.0, 0.9962499737739563], "val_loss": [0.9932251572608948, 0.9743188619613647, 0.9474138617515564, 1.0268347263336182, 0.8423192501068115, 0.7084017992019653, 0.6969170570373535, 0.644100546836853, 0.6253808736801147, 0.6491530537605286, 0.6471796631813049, 0.6325745582580566, 0.6414405703544617, 0.6424530744552612], "val_acurracy": [0.5796874761581421, 0.5746874809265137, 0.589062511920929, 0.5796874761581421, 0.6371874809265137, 0.7778124809265137, 0.7837499976158142, 0.854687511920929, 0.8618749976158142, 0.8575000166893005, 0.8637499809265137, 0.859375, 0.8596875071525574, 0.8531249761581421]}