{"loss": [0.687557578086853, 0.09794577956199646, 0.023762552067637444, 0.044215504080057144, 0.04779868200421333, 0.007994224317371845], "acurracy": [0.7706249952316284, 0.9906250238418579, 0.9996874928474426, 0.9956250190734863, 0.9943749904632568, 1.0], "val_loss": [1.221847653388977, 1.2263076305389404, 1.3049325942993164, 1.471580147743225, 1.6346381902694702, 1.7323508262634277], "val_acurracy": [0.5778124928474426, 0.5809375047683716, 0.5862500071525574, 0.5821874737739563, 0.5768749713897705, 0.5778124928474426]}