{"loss": [1.2000648975372314, 0.1808738112449646, 0.01410145778208971, 0.06224406138062477, 0.003275474300608039, 0.014494775794446468, 0.03771374747157097, 0.000930453825276345, 0.000681187491863966, 0.013068470172584057, 0.034386709332466125, 0.012435435317456722, 0.0003514314303174615, 0.041348859667778015, 0.009396547451615334, 0.00027153908740729094], "acurracy": [0.8571875095367432, 0.987500011920929, 1.0, 0.9825000166893005, 1.0, 0.995312511920929, 0.9871875047683716, 1.0, 1.0, 0.9956250190734863, 0.9900000095367432, 0.9962499737739563, 1.0, 0.9881250262260437, 0.9978125095367432, 1.0], "val_loss": [1.6957027912139893, 2.611427068710327, 3.1151833534240723, 3.576011896133423, 3.8107590675354004, 4.0720014572143555, 4.3470611572265625, 4.571211338043213, 4.73727560043335, 4.928408622741699, 5.310052871704102, 5.422140598297119, 5.58033561706543, 5.81683349609375, 5.883322715759277, 5.880771636962891], "val_acurracy": [0.35593751072883606, 0.3824999928474426, 0.37687501311302185, 0.40312498807907104, 0.4124999940395355, 0.4137499928474426, 0.3890624940395355, 0.3968749940395355, 0.3971875011920929, 0.37437498569488525, 0.23000000417232513, 0.20218749344348907, 0.1928125023841858, 0.17374999821186066, 0.16968749463558197, 0.17218750715255737]}