{"loss": [1.243528962135315, 0.1995501071214676, 0.02541654370725155, 0.01724960096180439, 0.03110993467271328, 0.009793326258659363, 0.02304702065885067, 0.03623386099934578, 0.0007697333348914981, 0.01771065965294838, 0.00045597064308822155, 0.00037392269587144256, 0.009261958301067352, 0.0325198769569397, 0.007298250682651997, 0.01550148706883192], "acurracy": [0.9878125190734863, 0.9909374713897705, 0.9959375262260437, 0.9950000047683716, 0.9896875023841858, 0.996874988079071, 0.9928125143051147, 0.987500011920929, 1.0, 0.9921875, 1.0, 1.0, 0.9962499737739563, 0.9906250238418579, 0.9975000023841858, 0.9950000047683716], "val_loss": [1.311684250831604, 1.5810332298278809, 1.8014694452285767, 1.8964587450027466, 1.893294095993042, 2.005646228790283, 1.9100353717803955, 1.9009257555007935, 1.9557996988296509, 1.9265632629394531, 1.966360330581665, 1.9775599241256714, 2.0114755630493164, 1.8656214475631714, 1.9915176630020142, 1.9603376388549805], "val_acurracy": [0.5746874809265137, 0.5790625214576721, 0.5771874785423279, 0.5784375071525574, 0.5815625190734863, 0.5809375047683716, 0.582812488079071, 0.629687488079071, 0.6206250190734863, 0.7931249737739563, 0.7856249809265137, 0.7743750214576721, 0.8521875143051147, 0.8534374833106995, 0.8418750166893005, 0.8359375]}