{"loss": [1.519485592842102, 1.047629475593567, 0.5000613927841187, 0.2095499187707901, 0.1236385926604271, 0.08440446853637695, 0.10105974227190018, 0.07160761952400208, 0.03704231604933739, 0.10961639136075974, 0.10462169349193573, 0.0373593308031559, 0.03680112957954407, 0.048064276576042175, 0.01033325307071209, 0.05670560896396637, 0.029931658878922462, 0.05406233295798302], "acurracy": [0.4490624964237213, 0.9659374952316284, 1.0, 0.9928125143051147, 0.9912499785423279, 0.9928125143051147, 0.987500011920929, 0.9915624856948853, 0.9965624809265137, 0.9837499856948853, 0.9846875071525574, 0.9956250190734863, 0.9956250190734863, 0.9937499761581421, 1.0, 0.9918749928474426, 0.995312511920929, 0.9918749928474426], "val_loss": [1.5237507820129395, 1.355168342590332, 1.3018168210983276, 1.4742332696914673, 1.7038449048995972, 1.9013915061950684, 2.096515417098999, 2.2386231422424316, 2.4169833660125732, 2.4990313053131104, 2.528536319732666, 2.713528633117676, 2.774308681488037, 2.8398735523223877, 2.9892418384552, 3.044727087020874, 3.170060396194458, 3.271538019180298], "val_acurracy": [0.5799999833106995, 0.5871875286102295, 0.5809375047683716, 0.578125, 0.5774999856948853, 0.5796874761581421, 0.5787500143051147, 0.5806249976158142, 0.5778124928474426, 0.5756250023841858, 0.5843750238418579, 0.5737500190734863, 0.5784375071525574, 0.5831249952316284, 0.5799999833106995, 0.5818750262260437, 0.5818750262260437, 0.5787500143051147]}