{"loss": [1.4694664478302002, 0.5388233065605164, 0.03168299049139023, 0.01725667528808117, 0.015142261050641537, 0.012207121588289738, 0.0017789468402042985, 0.03009345382452011, 0.00814882479608059, 0.010547913610935211, 0.023722028359770775, 0.014783755876123905, 0.04598928987979889, 0.0010434113210067153, 0.0007262133294716477, 0.0005895575741305947], "acurracy": [0.9574999809265137, 0.989062488079071, 1.0, 0.9965624809265137, 0.9959375262260437, 0.9971874952316284, 1.0, 0.9903125166893005, 0.9971874952316284, 0.9956250190734863, 0.9909374713897705, 0.9962499737739563, 0.984375, 1.0, 1.0, 1.0], "val_loss": [1.2846403121948242, 1.8038374185562134, 2.372316360473633, 2.5163750648498535, 2.8340134620666504, 2.8353891372680664, 2.9893229007720947, 2.947654962539673, 3.0872011184692383, 3.3232953548431396, 3.259840965270996, 3.02520751953125, 2.9726450443267822, 3.1597564220428467, 3.2552690505981445, 3.2445671558380127], "val_acurracy": [0.7803124785423279, 0.8040624856948853, 0.7940624952316284, 0.7987499833106995, 0.7918750047683716, 0.5746874809265137, 0.5718749761581421, 0.5209375023841858, 0.5253124833106995, 0.5115625262260437, 0.5103124976158142, 0.5190625190734863, 0.5209375023841858, 0.5178124904632568, 0.5184375047683716, 0.5274999737739563]}