{"loss": [1.0218685865402222, 0.10469786822795868, 0.025353629142045975, 0.005168116185814142, 0.0025986377149820328, 0.02730090543627739, 0.010881762951612473, 0.03956638649106026, 0.024203719571232796, 0.01658378541469574, 0.018664395436644554, 0.020353445783257484, 0.005846528336405754, 0.0002139924035873264, 0.01790464110672474, 0.019819224253296852], "acurracy": [0.9284374713897705, 0.9943749904632568, 0.9962499737739563, 1.0, 1.0, 0.9928125143051147, 0.9978125095367432, 0.9909374713897705, 0.995312511920929, 0.9962499737739563, 0.9937499761581421, 0.9937499761581421, 0.9987499713897705, 1.0, 0.9959375262260437, 0.9959375262260437], "val_loss": [1.7064945697784424, 2.405179023742676, 2.771975040435791, 2.9978580474853516, 3.1825432777404785, 3.4963910579681396, 3.703263521194458, 4.185525417327881, 4.498091220855713, 4.697258472442627, 4.7733941078186035, 4.749591827392578, 4.919905662536621, 5.030206680297852, 5.171385288238525, 5.135247707366943], "val_acurracy": [0.550000011920929, 0.5684375166893005, 0.5543749928474426, 0.5612499713897705, 0.5646874904632568, 0.5240625143051147, 0.4534375071525574, 0.28125, 0.2290624976158142, 0.20656250417232513, 0.1993750035762787, 0.18593749403953552, 0.18031249940395355, 0.17906250059604645, 0.1706250011920929, 0.16437500715255737]}