{"loss": [1.4893455505371094, 0.9831562042236328, 0.44805556535720825, 0.1838635951280594, 0.11430327594280243, 0.11099331825971603, 0.045405130833387375, 0.08835738152265549, 0.042737752199172974, 0.06860299408435822, 0.03570594638586044, 0.06280487775802612, 0.08296490460634232, 0.11345825344324112, 0.07398856431245804, 0.08713598549365997, 0.047024186700582504, 0.02638445794582367], "acurracy": [0.33156248927116394, 0.953125, 0.9975000023841858, 0.9962499737739563, 0.9912499785423279, 0.9865624904632568, 0.9975000023841858, 0.9881250262260437, 0.9959375262260437, 0.9906250238418579, 0.9965624809265137, 0.9906250238418579, 0.9871875047683716, 0.9803125262260437, 0.9881250262260437, 0.9853125214576721, 0.9921875, 0.9971874952316284], "val_loss": [1.412264108657837, 1.177532434463501, 1.093571662902832, 1.230816125869751, 1.4134013652801514, 1.5579077005386353, 1.7074127197265625, 1.8615833520889282, 1.9784282445907593, 2.085283041000366, 2.1500401496887207, 2.2660045623779297, 2.3222954273223877, 2.3612308502197266, 2.4676384925842285, 2.497129440307617, 2.6032445430755615, 2.7069320678710938], "val_acurracy": [0.5868750214576721, 0.5765625238418579, 0.5746874809265137, 0.5753124952316284, 0.5787500143051147, 0.5846874713897705, 0.5862500071525574, 0.5796874761581421, 0.5787500143051147, 0.5765625238418579, 0.5834375023841858, 0.5799999833106995, 0.581250011920929, 0.5840625166893005, 0.5806249976158142, 0.5806249976158142, 0.5768749713897705, 0.5803124904632568]}