{"loss": [1.4937843084335327, 0.6751306056976318, 0.052572622895240784, 0.024974634870886803, 0.02973633073270321, 0.029768185690045357, 0.0023301306646317244, 0.009698985144495964, 0.0322217121720314, 0.025457244366407394, 0.00120880629401654, 0.021371133625507355, 0.0008111253846436739, 0.009502432309091091, 0.008904513902962208, 0.02577681839466095], "acurracy": [0.942187488079071, 1.0, 1.0, 0.9956250190734863, 0.9896875023841858, 0.9918749928474426, 1.0, 0.9959375262260437, 0.9884374737739563, 0.9909374713897705, 1.0, 0.9956250190734863, 1.0, 0.9975000023841858, 0.9971874952316284, 0.9925000071525574], "val_loss": [1.461876392364502, 1.9658894538879395, 2.592287302017212, 2.7337396144866943, 2.8860983848571777, 2.969752788543701, 2.9779326915740967, 3.010105609893799, 3.0948431491851807, 2.920421838760376, 2.9225594997406006, 2.8545608520507812, 2.980106830596924, 2.8633127212524414, 2.8662896156311035, 2.793185234069824], "val_acurracy": [0.5112500190734863, 0.5674999952316284, 0.5737500190734863, 0.5799999833106995, 0.5862500071525574, 0.6568750143051147, 0.7331249713897705, 0.8149999976158142, 0.8153125047683716, 0.809374988079071, 0.8165624737739563, 0.8168749809265137, 0.817187488079071, 0.8178125023841858, 0.8109375238418579, 0.8153125047683716]}