{"loss": [1.4954407215118408, 1.1053531169891357, 0.4536242187023163, 0.1055746078491211, 0.042646173387765884, 0.06429872661828995, 0.037506941705942154, 0.04327106103301048, 0.01667909510433674, 0.01679849624633789, 0.003742524655535817, 0.0024157727602869272, 0.027362192049622536, 0.002302351174876094, 0.02212616428732872, 0.017819348722696304, 0.022588515654206276, 0.01686999946832657, 0.010782272554934025, 0.007401873357594013, 0.010115964338183403, 0.008586267940700054, 0.009035203605890274, 0.0102054039016366, 0.018780097365379333, 0.006785341538488865, 0.006949083413928747, 0.021678514778614044, 0.016258342191576958, 0.0006840711575932801, 0.025567298755049706, 0.011207319796085358, 0.00976825226098299, 0.012469518929719925, 0.0006279011722654104, 0.0005371793522499502, 0.0057042683474719524, 0.0003667568089440465, 0.00028294793446548283, 0.004707717336714268, 0.010180545970797539, 0.009090349078178406, 0.005670177284628153, 0.009664774872362614, 0.0030896251555532217, 0.0012278370559215546, 0.007904564961791039, 0.00422650296241045, 0.002306613139808178, 0.002323503838852048, 0.0015471137594431639, 0.013203565031290054, 0.002143769059330225, 0.004229139536619186, 0.024389367550611496, 0.00016039675392676145, 0.00025305143208242953, 0.0029345147777348757, 0.00389627693220973], "acurracy": [0.7393749952316284, 0.9868749976158142, 0.9909374713897705, 0.996874988079071, 0.996874988079071, 0.9878125190734863, 0.9928125143051147, 0.9887499809265137, 0.996874988079071, 0.9959375262260437, 1.0, 1.0, 0.9918749928474426, 1.0, 0.9909374713897705, 0.9934375286102295, 0.9909374713897705, 0.9931250214576721, 0.995312511920929, 0.9971874952316284, 0.9956250190734863, 0.9962499737739563, 0.9959375262260437, 0.9965624809265137, 0.9925000071525574, 0.9981250166893005, 0.9978125095367432, 0.9940624833106995, 0.9962499737739563, 1.0, 0.9940624833106995, 0.9978125095367432, 0.9981250166893005, 0.996874988079071, 1.0, 1.0, 0.9981250166893005, 1.0, 1.0, 0.9981250166893005, 0.9971874952316284, 0.9971874952316284, 0.9984375238418579, 0.9975000023841858, 0.9993749856948853, 0.9996874928474426, 0.9981250166893005, 0.9987499713897705, 0.9996874928474426, 0.9993749856948853, 0.9996874928474426, 0.996874988079071, 0.9993749856948853, 0.9987499713897705, 0.9925000071525574, 1.0, 1.0, 0.9993749856948853, 0.9987499713897705], "val_loss": [1.506406307220459, 1.3163303136825562, 1.4426624774932861, 1.555904507637024, 1.5380101203918457, 1.2493922710418701, 1.1582345962524414, 1.0244896411895752, 1.0123848915100098, 1.0071568489074707, 1.0311222076416016, 1.0570406913757324, 0.9450978636741638, 0.9669208526611328, 0.9321929216384888, 0.8909553289413452, 0.8655003905296326, 0.8344156742095947, 0.8160212635993958, 0.7992551922798157, 0.7822041511535645, 0.7998959422111511, 0.756101131439209, 0.742917001247406, 0.7102712988853455, 0.7240936756134033, 0.6971568465232849, 0.6122252345085144, 0.578143298625946, 0.5516204237937927, 0.5169618129730225, 0.45882976055145264, 0.47085466980934143, 0.4459209144115448, 0.44790658354759216, 0.440669447183609, 0.4693223536014557, 0.4516192376613617, 0.4535914957523346, 0.44658175110816956, 0.4374364912509918, 0.45468395948410034, 0.4444287121295929, 0.39707890152931213, 0.4136161804199219, 0.429765522480011, 0.4355567991733551, 0.43335166573524475, 0.43281322717666626, 0.4288051724433899, 0.4030984938144684, 0.40940749645233154, 0.3983832895755768, 0.4197489023208618, 0.42954570055007935, 0.4404395818710327, 0.44977858662605286, 0.43759649991989136, 0.4271950423717499], "val_acurracy": [0.5790625214576721, 0.5778124928474426, 0.5815625190734863, 0.5846874713897705, 0.578125, 0.5728124976158142, 0.5834375023841858, 0.578125, 0.5809375047683716, 0.5774999856948853, 0.5765625238418579, 0.5765625238418579, 0.5790625214576721, 0.5762500166893005, 0.5787500143051147, 0.5787500143051147, 0.5768749713897705, 0.5796874761581421, 0.6121875047683716, 0.6650000214576721, 0.7475000023841858, 0.7437499761581421, 0.824999988079071, 0.8334375023841858, 0.8656250238418579, 0.8693749904632568, 0.8790624737739563, 0.8928124904632568, 0.8984375, 0.9012500047683716, 0.9018750190734863, 0.9059374928474426, 0.9059374928474426, 0.9056249856948853, 0.9084374904632568, 0.9096875190734863, 0.9065625071525574, 0.9056249856948853, 0.90625, 0.9084374904632568, 0.9121875166893005, 0.9075000286102295, 0.9087499976158142, 0.9087499976158142, 0.9125000238418579, 0.9106249809265137, 0.9096875190734863, 0.910937488079071, 0.910937488079071, 0.9146875143051147, 0.9128124713897705, 0.9150000214576721, 0.9175000190734863, 0.9140625, 0.9146875143051147, 0.9103124737739563, 0.910937488079071, 0.9150000214576721, 0.9156249761581421]}