{"loss": [1.2014156579971313, 0.15437765419483185, 0.030900435522198677, 0.0319894477725029, 0.003523478750139475, 0.012387466616928577, 0.013719907030463219, 0.019936610013246536, 0.009979832917451859, 0.0005612833192571998, 0.012193783186376095, 0.02568979747593403, 0.006395155563950539, 0.012122959829866886, 0.007294707931578159, 0.0062557486817240715], "acurracy": [0.8700000047683716, 0.9928125143051147, 0.995312511920929, 0.9943749904632568, 1.0, 0.9978125095367432, 0.9965624809265137, 0.9959375262260437, 0.9975000023841858, 1.0, 0.9978125095367432, 0.995312511920929, 0.9987499713897705, 0.9978125095367432, 0.9975000023841858, 0.9987499713897705], "val_loss": [1.7073159217834473, 2.4328677654266357, 2.761378765106201, 3.0904603004455566, 3.2887749671936035, 3.5253489017486572, 3.693976640701294, 4.021581649780273, 4.249152660369873, 4.3140950202941895, 4.406326770782471, 4.82496976852417, 5.029422283172607, 5.345167636871338, 5.380475044250488, 5.5224609375], "val_acurracy": [0.4009374976158142, 0.3643749952316284, 0.33812499046325684, 0.2965624928474426, 0.29593750834465027, 0.2759374976158142, 0.2565625011920929, 0.2265625, 0.2134374976158142, 0.2134374976158142, 0.1978124976158142, 0.17499999701976776, 0.16687500476837158, 0.15437500178813934, 0.15031249821186066, 0.1574999988079071]}