{"loss": [1.0396981239318848, 0.09798245131969452, 0.026981575414538383, 0.005261493846774101, 0.02570345811545849, 0.0013776973355561495, 0.0009832638315856457, 0.013205790892243385, 0.011323628015816212, 0.039719849824905396, 0.007036441937088966, 0.016951806843280792, 0.015293463133275509, 0.019398009404540062, 0.005924243945628405, 0.007092784624546766], "acurracy": [0.8315625190734863, 0.9950000047683716, 0.9943749904632568, 1.0, 0.9937499761581421, 1.0, 1.0, 0.9962499737739563, 0.9950000047683716, 0.9884374737739563, 0.9981250166893005, 0.9965624809265137, 0.9971874952316284, 0.9965624809265137, 0.9984375238418579, 0.9981250166893005], "val_loss": [1.5896741151809692, 1.9403613805770874, 2.1813244819641113, 2.3869123458862305, 2.6634278297424316, 2.762478828430176, 2.8589303493499756, 3.016232490539551, 3.180405378341675, 3.6695468425750732, 3.851733446121216, 3.8994011878967285, 3.960312604904175, 4.033630847930908, 4.079725742340088, 4.059027194976807], "val_acurracy": [0.5740625262260437, 0.5837500095367432, 0.5849999785423279, 0.5765625238418579, 0.5787500143051147, 0.5799999833106995, 0.5784375071525574, 0.5668749809265137, 0.5056250095367432, 0.23093749582767487, 0.2175000011920929, 0.21593749523162842, 0.1756249964237213, 0.14812499284744263, 0.1496874988079071, 0.14875000715255737]}