{"loss": [1.4613510370254517, 0.5405542254447937, 0.048476919531822205, 0.02174285426735878, 0.04414515569806099, 0.0303318053483963, 0.023143276572227478, 0.0439007431268692, 0.022853689268231392, 0.02500484138727188, 0.0012990437680855393, 0.021733706817030907, 0.0009020007564686239, 0.026610109955072403, 0.00823415257036686, 0.0005264829378575087], "acurracy": [0.9565625190734863, 0.9940624833106995, 0.9971874952316284, 0.9956250190734863, 0.987500011920929, 0.9921875, 0.9934375286102295, 0.987500011920929, 0.9918749928474426, 0.9934375286102295, 1.0, 0.9912499785423279, 1.0, 0.9903125166893005, 0.9965624809265137, 1.0], "val_loss": [1.3898037672042847, 2.048868417739868, 2.535348892211914, 2.877352237701416, 2.9991295337677, 3.129842758178711, 3.0821213722229004, 3.0060555934906006, 3.0803744792938232, 3.0102758407592773, 3.278606653213501, 3.2810091972351074, 3.2350704669952393, 3.356537103652954, 3.3845129013061523, 3.39846134185791], "val_acurracy": [0.4818750023841858, 0.5071874856948853, 0.5106250047683716, 0.5087500214576721, 0.5018749833106995, 0.5021874904632568, 0.5034375190734863, 0.5009375214576721, 0.49656251072883606, 0.5034375190734863, 0.5034375190734863, 0.4996874928474426, 0.5037500262260437, 0.5062500238418579, 0.5024999976158142, 0.5059375166893005]}