{"loss": [1.4015673398971558, 0.347385972738266, 0.04278156906366348, 0.024033881723880768, 0.013129914179444313, 0.013888445682823658, 0.02961401455104351, 0.0013248035684227943, 0.0009388934122398496, 0.009006734937429428, 0.0005898339441046119, 0.00044861604692414403, 0.013986525125801563, 0.016038596630096436, 0.007548275403678417, 0.011241551488637924], "acurracy": [0.9409375190734863, 1.0, 0.9918749928474426, 0.995312511920929, 0.9971874952316284, 0.995312511920929, 0.9915624856948853, 1.0, 1.0, 0.9959375262260437, 1.0, 1.0, 0.996874988079071, 0.9962499737739563, 0.9962499737739563, 0.9975000023841858], "val_loss": [1.3978819847106934, 1.7693120241165161, 1.9427976608276367, 2.1077914237976074, 2.117788076400757, 2.141101360321045, 2.0363569259643555, 2.173797845840454, 2.0852737426757812, 2.2287051677703857, 2.346754789352417, 2.2784337997436523, 2.088385581970215, 2.085116147994995, 2.064220428466797, 2.0657033920288086], "val_acurracy": [0.5146874785423279, 0.5550000071525574, 0.5662500262260437, 0.5625, 0.5703125, 0.5774999856948853, 0.6884375214576721, 0.6943749785423279, 0.692187488079071, 0.7946875095367432, 0.7903125286102295, 0.7890625, 0.8224999904632568, 0.8453124761581421, 0.8446875214576721, 0.8446875214576721]}