{"loss": [1.3810406923294067, 0.4342016279697418, 0.08045220375061035, 0.057387061417102814, 0.022123301401734352, 0.05907003581523895, 0.035853687673807144, 0.023062510415911674, 0.029874162748456, 0.026763727888464928, 0.010305178351700306, 0.018411871045827866, 0.009795797057449818, 0.014567309990525246, 0.012577339075505733, 0.005469766911119223, 0.019125420600175858, 0.00946609303355217, 0.014789354056119919, 0.005627689883112907, 0.0071716709062457085, 0.0046346052549779415, 0.004551009740680456, 0.022539105266332626, 0.005020293407142162, 0.0005583064048551023, 0.0004266667237970978, 0.00025143392849713564, 0.007087897043675184, 0.003264130325987935, 0.0032199686393141747, 0.002333233365789056, 0.00020564308215398341, 0.016272231936454773, 0.008250231854617596, 0.0030777493957430124, 0.009335674345493317, 0.00011474359780550003, 0.006297087296843529, 0.0001365071948384866, 0.0034697591327130795, 0.0001698134874459356, 0.0037176196929067373, 0.0033906700555235147, 0.0038304070476442575, 0.0037813354283571243, 0.00014161408762447536, 0.007848156616091728, 0.008315197192132473, 0.01130371168255806, 0.00019830199016723782, 0.011018144898116589, 0.003904357785359025, 0.004921956453472376, 0.006575034931302071, 0.0008309196564368904, 0.0022837636061012745, 0.0019595168996602297, 0.002912299009039998, 0.004089674446731806, 0.01303575374186039, 0.01396789588034153, 0.002576124854385853, 0.009398954920470715, 0.004467400256544352, 0.00847620703279972, 0.005405610892921686, 0.006405118852853775, 0.0022550909779965878, 0.005283332895487547], "acurracy": [0.9631249904632568, 0.9878125190734863, 0.9925000071525574, 0.9915624856948853, 0.9975000023841858, 0.9896875023841858, 0.9931250214576721, 0.9959375262260437, 0.9943749904632568, 0.9950000047683716, 0.9987499713897705, 0.996874988079071, 0.9984375238418579, 0.9962499737739563, 0.9978125095367432, 0.9984375238418579, 0.9978125095367432, 0.9990624785423279, 0.9981250166893005, 0.9990624785423279, 0.9984375238418579, 0.9990624785423279, 0.9996874928474426, 0.9946874976158142, 0.9993749856948853, 1.0, 1.0, 1.0, 0.9987499713897705, 0.9993749856948853, 0.9993749856948853, 0.9996874928474426, 1.0, 0.995312511920929, 0.9971874952316284, 0.9990624785423279, 0.9978125095367432, 1.0, 0.9993749856948853, 1.0, 0.9993749856948853, 1.0, 0.9987499713897705, 0.9993749856948853, 0.9990624785423279, 0.9990624785423279, 1.0, 0.9984375238418579, 0.9978125095367432, 0.9971874952316284, 1.0, 0.9978125095367432, 0.9987499713897705, 0.9987499713897705, 0.9978125095367432, 1.0, 0.9993749856948853, 0.9996874928474426, 0.9987499713897705, 0.9990624785423279, 0.9962499737739563, 0.995312511920929, 0.9993749856948853, 0.9975000023841858, 0.9981250166893005, 0.9971874952316284, 0.9984375238418579, 0.9981250166893005, 0.9993749856948853, 0.9981250166893005], "val_loss": [1.2287261486053467, 1.4644408226013184, 1.7619363069534302, 1.6515079736709595, 1.7078001499176025, 1.5236790180206299, 1.2371971607208252, 1.1655279397964478, 1.1057239770889282, 0.926289975643158, 0.9365059733390808, 0.8490330576896667, 0.8205678462982178, 0.7993813157081604, 0.7359592318534851, 0.7494186162948608, 0.6609413623809814, 0.6151766777038574, 0.5763558149337769, 0.522587776184082, 0.553207278251648, 0.5484430193901062, 0.5604845285415649, 0.48422154784202576, 0.4683418273925781, 0.49513301253318787, 0.4858279526233673, 0.48825088143348694, 0.49908512830734253, 0.4856169819831848, 0.4711145758628845, 0.5001438856124878, 0.5050552487373352, 0.5046142935752869, 0.5122261643409729, 0.5079920291900635, 0.48597458004951477, 0.46083298325538635, 0.4574633538722992, 0.4554392695426941, 0.4948154389858246, 0.4703925848007202, 0.47764670848846436, 0.4712904691696167, 0.5049429535865784, 0.513414204120636, 0.5196724534034729, 0.49325793981552124, 0.5363271832466125, 0.4790368378162384, 0.49899056553840637, 0.48477810621261597, 0.46875399351119995, 0.5233557820320129, 0.432361900806427, 0.47556740045547485, 0.47850802540779114, 0.4960990846157074, 0.5429416298866272, 0.5341136455535889, 0.4852674901485443, 0.484955757856369, 0.44614556431770325, 0.5165423154830933, 0.47619763016700745, 0.5270052552223206, 0.5112779140472412, 0.5112091898918152, 0.5171167254447937, 0.5035103559494019], "val_acurracy": [0.5815625190734863, 0.5740625262260437, 0.5643749833106995, 0.6009374856948853, 0.6162499785423279, 0.7878124713897705, 0.8606250286102295, 0.8765624761581421, 0.879687488079071, 0.890625, 0.893750011920929, 0.9012500047683716, 0.9078124761581421, 0.9075000286102295, 0.9131249785423279, 0.9059374928474426, 0.9125000238418579, 0.9150000214576721, 0.9128124713897705, 0.9168750047683716, 0.9168750047683716, 0.9225000143051147, 0.917187511920929, 0.9103124737739563, 0.9121875166893005, 0.9065625071525574, 0.9087499976158142, 0.9103124737739563, 0.9106249809265137, 0.9131249785423279, 0.9087499976158142, 0.9112499952316284, 0.9121875166893005, 0.9096875190734863, 0.9112499952316284, 0.9137499928474426, 0.9165624976158142, 0.9181249737739563, 0.9200000166893005, 0.9225000143051147, 0.9156249761581421, 0.9184374809265137, 0.9156249761581421, 0.9168750047683716, 0.9121875166893005, 0.9131249785423279, 0.9146875143051147, 0.9190624952316284, 0.9175000190734863, 0.9203125238418579, 0.9181249737739563, 0.9190624952316284, 0.9221875071525574, 0.9212499856948853, 0.9253125190734863, 0.9175000190734863, 0.9215624928474426, 0.9209374785423279, 0.9156249761581421, 0.9175000190734863, 0.9206249713897705, 0.9196875095367432, 0.9228125214576721, 0.9206249713897705, 0.9234374761581421, 0.9225000143051147, 0.9253125190734863, 0.9243749976158142, 0.9225000143051147, 0.9225000143051147]}