{"loss": [0.7333483099937439, 0.07031311094760895, 0.043043091893196106, 0.03463594615459442, 0.02181433141231537, 0.015472957864403725, 0.0006954323034733534, 0.028538400307297707, 0.0005089194164611399, 0.02061786875128746, 0.012242356315255165, 0.006367481779307127, 0.010106907226145267, 0.006582687608897686, 0.011640939861536026, 0.006248416379094124], "acurracy": [0.9784374833106995, 0.9906250238418579, 0.9893749952316284, 0.9915624856948853, 0.9950000047683716, 0.9962499737739563, 1.0, 0.9906250238418579, 1.0, 0.9956250190734863, 0.9975000023841858, 0.9981250166893005, 0.9978125095367432, 0.9984375238418579, 0.9981250166893005, 0.9993749856948853], "val_loss": [1.5790709257125854, 1.8322471380233765, 2.034681797027588, 2.272353410720825, 2.4548346996307373, 2.6442947387695312, 2.7151474952697754, 2.7918872833251953, 2.8264505863189697, 3.0112242698669434, 3.1353342533111572, 3.2687270641326904, 3.3753502368927, 3.442349433898926, 3.5665416717529297, 3.5966885089874268], "val_acurracy": [0.5774999856948853, 0.5806249976158142, 0.578125, 0.5375000238418579, 0.5015624761581421, 0.4684374928474426, 0.46812498569488525, 0.4021874964237213, 0.3971875011920929, 0.31968748569488525, 0.2734375, 0.25187501311302185, 0.23093749582767487, 0.2146874964237213, 0.1899999976158142, 0.17781250178813934]}