{"loss": [1.2705928087234497, 0.443325012922287, 0.43036606907844543, 0.5675099492073059, 0.6316438913345337, 0.5448227524757385], "acurracy": [0.5853906273841858, 0.9216406345367432, 0.928906261920929, 0.8949218988418579, 0.8702343702316284, 0.8885156512260437], "val_loss": [2.8334810733795166, 3.686875343322754, 4.037429332733154, 4.1136250495910645, 4.323283672332764, 4.566911697387695], "val_acurracy": [0.16718749701976776, 0.16859374940395355, 0.16890625655651093, 0.1661718785762787, 0.16968749463558197, 0.16914062201976776]}