{"loss": [0.6477680802345276, 0.5861964225769043, 0.5626439452171326, 0.5127652287483215, 0.38579317927360535, 0.40130195021629333], "acurracy": [0.8427343964576721, 0.8965625166893005, 0.8982031345367432, 0.9053124785423279, 0.9317968487739563, 0.9249218702316284], "val_loss": [2.168621778488159, 2.2783095836639404, 2.486056327819824, 2.8122668266296387, 3.208179235458374, 3.6644279956817627], "val_acurracy": [0.16859374940395355, 0.16710937023162842, 0.14757812023162842, 0.07859375327825546, 0.05312500149011612, 0.022890625521540642]}