{"loss": [1.0725123882293701, 0.7718505263328552, 0.5445453524589539, 0.38701412081718445, 0.6085242629051208, 0.6386637687683105], "acurracy": [0.6918749809265137, 0.8451562523841858, 0.9034374952316284, 0.9389843940734863, 0.8892968893051147, 0.8764062523841858], "val_loss": [2.3232955932617188, 2.651909589767456, 3.1593942642211914, 3.395716905593872, 3.3170101642608643, 3.5368738174438477], "val_acurracy": [0.17039062082767487, 0.16593749821186066, 0.16914062201976776, 0.16437500715255737, 0.13164062798023224, 0.09992187470197678]}