{"loss": [0.8251712918281555, 0.40422454476356506, 0.3597556948661804, 0.6520234942436218, 0.48478490114212036, 0.42595532536506653, 0.4434717893600464, 0.31926631927490234, 0.26011011004447937, 0.37772807478904724, 0.3437357246875763, 0.38917407393455505, 0.32324856519699097, 0.4638221859931946, 0.470003217458725, 0.2728351056575775, 0.26862263679504395, 0.6137574911117554, 0.3462103307247162, 0.31586548686027527, 0.46697497367858887, 0.28074124455451965, 0.3484770953655243], "acurracy": [0.7600781321525574, 0.921093761920929, 0.9244531393051147, 0.8239062428474426, 0.864453136920929, 0.8773437738418579, 0.8754687309265137, 0.9129687547683716, 0.9311718940734863, 0.8902343511581421, 0.9041406512260437, 0.8870312571525574, 0.9048437476158142, 0.8545312285423279, 0.8539062738418579, 0.9214843511581421, 0.9227343797683716, 0.8022656440734863, 0.8943750262260437, 0.9067187309265137, 0.8528125286102295, 0.9176562428474426, 0.8943750262260437], "val_loss": [2.0766892433166504, 1.9058226346969604, 1.7748087644577026, 1.609117865562439, 1.6020803451538086, 1.636339545249939, 1.5924419164657593, 1.668845772743225, 1.6992112398147583, 1.6140742301940918, 1.5968905687332153, 1.5882213115692139, 1.6012135744094849, 1.5449037551879883, 1.5307072401046753, 1.6501463651657104, 1.6221204996109009, 1.474442481994629, 1.587583303451538, 1.6324273347854614, 1.5487643480300903, 1.6312745809555054, 1.5614134073257446], "val_acurracy": [0.17445312440395355, 0.20289061963558197, 0.21046875417232513, 0.2535156309604645, 0.25874999165534973, 0.2555468678474426, 0.2674218714237213, 0.24507813155651093, 0.22820311784744263, 0.26429688930511475, 0.2600781321525574, 0.2645312547683716, 0.2503125071525574, 0.279296875, 0.28226563334465027, 0.24437500536441803, 0.23429687321186066, 0.29234373569488525, 0.25148436427116394, 0.23015624284744263, 0.2593750059604645, 0.23695312440395355, 0.25398436188697815]}