{"loss": [0.6685477495193481, 0.4173848330974579, 0.41707122325897217, 0.3967801034450531, 0.287190318107605, 0.3612090051174164], "acurracy": [0.83203125, 0.9117968678474426, 0.9052343964576721, 0.9052343964576721, 0.9301562309265137, 0.9020312428474426], "val_loss": [1.9559788703918457, 2.1190249919891357, 2.075791358947754, 2.013746976852417, 2.0614547729492188, 2.135589838027954], "val_acurracy": [0.18007811903953552, 0.18359375, 0.27492186427116394, 0.27000001072883606, 0.2592187523841858, 0.24421875178813934]}