{"loss": [0.9875491261482239, 0.5508989095687866, 0.5683157444000244, 0.5300441980361938, 0.38761961460113525, 0.5464547872543335, 0.601641833782196, 0.5415786504745483, 0.4129987061023712, 0.4583929479122162, 0.49301308393478394, 0.30031976103782654], "acurracy": [0.692187488079071, 0.905468761920929, 0.8985156416893005, 0.9007812738418579, 0.9339843988418579, 0.8971874713897705, 0.8725781440734863, 0.8819531202316284, 0.9163281321525574, 0.8929687738418579, 0.8764062523841858, 0.9333593845367432], "val_loss": [2.3098273277282715, 2.317514419555664, 2.0881693363189697, 2.0995922088623047, 2.046651840209961, 1.7066349983215332, 1.5183172225952148, 1.5279735326766968, 1.6319853067398071, 1.776370882987976, 1.9230732917785645, 1.931929349899292], "val_acurracy": [0.1720312535762787, 0.201171875, 0.26070311665534973, 0.2805468738079071, 0.291015625, 0.3229687511920929, 0.33906251192092896, 0.3345312476158142, 0.3357812464237213, 0.3279687464237213, 0.32890623807907104, 0.3299218714237213]}