{"loss": [0.9156641960144043, 0.6445558667182922, 0.6070466041564941, 0.5889120697975159, 0.607362687587738, 0.3748025894165039, 0.2501457929611206, 0.44061774015426636, 0.3820039629936218, 0.42442700266838074, 0.4960278570652008, 0.4291067123413086, 0.4807891845703125, 0.4016527235507965, 0.49011310935020447, 0.3727324604988098], "acurracy": [0.7524999976158142, 0.875781238079071, 0.8803906440734863, 0.8793749809265137, 0.8639062643051147, 0.9235937595367432, 0.956250011920929, 0.9076562523841858, 0.9164062738418579, 0.8986718654632568, 0.8772656321525574, 0.8888280987739563, 0.8759375214576721, 0.8983593583106995, 0.8668749928474426, 0.9045312404632568], "val_loss": [2.29372239112854, 2.151653528213501, 2.0931644439697266, 1.8984395265579224, 1.7420274019241333, 1.8865934610366821, 1.8902850151062012, 1.6875842809677124, 1.659144401550293, 1.6299409866333008, 1.5513359308242798, 1.565678358078003, 1.583191990852356, 1.6132824420928955, 1.56938898563385, 1.5999853610992432], "val_acurracy": [0.17000000178813934, 0.17820312082767487, 0.2109375, 0.25664061307907104, 0.2867968678474426, 0.2742968797683716, 0.2805468738079071, 0.30156248807907104, 0.30726563930511475, 0.31132811307907104, 0.3176562488079071, 0.32078126072883606, 0.32093751430511475, 0.32148438692092896, 0.32710936665534973, 0.32515624165534973]}