{"loss": [0.7705299854278564, 0.3127315044403076, 0.19328776001930237, 0.2539508044719696, 0.18293742835521698, 0.1940244436264038, 0.17533345520496368], "acurracy": [0.7426562309265137, 0.8960156440734863, 0.9255468845367432, 0.8971874713897705, 0.9239843487739563, 0.9174218773841858, 0.9247656464576721], "val_loss": [1.7208638191223145, 1.5734715461730957, 1.6184784173965454, 1.585864543914795, 1.6164288520812988, 1.6340184211730957, 1.6101385354995728], "val_acurracy": [0.3171093761920929, 0.3304687440395355, 0.3284375071525574, 0.322265625, 0.32289063930511475, 0.31453123688697815, 0.32328125834465027]}