{"loss": [1.0865215063095093, 0.7533860802650452, 0.42725926637649536, 0.6168366074562073, 0.5593037605285645, 0.5930271744728088, 0.5305061936378479, 0.5511853694915771, 0.5189380645751953, 0.5271713733673096, 0.6088974475860596, 0.31605231761932373, 0.4476158022880554, 0.5929808020591736, 0.3893872797489166, 0.7403732538223267, 0.4153032600879669, 0.3005107343196869, 0.40742310881614685, 0.42282912135124207, 0.5027292370796204], "acurracy": [0.6650000214576721, 0.8442968726158142, 0.9274218678474426, 0.8760937452316284, 0.8857812285423279, 0.8704687356948853, 0.8821094036102295, 0.8741406202316284, 0.8832812309265137, 0.8739843964576721, 0.8432812690734863, 0.9378906488418579, 0.8971093893051147, 0.849609375, 0.9075781106948853, 0.7982031106948853, 0.900390625, 0.9315624833106995, 0.9043750166893005, 0.8955468535423279, 0.8686718940734863], "val_loss": [2.4238367080688477, 2.103811264038086, 2.348533868789673, 2.0775086879730225, 1.9650201797485352, 1.8043098449707031, 1.8026717901229858, 1.713192105293274, 1.694746494293213, 1.673430323600769, 1.6173601150512695, 1.8395909070968628, 1.707737922668457, 1.6203522682189941, 1.831531047821045, 1.590038776397705, 1.722969651222229, 1.7921397686004639, 1.7404507398605347, 1.7255173921585083, 1.6329302787780762], "val_acurracy": [0.17992188036441803, 0.2593750059604645, 0.2535156309604645, 0.27156248688697815, 0.28117188811302185, 0.2950781285762787, 0.29007813334465027, 0.29484376311302185, 0.2982812523841858, 0.29750001430511475, 0.3000781238079071, 0.28804686665534973, 0.3045312464237213, 0.3046875, 0.2844531238079071, 0.31148436665534973, 0.30281248688697815, 0.29710936546325684, 0.30617186427116394, 0.3089843690395355, 0.3235156238079071]}