{"loss": [0.7056642174720764, 0.22675220668315887, 0.2891696095466614, 0.2298954576253891, 0.2553074061870575, 0.35018107295036316], "acurracy": [0.7734375, 0.9358593821525574, 0.8950781226158142, 0.9120312333106995, 0.8981249928474426, 0.8510937690734863], "val_loss": [1.8004227876663208, 1.814500331878662, 1.9504040479660034, 2.0620718002319336, 2.1284101009368896, 2.197460889816284], "val_acurracy": [0.3011718690395355, 0.2935156226158142, 0.2728906273841858, 0.25843751430511475, 0.2728906273841858, 0.24921874701976776]}