{"loss": [0.6922304630279541, 0.5848636031150818, 0.4473656415939331, 0.5532618165016174, 0.538591206073761, 0.2889491319656372, 0.3820716440677643, 0.3776603043079376, 0.4040828347206116, 0.3156372904777527], "acurracy": [0.8346093893051147, 0.8817187547683716, 0.9076562523841858, 0.8711718916893005, 0.8643749952316284, 0.9330468773841858, 0.9033593535423279, 0.9020312428474426, 0.891406238079071, 0.9175781011581421], "val_loss": [1.8527264595031738, 1.6558833122253418, 1.5755395889282227, 1.4556159973144531, 1.4478721618652344, 1.5551775693893433, 1.5730090141296387, 1.592279314994812, 1.5807133913040161, 1.6203960180282593], "val_acurracy": [0.19789062440395355, 0.25843751430511475, 0.263671875, 0.27531251311302185, 0.2840625047683716, 0.2745312452316284, 0.28101563453674316, 0.28562501072883606, 0.2945312559604645, 0.28632813692092896]}