{"loss": [1.1933393478393555, 0.5633429884910583, 0.3865138292312622, 0.44062548875808716, 0.4257298409938812, 0.5708811283111572, 0.5933544635772705, 0.3557271659374237, 0.45117294788360596, 0.3249591588973999, 0.5590640306472778, 0.4368613064289093], "acurracy": [0.6412500143051147, 0.8974999785423279, 0.9389062523841858, 0.9239062666893005, 0.9242187738418579, 0.8812500238418579, 0.8563281297683716, 0.9239843487739563, 0.8865625262260437, 0.9260937571525574, 0.8458593487739563, 0.8767969012260437], "val_loss": [2.2388973236083984, 2.52492094039917, 2.461965322494507, 2.2641239166259766, 2.0125033855438232, 1.6239984035491943, 1.5423245429992676, 1.6296679973602295, 1.7244375944137573, 1.766419529914856, 1.7512685060501099, 1.6892470121383667], "val_acurracy": [0.22171874344348907, 0.22382812201976776, 0.2611718773841858, 0.28382813930511475, 0.32164061069488525, 0.34203124046325684, 0.34578123688697815, 0.3434374928474426, 0.3421874940395355, 0.3389843702316284, 0.33984375, 0.3395312428474426]}