{"loss": [1.013038992881775, 0.5129184126853943, 0.6615180373191833, 0.6158770322799683, 0.4660203456878662, 0.5032591223716736], "acurracy": [0.6996874809265137, 0.912890613079071, 0.872265636920929, 0.8792968988418579, 0.9154687523841858, 0.8994531035423279], "val_loss": [2.262450695037842, 2.371929168701172, 2.5998013019561768, 2.9341063499450684, 3.313544988632202, 3.875422954559326], "val_acurracy": [0.1674218773841858, 0.16523437201976776, 0.16367188096046448, 0.13414062559604645, 0.11031249910593033, 0.07593750208616257]}