{"loss": [0.8359496593475342, 0.46365606784820557, 0.4663958251476288, 0.44106417894363403, 0.3914843797683716, 0.37261831760406494, 0.5181801915168762, 0.40409335494041443], "acurracy": [0.7627343535423279, 0.9036718606948853, 0.8892187476158142, 0.891406238079071, 0.8984375, 0.9022656083106995, 0.8511718511581421, 0.8853124976158142], "val_loss": [1.8333266973495483, 1.6797497272491455, 1.6701475381851196, 1.6827832460403442, 1.7169831991195679, 1.736677885055542, 1.6964699029922485, 1.7099745273590088], "val_acurracy": [0.23601561784744263, 0.2633593678474426, 0.2757812440395355, 0.2842968702316284, 0.28132811188697815, 0.28953126072883606, 0.29945313930511475, 0.29078125953674316]}