{"loss": [0.5709808468818665, 0.300077348947525, 0.3593226373195648, 0.2352684736251831, 0.15837030112743378, 0.1653701812028885, 0.2629856467247009, 0.1396225541830063], "acurracy": [0.8396875262260437, 0.90625, 0.8684375286102295, 0.9075781106948853, 0.9381250143051147, 0.9330468773841858, 0.8889062404632568, 0.9392969012260437], "val_loss": [1.8461112976074219, 1.7370373010635376, 1.7259182929992676, 1.8032350540161133, 1.8554024696350098, 1.8780707120895386, 1.9054762125015259, 1.9069838523864746], "val_acurracy": [0.30351561307907104, 0.3080468773841858, 0.29124999046325684, 0.27632811665534973, 0.27242186665534973, 0.26890623569488525, 0.26234376430511475, 0.26070311665534973]}