{"loss": [0.17359857261180878, 0.11306752264499664, 0.11237671971321106, 0.07743702083826065, 0.10783567279577255, 0.1503782868385315, 0.11384177207946777, 0.08504876494407654, 0.11979004740715027, 0.06278018653392792, 0.14594466984272003, 0.1100040152668953, 0.0362011156976223, 0.039321739226579666, 0.1104816421866417, 0.02462831325829029], "accuracy": [0.9546093940734863, 0.9807031154632568, 0.9818750023841858, 0.9879687428474426, 0.9814062714576721, 0.9716406464576721, 0.9806249737739563, 0.9864843487739563, 0.9782031178474426, 0.9899218678474426, 0.9721093773841858, 0.979296863079071, 0.9956250190734863, 0.9945312738418579, 0.9803125262260437, 0.9975000023841858], "val_loss": [0.6269776225090027, 0.6089671850204468, 0.6114926338195801, 0.6146064400672913, 0.5982888340950012, 0.5507239103317261, 0.5583857893943787, 0.5592012405395508, 0.5357651114463806, 0.5644072890281677, 0.5056525468826294, 0.5244890451431274, 0.5504313111305237, 0.5675269365310669, 0.5325421094894409, 0.5524399876594543], "val_accuracy": [0.8218749761581421, 0.8217968940734863, 0.8217187523841858, 0.8217187523841858, 0.8217187523841858, 0.8217187523841858, 0.8217187523841858, 0.8219531178474426, 0.8217187523841858, 0.8217187523841858, 0.8217187523841858, 0.8217187523841858, 0.8217187523841858, 0.8217187523841858, 0.8217187523841858, 0.8217187523841858]}