{"loss": [0.18988792598247528, 0.11222022771835327, 0.1109977439045906, 0.058654237538576126, 0.08923997730016708, 0.08622856438159943, 0.03512662276625633], "accuracy": [0.959765613079071, 0.9807031154632568, 0.981249988079071, 0.9916406273841858, 0.9859374761581421, 0.9861719012260437, 0.9959375262260437], "val_loss": [0.6425781846046448, 0.6393021941184998, 0.6468716263771057, 0.6649036407470703, 0.6502642035484314, 0.6524645090103149, 0.6751341819763184], "val_accuracy": [0.8217187523841858, 0.8217187523841858, 0.8217187523841858, 0.8217187523841858, 0.8217187523841858, 0.8217187523841858, 0.8217187523841858]}