{"loss": [0.6189365983009338, 0.2849588096141815, 0.0890238955616951, 0.062193628400564194, 0.010530117899179459, 0.08786694705486298, 0.03197135031223297, 0.04835864529013634, 0.04503338411450386, 0.04226920008659363, 0.04161152243614197, 0.04651240259408951, 0.031080707907676697, 0.038730964064598083, 0.03145000338554382, 0.022336432710289955, 0.03571061044931412, 0.02862589992582798, 0.036366190761327744, 0.02705487795174122, 0.043673306703567505, 0.017718184739351273, 0.028340937569737434, 0.018021823838353157, 0.0269380621612072, 0.028860587626695633, 0.01838027872145176, 0.03709041699767113, 0.02491273358464241, 0.018187910318374634, 0.004642928019165993, 0.041269451379776, 0.017061129212379456, 0.03506454825401306, 0.03789494186639786, 0.017208702862262726, 0.01695004664361477, 0.053650692105293274, 0.024157274514436722, 0.036881670355796814, 0.02726786769926548, 0.03898434713482857, 0.029086999595165253, 0.02504987269639969, 0.04575789347290993, 0.029281631112098694, 0.02293367311358452, 0.0242712814360857, 0.023782089352607727], "accuracy": [0.9319531321525574, 0.9793750047683716, 0.9875781536102295, 0.987500011920929, 1.0, 0.9746875166893005, 0.9899218678474426, 0.9839062690734863, 0.9835156202316284, 0.9846093654632568, 0.9846875071525574, 0.9809374809265137, 0.9871875047683716, 0.9838281273841858, 0.9868749976158142, 0.9919531345367432, 0.9830468893051147, 0.9882031083106995, 0.9840624928474426, 0.9877343773841858, 0.9784374833106995, 0.9928125143051147, 0.9873437285423279, 0.9912499785423279, 0.9885937571525574, 0.987109363079071, 0.9916406273841858, 0.9836719036102295, 0.98828125, 0.9913281202316284, 0.9974218606948853, 0.9810937643051147, 0.9925000071525574, 0.9819531440734863, 0.9803906083106995, 0.9918749928474426, 0.9920312762260437, 0.9733593463897705, 0.9878125190734863, 0.979687511920929, 0.9848437309265137, 0.9800781011581421, 0.9849218726158142, 0.9884374737739563, 0.9771875143051147, 0.9870312213897705, 0.9901562333106995, 0.9884374737739563, 0.9896875023841858], "val_loss": [0.6265870928764343, 0.5919416546821594, 0.5356159806251526, 0.4982568621635437, 0.5335534811019897, 0.45656365156173706, 0.466006875038147, 0.447035551071167, 0.43664634227752686, 0.43216174840927124, 0.4262905418872833, 0.4225669205188751, 0.4305764138698578, 0.4212546944618225, 0.4217577874660492, 0.42666757106781006, 0.4167066216468811, 0.41163721680641174, 0.40249425172805786, 0.3968977630138397, 0.38905400037765503, 0.3974984884262085, 0.39880818128585815, 0.3989407420158386, 0.3950687348842621, 0.3865714371204376, 0.3890318274497986, 0.39144763350486755, 0.3916473090648651, 0.39733514189720154, 0.4088623523712158, 0.3894558250904083, 0.3970722258090973, 0.38561779260635376, 0.40186041593551636, 0.41456690430641174, 0.4094994366168976, 0.409042626619339, 0.408834844827652, 0.4049745798110962, 0.40667906403541565, 0.4119229018688202, 0.4043149948120117, 0.4125789999961853, 0.39628180861473083, 0.40196797251701355, 0.39797377586364746, 0.39513611793518066, 0.398967981338501], "val_accuracy": [0.8212500214576721, 0.8177343606948853, 0.8232031464576721, 0.8309375047683716, 0.8307031393051147, 0.8431249856948853, 0.8417187333106995, 0.8392968773841858, 0.8387500047683716, 0.8352344036102295, 0.8348437547683716, 0.8336718678474426, 0.8324218988418579, 0.8342968821525574, 0.8327343463897705, 0.8316406011581421, 0.8324999809265137, 0.8325781226158142, 0.8327343463897705, 0.8306249976158142, 0.8310156464576721, 0.831250011920929, 0.8279687762260437, 0.8284375071525574, 0.8295312523841858, 0.8318750262260437, 0.834765613079071, 0.8332812786102295, 0.8326562643051147, 0.8316406011581421, 0.8318750262260437, 0.8344531059265137, 0.8327343463897705, 0.8380468487739563, 0.8321093916893005, 0.8309375047683716, 0.8314843773841858, 0.8314062356948853, 0.8323437571525574, 0.8337500095367432, 0.8345312476158142, 0.8330468535423279, 0.8367968797683716, 0.8314843773841858, 0.8392968773841858, 0.8376562595367432, 0.8473437428474426, 0.8453906178474426, 0.8432031273841858]}