{"loss": [0.5457739233970642, 0.23921291530132294, 0.12174902111291885, 0.09115603566169739, 0.14583052694797516, 0.08345240354537964, 0.07784199714660645, 0.09813372790813446, 0.10265323519706726, 0.11984068900346756, 0.0971493124961853, 0.06511066108942032, 0.06670862436294556, 0.06401050835847855, 0.08193656802177429, 0.074592225253582, 0.04764968901872635, 0.02953324280679226, 0.06042080745100975, 0.059181198477745056, 0.08812157809734344, 0.060112133622169495, 0.08248355239629745, 0.06644593924283981, 0.0645172968506813, 0.06773383915424347, 0.07066021114587784, 0.07243432104587555, 0.0826953575015068, 0.07860241085290909, 0.04136527702212334, 0.08148996531963348, 0.05426406487822533, 0.027057146653532982, 0.11621031165122986, 0.024067094549536705, 0.05547107756137848, 0.040022674947977066, 0.05127731338143349, 0.03882541134953499, 0.01860850304365158, 0.06229740008711815, 0.07328303158283234, 0.03854578733444214, 0.0644996389746666, 0.0931510329246521, 0.0679452121257782, 0.024566933512687683, 0.06905517727136612, 0.09183661639690399], "accuracy": [0.9540625214576721, 0.9761718511581421, 0.9821875095367432, 0.9856250286102295, 0.9713281393051147, 0.9853125214576721, 0.9853125214576721, 0.9808593988418579, 0.9771875143051147, 0.971875011920929, 0.9783594012260437, 0.987500011920929, 0.9858593940734863, 0.9857812523841858, 0.9811718463897705, 0.9819531440734863, 0.9899218678474426, 0.9951562285423279, 0.9857031106948853, 0.9864843487739563, 0.9775781035423279, 0.9862499833106995, 0.978515625, 0.9834374785423279, 0.9844531416893005, 0.9838281273841858, 0.9832812547683716, 0.9815624952316284, 0.9806249737739563, 0.979687511920929, 0.9909374713897705, 0.9789062738418579, 0.9868749976158142, 0.9951562285423279, 0.9668750166893005, 0.9963281154632568, 0.9877343773841858, 0.9910937547683716, 0.9872656464576721, 0.9917187690734863, 0.9967968463897705, 0.9846875071525574, 0.9839062690734863, 0.9920312762260437, 0.9853906035423279, 0.9762499928474426, 0.9842968583106995, 0.9963281154632568, 0.9839062690734863, 0.9760156273841858], "val_loss": [0.6499106884002686, 0.6953637599945068, 0.7436017394065857, 0.7365654706954956, 0.6755931973457336, 0.675220787525177, 0.6544752717018127, 0.6149072051048279, 0.5760754346847534, 0.5292834639549255, 0.5096091628074646, 0.5173085927963257, 0.4978404939174652, 0.4939824640750885, 0.4777335822582245, 0.4543438255786896, 0.45869189500808716, 0.46337607502937317, 0.4542481303215027, 0.4405742883682251, 0.4189456105232239, 0.42473068833351135, 0.39943549036979675, 0.3929440677165985, 0.3861292004585266, 0.3850904405117035, 0.38532719016075134, 0.38625213503837585, 0.3733765780925751, 0.3834528625011444, 0.3792002201080322, 0.3755372166633606, 0.37381020188331604, 0.38586658239364624, 0.36891525983810425, 0.3879164457321167, 0.3877655863761902, 0.3921930193901062, 0.3932276964187622, 0.3993200957775116, 0.3975105285644531, 0.38244837522506714, 0.38240569829940796, 0.38718467950820923, 0.3825266659259796, 0.38558104634284973, 0.3854939341545105, 0.39458930492401123, 0.3893338143825531, 0.37246477603912354], "val_accuracy": [0.8217187523841858, 0.8217187523841858, 0.8217187523841858, 0.8217187523841858, 0.8217187523841858, 0.8217187523841858, 0.8217187523841858, 0.8217187523841858, 0.8217187523841858, 0.8217187523841858, 0.8217187523841858, 0.8217968940734863, 0.8214062452316284, 0.8209375143051147, 0.8196094036102295, 0.8180468678474426, 0.8187500238418579, 0.819531261920929, 0.8187500238418579, 0.8151562213897705, 0.8089843988418579, 0.8128906488418579, 0.8121093511581421, 0.8131250143051147, 0.8160156011581421, 0.8151562213897705, 0.8149218559265137, 0.8179687261581421, 0.8244531154632568, 0.8212500214576721, 0.8249218463897705, 0.8247656226158142, 0.826171875, 0.8233593702316284, 0.828906238079071, 0.8266406059265137, 0.8258593678474426, 0.8267187476158142, 0.8277343511581421, 0.827343761920929, 0.8267968893051147, 0.831250011920929, 0.8322656154632568, 0.8309375047683716, 0.8334375023841858, 0.8278124928474426, 0.8326562643051147, 0.8288280963897705, 0.8328906297683716, 0.8341405987739563]}