{"loss": [0.556105375289917, 0.2663407027721405, 0.10399498790502548, 0.10076002031564713, 0.09055052697658539, 0.06301534175872803, 0.06020994484424591, 0.03483622521162033, 0.1767125278711319, 0.12332186102867126, 0.0434383898973465, 0.07800843566656113, 0.05518784373998642, 0.14220088720321655, 0.12231996655464172, 0.08163751661777496], "accuracy": [0.9239843487739563, 0.9758594036102295, 0.9904687404632568, 0.9850000143051147, 0.9857812523841858, 0.991406261920929, 0.9914844036102295, 0.9959375262260437, 0.9677343964576721, 0.9761718511581421, 0.9952343702316284, 0.9868749976158142, 0.991015613079071, 0.9719531536102295, 0.9766406416893005, 0.9857031106948853], "val_loss": [0.6709535121917725, 0.7610126733779907, 0.8515486717224121, 0.9081684947013855, 0.8896487355232239, 0.9061684608459473, 0.9184210300445557, 0.9495748281478882, 0.785416841506958, 0.7547234892845154, 0.8178489804267883, 0.8049956560134888, 0.8158006072044373, 0.7344545722007751, 0.7173377275466919, 0.7215146422386169], "val_accuracy": [0.8217187523841858, 0.8217187523841858, 0.8217187523841858, 0.8217187523841858, 0.8217187523841858, 0.8217187523841858, 0.8217187523841858, 0.8217187523841858, 0.8217187523841858, 0.8217187523841858, 0.8217187523841858, 0.8217187523841858, 0.8217187523841858, 0.8217187523841858, 0.8217187523841858, 0.8217187523841858]}