{"loss": [0.4778308570384979, 0.19019758701324463, 0.07709155231714249, 0.1465419977903366, 0.12630616128444672, 0.08824846148490906, 0.11892598867416382, 0.17432346940040588, 0.12106627225875854, 0.04260461404919624, 0.036568742245435715, 0.10400599241256714, 0.14268049597740173, 0.12146703898906708, 0.08048523962497711, 0.15255317091941833, 0.06752735376358032, 0.10320959240198135, 0.06068747118115425, 0.06049766018986702, 0.09658942371606827, 0.08015316724777222, 0.06037016212940216, 0.08175171911716461, 0.09915095567703247, 0.1166866198182106, 0.09982297569513321, 0.11899074912071228, 0.07680130004882812, 0.09701734781265259, 0.05532940849661827], "accuracy": [0.8858593702316284, 0.9731249809265137, 0.9912499785423279, 0.9725000262260437, 0.9762499928474426, 0.9857031106948853, 0.9771093726158142, 0.9618750214576721, 0.9767187237739563, 0.9957031011581421, 0.9951562285423279, 0.9813281297683716, 0.971484363079071, 0.9763281345367432, 0.9866406321525574, 0.9673437476158142, 0.9901562333106995, 0.9807031154632568, 0.9900781512260437, 0.9905468821525574, 0.9821875095367432, 0.985546886920929, 0.9901562333106995, 0.9852343797683716, 0.9810937643051147, 0.9766406416893005, 0.9810156226158142, 0.9757031202316284, 0.9864843487739563, 0.981249988079071, 0.9911718964576721], "val_loss": [0.6594191193580627, 0.6616992950439453, 0.6788589954376221, 0.6661480665206909, 0.6618382334709167, 0.6683821678161621, 0.6627856492996216, 0.6410107612609863, 0.651195764541626, 0.6744348406791687, 0.6978433728218079, 0.6678014397621155, 0.6395673155784607, 0.6374674439430237, 0.6544777750968933, 0.6268653869628906, 0.6518025398254395, 0.6452205181121826, 0.6648200154304504, 0.6852700710296631, 0.6614000201225281, 0.6670834422111511, 0.6661215424537659, 0.6685858368873596, 0.6482702493667603, 0.6405823230743408, 0.6453479528427124, 0.6314395666122437, 0.6465630531311035, 0.6399446725845337, 0.6793782711029053], "val_accuracy": [0.8217187523841858, 0.8217187523841858, 0.8217187523841858, 0.8217187523841858, 0.8217187523841858, 0.8217187523841858, 0.8217187523841858, 0.8217187523841858, 0.8217187523841858, 0.8217187523841858, 0.8217187523841858, 0.8217187523841858, 0.8217187523841858, 0.8217187523841858, 0.8217187523841858, 0.8217187523841858, 0.8217187523841858, 0.8217187523841858, 0.8217187523841858, 0.8217187523841858, 0.8217187523841858, 0.8217187523841858, 0.8217187523841858, 0.8217187523841858, 0.8217187523841858, 0.8217187523841858, 0.8217187523841858, 0.8217187523841858, 0.8217187523841858, 0.8217187523841858, 0.8217187523841858]}