{"loss": [0.5510329008102417, 0.32225731015205383, 0.16542430222034454, 0.12217686325311661, 0.03778653219342232, 0.102724589407444, 0.10051091015338898, 0.0797499343752861, 0.08572957664728165, 0.12656541168689728, 0.14894060790538788, 0.1677406281232834, 0.1310778111219406, 0.08314365148544312, 0.11695536971092224, 0.03980684652924538, 0.09461553394794464, 0.0756983831524849, 0.05485609546303749, 0.17361168563365936, 0.059524618089199066, 0.07654477655887604, 0.12460200488567352, 0.057816606014966965, 0.10932795703411102, 0.08892863988876343, 0.1051793321967125, 0.12523818016052246, 0.06404940038919449, 0.07178828120231628, 0.08788201212882996, 0.07391718775033951, 0.08659528940916061, 0.07608380168676376, 0.08292484283447266, 0.15725025534629822, 0.08985913544893265, 0.06266177445650101, 0.06743166595697403, 0.10324059426784515, 0.04749820753931999, 0.030100185424089432, 0.12411291152238846, 0.044858239591121674, 0.08128735423088074, 0.046680618077516556, 0.050955481827259064, 0.08396895229816437, 0.030832070857286453, 0.06526640802621841, 0.10456030070781708, 0.06202033534646034, 0.0792081281542778, 0.13993224501609802, 0.11600906401872635, 0.04953058809041977, 0.08376424014568329, 0.07790307700634003, 0.08443931490182877, 0.04127723351120949, 0.07298579812049866, 0.025599448010325432, 0.06258437037467957, 0.09126077592372894, 0.1068863570690155, 0.13034093379974365, 0.060602933168411255, 0.06127997860312462, 0.11682406067848206, 0.07038894295692444, 0.11798834800720215, 0.07541608810424805, 0.04267699271440506, 0.07493193447589874, 0.1301276981830597, 0.07404160499572754, 0.06296000629663467, 0.05932654067873955, 0.061362721025943756, 0.083830825984478, 0.08694829791784286], "accuracy": [0.9192968606948853, 0.9800000190734863, 0.9859374761581421, 0.9814062714576721, 1.0, 0.9814843535423279, 0.9820312261581421, 0.9866406321525574, 0.9847656488418579, 0.9740625023841858, 0.9678124785423279, 0.961718738079071, 0.9724218845367432, 0.9856250286102295, 0.9764843583106995, 0.995312511920929, 0.9814843535423279, 0.9862499833106995, 0.9910937547683716, 0.9613281488418579, 0.9903905987739563, 0.9858593940734863, 0.9733593463897705, 0.9898437261581421, 0.9768750071525574, 0.9817968606948853, 0.9770312309265137, 0.9719531536102295, 0.9883593916893005, 0.9860156178474426, 0.9814843535423279, 0.9854687452316284, 0.981249988079071, 0.9842968583106995, 0.9820312261581421, 0.9628124833106995, 0.9807812571525574, 0.9871875047683716, 0.9853906035423279, 0.9769531488418579, 0.9911718964576721, 0.9955468773841858, 0.9707812666893005, 0.9914844036102295, 0.9819531440734863, 0.9912499785423279, 0.9903125166893005, 0.9810937643051147, 0.9954687356948853, 0.9862499833106995, 0.975781261920929, 0.9864062666893005, 0.9807812571525574, 0.9615625143051147, 0.9689843654632568, 0.9907812476158142, 0.9782812595367432, 0.9820312261581421, 0.9798437356948853, 0.9920312762260437, 0.9822656512260437, 0.9961718916893005, 0.9861719012260437, 0.9776562452316284, 0.9728124737739563, 0.9657812714576721, 0.9882031083106995, 0.9866406321525574, 0.9688281416893005, 0.9842968583106995, 0.9671093821525574, 0.9823437333106995, 0.9913281202316284, 0.9825000166893005, 0.9638281464576721, 0.983203113079071, 0.9854687452316284, 0.9872656464576721, 0.9864843487739563, 0.9786718487739563, 0.9776562452316284], "val_loss": [0.6314177513122559, 0.5664522051811218, 0.564133882522583, 0.5922788381576538, 0.6670278906822205, 0.6709000468254089, 0.6466637253761292, 0.6542395949363708, 0.6498274803161621, 0.6212761998176575, 0.5981656908988953, 0.5599780678749084, 0.5586672425270081, 0.5628534555435181, 0.5599857568740845, 0.5853011608123779, 0.5733269453048706, 0.5680986642837524, 0.5818479657173157, 0.5233941078186035, 0.5337984561920166, 0.5322163105010986, 0.5178236365318298, 0.517054557800293, 0.5069118738174438, 0.4934888780117035, 0.48042282462120056, 0.46668946743011475, 0.4669646918773651, 0.47241073846817017, 0.4633251130580902, 0.45901528000831604, 0.45098453760147095, 0.444385826587677, 0.44229164719581604, 0.4204535186290741, 0.4172985851764679, 0.41986531019210815, 0.41603443026542664, 0.4038536548614502, 0.4096275269985199, 0.41767826676368713, 0.3995770514011383, 0.39552944898605347, 0.3914923369884491, 0.3929462134838104, 0.3952798545360565, 0.38538795709609985, 0.3924572467803955, 0.38496559858322144, 0.37150752544403076, 0.37191063165664673, 0.36782485246658325, 0.35695701837539673, 0.3539910912513733, 0.35920360684394836, 0.3599538803100586, 0.35503527522087097, 0.3533901870250702, 0.3601028323173523, 0.3588438034057617, 0.3669274151325226, 0.3651103973388672, 0.3614230751991272, 0.35561084747314453, 0.3528912663459778, 0.357674777507782, 0.3608962297439575, 0.3592815399169922, 0.362596333026886, 0.36332622170448303, 0.3643392324447632, 0.3709481358528137, 0.37320080399513245, 0.37064629793167114, 0.3742460608482361, 0.37699824571609497, 0.38203132152557373, 0.3822648525238037, 0.3821909427642822, 0.3854466676712036], "val_accuracy": [0.8217187523841858, 0.8217187523841858, 0.8217187523841858, 0.8217187523841858, 0.8217187523841858, 0.8217187523841858, 0.8217187523841858, 0.8217187523841858, 0.8217187523841858, 0.8217187523841858, 0.8217187523841858, 0.8217187523841858, 0.8217187523841858, 0.8217187523841858, 0.8217187523841858, 0.8217187523841858, 0.8217187523841858, 0.8217187523841858, 0.8217187523841858, 0.8217187523841858, 0.8217187523841858, 0.8217187523841858, 0.8217187523841858, 0.8217187523841858, 0.8217187523841858, 0.8217187523841858, 0.8217187523841858, 0.8217187523841858, 0.8217187523841858, 0.8217187523841858, 0.8217187523841858, 0.8217187523841858, 0.8217187523841858, 0.8217187523841858, 0.8217187523841858, 0.8217187523841858, 0.8217187523841858, 0.8217187523841858, 0.8217187523841858, 0.8217187523841858, 0.8217187523841858, 0.8217187523841858, 0.8217187523841858, 0.8217187523841858, 0.8217187523841858, 0.8217187523841858, 0.8217187523841858, 0.8217187523841858, 0.8217187523841858, 0.8217187523841858, 0.819531261920929, 0.8179687261581421, 0.811718761920929, 0.811718761920929, 0.8008593916893005, 0.7996875047683716, 0.7982031106948853, 0.8008593916893005, 0.8014062643051147, 0.8021093606948853, 0.7992968559265137, 0.8003125190734863, 0.8013281226158142, 0.7996875047683716, 0.7989843487739563, 0.7960156202316284, 0.7953125238418579, 0.7967968583106995, 0.7985937595367432, 0.7998437285423279, 0.7973437309265137, 0.7983593940734863, 0.7982031106948853, 0.7987499833106995, 0.7967187762260437, 0.7971093654632568, 0.7975780963897705, 0.7981250286102295, 0.798046886920929, 0.7982812523841858, 0.7978125214576721]}