{"loss": [0.7051767110824585, 0.29296454787254333, 0.269979864358902, 0.23766593635082245, 0.2550100088119507, 0.23396289348602295, 0.16791410744190216, 0.20114128291606903, 0.19041094183921814, 0.13067427277565002, 0.14090795814990997, 0.18518804013729095, 0.19663989543914795, 0.15064139664173126, 0.2353588491678238, 0.16321197152137756, 0.16357702016830444, 0.18739762902259827, 0.17098663747310638, 0.22685472667217255, 0.20162390172481537, 0.12578478455543518, 0.15211471915245056, 0.1548706591129303, 0.16495874524116516], "acurracy": [0.7946875095367432, 0.9192968606948853, 0.9106249809265137, 0.9127343893051147, 0.9006249904632568, 0.9057031273841858, 0.9327343702316284, 0.9195312261581421, 0.9211719036102295, 0.9465625286102295, 0.9371874928474426, 0.9192187786102295, 0.9118750095367432, 0.9322656393051147, 0.8930468559265137, 0.9256250262260437, 0.9253906011581421, 0.9151562452316284, 0.920703113079071, 0.8956249952316284, 0.9048437476158142, 0.9428906440734863, 0.9268749952316284, 0.92578125, 0.9225780963897705], "val_loss": [2.063269853591919, 2.0349605083465576, 2.0211687088012695, 2.02858304977417, 1.863693118095398, 1.843413233757019, 1.8411160707473755, 1.825476050376892, 1.8183728456497192, 1.9427419900894165, 2.009150505065918, 1.9451651573181152, 1.8129513263702393, 1.9588935375213623, 1.7785338163375854, 1.8473143577575684, 1.8802061080932617, 1.8058122396469116, 1.8569705486297607, 1.7427464723587036, 1.7759218215942383, 1.9505093097686768, 1.896356463432312, 1.970992922782898, 1.9229930639266968], "val_acurracy": [0.19234375655651093, 0.17882812023162842, 0.17867188155651093, 0.19632811844348907, 0.2194531261920929, 0.22304686903953552, 0.22359375655651093, 0.22484375536441803, 0.22882813215255737, 0.2096875011920929, 0.20765624940395355, 0.21476562321186066, 0.22859375178813934, 0.22328124940395355, 0.24796874821186066, 0.23179687559604645, 0.23273438215255737, 0.2618750035762787, 0.23468750715255737, 0.25789061188697815, 0.24257811903953552, 0.21882812678813934, 0.2561718821525574, 0.22164063155651093, 0.2264062464237213]}