{"loss": [1.0409867763519287, 0.6409503221511841, 0.4152165949344635, 0.3228105902671814, 0.45616304874420166, 0.2927880585193634, 0.24725574254989624, 0.35873478651046753, 0.3379398584365845, 0.2658950388431549, 0.17475007474422455, 0.29143914580345154, 0.25207066535949707, 0.30685102939605713, 0.2503926157951355, 0.1767432987689972, 0.36732929944992065, 0.1978006809949875, 0.17661279439926147, 0.23734799027442932, 0.2071658968925476, 0.15306998789310455, 0.2226393073797226, 0.2061404287815094, 0.1693006455898285, 0.1060146912932396, 0.21075104176998138, 0.15908955037593842, 0.1638733297586441, 0.1991690695285797, 0.1847597062587738, 0.16448818147182465], "acurracy": [0.7107812762260437, 0.8623437285423279, 0.915234386920929, 0.9329687356948853, 0.881640613079071, 0.9232031106948853, 0.9335156083106995, 0.8908593654632568, 0.8921874761581421, 0.9177343845367432, 0.9483593702316284, 0.9049218893051147, 0.9180468916893005, 0.8956249952316284, 0.9139843583106995, 0.9424999952316284, 0.8645312786102295, 0.9300781488418579, 0.9358593821525574, 0.9087499976158142, 0.9203906059265137, 0.9420312643051147, 0.9103124737739563, 0.9146875143051147, 0.9326562285423279, 0.958984375, 0.9119531512260437, 0.9310937523841858, 0.9299218654632568, 0.9138281345367432, 0.9197656512260437, 0.9250781536102295], "val_loss": [2.0153520107269287, 2.0064263343811035, 2.049663782119751, 1.8674442768096924, 1.631381630897522, 1.5367130041122437, 1.5025312900543213, 1.4826912879943848, 1.4727413654327393, 1.4751514196395874, 1.486839771270752, 1.491960048675537, 1.4829593896865845, 1.4222701787948608, 1.3965764045715332, 1.437892198562622, 1.3958271741867065, 1.38454008102417, 1.372822880744934, 1.3800973892211914, 1.3702502250671387, 1.3785749673843384, 1.3273266553878784, 1.3755764961242676, 1.405300498008728, 1.3588603734970093, 1.3179970979690552, 1.3591253757476807, 1.3579974174499512, 1.345484972000122, 1.3370416164398193, 1.3597395420074463], "val_acurracy": [0.20765624940395355, 0.2903124988079071, 0.3025781214237213, 0.3146093785762787, 0.31984373927116394, 0.32164061069488525, 0.32273438572883606, 0.33250001072883606, 0.3278124928474426, 0.32929688692092896, 0.33226561546325684, 0.33179688453674316, 0.3278124928474426, 0.3357812464237213, 0.33109375834465027, 0.32570311427116394, 0.31812500953674316, 0.31687501072883606, 0.3268750011920929, 0.3318749964237213, 0.31843748688697815, 0.3335937559604645, 0.33054688572883606, 0.32890623807907104, 0.3128125071525574, 0.3348437547683716, 0.3334375023841858, 0.31617188453674316, 0.32289063930511475, 0.33476561307907104, 0.33742186427116394, 0.3162499964237213]}