{"loss": [1.1756640672683716, 0.5215086936950684, 0.6886149048805237, 0.7224199175834656, 0.5324601531028748, 0.28698694705963135], "acurracy": [0.6729687452316284, 0.9068750143051147, 0.8642187714576721, 0.8453906178474426, 0.8908593654632568, 0.94921875], "val_loss": [2.1451826095581055, 2.466732978820801, 2.7752556800842285, 3.4245996475219727, 4.181535243988037, 4.759561538696289], "val_acurracy": [0.18632812798023224, 0.1678124964237213, 0.14093750715255737, 0.09843750298023224, 0.06914062798023224, 0.06304687261581421]}