{"loss": [0.8131409287452698, 0.35641273856163025, 0.3507973551750183, 0.11195162683725357, 0.1911190003156662, 0.22026702761650085, 0.17398127913475037, 0.22069881856441498, 0.14023013412952423, 0.2654346823692322, 0.1678331047296524, 0.228531152009964, 0.205952450633049, 0.22189991176128387, 0.1904802918434143, 0.23123082518577576, 0.17204320430755615, 0.11719807982444763, 0.180475652217865, 0.23817068338394165, 0.15435191988945007, 0.16944581270217896, 0.188504159450531, 0.18212495744228363, 0.1922403872013092, 0.17030686140060425, 0.20334501564502716, 0.20534437894821167, 0.1395842581987381, 0.20541368424892426, 0.20659798383712769, 0.1476805955171585, 0.1876046508550644], "acurracy": [0.7372656464576721, 0.8846874833106995, 0.8692968487739563, 0.9585156440734863, 0.923046886920929, 0.9102343916893005, 0.925000011920929, 0.9035937786102295, 0.9392969012260437, 0.881640613079071, 0.9235156178474426, 0.8974999785423279, 0.90625, 0.8973437547683716, 0.9112499952316284, 0.8917187452316284, 0.9189843535423279, 0.9463281035423279, 0.9147655963897705, 0.8861718773841858, 0.9258593916893005, 0.918749988079071, 0.9084374904632568, 0.9110937714576721, 0.9049999713897705, 0.9184374809265137, 0.8986718654632568, 0.900390625, 0.9315624833106995, 0.8985937237739563, 0.8979687690734863, 0.9280468821525574, 0.9071093797683716], "val_loss": [1.7294164896011353, 1.572866678237915, 1.4436100721359253, 1.4698950052261353, 1.4362678527832031, 1.4168509244918823, 1.481766939163208, 1.3903573751449585, 1.3998620510101318, 1.383642315864563, 1.4022289514541626, 1.3750720024108887, 1.3794447183609009, 1.3730268478393555, 1.383126974105835, 1.382475733757019, 1.3959139585494995, 1.3968150615692139, 1.3672173023223877, 1.3436611890792847, 1.3673206567764282, 1.3682968616485596, 1.358466625213623, 1.3387871980667114, 1.3539448976516724, 1.3690438270568848, 1.3347245454788208, 1.3297141790390015, 1.3691415786743164, 1.3410274982452393, 1.3440247774124146, 1.360366940498352, 1.3540819883346558], "val_acurracy": [0.2523437440395355, 0.27937498688697815, 0.2810937464237213, 0.2814062535762787, 0.2911718785762787, 0.28898438811302185, 0.2885156273841858, 0.2823437452316284, 0.28468748927116394, 0.29195311665534973, 0.2839062511920929, 0.2860156297683716, 0.2914062440395355, 0.30351561307907104, 0.29820311069488525, 0.31171876192092896, 0.30531251430511475, 0.3130468726158142, 0.3089062571525574, 0.3003906309604645, 0.2924218773841858, 0.31156250834465027, 0.3034375011920929, 0.3178125023841858, 0.29289063811302185, 0.29414063692092896, 0.31062498688697815, 0.30460938811302185, 0.29554688930511475, 0.30101561546325684, 0.3162499964237213, 0.31632813811302185, 0.2972656190395355]}