{"loss": [0.615730345249176, 0.3290844261646271, 0.23171214759349823, 0.17907454073429108, 0.1849254071712494, 0.19896255433559418], "acurracy": [0.8106250166893005, 0.89453125, 0.9161718487739563, 0.9301562309265137, 0.9253125190734863, 0.9164843559265137], "val_loss": [2.279433250427246, 2.5063745975494385, 3.022393226623535, 3.5673775672912598, 3.7595858573913574, 3.9859228134155273], "val_acurracy": [0.1678124964237213, 0.14937500655651093, 0.1678124964237213, 0.16578124463558197, 0.16171875596046448, 0.16296875476837158]}