{"loss": [0.7473751902580261, 0.3882569372653961, 0.2749505341053009, 0.23801960051059723, 0.191189706325531, 0.19092382490634918], "acurracy": [0.7624218463897705, 0.8703906536102295, 0.8989062309265137, 0.9064843654632568, 0.9231250286102295, 0.919921875], "val_loss": [1.8338043689727783, 2.307241201400757, 2.9704396724700928, 3.364269971847534, 3.507174491882324, 3.706744909286499], "val_acurracy": [0.16320312023162842, 0.140625, 0.1413281261920929, 0.13968749344348907, 0.14210937917232513, 0.1399218738079071]}