{"loss": [0.6143326163291931, 0.23781390488147736, 0.11846470087766647, 0.15972506999969482, 0.2172720730304718, 0.31193995475769043], "acurracy": [0.8110156059265137, 0.927734375, 0.962109386920929, 0.9417187571525574, 0.915234386920929, 0.869921863079071], "val_loss": [2.0182223320007324, 2.1525464057922363, 2.3842055797576904, 2.5550427436828613, 2.5323944091796875, 2.2372748851776123], "val_acurracy": [0.20156249403953552, 0.14804688096046448, 0.14531250298023224, 0.1589062511920929, 0.1599999964237213, 0.18445312976837158]}