{"loss": [0.9476749300956726, 0.2346348911523819, 0.3022884428501129, 0.17366838455200195, 0.19580818712711334, 0.17008250951766968], "acurracy": [0.6858593821525574, 0.9278905987739563, 0.8932812213897705, 0.9375, 0.9240624904632568, 0.930859386920929], "val_loss": [2.1854586601257324, 2.5186827182769775, 3.0053551197052, 3.4209530353546143, 3.7367279529571533, 3.9862725734710693], "val_acurracy": [0.14624999463558197, 0.13382811844348907, 0.13843749463558197, 0.14195312559604645, 0.14148437976837158, 0.1400781273841858]}