{"loss": [0.7210277318954468, 0.2493923008441925, 0.310456246137619, 0.2735974192619324, 0.2086511254310608, 0.22880664467811584, 0.16070643067359924, 0.21820810437202454, 0.16816000640392303, 0.22938911616802216, 0.1977955400943756, 0.16238431632518768, 0.1599666178226471, 0.218373641371727, 0.23375116288661957, 0.17254096269607544, 0.18089109659194946, 0.14210565388202667, 0.13842689990997314, 0.16251406073570251], "acurracy": [0.7805469036102295, 0.9288281202316284, 0.8903124928474426, 0.8924219012260437, 0.9147655963897705, 0.9042187333106995, 0.9310156106948853, 0.9057031273841858, 0.9263281226158142, 0.9004687666893005, 0.9104687571525574, 0.92578125, 0.9261718988418579, 0.8978124856948853, 0.8941406011581421, 0.9180468916893005, 0.914843738079071, 0.9314844012260437, 0.9337499737739563, 0.9228906035423279], "val_loss": [1.9606947898864746, 1.9371850490570068, 1.8681917190551758, 1.770480990409851, 1.8195176124572754, 1.7140579223632812, 1.781089186668396, 1.619592308998108, 1.7350214719772339, 1.6042388677597046, 1.6062642335891724, 1.7822538614273071, 1.6877549886703491, 1.5615904331207275, 1.5195708274841309, 1.577680230140686, 1.6001893281936646, 1.684605598449707, 1.7500736713409424, 1.6578831672668457], "val_acurracy": [0.20289061963558197, 0.20218749344348907, 0.21937499940395355, 0.23328125476837158, 0.24375000596046448, 0.2492968738079071, 0.24226562678813934, 0.2551562488079071, 0.23976562917232513, 0.2572656273841858, 0.25242188572883606, 0.2530468702316284, 0.25898438692092896, 0.271484375, 0.2964843809604645, 0.2897656261920929, 0.2903124988079071, 0.28218749165534973, 0.27250000834465027, 0.28687500953674316]}