{"loss": [0.7962613701820374, 0.42534202337265015, 0.5723951458930969, 0.7340897917747498, 0.5849672555923462, 0.47938477993011475], "acurracy": [0.7721093893051147, 0.9313281178474426, 0.8960937261581421, 0.8453906178474426, 0.8724218606948853, 0.891796886920929], "val_loss": [2.936248540878296, 3.3951916694641113, 3.794118881225586, 4.130433559417725, 4.743539810180664, 5.3498077392578125], "val_acurracy": [0.17015625536441803, 0.16875000298023224, 0.15015624463558197, 0.11171875149011612, 0.08953125029802322, 0.07210937142372131]}