{"loss": [0.8676210641860962, 0.5789185166358948, 0.5571343898773193, 0.631325900554657, 0.6350541114807129, 0.41587093472480774, 0.4408217966556549, 0.415986031293869, 0.38195523619651794, 0.33894088864326477], "acurracy": [0.7321875095367432, 0.8974218964576721, 0.8975781202316284, 0.8721093535423279, 0.8645312786102295, 0.9164843559265137, 0.8999218940734863, 0.8961718678474426, 0.9030468463897705, 0.9146093726158142], "val_loss": [2.284315586090088, 2.169145107269287, 2.092160701751709, 1.8668206930160522, 1.7179827690124512, 1.7402336597442627, 1.7869716882705688, 1.8220276832580566, 1.9628978967666626, 1.8916412591934204], "val_acurracy": [0.20851562917232513, 0.25343748927116394, 0.2732812464237213, 0.2857031226158142, 0.3133593797683716, 0.31812500953674316, 0.3108593821525574, 0.3114062547683716, 0.30726563930511475, 0.31226563453674316]}