{"loss": [0.9461204409599304, 0.8304239511489868, 0.38138067722320557, 0.6420772671699524, 0.710401177406311, 0.700248658657074], "acurracy": [0.7666406035423279, 0.8307812213897705, 0.9399999976158142, 0.8749218583106995, 0.8453906178474426, 0.8393750190734863], "val_loss": [2.2194228172302246, 2.548391342163086, 3.073404312133789, 3.2564399242401123, 4.009284019470215, 4.768296718597412], "val_acurracy": [0.17093749344348907, 0.17085938155651093, 0.16820313036441803, 0.1576562523841858, 0.13382811844348907, 0.10273437201976776]}