{"loss": [0.40633076429367065, 0.09301594644784927, 0.026002047583460808, 0.048197388648986816, 0.0345446951687336, 0.04703155905008316, 0.02600712515413761, 0.023644864559173584, 0.03179127350449562, 0.017130548134446144, 0.016530338674783707, 0.0062225270085036755, 0.008170530200004578, 0.0057057267986238, 0.025937950238585472, 0.009757375344634056, 0.01978074386715889, 0.019267018884420395, 0.013650374487042427, 0.0265568345785141], "accuracy": [0.9028124809265137, 0.9756249785423279, 0.9921875, 0.9724218845367432, 0.9803906083106995, 0.9725781083106995, 0.9861719012260437, 0.9871875047683716, 0.9842968583106995, 0.991406261920929, 0.9928125143051147, 0.9971874952316284, 0.9964843988418579, 0.9973437786102295, 0.9871875047683716, 0.9956250190734863, 0.9903905987739563, 0.9907031059265137, 0.994921863079071, 0.9889843463897705], "val_loss": [0.6583368182182312, 0.6302528381347656, 0.618588387966156, 0.6172433495521545, 0.6170786023139954, 0.6242307424545288, 0.6232499480247498, 0.6219632029533386, 0.6273971199989319, 0.6299266219139099, 0.6295997500419617, 0.6278471946716309, 0.6289377212524414, 0.6277045607566833, 0.6326824426651001, 0.6361076235771179, 0.6408358216285706, 0.6420968770980835, 0.6390125751495361, 0.6463728547096252], "val_accuracy": [0.8233593702316284, 0.8220312595367432, 0.8224218487739563, 0.8188281059265137, 0.8185155987739563, 0.8134375214576721, 0.8131250143051147, 0.8073437213897705, 0.8014843463897705, 0.8004687428474426, 0.7981250286102295, 0.7973437309265137, 0.795703113079071, 0.7960156202316284, 0.792187511920929, 0.7889062762260437, 0.7877343893051147, 0.7909374833106995, 0.790234386920929, 0.7839062213897705]}