{"loss": [0.2474161982536316, 0.05785764381289482, 0.013555878773331642, 0.032340362668037415, 0.03708810359239578, 0.018045838922262192, 0.014840277843177319, 0.02678126096725464, 0.013443839736282825, 0.04368318244814873, 0.025946112349629402, 0.032258108258247375, 0.024431273341178894, 0.017838113009929657, 0.01746845804154873, 0.029532089829444885, 0.011882965452969074, 0.013784089125692844], "accuracy": [0.9896875023841858, 0.9767187237739563, 0.9960156083106995, 0.9807031154632568, 0.9789843559265137, 0.9892968535423279, 0.9920312762260437, 0.9846875071525574, 0.9918749928474426, 0.975781261920929, 0.9849218726158142, 0.9817187786102295, 0.9871875047683716, 0.9911718964576721, 0.9906250238418579, 0.9846875071525574, 0.9937499761581421, 0.9925781488418579], "val_loss": [0.6513252854347229, 0.6375320553779602, 0.6298888921737671, 0.6327524781227112, 0.6368539333343506, 0.6388489007949829, 0.6409406065940857, 0.6442548632621765, 0.6461145877838135, 0.6648867726325989, 0.6712495684623718, 0.6841190457344055, 0.6860954761505127, 0.6957678198814392, 0.6963983774185181, 0.7066301703453064, 0.7063297033309937, 0.7122631669044495], "val_accuracy": [0.8370312452316284, 0.8339062333106995, 0.8314843773841858, 0.8376562595367432, 0.8372656106948853, 0.8389843702316284, 0.8349999785423279, 0.8334375023841858, 0.835156261920929, 0.8324999809265137, 0.8303124904632568, 0.8292187452316284, 0.8267968893051147, 0.8218749761581421, 0.8185937404632568, 0.8166406154632568, 0.814453125, 0.16484375298023224]}