{"loss": [0.6514575481414795, 0.39787331223487854, 0.1443074643611908, 0.04450138658285141, 0.04947216063737869, 0.032386235892772675, 0.03609064221382141, 0.018572714179754257, 0.03084697015583515, 0.011661368422210217, 0.03170027956366539, 0.03319177404046059, 0.045778438448905945, 0.019020233303308487, 0.04410354793071747, 0.01711519993841648, 0.049588389694690704, 0.014150167815387249, 0.03069920837879181, 0.01474677212536335], "accuracy": [0.9169531464576721, 0.9911718964576721, 0.9634374976158142, 0.9877343773841858, 0.9818750023841858, 0.9866406321525574, 0.9858593940734863, 0.9916406273841858, 0.9864062666893005, 0.9958593845367432, 0.9861719012260437, 0.9853906035423279, 0.9797656536102295, 0.9922656416893005, 0.9793750047683716, 0.9925000071525574, 0.9771875143051147, 0.9940624833106995, 0.9864843487739563, 0.9934375286102295], "val_loss": [0.6183204054832458, 0.4327476918697357, 0.35276877880096436, 0.35557156801223755, 0.3506948947906494, 0.35320281982421875, 0.3707992136478424, 0.37713488936424255, 0.377620130777359, 0.3775475025177002, 0.38566330075263977, 0.3893943727016449, 0.377509206533432, 0.3815585970878601, 0.37852221727371216, 0.3761306405067444, 0.39313453435897827, 0.42112934589385986, 0.42470425367355347, 0.41981375217437744], "val_accuracy": [0.8217187523841858, 0.8217187523841858, 0.8257812261581421, 0.8319531083106995, 0.8413281440734863, 0.8439062237739563, 0.83984375, 0.8403906226158142, 0.842578113079071, 0.8436718583106995, 0.8400781154632568, 0.8340625166893005, 0.8372656106948853, 0.8408593535423279, 0.840624988079071, 0.8407812714576721, 0.8387500047683716, 0.8323437571525574, 0.8295312523841858, 0.8360937237739563]}