{"loss": [0.32595309615135193, 0.058382123708724976, 0.03785049915313721, 0.055191587656736374, 0.002120249904692173, 0.02971995808184147, 0.032988082617521286, 0.015989748761057854, 0.02878270111978054, 0.028686832636594772, 0.03880801796913147, 0.019773762673139572, 0.00624044518917799, 0.031100928783416748, 0.03029968962073326, 0.035593241453170776, 0.029545163735747337], "accuracy": [0.9724218845367432, 0.9764843583106995, 0.979296863079071, 0.966796875, 1.0, 0.9825780987739563, 0.98046875, 0.9903905987739563, 0.9846093654632568, 0.9834374785423279, 0.978515625, 0.9900781512260437, 0.9967968463897705, 0.9827343821525574, 0.9838281273841858, 0.9821875095367432, 0.9850780963897705], "val_loss": [0.6421365141868591, 0.6293339729309082, 0.6304934024810791, 0.6407636404037476, 0.6397551894187927, 0.6464775204658508, 0.6522664427757263, 0.6622290015220642, 0.6689105033874512, 0.6754923462867737, 0.6800701022148132, 0.6870332956314087, 0.6865059733390808, 0.6902056336402893, 0.6927626729011536, 0.7092286944389343, 0.7110093832015991], "val_accuracy": [0.8217187523841858, 0.821484386920929, 0.8207031488418579, 0.8205468654632568, 0.8215625286102295, 0.8221874833106995, 0.8213281035423279, 0.8196874856948853, 0.8180468678474426, 0.8091406226158142, 0.8063281178474426, 0.8043749928474426, 0.8021093606948853, 0.8020312786102295, 0.7939843535423279, 0.7950000166893005, 0.7874218821525574]}