{"loss": [0.3554704785346985, 0.06813464313745499, 0.061716705560684204, 0.03008396178483963, 0.024676350876688957, 0.05169060826301575, 0.042383451014757156, 0.02776481583714485, 0.013868497684597969, 0.04023551940917969, 0.025957807898521423, 0.03141580522060394, 0.01248310785740614, 0.012035856023430824, 0.01845386251807213, 0.02995716594159603], "accuracy": [0.9647656083106995, 0.9768750071525574, 0.9645312428474426, 0.982421875, 0.9857031106948853, 0.9696875214576721, 0.9742187261581421, 0.9836719036102295, 0.9922656416893005, 0.9750781059265137, 0.9840624928474426, 0.9820312261581421, 0.9934375286102295, 0.9928905963897705, 0.9889843463897705, 0.9845312237739563], "val_loss": [0.6785035133361816, 0.6912887692451477, 0.6951314806938171, 0.7002351880073547, 0.7027633786201477, 0.7000781893730164, 0.6982104778289795, 0.6989549994468689, 0.7033544182777405, 0.7045206427574158, 0.7068337202072144, 0.7114754319190979, 0.7149288654327393, 0.7154946327209473, 0.7139555215835571, 0.7205902338027954], "val_accuracy": [0.7935937643051147, 0.7912499904632568, 0.8076562285423279, 0.8107030987739563, 0.8098437786102295, 0.8006250262260437, 0.8123437762260437, 0.8176562786102295, 0.817578136920929, 0.8235937356948853, 0.8282031416893005, 0.8299219012260437, 0.8310937285423279, 0.8340625166893005, 0.8389843702316284, 0.8397656083106995]}