{"loss": [0.3990909457206726, 0.05845522880554199, 0.07452855259180069, 0.036092232912778854, 0.041248563677072525, 0.02536954917013645, 0.03608478233218193, 0.022973978891968727, 0.007956490851938725, 0.02987518720328808, 0.0207991786301136, 0.02194076217710972, 0.02175719290971756, 0.01444052904844284, 0.03557621315121651, 0.038576625287532806], "accuracy": [0.938671886920929, 0.9822656512260437, 0.9596093893051147, 0.9809374809265137, 0.9771875143051147, 0.9864843487739563, 0.979296863079071, 0.9862499833106995, 0.9954687356948853, 0.9828125238418579, 0.98828125, 0.9879687428474426, 0.9882031083106995, 0.9927343726158142, 0.9789062738418579, 0.9783594012260437], "val_loss": [0.6847833395004272, 0.7209418416023254, 0.717471718788147, 0.7237187027931213, 0.7244765758514404, 0.7275744080543518, 0.7291499972343445, 0.7331954836845398, 0.7426438927650452, 0.7373425960540771, 0.7389959692955017, 0.7363165020942688, 0.7346004247665405, 0.7378913164138794, 0.73907870054245, 0.7396162152290344], "val_accuracy": [0.8003125190734863, 0.8064062595367432, 0.8157812356948853, 0.8207031488418579, 0.8241406083106995, 0.821093738079071, 0.8259375095367432, 0.8258593678474426, 0.8239062428474426, 0.8208593726158142, 0.8231250047683716, 0.8303124904632568, 0.8350781202316284, 0.836718738079071, 0.8424218893051147, 0.8411718606948853]}