{"loss": [0.2642908990383148, 0.026301052421331406, 0.02020568586885929, 0.009080855175852776, 0.03036372922360897, 0.03469458594918251, 0.032602909952402115, 0.05051317811012268, 0.02394942007958889, 0.039835840463638306, 0.016778603196144104, 0.016559159383177757, 0.03697916120290756, 0.025900553911924362, 0.024300329387187958, 5.571040674112737e-05, 0.028758259490132332, 0.02255694568157196, 0.022082941606640816], "accuracy": [0.9535937309265137, 0.9957031011581421, 0.9903905987739563, 0.9959375262260437, 0.9805468916893005, 0.9786718487739563, 0.9805468916893005, 0.9707812666893005, 0.9880468845367432, 0.9802343845367432, 0.9918749928474426, 0.9920312762260437, 0.9831249713897705, 0.9878906011581421, 0.9895312786102295, 1.0, 0.9882031083106995, 0.9909374713897705, 0.9907812476158142], "val_loss": [0.6514531970024109, 0.6303834915161133, 0.6243190169334412, 0.6196692585945129, 0.6277079582214355, 0.6370053291320801, 0.6421462893486023, 0.649120569229126, 0.650411069393158, 0.657798171043396, 0.6554890275001526, 0.664873480796814, 0.6699022650718689, 0.677707314491272, 0.6843499541282654, 0.6839143633842468, 0.6932064890861511, 0.697889506816864, 0.7337785363197327], "val_accuracy": [0.8217187523841858, 0.8217187523841858, 0.821484386920929, 0.8217187523841858, 0.8197656273841858, 0.811718761920929, 0.8017968535423279, 0.7907031178474426, 0.7860937714576721, 0.7896093726158142, 0.787109375, 0.7857812643051147, 0.7822656035423279, 0.7791406512260437, 0.7784374952316284, 0.779296875, 0.7738281488418579, 0.772265613079071, 0.7749218940734863]}