{"loss": [0.4318135380744934, 0.07795167714357376, 0.046725813299417496, 0.03278028592467308, 0.02231609635055065, 0.028165286406874657, 0.032028187066316605, 0.030787132680416107, 0.012142960913479328, 0.01796846278011799, 0.02299058996140957, 0.03418588638305664, 0.010308452881872654, 0.02075699158012867, 0.015488079749047756, 0.00993275549262762, 0.02816701866686344, 0.009575470350682735, 0.02209935337305069, 0.010219026356935501], "accuracy": [0.8634374737739563, 0.9852343797683716, 0.9769531488418579, 0.9821875095367432, 0.9889843463897705, 0.9837499856948853, 0.9825780987739563, 0.9850000143051147, 0.994140625, 0.9912499785423279, 0.9889062643051147, 0.9858593940734863, 0.9952343702316284, 0.9910937547683716, 0.993359386920929, 0.9957031011581421, 0.9878125190734863, 0.9959375262260437, 0.991015613079071, 0.9960156083106995], "val_loss": [0.6633150577545166, 0.6377197504043579, 0.6310244798660278, 0.6303915977478027, 0.6284483075141907, 0.629941463470459, 0.6345194578170776, 0.6347381472587585, 0.6343979835510254, 0.6395217180252075, 0.6434886455535889, 0.6455312967300415, 0.6431551575660706, 0.6603564620018005, 0.6560370922088623, 0.6560767889022827, 0.6663815379142761, 0.6697685122489929, 0.673841118812561, 0.6843876838684082], "val_accuracy": [0.821484386920929, 0.8209375143051147, 0.8182031512260437, 0.8190624713897705, 0.8200781345367432, 0.8138281106948853, 0.8050000071525574, 0.80078125, 0.7983593940734863, 0.79296875, 0.7875000238418579, 0.7829687595367432, 0.7834374904632568, 0.7748437523841858, 0.7807031273841858, 0.7808593511581421, 0.775390625, 0.7724999785423279, 0.7767187356948853, 0.7774999737739563]}