{"loss": [0.39954039454460144, 0.03882934898138046, 0.030790144577622414, 0.03063925728201866, 0.05640081316232681, 0.009849430993199348, 0.024238346144557, 0.04252874478697777, 0.011843177489936352, 0.02163783460855484, 0.02961939014494419, 0.015276358462870121, 0.04656204208731651, 0.026461848989129066, 0.0005070042097941041, 0.026473162695765495, 0.02206212468445301], "accuracy": [0.9332812428474426, 0.9951562285423279, 0.9859374761581421, 0.9846093654632568, 0.9685937762260437, 0.9960156083106995, 0.9867187738418579, 0.9759374856948853, 0.9932031035423279, 0.9889062643051147, 0.9849218726158142, 0.9917187690734863, 0.9762499928474426, 0.985546886920929, 1.0, 0.9845312237739563, 0.9877343773841858], "val_loss": [0.6312538981437683, 0.614039421081543, 0.616405189037323, 0.6203842163085938, 0.6349020600318909, 0.6385693550109863, 0.6463038921356201, 0.6572996377944946, 0.661480188369751, 0.6685218811035156, 0.6796237230300903, 0.681963324546814, 0.6927991509437561, 0.7024856805801392, 0.7022077441215515, 0.7045179009437561, 0.7080584764480591], "val_accuracy": [0.8309375047683716, 0.8271093964576721, 0.827343761920929, 0.8235937356948853, 0.8239062428474426, 0.8255468606948853, 0.8231250047683716, 0.8127343654632568, 0.8174218535423279, 0.8118749856948853, 0.8070312738418579, 0.805468738079071, 0.8023437261581421, 0.7991406321525574, 0.798828125, 0.7936718463897705, 0.7963281273841858]}