{"loss": [0.578188955783844, 0.3524226248264313, 0.19031719863414764, 0.09303250163793564, 0.1460842341184616, 0.12255938351154327, 0.10334552079439163, 0.023293426260352135, 0.09519631415605545, 0.040451906621456146, 0.1568835973739624, 0.08450643718242645, 0.06293730437755585, 0.14333489537239075, 0.09940948337316513, 0.056630391627550125, 0.0522671639919281, 0.11451336741447449, 0.09868448972702026, 0.0797661617398262, 0.07498982548713684, 0.07424016296863556, 0.07889638096094131, 0.07338116317987442, 0.10780590027570724, 0.0945829376578331, 0.03453022986650467, 0.05524951592087746, 0.1343279778957367, 0.06715650856494904, 0.10679636895656586, 0.15834352374076843, 0.052649594843387604, 0.10272534191608429, 0.072596974670887, 0.14766432344913483, 0.05949976295232773, 0.0842420756816864, 0.09968128800392151, 0.07003048807382584, 0.1319846212863922, 0.07494581490755081, 0.08239387720823288, 0.08220993727445602, 0.015071305446326733, 0.127750962972641, 0.1321839541196823, 0.08075374364852905, 0.09713790565729141, 0.045905355364084244, 0.08726892620325089, 0.0969562828540802, 0.07461626827716827, 0.07236465066671371, 0.05955236777663231, 0.028265925124287605, 0.08944371342658997, 0.10599378496408463, 0.07285866141319275, 0.07811003178358078, 0.075220987200737, 0.07574073225259781], "accuracy": [0.9142968654632568, 0.9838281273841858, 0.9782812595367432, 0.9900781512260437, 0.9710937738418579, 0.9763281345367432, 0.9813281297683716, 1.0, 0.9825000166893005, 0.9946093559265137, 0.9686718583106995, 0.9850780963897705, 0.9897656440734863, 0.9700000286102295, 0.9807812571525574, 0.9907812476158142, 0.9915624856948853, 0.9764062762260437, 0.9807031154632568, 0.9850000143051147, 0.9860156178474426, 0.9860937595367432, 0.9852343797683716, 0.9860937595367432, 0.9781249761581421, 0.9807812571525574, 0.9954687356948853, 0.9900781512260437, 0.9710937738418579, 0.987500011920929, 0.9772655963897705, 0.9619531035423279, 0.9914844036102295, 0.9767187237739563, 0.9853906035423279, 0.9642968773841858, 0.9889062643051147, 0.9810156226158142, 0.9771093726158142, 0.9852343797683716, 0.9674999713897705, 0.9841406345367432, 0.9810937643051147, 0.9820312261581421, 1.0, 0.9701562523841858, 0.9654687643051147, 0.981640636920929, 0.9768750071525574, 0.9915624856948853, 0.9797656536102295, 0.9769531488418579, 0.9828906059265137, 0.9839062690734863, 0.9867968559265137, 0.9956250190734863, 0.9786718487739563, 0.9735937714576721, 0.983593761920929, 0.9817187786102295, 0.9826562404632568, 0.9830468893051147], "val_loss": [0.6248155236244202, 0.5419952273368835, 0.5413442254066467, 0.6101272106170654, 0.6016074419021606, 0.5778392553329468, 0.5760743021965027, 0.6393488645553589, 0.6091389060020447, 0.6307339668273926, 0.5490525364875793, 0.5481446385383606, 0.5541155934333801, 0.5110132694244385, 0.490210622549057, 0.5036888718605042, 0.5097367167472839, 0.4783525764942169, 0.45412877202033997, 0.4513338804244995, 0.4472399950027466, 0.44673454761505127, 0.4384007751941681, 0.430542916059494, 0.4155009090900421, 0.4059506356716156, 0.41904330253601074, 0.4173941910266876, 0.39297106862068176, 0.38629475235939026, 0.37785375118255615, 0.35669413208961487, 0.35725677013397217, 0.3482120633125305, 0.3484201431274414, 0.33630669116973877, 0.3372916877269745, 0.335723876953125, 0.33070799708366394, 0.331551730632782, 0.32456469535827637, 0.32210734486579895, 0.31908273696899414, 0.31884315609931946, 0.3282821774482727, 0.3158446252346039, 0.30877184867858887, 0.31220877170562744, 0.315560907125473, 0.3196486234664917, 0.319766640663147, 0.316970556974411, 0.32106730341911316, 0.3262721598148346, 0.33208203315734863, 0.338617742061615, 0.33522021770477295, 0.33719319105148315, 0.3408644199371338, 0.34722328186035156, 0.3525252938270569, 0.3554195463657379], "val_accuracy": [0.8217187523841858, 0.8217187523841858, 0.8217187523841858, 0.8217187523841858, 0.8217187523841858, 0.8217187523841858, 0.8217187523841858, 0.8217187523841858, 0.8217187523841858, 0.8217187523841858, 0.8217187523841858, 0.8217187523841858, 0.8217187523841858, 0.8217187523841858, 0.8217187523841858, 0.8217187523841858, 0.8217187523841858, 0.8217187523841858, 0.8217187523841858, 0.8217187523841858, 0.8217187523841858, 0.8217187523841858, 0.8217187523841858, 0.8217187523841858, 0.8217187523841858, 0.8217187523841858, 0.8217187523841858, 0.8217187523841858, 0.8217187523841858, 0.8217187523841858, 0.8217187523841858, 0.8217187523841858, 0.8217187523841858, 0.8217187523841858, 0.8217187523841858, 0.8203906416893005, 0.8228124976158142, 0.8321874737739563, 0.8335937261581421, 0.8396093845367432, 0.840624988079071, 0.8367968797683716, 0.8374999761581421, 0.8350781202316284, 0.8354687690734863, 0.827343761920929, 0.821484386920929, 0.8207031488418579, 0.8185937404632568, 0.8189062476158142, 0.8168749809265137, 0.8165624737739563, 0.8179687261581421, 0.8180468678474426, 0.8176562786102295, 0.8161718845367432, 0.8182812333106995, 0.8172656297683716, 0.8164843916893005, 0.8163281083106995, 0.8160156011581421, 0.8153125047683716]}