{"loss": [0.6556749939918518, 0.4281129539012909, 0.14573608338832855, 0.047779615968465805, 0.046709317713975906, 0.04039303958415985, 0.06029738858342171, 0.04265784099698067, 0.019882770255208015, 0.03216148167848587, 0.04596759006381035, 0.03188623487949371, 0.029622016474604607, 0.024388987571001053, 0.007947903126478195, 0.022105906158685684, 0.0357024148106575, 0.028750814497470856], "accuracy": [0.9708593487739563, 0.9808593988418579, 0.9735156297683716, 0.9899218678474426, 0.9846093654632568, 0.986328125, 0.9735937714576721, 0.9800000190734863, 0.9920312762260437, 0.9852343797683716, 0.9756249785423279, 0.9845312237739563, 0.9856250286102295, 0.9891406297683716, 0.9962499737739563, 0.9888281226158142, 0.9810156226158142, 0.985546886920929], "val_loss": [0.6183660626411438, 0.41804078221321106, 0.3539009988307953, 0.36882078647613525, 0.3644222915172577, 0.36057159304618835, 0.360522985458374, 0.3688119649887085, 0.3677557706832886, 0.3802545666694641, 0.3894696831703186, 0.3778315484523773, 0.3821517825126648, 0.3828904330730438, 0.4014328122138977, 0.39706581830978394, 0.39706921577453613, 0.40677106380462646], "val_accuracy": [0.8215625286102295, 0.8235937356948853, 0.8260156512260437, 0.8356249928474426, 0.8304687738418579, 0.8337500095367432, 0.8223437666893005, 0.8244531154632568, 0.8271093964576721, 0.8260937333106995, 0.827343761920929, 0.8282812237739563, 0.829296886920929, 0.8301562666893005, 0.8323437571525574, 0.8311718702316284, 0.8288280963897705, 0.8304687738418579]}