{"loss": [0.32964885234832764, 0.061313800513744354, 0.03243754804134369, 0.039427611976861954, 0.04303353279829025, 0.035603269934654236, 0.007886214181780815, 0.026898052543401718, 0.03845818340778351, 0.016273312270641327, 0.030752329155802727, 0.018133042380213737, 0.017875654622912407, 0.005900589283555746, 0.03489142283797264, 0.0230240635573864, 0.005660310387611389, 0.02807266265153885], "accuracy": [0.9451562762260437, 0.9764062762260437, 0.9842187762260437, 0.9771093726158142, 0.971875011920929, 0.98046875, 0.99609375, 0.9859374761581421, 0.9787499904632568, 0.9917187690734863, 0.9838281273841858, 0.9895312786102295, 0.9907812476158142, 0.9971093535423279, 0.9807812571525574, 0.9885937571525574, 0.9967187643051147, 0.9842187762260437], "val_loss": [0.6532769203186035, 0.6384655237197876, 0.6361895203590393, 0.6408722400665283, 0.6495661735534668, 0.6550012230873108, 0.6547462940216064, 0.6559167504310608, 0.6562061309814453, 0.6591492295265198, 0.662040114402771, 0.6677305698394775, 0.66717928647995, 0.665327787399292, 0.6728246212005615, 0.6795285940170288, 0.6820259094238281, 0.6771793365478516], "val_accuracy": [0.8218749761581421, 0.8211718797683716, 0.8207031488418579, 0.8196874856948853, 0.8125781416893005, 0.8079687356948853, 0.8047656416893005, 0.7997656464576721, 0.7963281273841858, 0.7975780963897705, 0.7944531440734863, 0.7907812595367432, 0.7917187213897705, 0.7892968654632568, 0.785937488079071, 0.7855468988418579, 0.7842187285423279, 0.7892187237739563]}