{"loss": [0.6046854257583618, 0.3717784881591797, 0.2116532325744629, 0.18774695694446564, 0.15607015788555145, 0.07744084298610687, 0.10701391845941544, 0.10810323804616928, 0.12012050300836563, 0.15092997252941132, 0.1368039846420288, 0.10102371126413345, 0.06511498987674713, 0.14084044098854065, 0.10532934218645096, 0.07929988205432892, 0.13700422644615173, 0.11940554529428482], "accuracy": [0.8364843726158142, 0.9908593893051147, 0.9764843583106995, 0.962109386920929, 0.9692187309265137, 0.9907031059265137, 0.9807812571525574, 0.98046875, 0.9771875143051147, 0.9688281416893005, 0.9725781083106995, 0.9817187786102295, 0.9905468821525574, 0.9710937738418579, 0.98046875, 0.9864843487739563, 0.9724218845367432, 0.9764062762260437], "val_loss": [0.6443522572517395, 0.5738970637321472, 0.5550848245620728, 0.5712569355964661, 0.589093804359436, 0.6298103928565979, 0.6468592286109924, 0.6577649712562561, 0.6505870819091797, 0.6459138989448547, 0.621572732925415, 0.6331802606582642, 0.6623475551605225, 0.6401689052581787, 0.6520744562149048, 0.6505646705627441, 0.6342098116874695, 0.6289827227592468], "val_accuracy": [0.8217187523841858, 0.8217187523841858, 0.8217187523841858, 0.8217187523841858, 0.8217187523841858, 0.8217187523841858, 0.8217187523841858, 0.8217187523841858, 0.8217187523841858, 0.8217187523841858, 0.8217187523841858, 0.8217187523841858, 0.8217187523841858, 0.8217187523841858, 0.8217187523841858, 0.8217187523841858, 0.8217187523841858, 0.8217187523841858]}