{"loss": [0.3787904381752014, 0.04568381607532501, 0.03780107945203781, 0.04480838403105736, 0.01691494882106781, 0.048773545771837234, 0.031652651727199554, 0.03797446936368942, 0.03288809582591057, 0.03142930567264557, 0.05609221011400223, 0.020102987065911293, 0.013601433485746384, 0.026256730780005455, 0.044870465993881226, 0.012404803186655045, 0.014781057834625244], "accuracy": [0.9609375, 0.990234375, 0.9818750023841858, 0.9754687547683716, 0.9919531345367432, 0.9743750095367432, 0.9835156202316284, 0.979296863079071, 0.9815624952316284, 0.9847656488418579, 0.9700781106948853, 0.9897656440734863, 0.9925781488418579, 0.986328125, 0.9767187237739563, 0.9942187666893005, 0.9927343726158142], "val_loss": [0.6337563395500183, 0.6208433508872986, 0.6237478852272034, 0.6270756125450134, 0.6331697702407837, 0.6402310729026794, 0.6456126570701599, 0.6577712297439575, 0.6677320599555969, 0.6729558706283569, 0.6864747405052185, 0.6895948052406311, 0.700065016746521, 0.7096108198165894, 0.7203772068023682, 0.7238554954528809, 0.7342613935470581], "val_accuracy": [0.8212500214576721, 0.8214062452316284, 0.8227343559265137, 0.8227343559265137, 0.8207031488418579, 0.8147656321525574, 0.811328113079071, 0.8168749809265137, 0.8121093511581421, 0.8088281154632568, 0.803515613079071, 0.8052343726158142, 0.8047656416893005, 0.807812511920929, 0.799609363079071, 0.7990624904632568, 0.7978906035423279]}