{"loss": [1.0858865976333618, 0.6602020263671875, 0.596841037273407, 0.5058906078338623, 0.6332513093948364, 0.6093003749847412], "acurracy": [0.6946874856948853, 0.8803125023841858, 0.8946874737739563, 0.9142187237739563, 0.8896093964576721, 0.889453113079071], "val_loss": [2.246304750442505, 2.281080961227417, 2.286808967590332, 2.4354498386383057, 2.4187095165252686, 2.568203926086426], "val_acurracy": [0.2049218714237213, 0.20617187023162842, 0.1814843714237213, 0.1626562476158142, 0.13960938155651093, 0.14124999940395355]}