{"loss": [0.7603580355644226, 0.41198527812957764, 0.6173393726348877, 0.3647758364677429, 0.3556835651397705, 0.48068076372146606, 0.18088549375534058, 0.4513634741306305, 0.3612833321094513, 0.2783287763595581, 0.3843761384487152, 0.2630985379219055, 0.2810070514678955, 0.29126518964767456, 0.25594690442085266, 0.22265051305294037, 0.33632853627204895, 0.19862575829029083, 0.2248443365097046, 0.16467203199863434, 0.21544000506401062, 0.2069375067949295, 0.17110425233840942, 0.13570810854434967, 0.19741012156009674, 0.17327766120433807, 0.20279237627983093, 0.2400236576795578, 0.21578077971935272, 0.19418267905712128, 0.1487753540277481, 0.203404501080513, 0.18560294806957245, 0.14785566926002502, 0.18397444486618042, 0.15987026691436768, 0.1229112446308136, 0.10875842720270157, 0.12300684303045273], "acurracy": [0.7989062666893005, 0.9315624833106995, 0.8678905963897705, 0.9244531393051147, 0.9196093678474426, 0.8610937595367432, 0.9538280963897705, 0.858203113079071, 0.8849218487739563, 0.9118750095367432, 0.8707031011581421, 0.9134374856948853, 0.9066406488418579, 0.8993750214576721, 0.9090625047683716, 0.9224218726158142, 0.8721093535423279, 0.9297656416893005, 0.9139062762260437, 0.9383593797683716, 0.9157031178474426, 0.9174218773841858, 0.9296093583106995, 0.9451562762260437, 0.9181249737739563, 0.9262499809265137, 0.9134374856948853, 0.8939062356948853, 0.9039843678474426, 0.9107812643051147, 0.93359375, 0.90625, 0.9135156273841858, 0.931640625, 0.9112499952316284, 0.9247656464576721, 0.9403906464576721, 0.9460155963897705, 0.9410156011581421], "val_loss": [2.2678208351135254, 2.0888006687164307, 1.9157891273498535, 1.7872792482376099, 1.549058437347412, 1.5380887985229492, 1.6173704862594604, 1.5730061531066895, 1.6054376363754272, 1.6273919343948364, 1.5345534086227417, 1.5596786737442017, 1.5131028890609741, 1.4687280654907227, 1.47455632686615, 1.4676728248596191, 1.4161626100540161, 1.4244554042816162, 1.3705500364303589, 1.4220428466796875, 1.3480682373046875, 1.3667782545089722, 1.3694281578063965, 1.3315142393112183, 1.3114323616027832, 1.3100035190582275, 1.3128339052200317, 1.31276273727417, 1.2868191003799438, 1.2881664037704468, 1.2995628118515015, 1.292271614074707, 1.291856050491333, 1.2741607427597046, 1.2837424278259277, 1.2924010753631592, 1.293311595916748, 1.3099197149276733, 1.3188570737838745], "val_acurracy": [0.21437500417232513, 0.27226561307907104, 0.30226561427116394, 0.31546875834465027, 0.2894531190395355, 0.3157031238079071, 0.3140625059604645, 0.31898438930511475, 0.31984373927116394, 0.31578123569488525, 0.31882813572883606, 0.31539061665534973, 0.3167187571525574, 0.31703126430511475, 0.31789061427116394, 0.3158593773841858, 0.3169531226158142, 0.3162499964237213, 0.3167968690395355, 0.3179687559604645, 0.32445311546325684, 0.3207031190395355, 0.31812500953674316, 0.32374998927116394, 0.3396874964237213, 0.32429686188697815, 0.33765625953674316, 0.3196093738079071, 0.34257811307907104, 0.3356249928474426, 0.32273438572883606, 0.3167968690395355, 0.3389843702316284, 0.3336718678474426, 0.3414843678474426, 0.32609376311302185, 0.3401562571525574, 0.34031251072883606, 0.3165625035762787]}