{"loss": [0.559929370880127, 0.8055597543716431, 0.5188987255096436, 0.36406955122947693, 0.542584240436554, 0.7209436297416687, 0.5525376796722412], "acurracy": [0.8606250286102295, 0.8532812595367432, 0.9116406440734863, 0.9481250047683716, 0.9067187309265137, 0.8635156154632568, 0.9057812690734863], "val_loss": [2.2799899578094482, 2.0252044200897217, 2.2306320667266846, 2.2957167625427246, 2.2972326278686523, 2.194244861602783, 2.292264461517334], "val_acurracy": [0.16757813096046448, 0.16835936903953552, 0.16468749940395355, 0.158203125, 0.16203124821186066, 0.16187499463558197, 0.1674218773841858]}