{"loss": [1.2363988161087036, 0.5747091770172119, 0.4762904644012451, 0.4649867117404938, 0.6335496306419373, 0.6043715476989746, 0.42526692152023315, 0.4683125615119934, 0.5017204284667969, 0.5337998270988464, 0.5797895789146423, 0.4213894307613373, 0.551908552646637, 0.6590633988380432, 0.4474567472934723, 0.37992367148399353, 0.5193480253219604, 0.3767693340778351, 0.5332353115081787], "acurracy": [0.6335155963897705, 0.892578125, 0.9190624952316284, 0.9204687476158142, 0.8739843964576721, 0.8724218606948853, 0.9195312261581421, 0.9064062237739563, 0.8910937309265137, 0.8871093988418579, 0.8675781488418579, 0.9134374856948853, 0.8754687309265137, 0.8345312476158142, 0.9032031297683716, 0.9186718463897705, 0.8798437714576721, 0.9221875071525574, 0.8693749904632568], "val_loss": [2.2543883323669434, 2.497344732284546, 2.4045815467834473, 2.4032068252563477, 1.9217028617858887, 1.9446498155593872, 2.1608197689056396, 1.8416372537612915, 2.0004377365112305, 1.9169888496398926, 1.7387880086898804, 2.0466949939727783, 1.8752496242523193, 1.7359789609909058, 1.8526978492736816, 2.0192110538482666, 1.7531440258026123, 1.9589396715164185, 1.7680186033248901], "val_acurracy": [0.25539061427116394, 0.271484375, 0.26859375834465027, 0.26460936665534973, 0.2643750011920929, 0.2517968714237213, 0.23906250298023224, 0.24601562321186066, 0.23007813096046448, 0.22773437201976776, 0.23929686844348907, 0.20742186903953552, 0.22117187082767487, 0.2260156273841858, 0.20749999582767487, 0.18921874463558197, 0.22164063155651093, 0.1817968785762787, 0.21835938096046448]}