{"loss": [0.6753281950950623, 0.7206287384033203, 0.6203539371490479, 0.4744333326816559, 0.5724395513534546, 0.47333624958992004, 0.3566531240940094, 0.5597623586654663, 0.5773641467094421, 0.601290225982666, 0.6151243448257446, 0.6533060669898987, 0.45900779962539673, 0.3235706388950348, 0.4530176520347595, 0.6306339502334595, 0.4731321334838867], "acurracy": [0.8139062523841858, 0.8621875047683716, 0.8739062547683716, 0.9159374833106995, 0.8867968916893005, 0.9111718535423279, 0.9397656321525574, 0.8882031440734863, 0.8799218535423279, 0.869921863079071, 0.865234375, 0.8520312309265137, 0.9122655987739563, 0.9454687237739563, 0.9153125286102295, 0.8648437261581421, 0.9065625071525574], "val_loss": [2.6635847091674805, 2.250878095626831, 2.4137163162231445, 2.2698841094970703, 2.094642162322998, 2.2881863117218018, 2.4084551334381104, 1.951229214668274, 1.8644599914550781, 1.8796448707580566, 1.8027364015579224, 1.7269248962402344, 2.105727434158325, 2.344395160675049, 2.262085199356079, 1.8864808082580566, 1.9810607433319092], "val_acurracy": [0.17023438215255737, 0.18031249940395355, 0.17617186903953552, 0.1928125023841858, 0.19140625, 0.17515625059604645, 0.17164061963558197, 0.1860937476158142, 0.1802343726158142, 0.1752343773841858, 0.171875, 0.17000000178813934, 0.1647656261920929, 0.16945312917232513, 0.16804687678813934, 0.1633593738079071, 0.16625000536441803]}