{"loss": [0.6626757979393005, 0.8272285461425781, 0.7213039994239807, 0.5471897721290588, 0.6001985669136047, 0.37549689412117004], "acurracy": [0.8698437213897705, 0.84375, 0.862500011920929, 0.9060156345367432, 0.8927343487739563, 0.9421093463897705], "val_loss": [2.0706446170806885, 2.125218391418457, 2.104409694671631, 2.1102449893951416, 2.1008214950561523, 2.1041669845581055], "val_acurracy": [0.16929687559604645, 0.1706250011920929, 0.17031249403953552, 0.1685156226158142, 0.1704687476158142, 0.17218750715255737]}