{"loss": [0.8754448890686035, 0.7559872269630432, 0.6655623912811279, 0.7522996664047241, 0.702663779258728, 0.603702187538147, 0.6378445029258728, 0.6872696876525879, 0.5934112668037415], "acurracy": [0.7474218606948853, 0.858203113079071, 0.8795312643051147, 0.8549218773841858, 0.8654687404632568, 0.8889062404632568, 0.8819531202316284, 0.8668749928474426, 0.8911718726158142], "val_loss": [2.81123423576355, 2.8100757598876953, 2.8202829360961914, 2.70790958404541, 2.8677818775177, 3.021167516708374, 2.9225292205810547, 2.8791816234588623, 3.162327289581299], "val_acurracy": [0.169921875, 0.16929687559604645, 0.16898436844348907, 0.16515624523162842, 0.16898436844348907, 0.16875000298023224, 0.16796875, 0.16859374940395355, 0.16773436963558197]}