{"loss": [1.0372319221496582, 0.6105858683586121, 0.38070109486579895, 0.46307986974716187, 0.511114239692688, 0.3208313286304474, 0.35176631808280945, 0.306521475315094, 0.33263909816741943, 0.3098842203617096], "acurracy": [0.6705468893051147, 0.8797656297683716, 0.9254687428474426, 0.8949999809265137, 0.8607031106948853, 0.9150000214576721, 0.8978906273841858, 0.9117968678474426, 0.8982812762260437, 0.9051562547683716], "val_loss": [2.337923526763916, 1.877795696258545, 1.8581918478012085, 1.5273149013519287, 1.410286545753479, 1.4976845979690552, 1.496015191078186, 1.537301778793335, 1.5649462938308716, 1.5427206754684448], "val_acurracy": [0.18085937201976776, 0.27640625834465027, 0.2947656214237213, 0.3157031238079071, 0.3201562464237213, 0.3235156238079071, 0.3189062476158142, 0.31421875953674316, 0.3171093761920929, 0.3207031190395355]}