{"loss": [0.7642757892608643, 0.6032311916351318, 0.5344120860099792, 0.5192331075668335, 0.3768920600414276, 0.4313989579677582, 0.283429354429245, 0.3179513216018677, 0.4040379822254181, 0.35594576597213745, 0.41236019134521484, 0.31888437271118164, 0.29924580454826355, 0.3603363335132599], "acurracy": [0.7734375, 0.8547656536102295, 0.8535937666893005, 0.8410937786102295, 0.883593738079071, 0.8728906512260437, 0.9202343821525574, 0.9032031297683716, 0.8721874952316284, 0.8840625286102295, 0.8657031059265137, 0.8973437547683716, 0.9066406488418579, 0.8799999952316284], "val_loss": [2.013339042663574, 1.6062121391296387, 1.5619409084320068, 1.5366824865341187, 1.6451984643936157, 1.582487940788269, 1.6201658248901367, 1.6035090684890747, 1.5357986688613892, 1.6030322313308716, 1.557847499847412, 1.5994446277618408, 1.613113284111023, 1.5536006689071655], "val_acurracy": [0.17679686844348907, 0.24703125655651093, 0.27156248688697815, 0.2735937535762787, 0.224609375, 0.24492187798023224, 0.21921874582767487, 0.22695311903953552, 0.2600781321525574, 0.2247656285762787, 0.24062499403953552, 0.22007812559604645, 0.22109374403953552, 0.23640625178813934]}