{"loss": [0.8391731381416321, 0.6542418003082275, 0.3152639865875244, 0.7299741506576538, 0.48945197463035583, 0.507437527179718], "acurracy": [0.7704687714576721, 0.8851562738418579, 0.9532031416893005, 0.861328125, 0.9104687571525574, 0.905078113079071], "val_loss": [2.861971855163574, 2.94999361038208, 3.759453058242798, 3.647930860519409, 4.210063934326172, 4.585391044616699], "val_acurracy": [0.16710937023162842, 0.15703125298023224, 0.1548437476158142, 0.09281250089406967, 0.08601562678813934, 0.06171875074505806]}