{"loss": [1.1943565607070923, 0.5758097767829895, 0.5826806426048279, 0.3642812967300415, 0.40307170152664185, 0.488255113363266, 0.2837125062942505, 0.3071305453777313, 0.2933245003223419, 0.2321363240480423, 0.3740660548210144], "acurracy": [0.6429687738418579, 0.8918750286102295, 0.8857031464576721, 0.9332812428474426, 0.9143750071525574, 0.8803125023841858, 0.9353125095367432, 0.9228125214576721, 0.9225780963897705, 0.940234363079071, 0.893359363079071], "val_loss": [2.2130661010742188, 2.0875377655029297, 1.7678545713424683, 1.776133418083191, 1.5587269067764282, 1.4541234970092773, 1.4808977842330933, 1.5248886346817017, 1.5482165813446045, 1.5918492078781128, 1.5539356470108032], "val_acurracy": [0.20945312082767487, 0.2589062452316284, 0.28328123688697815, 0.2893750071525574, 0.3077343702316284, 0.3201562464237213, 0.32132813334465027, 0.3226562440395355, 0.3233593702316284, 0.3218750059604645, 0.3279687464237213]}