{"loss": [1.0059494972229004, 0.391026109457016, 0.3279365301132202, 0.29757100343704224, 0.18895457684993744, 0.17775483429431915, 0.20562607049942017, 0.24646860361099243], "acurracy": [0.6916406154632568, 0.8874218463897705, 0.880859375, 0.8825781345367432, 0.923828125, 0.926953136920929, 0.9100000262260437, 0.891406238079071], "val_loss": [1.9616978168487549, 1.6953129768371582, 1.6686816215515137, 1.7244000434875488, 1.7676769495010376, 1.7492576837539673, 1.761237382888794, 1.7505104541778564], "val_acurracy": [0.21382813155651093, 0.30492186546325684, 0.2801562547683716, 0.2677343785762787, 0.2716406285762787, 0.27156248688697815, 0.2738281190395355, 0.27015626430511475]}