{"loss": [0.9104777574539185, 0.4284602105617523, 0.3952881097793579, 0.5295402407646179, 0.21574920415878296, 0.36848655343055725, 0.3241390883922577, 0.359332799911499, 0.21208080649375916, 0.21718932688236237, 0.21177811920642853], "acurracy": [0.737500011920929, 0.9295312762260437, 0.9297656416893005, 0.8846874833106995, 0.9579687714576721, 0.9052343964576721, 0.9043750166893005, 0.8817968964576721, 0.9337499737739563, 0.9290624856948853, 0.9301562309265137], "val_loss": [2.9245641231536865, 2.920938014984131, 2.6653246879577637, 1.8784213066101074, 1.9437671899795532, 1.4133098125457764, 1.4505850076675415, 1.420119047164917, 1.4271293878555298, 1.4329105615615845, 1.4532700777053833], "val_acurracy": [0.1700781285762787, 0.17429687082767487, 0.2522656321525574, 0.3009375035762787, 0.3053906261920929, 0.3132031261920929, 0.32109373807907104, 0.32164061069488525, 0.3362500071525574, 0.3325781226158142, 0.3401562571525574]}