{"loss": [0.8675349950790405, 0.3733668625354767, 0.5144138932228088, 0.6561023592948914, 0.29096201062202454, 0.4959171414375305, 0.4292736351490021, 0.3828524649143219, 0.359554648399353, 0.41794678568840027, 0.2972857654094696], "acurracy": [0.7582812309265137, 0.9286718964576721, 0.8807812333106995, 0.8184375166893005, 0.9375781416893005, 0.864062488079071, 0.8790624737739563, 0.8943750262260437, 0.903515636920929, 0.876171886920929, 0.9206249713897705], "val_loss": [2.0050623416900635, 2.0356009006500244, 1.8190605640411377, 1.766615629196167, 1.9007476568222046, 1.6887595653533936, 1.8309085369110107, 1.921931266784668, 1.9876189231872559, 1.856540322303772, 1.9578334093093872], "val_acurracy": [0.21179687976837158, 0.2228125035762787, 0.22382812201976776, 0.19648437201976776, 0.17484374344348907, 0.1928125023841858, 0.1560937464237213, 0.14570312201976776, 0.14453125, 0.14781250059604645, 0.14406250417232513]}