{"loss": [0.8340729475021362, 0.5661432147026062, 0.33537623286247253, 0.6458622813224792, 0.5234284400939941, 0.456785649061203], "acurracy": [0.762499988079071, 0.9028906226158142, 0.9476562738418579, 0.8812500238418579, 0.9016406536102295, 0.916015625], "val_loss": [2.2151925563812256, 2.3848564624786377, 2.7027275562286377, 2.843308687210083, 3.4370672702789307, 4.046642303466797], "val_acurracy": [0.1466406285762787, 0.06421875208616257, 0.059296876192092896, 0.02265625074505806, 0.019453125074505806, 0.011796874925494194]}