{"loss": [0.6935979723930359, 0.32329344749450684, 0.2814157009124756, 0.21623827517032623, 0.18043431639671326, 0.14639496803283691, 0.26110750436782837], "acurracy": [0.7900000214576721, 0.9053906202316284, 0.9033593535423279, 0.9208593964576721, 0.9296875, 0.9434375166893005, 0.8949218988418579], "val_loss": [1.7665992975234985, 1.740421175956726, 1.8393256664276123, 1.9123605489730835, 1.9616272449493408, 2.0048580169677734, 2.017101526260376], "val_acurracy": [0.2908593714237213, 0.29343751072883606, 0.2833593785762787, 0.2771874964237213, 0.26906248927116394, 0.26374998688697815, 0.2589062452316284]}