{"loss": [0.9685563445091248, 0.6034030318260193, 0.8026936054229736, 0.6200616359710693, 0.5084995031356812, 0.3673366904258728, 0.42085766792297363, 0.6598613262176514, 0.35240185260772705, 0.5215234160423279], "acurracy": [0.7193750143051147, 0.8923437595367432, 0.8340625166893005, 0.8728125095367432, 0.8987500071525574, 0.9317968487739563, 0.9150781035423279, 0.8310937285423279, 0.9186718463897705, 0.8575000166893005], "val_loss": [2.0809645652770996, 2.016261100769043, 1.6205878257751465, 1.6771241426467896, 1.5514612197875977, 1.6615464687347412, 1.5592308044433594, 1.6238707304000854, 1.75127375125885, 1.8763874769210815], "val_acurracy": [0.24656249582767487, 0.2730468809604645, 0.3153125047683716, 0.32109373807907104, 0.3433593809604645, 0.3375000059604645, 0.33687499165534973, 0.33500000834465027, 0.33335936069488525, 0.33210936188697815]}