{"loss": [0.5956149697303772, 0.3136134445667267, 0.21773488819599152, 0.16250842809677124, 0.1836874783039093, 0.2582743763923645, 0.2502422332763672], "acurracy": [0.8341405987739563, 0.9010156393051147, 0.922656238079071, 0.9375, 0.9260937571525574, 0.8891406059265137, 0.8916406035423279], "val_loss": [1.681367039680481, 1.6749533414840698, 1.7244420051574707, 1.7684800624847412, 1.7966259717941284, 1.8380155563354492, 1.8176220655441284], "val_acurracy": [0.30882811546325684, 0.2933593690395355, 0.28523436188697815, 0.28296875953674316, 0.2737500071525574, 0.2592187523841858, 0.26750001311302185]}