{"loss": [1.1912184953689575, 0.5348971486091614, 0.45508891344070435, 0.5090836882591248, 0.6284995079040527, 0.42703983187675476, 0.5210497379302979, 0.40049561858177185, 0.5850933194160461, 0.4767181873321533, 0.4124830365180969, 0.6163567900657654, 0.5702216029167175, 0.4782021641731262, 0.5016917586326599, 0.3780694901943207, 0.42666691541671753, 0.3956631124019623], "acurracy": [0.6290624737739563, 0.9047656059265137, 0.9216406345367432, 0.9039062261581421, 0.8695312738418579, 0.9223437309265137, 0.8890625238418579, 0.9224218726158142, 0.8642968535423279, 0.8967968821525574, 0.9105468988418579, 0.8453906178474426, 0.852734386920929, 0.8935937285423279, 0.8742969036102295, 0.9146093726158142, 0.8971093893051147, 0.9057812690734863], "val_loss": [2.098334550857544, 2.4636385440826416, 2.3998124599456787, 2.3193280696868896, 1.9182194471359253, 2.0391592979431152, 1.8866733312606812, 1.9199594259262085, 1.8763278722763062, 1.7193495035171509, 1.9608242511749268, 1.672211766242981, 1.6559524536132812, 1.782015323638916, 1.7937508821487427, 1.7748221158981323, 1.73777437210083, 1.773307204246521], "val_acurracy": [0.20476561784744263, 0.2052343785762787, 0.2141406238079071, 0.2102343738079071, 0.24937500059604645, 0.22226563096046448, 0.2388281226158142, 0.2279687523841858, 0.21984374523162842, 0.25343748927116394, 0.20484374463558197, 0.265625, 0.26695311069488525, 0.24601562321186066, 0.2389843761920929, 0.25648438930511475, 0.2692187428474426, 0.27015626430511475]}