{"loss": [0.7141595482826233, 0.39009276032447815, 0.2951388955116272, 0.2972111403942108, 0.2502157688140869, 0.22673891484737396, 0.3016776144504547, 0.27867355942726135, 0.22611238062381744, 0.21776363253593445, 0.19111019372940063, 0.371608704328537, 0.3342568874359131, 0.25517114996910095, 0.23455072939395905, 0.14919453859329224, 0.25031962990760803, 0.20495739579200745], "acurracy": [0.798046886920929, 0.8846874833106995, 0.9045312404632568, 0.8984375, 0.9122655987739563, 0.9232812523841858, 0.8875781297683716, 0.8957812786102295, 0.9165624976158142, 0.9193750023841858, 0.928906261920929, 0.8524218797683716, 0.862109363079071, 0.8951562643051147, 0.9059374928474426, 0.9430468678474426, 0.8960937261581421, 0.9149218797683716], "val_loss": [1.812667727470398, 1.7308796644210815, 1.7259503602981567, 1.7314647436141968, 1.7369807958602905, 1.720691204071045, 1.713539719581604, 1.7265805006027222, 1.7254621982574463, 1.7124813795089722, 1.7422399520874023, 1.6635234355926514, 1.6467169523239136, 1.6915192604064941, 1.699276328086853, 1.7422691583633423, 1.7164313793182373, 1.7180050611495972], "val_acurracy": [0.30265626311302185, 0.3288281261920929, 0.3359375, 0.3316406309604645, 0.33140623569488525, 0.3275781273841858, 0.3238281309604645, 0.3208593726158142, 0.31632813811302185, 0.3171093761920929, 0.3217187523841858, 0.31398436427116394, 0.32515624165534973, 0.31593748927116394, 0.32007813453674316, 0.31421875953674316, 0.3192187547683716, 0.3092968761920929]}