{"loss": [0.48094436526298523, 0.034129753708839417, 0.056528445333242416, 0.03471658378839493, 0.0070505631156265736, 0.0046056900173425674], "acurracy": [0.8543750047683716, 0.9996874928474426, 0.9943749904632568, 0.9965624809265137, 1.0, 1.0], "val_loss": [1.4859285354614258, 1.508637547492981, 1.5400947332382202, 1.5308459997177124, 1.5181509256362915, 1.521570086479187], "val_acurracy": [0.5621874928474426, 0.5743749737739563, 0.5706250071525574, 0.5737500190734863, 0.5778124928474426, 0.5753124952316284]}