{"loss": [0.44183048605918884, 0.06101440265774727, 0.04038601368665695, 0.022844143211841583, 0.09385739266872406, 0.019830510020256042, 0.021989693865180016, 0.011053024791181087, 0.0022914635483175516, 0.02425248920917511, 0.0023827338591217995, 0.029467687010765076, 0.009031055495142937, 0.02795499376952648, 0.011089781299233437, 0.013973384164273739, 0.012580947019159794, 0.02413681335747242, 0.001146745285950601, 0.018014056608080864, 0.01844310574233532, 0.005134460981935263, 0.0006316131330095232, 0.004849773831665516, 0.004968167282640934, 0.0005378594505600631, 0.010269966907799244, 0.016518158838152885, 0.0058037396520376205, 0.004642022307962179, 0.010262230411171913, 0.013136223889887333, 0.00870611984282732, 0.011980860494077206, 0.005022311583161354, 0.009863600134849548, 0.00030051294015720487], "acurracy": [0.8603125214576721, 0.9925000071525574, 0.9931250214576721, 0.9971874952316284, 0.979687511920929, 0.9959375262260437, 0.9959375262260437, 0.9975000023841858, 1.0, 0.9937499761581421, 1.0, 0.9921875, 0.9984375238418579, 0.9921875, 0.9978125095367432, 0.9965624809265137, 0.9965624809265137, 0.9934375286102295, 1.0, 0.9946874976158142, 0.9943749904632568, 0.9984375238418579, 1.0, 0.9984375238418579, 0.9987499713897705, 1.0, 0.9975000023841858, 0.9956250190734863, 0.9984375238418579, 0.9981250166893005, 0.9971874952316284, 0.9965624809265137, 0.9975000023841858, 0.996874988079071, 0.9984375238418579, 0.9981250166893005, 1.0], "val_loss": [1.3973808288574219, 1.3541350364685059, 1.2217111587524414, 1.1653714179992676, 0.881173312664032, 0.8743804097175598, 0.8747470378875732, 0.8625777363777161, 0.8665887713432312, 0.8199833631515503, 0.8182905316352844, 0.7823966145515442, 0.7614607810974121, 0.7479034662246704, 0.731924831867218, 0.7133747339248657, 0.693623960018158, 0.6682280898094177, 0.665424644947052, 0.6551369428634644, 0.6168397068977356, 0.617046594619751, 0.5974360108375549, 0.5868261456489563, 0.5898377299308777, 0.5935308933258057, 0.5887548327445984, 0.5637624263763428, 0.5333225727081299, 0.5270985960960388, 0.5432881712913513, 0.5266818404197693, 0.5358455777168274, 0.5428539514541626, 0.5482155084609985, 0.5442331433296204, 0.5472906231880188], "val_acurracy": [0.4724999964237213, 0.49781250953674316, 0.5646874904632568, 0.5918750166893005, 0.7450000047683716, 0.7518749833106995, 0.7437499761581421, 0.7528125047683716, 0.7521874904632568, 0.765625, 0.7631250023841858, 0.7753124833106995, 0.7756249904632568, 0.7784374952316284, 0.7778124809265137, 0.7862499952316284, 0.785937488079071, 0.7881249785423279, 0.7903125286102295, 0.7890625, 0.800000011920929, 0.7996875047683716, 0.8084375262260437, 0.8112499713897705, 0.8084375262260437, 0.8071874976158142, 0.8081250190734863, 0.8140624761581421, 0.8293750286102295, 0.8303124904632568, 0.8268749713897705, 0.8349999785423279, 0.8331249952316284, 0.8299999833106995, 0.8290625214576721, 0.8318750262260437, 0.8321874737739563]}