{"loss": [0.3868972361087799, 0.024922413751482964, 0.09654996544122696, 0.054478324949741364, 0.06324399262666702, 0.1105094701051712, 0.03271063044667244, 0.024389754980802536, 0.004892976488918066, 0.047914065420627594, 0.021931910887360573, 0.0036016926169395447, 0.05795271322131157, 0.0045198737643659115, 0.0030713907908648252, 0.002188027836382389, 0.0016379505395889282, 0.027451656758785248], "acurracy": [0.8778125047683716, 0.9993749856948853, 0.9884374737739563, 0.9928125143051147, 0.9918749928474426, 0.9837499856948853, 0.9956250190734863, 0.996874988079071, 1.0, 0.9915624856948853, 0.9965624809265137, 1.0, 0.9871875047683716, 1.0, 1.0, 1.0, 1.0, 0.9950000047683716], "val_loss": [1.1729676723480225, 1.1336252689361572, 0.9700137376785278, 0.8757752180099487, 0.8119155764579773, 0.6668477058410645, 0.6559698581695557, 0.6822845339775085, 0.6803894639015198, 0.6325079798698425, 0.6058415174484253, 0.6101587414741516, 0.5763248205184937, 0.5875150561332703, 0.6054991483688354, 0.6168995499610901, 0.60628342628479, 0.5992773771286011], "val_acurracy": [0.5706250071525574, 0.5709375143051147, 0.5821874737739563, 0.6190624833106995, 0.6684374809265137, 0.7803124785423279, 0.7865625023841858, 0.7796875238418579, 0.778124988079071, 0.8115624785423279, 0.8353124856948853, 0.8368750214576721, 0.8537499904632568, 0.8521875143051147, 0.8465625047683716, 0.846875011920929, 0.8531249761581421, 0.8503124713897705]}