{"loss": [0.24896135926246643, 0.03298003226518631, 0.047037411481142044, 0.005552404560148716, 0.01750457100570202, 0.05122274532914162, 0.021588396281003952, 0.01998709887266159, 0.0019439830211922526, 0.01960604637861252, 0.0015012207441031933, 0.01811823807656765, 0.0065381769090890884, 0.0008793968590907753, 0.0007867665844969451, 0.01482710987329483, 0.001094596111215651, 0.028074931353330612, 0.0008390256552956998, 0.011305722407996655, 0.007337609305977821, 0.0005120809655636549, 0.00039188473601825535, 0.005281038116663694, 0.0003235519689042121, 0.014467593282461166, 0.0132187120616436, 0.026698756963014603, 0.0106349540874362, 0.005073958542197943, 0.004634991753846407, 0.011417469941079617, 0.0038729545194655657, 0.017569037154316902, 0.016671033576130867, 0.0004283338494133204, 0.006558513268828392, 0.0036409127060323954, 0.0067942459136247635, 0.0001473490847274661, 0.00019905150111299008, 0.00015787193842697889, 0.005331808235496283, 0.012680713087320328, 0.01025193091481924, 0.006118121091276407, 0.0015004182932898402, 0.010817128233611584, 0.01583966240286827], "acurracy": [0.9331250190734863, 0.9956250190734863, 0.9921875, 0.9996874928474426, 0.996874988079071, 0.9871875047683716, 0.9956250190734863, 0.9950000047683716, 1.0, 0.9950000047683716, 1.0, 0.995312511920929, 0.9981250166893005, 1.0, 1.0, 0.9946874976158142, 0.9996874928474426, 0.9918749928474426, 1.0, 0.9971874952316284, 0.9987499713897705, 1.0, 1.0, 0.9984375238418579, 1.0, 0.9971874952316284, 0.996874988079071, 0.9940624833106995, 0.996874988079071, 0.9987499713897705, 0.9987499713897705, 0.9956250190734863, 0.9990624785423279, 0.995312511920929, 0.995312511920929, 1.0, 0.9984375238418579, 0.9984375238418579, 0.9978125095367432, 1.0, 1.0, 1.0, 0.9990624785423279, 0.9975000023841858, 0.9971874952316284, 0.9981250166893005, 0.9996874928474426, 0.9962499737739563, 0.995312511920929], "val_loss": [1.3962136507034302, 1.408266544342041, 1.3847404718399048, 1.360559344291687, 1.3326869010925293, 1.0189751386642456, 0.9450283646583557, 0.8691136837005615, 0.92027747631073, 0.8474833965301514, 0.8592915534973145, 0.8198402523994446, 0.7744596004486084, 0.7732124328613281, 0.8011831045150757, 0.7536776661872864, 0.7630757689476013, 0.6988009810447693, 0.6748530864715576, 0.6488988995552063, 0.6508222818374634, 0.6712802052497864, 0.6673095226287842, 0.6456716656684875, 0.6528604030609131, 0.6279433965682983, 0.6537491679191589, 0.5847997069358826, 0.5855122804641724, 0.6026540994644165, 0.5966612696647644, 0.5613090991973877, 0.5677271485328674, 0.5557870268821716, 0.5651602149009705, 0.5707383155822754, 0.5640730857849121, 0.5747988820075989, 0.5494414567947388, 0.5473851561546326, 0.5400748252868652, 0.5633328557014465, 0.5706194043159485, 0.5376771688461304, 0.5545083284378052, 0.5578082799911499, 0.5585419535636902, 0.5662543773651123, 0.5380299687385559], "val_acurracy": [0.4975000023841858, 0.5274999737739563, 0.5390625, 0.5649999976158142, 0.589062511920929, 0.7071874737739563, 0.7290624976158142, 0.7465624809265137, 0.7371875047683716, 0.7518749833106995, 0.7518749833106995, 0.7562500238418579, 0.7646874785423279, 0.7681249976158142, 0.7649999856948853, 0.7774999737739563, 0.7718750238418579, 0.7831249833106995, 0.7931249737739563, 0.7931249737739563, 0.7900000214576721, 0.7856249809265137, 0.7890625, 0.7956249713897705, 0.7962499856948853, 0.8025000095367432, 0.7953125238418579, 0.8221874833106995, 0.8193749785423279, 0.8165624737739563, 0.8218749761581421, 0.8246874809265137, 0.8215625286102295, 0.8268749713897705, 0.8209375143051147, 0.8187500238418579, 0.8190624713897705, 0.8184375166893005, 0.8284375071525574, 0.8262500166893005, 0.8284375071525574, 0.8190624713897705, 0.8218749761581421, 0.8287500143051147, 0.823437511920929, 0.8143749833106995, 0.8159375190734863, 0.8224999904632568, 0.8321874737739563]}