{"loss": [0.5207310914993286, 0.04234818369150162, 0.012044735252857208, 0.05572870746254921, 0.017247861251235008, 0.030003277584910393], "acurracy": [0.8303124904632568, 0.9950000047683716, 1.0, 0.9900000095367432, 0.9971874952316284, 0.9937499761581421], "val_loss": [1.3813050985336304, 1.4126272201538086, 1.4166488647460938, 1.5527747869491577, 1.7543308734893799, 1.924782156944275], "val_acurracy": [0.5193750262260437, 0.515625, 0.5234375, 0.48531249165534973, 0.42124998569488525, 0.3646875023841858]}