{"loss": [0.37657442688941956, 0.04191773384809494, 0.06226461008191109, 0.05803376063704491, 0.008012118749320507, 0.004679973237216473, 0.0032247307244688272, 0.0024746092967689037, 0.06386926025152206, 0.09955240041017532, 0.023869123309850693, 0.04438148811459541, 0.04785459116101265, 0.018101375550031662, 0.004456475842744112, 0.0026579254772514105, 0.04697549715638161, 0.024030691012740135, 0.031213905662298203, 0.004031064920127392, 0.06602825969457626, 0.040213443338871, 0.006495032925158739, 0.01528751291334629, 0.0034005751367658377, 0.015119394287467003, 0.019155841320753098], "acurracy": [0.8856250047683716, 0.9971874952316284, 0.9921875, 0.9928125143051147, 1.0, 1.0, 1.0, 1.0, 0.9918749928474426, 0.9831249713897705, 0.996874988079071, 0.9931250214576721, 0.9915624856948853, 0.9978125095367432, 1.0, 1.0, 0.9925000071525574, 0.995312511920929, 0.9934375286102295, 1.0, 0.9859374761581421, 0.9912499785423279, 0.9993749856948853, 0.9975000023841858, 1.0, 0.9971874952316284, 0.996874988079071], "val_loss": [1.3834017515182495, 1.4148712158203125, 1.3368104696273804, 1.195203185081482, 1.2812552452087402, 1.3584022521972656, 1.4240368604660034, 1.4715971946716309, 1.0014070272445679, 0.6647099256515503, 0.7217221856117249, 0.6602850556373596, 0.6125692129135132, 0.6222361922264099, 0.6830732822418213, 0.7069887518882751, 0.6374994516372681, 0.5971590280532837, 0.5429480075836182, 0.5759808421134949, 0.5270596742630005, 0.5125514268875122, 0.5370475053787231, 0.539481520652771, 0.5437953472137451, 0.5440168976783752, 0.5350496768951416], "val_acurracy": [0.5721874833106995, 0.5759375095367432, 0.5774999856948853, 0.5778124928474426, 0.5790625214576721, 0.5778124928474426, 0.5709375143051147, 0.5718749761581421, 0.6028125286102295, 0.817187488079071, 0.7934374809265137, 0.8293750286102295, 0.8481249809265137, 0.8450000286102295, 0.8237500190734863, 0.8174999952316284, 0.8396875262260437, 0.8493750095367432, 0.8612499833106995, 0.8575000166893005, 0.8603125214576721, 0.8634374737739563, 0.8590624928474426, 0.8584374785423279, 0.8600000143051147, 0.8603125214576721, 0.8596875071525574]}