{"loss": [0.5969961285591125, 0.09049145877361298, 0.04771678149700165, 0.05225285887718201, 0.04801921546459198, 0.016598258167505264], "acurracy": [0.8075000047683716, 0.9818750023841858, 0.9925000071525574, 0.9856250286102295, 0.9887499809265137, 0.9962499737739563], "val_loss": [1.2178593873977661, 1.2888593673706055, 1.4555085897445679, 1.6424453258514404, 1.8524811267852783, 1.896172285079956], "val_acurracy": [0.5290625095367432, 0.5306249856948853, 0.4971874952316284, 0.453125, 0.37937501072883606, 0.38093748688697815]}