{"loss": [0.5873036980628967, 0.04382752254605293, 0.0876079574227333, 0.025664275512099266, 0.022132471203804016, 0.005208381451666355], "acurracy": [0.8090624809265137, 0.9965624809265137, 0.9762499928474426, 0.9950000047683716, 0.9946874976158142, 1.0], "val_loss": [1.0715036392211914, 1.0814146995544434, 1.339820384979248, 1.4876561164855957, 1.5537009239196777, 1.6247085332870483], "val_acurracy": [0.6549999713897705, 0.5978124737739563, 0.4350000023841858, 0.3765625059604645, 0.3565624952316284, 0.34156250953674316]}