{"loss": [0.5737400650978088, 0.050211239606142044, 0.04751414805650711, 0.010247742757201195, 0.006249829661101103, 0.06647256016731262, 0.019254526123404503, 0.015293686650693417, 0.0027725438121706247, 0.022636720910668373, 0.013915151357650757, 0.017313018441200256, 0.023036515340209007, 0.013126580975949764, 0.0014676611172035336, 0.012253385037183762, 0.008106086403131485, 0.009944265708327293, 0.013628223910927773, 0.02501182071864605, 0.018622681498527527, 0.004908459726721048, 0.005449608433991671, 0.016138536855578423, 0.0007526006083935499, 0.0005934986402280629, 0.010702218860387802, 0.008918612264096737, 0.0060254838317632675, 0.013695738278329372, 0.01614527776837349, 0.0066725462675094604, 0.0073388260789215565, 0.0005040941177867353, 0.009168487973511219, 0.005807945039123297, 0.0003600285272113979, 0.014307171106338501, 0.011583082377910614, 0.01290607824921608, 0.016665391623973846, 0.0031588084530085325, 0.012157712131738663, 0.00953787099570036, 0.025708524510264397, 0.0002776238543447107, 0.004662265069782734, 0.0037537324242293835, 0.01925257407128811, 0.0009204266243614256, 0.021588949486613274], "acurracy": [0.8103125095367432, 0.9940624833106995, 0.9925000071525574, 0.9996874928474426, 0.9996874928474426, 0.9871875047683716, 0.996874988079071, 0.9975000023841858, 1.0, 0.9937499761581421, 0.9965624809265137, 0.995312511920929, 0.9940624833106995, 0.9962499737739563, 1.0, 0.9962499737739563, 0.9981250166893005, 0.9971874952316284, 0.9959375262260437, 0.9943749904632568, 0.9946874976158142, 0.9984375238418579, 0.9990624785423279, 0.9956250190734863, 1.0, 1.0, 0.9975000023841858, 0.9975000023841858, 0.9987499713897705, 0.996874988079071, 0.9962499737739563, 0.9978125095367432, 0.9978125095367432, 1.0, 0.9971874952316284, 0.9987499713897705, 1.0, 0.9962499737739563, 0.9962499737739563, 0.995312511920929, 0.9940624833106995, 0.9996874928474426, 0.9962499737739563, 0.996874988079071, 0.9937499761581421, 1.0, 0.9987499713897705, 0.9990624785423279, 0.9950000047683716, 1.0, 0.9940624833106995], "val_loss": [1.9377894401550293, 1.884332537651062, 1.7826515436172485, 1.7209597826004028, 1.6210633516311646, 1.2701932191848755, 1.24593186378479, 1.1802922487258911, 1.198354959487915, 1.0908608436584473, 1.0017688274383545, 0.9406147003173828, 0.9051478505134583, 0.8610488772392273, 0.8613740801811218, 0.8176040649414062, 0.8187674880027771, 0.7928979396820068, 0.7806031107902527, 0.6988216638565063, 0.6585418581962585, 0.6309648156166077, 0.6440380811691284, 0.6295685768127441, 0.6198008060455322, 0.629338264465332, 0.6465326547622681, 0.6330858469009399, 0.6287748217582703, 0.6098472476005554, 0.5857824087142944, 0.585839033126831, 0.5739108324050903, 0.6021616458892822, 0.5781676769256592, 0.5736139416694641, 0.576587438583374, 0.5656581521034241, 0.5884361267089844, 0.5685795545578003, 0.5355993509292603, 0.5487913489341736, 0.5271875858306885, 0.5141624212265015, 0.5102016925811768, 0.5067348480224609, 0.5142436027526855, 0.5150580406188965, 0.5298532843589783, 0.5227688550949097, 0.5158523321151733], "val_acurracy": [0.17343750596046448, 0.25593748688697815, 0.32343751192092896, 0.3746874928474426, 0.44093748927116394, 0.557812511920929, 0.5753124952316284, 0.6056249737739563, 0.6015625, 0.6596875190734863, 0.7071874737739563, 0.7396875023841858, 0.7612500190734863, 0.7749999761581421, 0.776562511920929, 0.7893750071525574, 0.7996875047683716, 0.8034374713897705, 0.8065624833106995, 0.8199999928474426, 0.8240625262260437, 0.8349999785423279, 0.8287500143051147, 0.8293750286102295, 0.8337500095367432, 0.8287500143051147, 0.8306249976158142, 0.8268749713897705, 0.8303124904632568, 0.831250011920929, 0.8349999785423279, 0.8356249928474426, 0.8359375, 0.8296874761581421, 0.8378124833106995, 0.8393750190734863, 0.839062511920929, 0.8446875214576721, 0.8299999833106995, 0.8374999761581421, 0.846875011920929, 0.8403124809265137, 0.8462499976158142, 0.8490625023841858, 0.8506249785423279, 0.854687511920929, 0.8531249761581421, 0.8525000214576721, 0.8456249833106995, 0.8490625023841858, 0.8481249809265137]}