{"loss": [0.5463014841079712, 0.04373788833618164, 0.03200368210673332, 0.007946581579744816, 0.03538990393280983, 0.0500837042927742, 0.004088510759174824, 0.0033221072517335415, 0.0023523936979472637, 0.0017871472518891096, 0.02692430093884468, 0.001636557630263269], "acurracy": [0.8181250095367432, 0.995312511920929, 0.9956250190734863, 1.0, 0.9934375286102295, 0.9893749952316284, 1.0, 1.0, 1.0, 1.0, 0.995312511920929, 1.0], "val_loss": [1.5976512432098389, 1.5512151718139648, 1.4981505870819092, 1.457891583442688, 1.3006473779678345, 1.1320796012878418, 1.112409234046936, 1.1512327194213867, 1.164801836013794, 1.1716620922088623, 1.1554651260375977, 1.1873189210891724], "val_acurracy": [0.3581250011920929, 0.4025000035762787, 0.4325000047683716, 0.4753125011920929, 0.5137500166893005, 0.5762500166893005, 0.5840625166893005, 0.559374988079071, 0.5512499809265137, 0.5571874976158142, 0.5625, 0.5550000071525574]}