{"loss": [0.5077595710754395, 0.06748534739017487, 0.040959183126688004, 0.03959933668375015, 0.007829885929822922, 0.11132177710533142, 0.03612294793128967, 0.032175272703170776, 0.005332412198185921, 0.05260038748383522, 0.04132533073425293, 0.0051855482161045074, 0.056533508002758026, 0.006384360138326883, 0.05042943358421326, 0.03502338379621506, 0.02105417661368847, 0.03088814951479435, 0.027054520323872566, 0.022943515330553055], "acurracy": [0.8418750166893005, 0.9937499761581421, 0.9965624809265137, 0.9956250190734863, 0.9996874928474426, 0.9831249713897705, 0.9946874976158142, 0.995312511920929, 1.0, 0.9921875, 0.9925000071525574, 1.0, 0.9887499809265137, 0.9996874928474426, 0.9878125190734863, 0.9928125143051147, 0.9943749904632568, 0.9931250214576721, 0.9940624833106995, 0.9943749904632568], "val_loss": [1.1277167797088623, 1.1098721027374268, 1.1351730823516846, 1.0972968339920044, 1.1366108655929565, 0.7432384490966797, 0.6776981353759766, 0.6257643699645996, 0.6884014010429382, 0.5655256509780884, 0.5209618806838989, 0.5364333391189575, 0.47012078762054443, 0.49964088201522827, 0.44583630561828613, 0.4796014130115509, 0.48773178458213806, 0.4903363883495331, 0.5247756242752075, 0.5256841778755188], "val_acurracy": [0.5796874761581421, 0.5803124904632568, 0.5803124904632568, 0.5815625190734863, 0.5784375071525574, 0.6700000166893005, 0.7309374809265137, 0.7759374976158142, 0.7387499809265137, 0.8237500190734863, 0.8596875071525574, 0.8534374833106995, 0.8759375214576721, 0.8681250214576721, 0.8793749809265137, 0.8774999976158142, 0.8787500262260437, 0.8778125047683716, 0.8731250166893005, 0.8734375238418579]}