{"loss": [0.4590364694595337, 0.06894218921661377, 0.053790636360645294, 0.047335267066955566, 0.03286486864089966, 0.018393130972981453], "acurracy": [0.8509374856948853, 0.9915624856948853, 0.9912499785423279, 0.9915624856948853, 0.9934375286102295, 0.9962499737739563], "val_loss": [1.2637066841125488, 1.3182578086853027, 1.4263839721679688, 1.544216513633728, 1.6991881132125854, 1.7902930974960327], "val_acurracy": [0.5262500047683716, 0.5440624952316284, 0.4971874952316284, 0.4221875071525574, 0.33656251430511475, 0.30375000834465027]}