{"loss": [0.3006778061389923, 0.05304284393787384, 0.023189298808574677, 0.024186313152313232, 0.018923867493867874, 0.002548966323956847], "acurracy": [0.9146875143051147, 0.9921875, 0.9965624809265137, 0.9950000047683716, 0.9965624809265137, 1.0], "val_loss": [1.3031370639801025, 1.3227407932281494, 1.3364570140838623, 1.3908684253692627, 1.4393589496612549, 1.4346122741699219], "val_acurracy": [0.5462499856948853, 0.5375000238418579, 0.5465624928474426, 0.5218750238418579, 0.48656249046325684, 0.5106250047683716]}