{"loss": [0.19935090839862823, 0.02593407593667507, 0.04304470121860504, 0.021353058516979218, 0.020921148359775543, 0.02244657464325428, 0.0019490675767883658, 0.03270823881030083, 0.021036848425865173, 0.001419407082721591, 0.009077110327780247, 0.009655970148742199, 0.02797256037592888, 0.01988612674176693, 0.02581906132400036, 0.0008359135827049613, 0.005515960976481438, 0.014288959093391895, 0.016173535957932472, 0.004139960277825594, 0.008470048196613789, 0.01886104978621006, 0.005782277788966894, 0.005662935320287943, 0.00030970628722570837], "acurracy": [0.9490625262260437, 0.9975000023841858, 0.9918749928474426, 0.995312511920929, 0.995312511920929, 0.9928125143051147, 1.0, 0.9912499785423279, 0.9950000047683716, 1.0, 0.9981250166893005, 0.9978125095367432, 0.9931250214576721, 0.9943749904632568, 0.9937499761581421, 1.0, 0.9981250166893005, 0.9959375262260437, 0.995312511920929, 0.9987499713897705, 0.9981250166893005, 0.9946874976158142, 0.9987499713897705, 0.9984375238418579, 1.0], "val_loss": [0.9962669610977173, 0.9896945953369141, 0.9266787767410278, 0.9381311535835266, 0.9142640829086304, 0.8000056743621826, 0.8169099688529968, 0.756328821182251, 0.7457916140556335, 0.7502608299255371, 0.7381331920623779, 0.7491481304168701, 0.7122307419776917, 0.7165500521659851, 0.6977378129959106, 0.7278172969818115, 0.6851531863212585, 0.6968411803245544, 0.6967868208885193, 0.6763730049133301, 0.6937106251716614, 0.7071108818054199, 0.7075006365776062, 0.7157513499259949, 0.7318944334983826], "val_acurracy": [0.6331250071525574, 0.6412500143051147, 0.6834375262260437, 0.6746875047683716, 0.6784374713897705, 0.7275000214576721, 0.7193750143051147, 0.7553125023841858, 0.7640625238418579, 0.7631250023841858, 0.7659375071525574, 0.7628124952316284, 0.7909374833106995, 0.793749988079071, 0.8028125166893005, 0.7900000214576721, 0.8062499761581421, 0.8031250238418579, 0.8062499761581421, 0.8131250143051147, 0.8084375262260437, 0.8090624809265137, 0.8081250190734863, 0.809374988079071, 0.8084375262260437]}