{"loss": [0.45254436135292053, 0.07580481469631195, 0.042068611830472946, 0.09798595309257507, 0.08476581424474716, 0.010381853207945824, 0.0421055406332016, 0.005853226408362389, 0.08749204874038696, 0.006822641938924789, 0.053168974816799164, 0.0048035504296422005, 0.04455932602286339, 0.004463968798518181, 0.09483245015144348, 0.047955870628356934, 0.023364689201116562, 0.05421174690127373, 0.03739923611283302, 0.10217759013175964, 0.03622332960367203, 0.0594797320663929, 0.007585532497614622, 0.03454838693141937, 0.003531811526045203, 0.057743724435567856, 0.004276925697922707, 0.040644921362400055, 0.004151040688157082, 0.0026736045256257057, 0.0017464763950556517], "acurracy": [0.8575000166893005, 0.9928125143051147, 0.9959375262260437, 0.987500011920929, 0.989062488079071, 1.0, 0.9959375262260437, 1.0, 0.9893749952316284, 1.0, 0.9940624833106995, 1.0, 0.9946874976158142, 1.0, 0.9868749976158142, 0.9934375286102295, 0.9975000023841858, 0.9925000071525574, 0.9950000047683716, 0.9853125214576721, 0.9950000047683716, 0.9915624856948853, 1.0, 0.995312511920929, 1.0, 0.9921875, 1.0, 0.9937499761581421, 1.0, 1.0, 1.0], "val_loss": [1.2873164415359497, 1.263187050819397, 1.2605466842651367, 1.094335675239563, 0.956708550453186, 0.9989755153656006, 0.951712965965271, 0.9665418863296509, 0.7970463037490845, 0.8226871490478516, 0.7667019367218018, 0.7975761890411377, 0.7583742737770081, 0.7658483386039734, 0.6551746129989624, 0.5989285111427307, 0.6185980439186096, 0.5828883647918701, 0.5939738750457764, 0.5532782673835754, 0.5402088761329651, 0.5438594222068787, 0.5722522139549255, 0.5531313419342041, 0.5727642178535461, 0.5366674661636353, 0.5592665076255798, 0.5369244813919067, 0.5420265793800354, 0.5642338991165161, 0.5750104784965515], "val_acurracy": [0.5181249976158142, 0.5584375262260437, 0.5703125, 0.5740625262260437, 0.5799999833106995, 0.5715625286102295, 0.5768749713897705, 0.574999988079071, 0.6259375214576721, 0.6087499856948853, 0.6618750095367432, 0.6324999928474426, 0.6690624952316284, 0.6631249785423279, 0.7965624928474426, 0.8303124904632568, 0.8196874856948853, 0.8493750095367432, 0.8490625023841858, 0.8656250238418579, 0.8665624856948853, 0.8646875023841858, 0.8596875071525574, 0.8650000095367432, 0.8618749976158142, 0.8678125143051147, 0.864062488079071, 0.8659374713897705, 0.8690624833106995, 0.8656250238418579, 0.8656250238418579]}