{"loss": [1.5166643857955933, 0.9793704152107239, 0.2879132330417633, 0.10168228298425674, 0.07377010583877563, 0.1336815357208252, 0.05478493869304657, 0.06246262043714523, 0.013059854507446289, 0.14213629066944122, 0.01216297410428524, 0.032669831067323685, 0.04888608306646347, 0.0078002410009503365, 0.026922881603240967, 0.0762549489736557, 0.05785200744867325, 0.028085989877581596, 0.022005073726177216, 0.005505136679857969, 0.03442585840821266, 0.014353536069393158, 0.003528172615915537, 0.03156706318259239, 0.031273793429136276, 0.003814435563981533, 0.02024291455745697, 0.03503036871552467, 0.003113025799393654, 0.018018152564764023, 0.025907494127750397, 0.013165317475795746, 0.002741777803748846, 0.0015278380597010255, 0.017016978934407234, 0.02799859829246998, 0.03929031267762184, 0.002785723889246583, 0.010626698844134808, 0.0017917643999680877, 0.013612869195640087, 0.013355778530240059, 0.010090526193380356, 0.029642051085829735, 0.01861218363046646, 0.010836947709321976, 0.008311968296766281, 0.0038760306779295206, 0.01937105506658554, 0.0013421394396573305, 0.02089625410735607, 0.013913271017372608, 0.025784458965063095, 0.01918678916990757, 0.009027017280459404, 0.021111266687512398, 0.017216365784406662, 0.007415649481117725, 0.007318166550248861, 0.0042068976908922195, 0.013665476813912392, 0.01268625259399414, 0.006009548436850309, 0.001606547855772078, 0.02619750238955021, 0.005633427295833826, 0.005700211971998215, 0.003713404294103384, 0.014074649661779404, 0.0077284290455281734, 0.006265079602599144, 0.014654416590929031, 0.016740376129746437, 0.0013230423210188746, 0.0007396262371912599, 0.02406824193894863, 0.0012648229021579027, 0.008495884947478771, 0.006117341108620167, 0.003946621436625719, 0.007550384849309921, 0.03273147717118263, 0.011999410577118397, 0.0035711354576051235, 0.0007387509103864431, 0.005968058481812477, 0.007784022018313408, 0.017752110958099365, 0.017810286954045296, 0.003827812382951379], "acurracy": [0.7065625190734863, 0.995312511920929, 0.9871875047683716, 0.9956250190734863, 0.9959375262260437, 0.9868749976158142, 0.9959375262260437, 0.9931250214576721, 1.0, 0.9821875095367432, 1.0, 0.9962499737739563, 0.9915624856948853, 1.0, 0.9959375262260437, 0.9878125190734863, 0.9893749952316284, 0.9965624809265137, 0.9975000023841858, 1.0, 0.9928125143051147, 0.996874988079071, 1.0, 0.9943749904632568, 0.9925000071525574, 1.0, 0.9959375262260437, 0.9921875, 1.0, 0.9940624833106995, 0.9956250190734863, 0.9975000023841858, 1.0, 1.0, 0.9959375262260437, 0.9934375286102295, 0.9921875, 1.0, 0.9981250166893005, 1.0, 0.9981250166893005, 0.9971874952316284, 0.9981250166893005, 0.9943749904632568, 0.9971874952316284, 0.996874988079071, 0.9981250166893005, 0.9990624785423279, 0.9975000023841858, 1.0, 0.9956250190734863, 0.9971874952316284, 0.9940624833106995, 0.9943749904632568, 0.9987499713897705, 0.9971874952316284, 0.995312511920929, 0.9981250166893005, 0.9981250166893005, 0.9987499713897705, 0.9962499737739563, 0.996874988079071, 0.9993749856948853, 0.9996874928474426, 0.9934375286102295, 0.9978125095367432, 0.9993749856948853, 0.9987499713897705, 0.9981250166893005, 0.9984375238418579, 0.9981250166893005, 0.995312511920929, 0.9956250190734863, 0.9996874928474426, 1.0, 0.9943749904632568, 1.0, 0.9984375238418579, 0.9993749856948853, 0.9981250166893005, 0.9981250166893005, 0.9928125143051147, 0.996874988079071, 0.9987499713897705, 1.0, 0.9981250166893005, 0.9975000023841858, 0.9946874976158142, 0.9965624809265137, 0.9993749856948853], "val_loss": [1.489719033241272, 2.345764398574829, 3.3909757137298584, 3.870734930038452, 3.8782999515533447, 2.93717885017395, 2.8801519870758057, 2.5583858489990234, 2.753657579421997, 1.7098450660705566, 1.8564326763153076, 1.9535828828811646, 1.5859968662261963, 1.686250925064087, 1.5850934982299805, 1.3740729093551636, 1.1476376056671143, 1.117120623588562, 1.097227692604065, 1.1547050476074219, 1.0963847637176514, 1.071761131286621, 1.0931302309036255, 1.0049549341201782, 0.9356538653373718, 0.9771844744682312, 0.9407939314842224, 0.9202234745025635, 0.9004868865013123, 0.8670471906661987, 0.793579638004303, 0.7798410654067993, 0.7755767107009888, 0.8131867051124573, 0.74881911277771, 0.7116906046867371, 0.6249607801437378, 0.6652810573577881, 0.6259348392486572, 0.6345809698104858, 0.5900071859359741, 0.5979136228561401, 0.5591978430747986, 0.4714047312736511, 0.48275500535964966, 0.4625190794467926, 0.44202345609664917, 0.46720176935195923, 0.44123679399490356, 0.4601410925388336, 0.4529946446418762, 0.41468584537506104, 0.4094093441963196, 0.4107310473918915, 0.3953115940093994, 0.3682471215724945, 0.3756062686443329, 0.4069274961948395, 0.38388264179229736, 0.3799164295196533, 0.373951256275177, 0.4070752263069153, 0.39055290818214417, 0.39858949184417725, 0.3766966164112091, 0.39132535457611084, 0.36683014035224915, 0.3701152503490448, 0.3868061304092407, 0.38113850355148315, 0.3831948935985565, 0.38125884532928467, 0.3642614483833313, 0.3709956705570221, 0.3500687777996063, 0.3857335150241852, 0.372156023979187, 0.3882063031196594, 0.3875443637371063, 0.3871459662914276, 0.39174968004226685, 0.3724202811717987, 0.36881858110427856, 0.35696661472320557, 0.36992600560188293, 0.38790902495384216, 0.3550525903701782, 0.38646164536476135, 0.37540748715400696, 0.38860589265823364], "val_acurracy": [0.5759375095367432, 0.5806249976158142, 0.5943750143051147, 0.5849999785423279, 0.5878124833106995, 0.5884374976158142, 0.5859375, 0.590624988079071, 0.5831249952316284, 0.5893750190734863, 0.5868750214576721, 0.5881249904632568, 0.5893750190734863, 0.5915625095367432, 0.6059374809265137, 0.6231250166893005, 0.65625, 0.6790624856948853, 0.6884375214576721, 0.684374988079071, 0.7215625047683716, 0.7646874785423279, 0.7653124928474426, 0.7946875095367432, 0.8212500214576721, 0.8187500238418579, 0.8337500095367432, 0.8450000286102295, 0.8493750095367432, 0.8671875, 0.878125011920929, 0.8824999928474426, 0.8790624737739563, 0.871874988079071, 0.8846874833106995, 0.8868749737739563, 0.8984375, 0.8884375095367432, 0.8974999785423279, 0.8974999785423279, 0.8978124856948853, 0.8949999809265137, 0.8978124856948853, 0.9009374976158142, 0.9012500047683716, 0.901562511920929, 0.90625, 0.9059374928474426, 0.9003124833106995, 0.9053124785423279, 0.8990625143051147, 0.9043750166893005, 0.9096875190734863, 0.9084374904632568, 0.9131249785423279, 0.9146875143051147, 0.9087499976158142, 0.9053124785423279, 0.9090625047683716, 0.9112499952316284, 0.9153125286102295, 0.9090625047683716, 0.9106249809265137, 0.910937488079071, 0.9103124737739563, 0.9150000214576721, 0.9153125286102295, 0.9190624952316284, 0.9134374856948853, 0.9150000214576721, 0.9137499928474426, 0.9159374833106995, 0.9143750071525574, 0.9143750071525574, 0.9181249737739563, 0.9128124713897705, 0.9131249785423279, 0.9137499928474426, 0.9106249809265137, 0.9121875166893005, 0.9090625047683716, 0.9115625023841858, 0.9078124761581421, 0.9090625047683716, 0.9118750095367432, 0.9096875190734863, 0.9146875143051147, 0.910937488079071, 0.9115625023841858, 0.9087499976158142]}