{"loss": [1.4637389183044434, 0.5439380407333374, 0.050122205168008804, 0.03881380334496498, 0.014136791229248047, 0.016313159838318825, 0.0315995067358017, 0.020298445597290993, 0.01978272944688797, 0.009320360608398914, 0.03331338241696358, 0.0020628711208701134, 0.03600972145795822, 0.03254524618387222, 0.011894328519701958, 0.0275304913520813], "acurracy": [0.9290624856948853, 0.989062488079071, 0.995312511920929, 0.9918749928474426, 0.9978125095367432, 0.9959375262260437, 0.9918749928474426, 0.9956250190734863, 0.9940624833106995, 0.996874988079071, 0.9900000095367432, 1.0, 0.9893749952316284, 0.9896875023841858, 0.996874988079071, 0.9903125166893005], "val_loss": [1.7305489778518677, 5.314574718475342, 7.735240936279297, 8.939857482910156, 9.976810455322266, 10.696284294128418, 11.110157012939453, 11.362889289855957, 11.979022026062012, 12.576397895812988, 12.74047565460205, 13.563881874084473, 13.261545181274414, 13.37864875793457, 13.745478630065918, 14.066157341003418], "val_acurracy": [0.5746874809265137, 0.4650000035762787, 0.46937501430511475, 0.4840624928474426, 0.5321875214576721, 0.5478125214576721, 0.5756250023841858, 0.5674999952316284, 0.5053125023841858, 0.5334374904632568, 0.2574999928474426, 0.27437499165534973, 0.11156249791383743, 0.0859375, 0.08656249940395355, 0.06843750178813934]}