{"loss": [1.444606065750122, 0.6972020864486694, 0.09389431029558182, 0.03184163197875023, 0.06202752888202667, 0.07575412839651108, 0.06375148892402649, 0.06122796609997749, 0.00917593389749527, 0.08010444045066833, 0.0344109982252121, 0.02891816385090351, 0.07608625292778015, 0.06009369716048241, 0.037763193249702454, 0.006608686409890652, 0.013292179442942142, 0.02569514513015747, 0.047418784350156784, 0.029533615335822105, 0.015211985446512699, 0.031382814049720764, 0.05640055611729622, 0.025848479941487312, 0.02703976444900036, 0.004092569462954998, 0.016194837167859077, 0.01728195697069168, 0.03698263317346573, 0.003356746630743146, 0.03062545321881771, 0.03094613552093506, 0.012415153905749321, 0.05627086013555527, 0.04325654357671738, 0.017344756051898003, 0.01162446103990078, 0.00253257155418396, 0.02366059459745884, 0.027300434187054634, 0.0029268849175423384, 0.03093968704342842, 0.0025775323156267405, 0.012727185152471066, 0.015977445989847183, 0.01643209159374237, 0.016197573393583298, 0.0017254699487239122, 0.03796253353357315, 0.0022130338475108147, 0.019119754433631897, 0.04018281400203705, 0.03895427659153938, 0.004152569454163313, 0.0026684219483286142, 0.018163245171308517, 0.0221274271607399, 0.021599553525447845, 0.019787369295954704, 0.024585861712694168, 0.03299755975604057, 0.0037056838627904654, 0.02924961782991886, 0.021249594166874886, 0.014401746913790703, 0.016804086044430733, 0.022195367142558098, 0.012487636879086494, 0.020605146884918213, 0.008459609933197498, 0.02062840759754181, 0.01379098929464817, 0.014167292043566704, 0.013461513444781303, 0.021164342761039734, 0.008757839910686016, 0.006641613785177469, 0.02931860275566578, 0.005890222731977701, 0.028788859024643898, 0.015979373827576637, 0.010371974669396877, 0.0041251708753407, 0.005938922055065632, 0.000882450258359313, 0.011117479763925076, 0.0258493535220623, 0.002264900365844369, 0.0014550581108778715, 0.0006184524390846491, 0.0004732857923954725, 0.02686160057783127, 0.0014990516938269138, 0.019948866218328476, 0.0018424922600388527, 0.02505495771765709, 0.015369553118944168, 0.006330215837806463, 0.0017337060999125242, 0.005219322629272938], "acurracy": [0.8849999904632568, 0.9887499809265137, 1.0, 1.0, 0.9959375262260437, 0.9934375286102295, 0.9946874976158142, 0.9931250214576721, 1.0, 0.9928125143051147, 0.9956250190734863, 0.9959375262260437, 0.9881250262260437, 0.9909374713897705, 0.9959375262260437, 1.0, 0.996874988079071, 0.9975000023841858, 0.9909374713897705, 0.995312511920929, 0.9975000023841858, 0.9962499737739563, 0.9921875, 0.9950000047683716, 0.996874988079071, 1.0, 0.9965624809265137, 0.9965624809265137, 0.9931250214576721, 1.0, 0.9921875, 0.9915624856948853, 0.9965624809265137, 0.9881250262260437, 0.9900000095367432, 0.9962499737739563, 0.9975000023841858, 1.0, 0.9943749904632568, 0.9934375286102295, 1.0, 0.9943749904632568, 1.0, 0.996874988079071, 0.9971874952316284, 0.9971874952316284, 0.9971874952316284, 1.0, 0.9925000071525574, 1.0, 0.9965624809265137, 0.9896875023841858, 0.9909374713897705, 0.9996874928474426, 1.0, 0.9956250190734863, 0.9940624833106995, 0.9959375262260437, 0.996874988079071, 0.9950000047683716, 0.9925000071525574, 0.9996874928474426, 0.9946874976158142, 0.995312511920929, 0.9975000023841858, 0.9956250190734863, 0.9962499737739563, 0.9975000023841858, 0.9950000047683716, 0.9975000023841858, 0.9946874976158142, 0.9981250166893005, 0.996874988079071, 0.9965624809265137, 0.9940624833106995, 0.9984375238418579, 0.9978125095367432, 0.9937499761581421, 0.9987499713897705, 0.9943749904632568, 0.9959375262260437, 0.9971874952316284, 0.9990624785423279, 0.9990624785423279, 1.0, 0.9978125095367432, 0.9956250190734863, 0.9993749856948853, 0.9996874928474426, 1.0, 1.0, 0.9943749904632568, 1.0, 0.9959375262260437, 1.0, 0.9937499761581421, 0.995312511920929, 0.9981250166893005, 1.0, 0.9984375238418579], "val_loss": [1.3931547403335571, 2.0647120475769043, 3.3357961177825928, 3.9658663272857666, 3.6014516353607178, 2.9875643253326416, 2.5888540744781494, 2.2206244468688965, 2.485656499862671, 2.0209898948669434, 1.941188097000122, 1.805300235748291, 1.4727427959442139, 1.4035323858261108, 1.2982795238494873, 1.4115926027297974, 1.4059343338012695, 1.3279019594192505, 1.2222704887390137, 1.1841192245483398, 1.2332171201705933, 1.1493836641311646, 1.0639973878860474, 1.0636000633239746, 1.0348553657531738, 1.0632810592651367, 1.0739455223083496, 1.0484098196029663, 1.0059105157852173, 1.0351907014846802, 0.9597996473312378, 0.8973767161369324, 0.9273678660392761, 0.794236958026886, 0.765048623085022, 0.7872141003608704, 0.7659851908683777, 0.7939132452011108, 0.7590463161468506, 0.7324325442314148, 0.7482811212539673, 0.6913448572158813, 0.7465521097183228, 0.67638099193573, 0.6852657198905945, 0.6685735583305359, 0.6666964888572693, 0.6864967346191406, 0.6308984756469727, 0.6242552995681763, 0.575514018535614, 0.5162254571914673, 0.49589356780052185, 0.49287861585617065, 0.5008654594421387, 0.5222573280334473, 0.4648633897304535, 0.44950854778289795, 0.4447716176509857, 0.42310112714767456, 0.42886608839035034, 0.4027029275894165, 0.40493354201316833, 0.40271198749542236, 0.38784998655319214, 0.3801427483558655, 0.37627750635147095, 0.37551864981651306, 0.3899650275707245, 0.38438647985458374, 0.40325015783309937, 0.40163716673851013, 0.399196982383728, 0.3934820890426636, 0.37233421206474304, 0.3834655284881592, 0.4027715027332306, 0.39815184473991394, 0.3971498906612396, 0.39802074432373047, 0.38330623507499695, 0.394957035779953, 0.38974639773368835, 0.3956372141838074, 0.36533182859420776, 0.41216686367988586, 0.40342020988464355, 0.38687583804130554, 0.4041297435760498, 0.3876168727874756, 0.4065318703651428, 0.3990725576877594, 0.40008121728897095, 0.41367149353027344, 0.39722174406051636, 0.40764015913009644, 0.39575695991516113, 0.3827348053455353, 0.40172913670539856, 0.3937486708164215], "val_acurracy": [0.5824999809265137, 0.5771874785423279, 0.5743749737739563, 0.5831249952316284, 0.574999988079071, 0.5740625262260437, 0.5784375071525574, 0.5849999785423279, 0.5753124952316284, 0.581250011920929, 0.5787500143051147, 0.5859375, 0.5746874809265137, 0.5803124904632568, 0.5881249904632568, 0.5743749737739563, 0.5793750286102295, 0.5790625214576721, 0.5806249976158142, 0.5815625190734863, 0.5765625238418579, 0.5765625238418579, 0.5787500143051147, 0.5709375143051147, 0.5759375095367432, 0.5756250023841858, 0.5746874809265137, 0.5762500166893005, 0.5793750286102295, 0.5740625262260437, 0.5799999833106995, 0.5774999856948853, 0.5784375071525574, 0.7662500143051147, 0.8337500095367432, 0.8453124761581421, 0.8559374809265137, 0.8515625, 0.8646875023841858, 0.8765624761581421, 0.8681250214576721, 0.8746874928474426, 0.8690624833106995, 0.8806250095367432, 0.8803125023841858, 0.8815624713897705, 0.8803125023841858, 0.8799999952316284, 0.8853124976158142, 0.8856250047683716, 0.8918750286102295, 0.8928124904632568, 0.8990625143051147, 0.8956249952316284, 0.8946874737739563, 0.8931249976158142, 0.9006249904632568, 0.9018750190734863, 0.9018750190734863, 0.9049999713897705, 0.8996875286102295, 0.90625, 0.90625, 0.9034374952316284, 0.9056249856948853, 0.9096875190734863, 0.9100000262260437, 0.9065625071525574, 0.9059374928474426, 0.9046875238418579, 0.9043750166893005, 0.9049999713897705, 0.9021875262260437, 0.903124988079071, 0.9059374928474426, 0.9087499976158142, 0.9003124833106995, 0.9040625095367432, 0.903124988079071, 0.9018750190734863, 0.8999999761581421, 0.9009374976158142, 0.9021875262260437, 0.9009374976158142, 0.9068750143051147, 0.9003124833106995, 0.901562511920929, 0.9003124833106995, 0.8993750214576721, 0.9024999737739563, 0.9006249904632568, 0.901562511920929, 0.901562511920929, 0.8949999809265137, 0.9003124833106995, 0.9028124809265137, 0.8990625143051147, 0.8984375, 0.9034374952316284, 0.9040625095367432]}