{"loss": [1.150214672088623, 0.6401947140693665, 0.26340967416763306, 0.09791602939367294, 0.07433988153934479, 0.05469870567321777, 0.019962571561336517, 0.01374466996639967, 0.03852613642811775, 0.024550313130021095, 0.00676366500556469, 0.00571599742397666, 0.03567591682076454, 0.056749094277620316, 0.005160554777830839, 0.1197904571890831, 0.007232668809592724], "acurracy": [0.9334375262260437, 0.9921875, 0.9946874976158142, 1.0, 0.9946874976158142, 0.9956250190734863, 1.0, 1.0, 0.9956250190734863, 0.9975000023841858, 1.0, 1.0, 0.9959375262260437, 0.9934375286102295, 1.0, 0.9828125238418579, 1.0], "val_loss": [1.3756322860717773, 1.2204833030700684, 1.2919175624847412, 1.486141562461853, 1.6935330629348755, 1.8741705417633057, 2.0551819801330566, 2.180234909057617, 2.2603113651275635, 2.340895652770996, 2.488069772720337, 2.6115243434906006, 2.6654858589172363, 2.637594223022461, 2.7404303550720215, 2.67539119720459, 2.792073965072632], "val_acurracy": [0.5768749713897705, 0.5790625214576721, 0.5803124904632568, 0.5803124904632568, 0.5771874785423279, 0.5790625214576721, 0.5724999904632568, 0.5803124904632568, 0.5843750238418579, 0.5871875286102295, 0.5778124928474426, 0.5765625238418579, 0.5793750286102295, 0.5821874737739563, 0.5809375047683716, 0.5815625190734863, 0.5815625190734863]}