{"loss": [1.3619024753570557, 0.8467512726783752, 0.3962247967720032, 0.16401618719100952, 0.12285702675580978, 0.10448282957077026, 0.08226265758275986, 0.06061622500419617, 0.01942041702568531, 0.06959739327430725, 0.10154122114181519, 0.0887482762336731, 0.013224761933088303, 0.041983116418123245, 0.009413405321538448, 0.02705965004861355, 0.041625093668699265], "acurracy": [0.6962500214576721, 0.9896875023841858, 0.9921875, 0.9962499737739563, 0.9896875023841858, 0.9884374737739563, 0.9912499785423279, 0.9931250214576721, 1.0, 0.9915624856948853, 0.9856250286102295, 0.9878125190734863, 1.0, 0.9946874976158142, 1.0, 0.9965624809265137, 0.9937499761581421], "val_loss": [1.4342732429504395, 1.291471242904663, 1.3313828706741333, 1.5688897371292114, 1.7790162563323975, 2.009722948074341, 2.1803455352783203, 2.3170435428619385, 2.4683468341827393, 2.528742551803589, 2.555802345275879, 2.585784673690796, 2.7979276180267334, 2.8841211795806885, 3.0275144577026367, 3.110008955001831, 3.166668653488159], "val_acurracy": [0.578125, 0.5778124928474426, 0.5834375023841858, 0.5774999856948853, 0.5881249904632568, 0.5768749713897705, 0.5771874785423279, 0.5774999856948853, 0.5824999809265137, 0.5809375047683716, 0.5849999785423279, 0.5878124833106995, 0.574999988079071, 0.5787500143051147, 0.5765625238418579, 0.5756250023841858, 0.5809375047683716]}