{"loss": [0.38644587993621826, 0.06969603896141052, 0.0290219783782959, 0.02675529196858406, 0.033974308520555496, 0.037954602390527725, 0.009088853374123573, 0.047408927232027054, 0.017539221793413162, 0.017742402851581573, 0.040227584540843964, 0.014233674854040146, 0.02043597772717476, 0.013652132824063301, 0.026212740689516068, 0.02510760724544525, 0.006075530778616667, 0.01952325366437435], "accuracy": [0.9692187309265137, 0.9717968702316284, 0.9866406321525574, 0.9870312213897705, 0.981249988079071, 0.9784374833106995, 0.9953906536102295, 0.9732812643051147, 0.9906250238418579, 0.9896875023841858, 0.977343738079071, 0.9922656416893005, 0.9884374737739563, 0.9921875, 0.9860937595367432, 0.9853125214576721, 0.9970312714576721, 0.9900000095367432], "val_loss": [0.6393021941184998, 0.622477114200592, 0.6199458837509155, 0.6202006340026855, 0.6215687394142151, 0.6251081824302673, 0.6264753937721252, 0.6337522268295288, 0.6364307999610901, 0.6435590386390686, 0.6536742448806763, 0.6593508720397949, 0.6622889637947083, 0.6680881977081299, 0.6742687821388245, 0.6820557117462158, 0.67937171459198, 0.676460862159729], "val_accuracy": [0.8217187523841858, 0.8217187523841858, 0.8216406106948853, 0.8216406106948853, 0.8219531178474426, 0.8204687237739563, 0.8209375143051147, 0.8172656297683716, 0.8141406178474426, 0.7994531393051147, 0.7975780963897705, 0.795703113079071, 0.7948437333106995, 0.7946875095367432, 0.790234386920929, 0.7849218845367432, 0.7857031226158142, 0.7871875166893005]}