{"loss": [0.31565210223197937, 0.024303250014781952, 0.03785292059183121, 0.005979632958769798, 0.0314631462097168, 0.029233872890472412, 0.038885556161403656, 0.029598098248243332, 0.0462970957159996, 0.06518316268920898, 0.037959545850753784, 0.04843587800860405, 0.023993179202079773, 0.030513038858771324, 0.017656762152910233, 0.0220260601490736, 0.03420036658644676, 0.022059233859181404, 0.02692277729511261], "accuracy": [0.9775000214576721, 0.9956250190734863, 0.9782031178474426, 0.9970312714576721, 0.9809374809265137, 0.9822656512260437, 0.9762499928474426, 0.9819531440734863, 0.973437488079071, 0.9624218940734863, 0.9781249761581421, 0.9740625023841858, 0.9873437285423279, 0.9831249713897705, 0.9907031059265137, 0.9879687428474426, 0.9825000166893005, 0.9893749952316284, 0.9865624904632568], "val_loss": [0.640023410320282, 0.6239383220672607, 0.6248947381973267, 0.6222027540206909, 0.6293085217475891, 0.6339761018753052, 0.6429285407066345, 0.6497747898101807, 0.653737485408783, 0.6631734371185303, 0.667466938495636, 0.6698076725006104, 0.6729569435119629, 0.6779884099960327, 0.6718341112136841, 0.6678149700164795, 0.6691768169403076, 0.6886032223701477, 0.6990938782691956], "val_accuracy": [0.8223437666893005, 0.8228906393051147, 0.823046863079071, 0.8227343559265137, 0.8176562786102295, 0.813671886920929, 0.805468738079071, 0.7998437285423279, 0.7967968583106995, 0.7891406416893005, 0.7888281345367432, 0.785937488079071, 0.7860156297683716, 0.7823437452316284, 0.7832812666893005, 0.7834374904632568, 0.7780468463897705, 0.7815625071525574, 0.7853124737739563]}