{"loss": [0.4259639084339142, 0.0743270218372345, 0.06760425120592117, 0.020133744925260544, 0.03448471426963806, 0.024630432948470116, 0.037246014922857285, 0.01672890968620777, 0.014818523079156876, 0.06336848437786102, 0.026867859065532684, 0.02001713030040264, 0.0136446263641119, 0.038782212883234024, 0.019477885216474533, 0.024694044142961502], "accuracy": [0.9239843487739563, 0.9780468940734863, 0.9632812738418579, 0.9901562333106995, 0.9815624952316284, 0.9859374761581421, 0.98046875, 0.9914844036102295, 0.9919531345367432, 0.9629687666893005, 0.9860156178474426, 0.9893749952316284, 0.9926562309265137, 0.9810156226158142, 0.990234375, 0.9885156154632568], "val_loss": [0.6766690015792847, 0.6995242834091187, 0.7014177441596985, 0.7122970819473267, 0.7087964415550232, 0.7080243825912476, 0.7042583227157593, 0.7040382623672485, 0.7059073448181152, 0.6990865468978882, 0.6997594237327576, 0.7033179402351379, 0.7072213888168335, 0.7095329165458679, 0.7132235169410706, 0.7152740359306335], "val_accuracy": [0.794921875, 0.8085156083106995, 0.8238281011581421, 0.8257812261581421, 0.8311718702316284, 0.8316406011581421, 0.8306249976158142, 0.830078125, 0.8310937285423279, 0.8337500095367432, 0.83984375, 0.841015636920929, 0.8389062285423279, 0.8374218940734863, 0.8352344036102295, 0.8385937213897705]}