{"loss": [0.6159953474998474, 0.403093159198761, 0.18830353021621704, 0.10977183282375336, 0.13082733750343323, 0.08033958077430725, 0.07658371329307556, 0.08566925674676895, 0.05580427125096321, 0.10386861860752106, 0.1298498511314392, 0.0853782370686531, 0.07929201424121857, 0.07780644297599792, 0.09801769256591797, 0.047539032995700836, 0.1277732253074646, 0.07890897989273071, 0.11774279922246933, 0.07133367657661438, 0.044504620134830475, 0.1087108701467514, 0.028267167508602142, 0.06572316586971283, 0.05239114910364151, 0.06642094999551773, 0.08138090372085571, 0.05092138424515724, 0.04528671130537987, 0.06638018786907196, 0.1082286387681961, 0.0537555031478405, 0.047618962824344635, 0.03444706276059151, 0.006129222922027111, 0.028039565309882164, 0.04323599487543106, 0.026226138696074486, 0.04356762766838074, 0.08579374104738235, 0.03909586742520332, 0.06645958125591278, 0.07727232575416565, 0.05288839340209961, 0.041212573647499084, 0.05414905026555061], "accuracy": [0.8500000238418579, 0.9719531536102295, 0.9854687452316284, 0.9844531416893005, 0.9736718535423279, 0.9857812523841858, 0.9864843487739563, 0.9844531416893005, 0.991015613079071, 0.978515625, 0.971875011920929, 0.9823437333106995, 0.9835156202316284, 0.9833593964576721, 0.9781249761581421, 0.9908593893051147, 0.9668750166893005, 0.9810937643051147, 0.9669530987739563, 0.9813281297683716, 0.9908593893051147, 0.9685937762260437, 0.9948437213897705, 0.9818750023841858, 0.9867968559265137, 0.9809374809265137, 0.9763281345367432, 0.9866406321525574, 0.987109363079071, 0.9806249737739563, 0.9668750166893005, 0.9845312237739563, 0.9873437285423279, 0.9913281202316284, 1.0, 0.9924218654632568, 0.9878906011581421, 0.9915624856948853, 0.9869531393051147, 0.9735156297683716, 0.9892968535423279, 0.9801562428474426, 0.9767187237739563, 0.9847656488418579, 0.9886718988418579, 0.9847656488418579], "val_loss": [0.6354429125785828, 0.5499773621559143, 0.5542770624160767, 0.6012705564498901, 0.5767869353294373, 0.5794970393180847, 0.5752021670341492, 0.5573809146881104, 0.5592988133430481, 0.5016025900840759, 0.4382307529449463, 0.4279695153236389, 0.42101916670799255, 0.40855133533477783, 0.39266037940979004, 0.39198046922683716, 0.3582930266857147, 0.3516720235347748, 0.3373970091342926, 0.33613085746765137, 0.3407686948776245, 0.32184699177742004, 0.33255547285079956, 0.33111342787742615, 0.3282316327095032, 0.32284262776374817, 0.3169376850128174, 0.3198195695877075, 0.3230566680431366, 0.3214937150478363, 0.3168260455131531, 0.32653096318244934, 0.33563968539237976, 0.34118664264678955, 0.3543206453323364, 0.356759250164032, 0.3539164364337921, 0.35961875319480896, 0.3592263460159302, 0.35445067286491394, 0.3666861653327942, 0.3673216700553894, 0.35727688670158386, 0.3601192831993103, 0.36880648136138916, 0.3714560270309448], "val_accuracy": [0.8217187523841858, 0.8217187523841858, 0.8217187523841858, 0.8217187523841858, 0.8217187523841858, 0.8217187523841858, 0.8217187523841858, 0.8217187523841858, 0.8217187523841858, 0.8217187523841858, 0.8217187523841858, 0.8217187523841858, 0.8217187523841858, 0.8217187523841858, 0.8217187523841858, 0.8217187523841858, 0.8217187523841858, 0.8217187523841858, 0.8217187523841858, 0.8213281035423279, 0.8263280987739563, 0.8422656059265137, 0.8395312428474426, 0.8363281488418579, 0.835156261920929, 0.8240625262260437, 0.8228124976158142, 0.8216406106948853, 0.8203125, 0.8173437714576721, 0.81640625, 0.815234363079071, 0.8138281106948853, 0.8124218583106995, 0.8121093511581421, 0.811718761920929, 0.8115624785423279, 0.8107030987739563, 0.8096874952316284, 0.8132030963897705, 0.8112499713897705, 0.8111718893051147, 0.8096874952316284, 0.80859375, 0.80859375, 0.8087499737739563]}