{"loss": [0.6304580569267273, 0.04883565381169319, 0.017324618995189667, 0.04162519425153732, 0.08271278440952301, 0.03447633981704712, 0.026830187067389488, 0.005795796401798725, 0.0798744410276413, 0.02279862016439438, 0.03712843731045723, 0.008452295325696468, 0.0037026191130280495, 0.02194232866168022, 0.02456056885421276, 0.010009467601776123], "acurracy": [0.7900000214576721, 0.9978125095367432, 0.9996874928474426, 0.9950000047683716, 0.9862499833106995, 0.995312511920929, 0.996874988079071, 1.0, 0.9840624928474426, 0.9959375262260437, 0.9912499785423279, 0.9987499713897705, 1.0, 0.9943749904632568, 0.9946874976158142, 0.9975000023841858], "val_loss": [1.220840573310852, 1.0917314291000366, 1.0234103202819824, 0.9589512348175049, 0.7419613599777222, 0.7073267102241516, 0.7037248015403748, 0.6994773745536804, 0.6262146830558777, 0.6060348749160767, 0.5903518199920654, 0.6133822202682495, 0.61395663022995, 0.5932309031486511, 0.6226037740707397, 0.6122215390205383], "val_acurracy": [0.5118749737739563, 0.5853124856948853, 0.6025000214576721, 0.6159374713897705, 0.792187511920929, 0.8096874952316284, 0.8221874833106995, 0.8206250071525574, 0.8496875166893005, 0.8487499952316284, 0.8443750143051147, 0.8440625071525574, 0.8478124737739563, 0.8493750095367432, 0.8412500023841858, 0.846875011920929]}