{"loss": [0.6660041809082031, 0.10513047873973846, 0.02509598806500435, 0.07198210060596466, 0.010188005864620209, 0.04091271013021469, 0.09081237763166428, 0.0369708351790905, 0.024433167651295662, 0.00536050321534276, 0.060808464884757996, 0.061655476689338684, 0.04025569558143616, 0.005379663780331612, 0.03196035325527191, 0.016788002103567123, 0.03015693463385105, 0.05793153867125511, 0.00568053824827075, 0.05934171751141548, 0.03671741858124733, 0.024071410298347473, 0.03290928527712822, 0.027354614809155464, 0.0042767394334077835, 0.06027739495038986, 0.023236578330397606, 0.00405251607298851, 0.08732210099697113, 0.09336152672767639, 0.041312213987112045, 0.047588929533958435, 0.03183983266353607, 0.004347688518464565, 0.06155511736869812, 0.006286127492785454], "acurracy": [0.7868750095367432, 0.9871875047683716, 0.9990624785423279, 0.9912499785423279, 0.9996874928474426, 0.995312511920929, 0.9871875047683716, 0.995312511920929, 0.9965624809265137, 1.0, 0.9928125143051147, 0.9925000071525574, 0.995312511920929, 1.0, 0.9962499737739563, 0.9981250166893005, 0.9959375262260437, 0.9912499785423279, 1.0, 0.9925000071525574, 0.9950000047683716, 0.9965624809265137, 0.9959375262260437, 0.9962499737739563, 1.0, 0.9921875, 0.996874988079071, 1.0, 0.9853125214576721, 0.9828125238418579, 0.9921875, 0.9918749928474426, 0.9956250190734863, 1.0, 0.9900000095367432, 1.0], "val_loss": [0.9210161566734314, 0.8319413661956787, 0.8517820835113525, 0.7939226627349854, 0.7997804284095764, 0.7473929524421692, 0.6660262942314148, 0.6513025164604187, 0.6557589769363403, 0.675221860408783, 0.6260308027267456, 0.6130103468894958, 0.6128448247909546, 0.6210818886756897, 0.6108028888702393, 0.6132293939590454, 0.5799604654312134, 0.5505724549293518, 0.5629793405532837, 0.5600372552871704, 0.5477789044380188, 0.5382559299468994, 0.5436187982559204, 0.5504111051559448, 0.5431140661239624, 0.5415546894073486, 0.5344116687774658, 0.5137819051742554, 0.5389236807823181, 0.5431606769561768, 0.5129836797714233, 0.5282232761383057, 0.5292022824287415, 0.5228664875030518, 0.527485728263855, 0.5164133310317993], "val_acurracy": [0.6924999952316284, 0.684374988079071, 0.6390625238418579, 0.6756250262260437, 0.6743749976158142, 0.7225000262260437, 0.7837499976158142, 0.7915624976158142, 0.7890625, 0.7762500047683716, 0.8037499785423279, 0.8021875023841858, 0.8087499737739563, 0.7993749976158142, 0.8040624856948853, 0.8062499761581421, 0.8184375166893005, 0.8337500095367432, 0.8274999856948853, 0.8293750286102295, 0.8340625166893005, 0.8384374976158142, 0.8343750238418579, 0.8334375023841858, 0.8353124856948853, 0.840624988079071, 0.8418750166893005, 0.8431249856948853, 0.8387500047683716, 0.8321874737739563, 0.8431249856948853, 0.8387500047683716, 0.8384374976158142, 0.840624988079071, 0.8393750190734863, 0.8403124809265137]}