{"loss": [0.5564598441123962, 0.14045457541942596, 0.04629833251237869, 0.08537349104881287, 0.07307202368974686, 0.03920438140630722, 0.007812484633177519], "acurracy": [0.8193749785423279, 0.9834374785423279, 0.9962499737739563, 0.9893749952316284, 0.9906250238418579, 0.9956250190734863, 1.0], "val_loss": [1.1759881973266602, 1.1622204780578613, 1.1765443086624146, 1.2309043407440186, 1.288275122642517, 1.3131300210952759, 1.3434906005859375], "val_acurracy": [0.5956249833106995, 0.5837500095367432, 0.5784375071525574, 0.5703125, 0.5621874928474426, 0.5665624737739563, 0.5668749809265137]}