{"loss": [0.3134225308895111, 0.038755666464567184, 0.06733880937099457, 0.03343614935874939, 0.059953346848487854, 0.0642751008272171, 0.09444037079811096, 0.05038411542773247, 0.02484147995710373, 0.005002641584724188, 0.04953495040535927, 0.015360278077423573, 0.026729578152298927, 0.03347267210483551, 0.029080580919981003, 0.022198960185050964, 0.016595086082816124, 0.045301567763090134, 0.0299217589199543, 0.014675953425467014, 0.021117351949214935, 0.009465054608881474, 0.010661081410944462, 0.014963753521442413, 0.011130016297101974, 0.007989995181560516], "acurracy": [0.9043750166893005, 0.9962499737739563, 0.9912499785423279, 0.9956250190734863, 0.9915624856948853, 0.989062488079071, 0.9809374809265137, 0.9906250238418579, 0.995312511920929, 1.0, 0.9896875023841858, 0.9971874952316284, 0.9940624833106995, 0.9912499785423279, 0.9931250214576721, 0.9934375286102295, 0.9956250190734863, 0.9893749952316284, 0.9946874976158142, 0.9959375262260437, 0.9943749904632568, 0.9981250166893005, 0.9971874952316284, 0.9978125095367432, 0.9962499737739563, 0.9984375238418579], "val_loss": [1.3089059591293335, 1.283352017402649, 1.211452603340149, 1.1735849380493164, 0.9875385761260986, 0.8025428056716919, 0.605068564414978, 0.5638920068740845, 0.5656926035881042, 0.5773563981056213, 0.5459991097450256, 0.5293924808502197, 0.5395216941833496, 0.5251588225364685, 0.5308301448822021, 0.5288621187210083, 0.5352944731712341, 0.5130959153175354, 0.49748969078063965, 0.5029515027999878, 0.4951535761356354, 0.514741063117981, 0.5204541087150574, 0.5458799600601196, 0.5264500975608826, 0.5307422280311584], "val_acurracy": [0.5099999904632568, 0.5325000286102295, 0.5581250190734863, 0.5659375190734863, 0.5796874761581421, 0.6759374737739563, 0.8218749761581421, 0.8412500023841858, 0.8387500047683716, 0.8371875286102295, 0.8462499976158142, 0.8506249785423279, 0.8493750095367432, 0.854687511920929, 0.8553125262260437, 0.856249988079071, 0.8603125214576721, 0.8646875023841858, 0.8690624833106995, 0.8659374713897705, 0.8659374713897705, 0.8600000143051147, 0.8618749976158142, 0.859375, 0.8637499809265137, 0.8631250262260437]}