{"loss": [0.5468586087226868, 0.08715394139289856, 0.11003607511520386, 0.06408747285604477, 0.030845515429973602, 0.05554979294538498, 0.008568713441491127, 0.0052885739132761955, 0.06034925580024719, 0.03819654881954193, 0.005356466397643089, 0.08503089845180511, 0.08527043461799622, 0.049198273569345474, 0.06543834507465363, 0.007216678466647863, 0.004065439570695162, 0.02084793895483017, 0.04097000136971474, 0.004356907680630684], "acurracy": [0.831250011920929, 0.9912499785423279, 0.9840624928474426, 0.9900000095367432, 0.996874988079071, 0.9918749928474426, 1.0, 1.0, 0.9915624856948853, 0.9950000047683716, 1.0, 0.9865624904632568, 0.9834374785423279, 0.9909374713897705, 0.9859374761581421, 1.0, 1.0, 0.9975000023841858, 0.9925000071525574, 1.0], "val_loss": [1.1377283334732056, 1.0276844501495361, 0.9128980040550232, 0.8514484167098999, 0.8843837976455688, 0.8311706781387329, 0.8426392078399658, 0.8849734663963318, 0.8072721362113953, 0.7943562269210815, 0.818389356136322, 0.7227369546890259, 0.6582539081573486, 0.6535788774490356, 0.5921420454978943, 0.6323421001434326, 0.6331186890602112, 0.6236513257026672, 0.6044237017631531, 0.6142995357513428], "val_acurracy": [0.557812511920929, 0.5643749833106995, 0.5824999809265137, 0.6106250286102295, 0.5975000262260437, 0.6318749785423279, 0.6278125047683716, 0.6190624833106995, 0.6643750071525574, 0.6825000047683716, 0.6643750071525574, 0.8025000095367432, 0.8231250047683716, 0.8306249976158142, 0.8475000262260437, 0.8378124833106995, 0.839062511920929, 0.8428124785423279, 0.8387500047683716, 0.8418750166893005]}