{"loss": [0.1614256054162979, 0.04070387780666351, 0.04724607616662979, 0.0670311376452446, 0.006355094723403454, 0.07263630628585815], "acurracy": [0.9725000262260437, 0.9971874952316284, 0.995312511920929, 0.9925000071525574, 1.0, 0.9921875], "val_loss": [1.4730818271636963, 1.5759613513946533, 1.6464368104934692, 1.6737066507339478, 1.771391749382019, 1.7304205894470215], "val_acurracy": [0.573437511920929, 0.5762500166893005, 0.5762500166893005, 0.5756250023841858, 0.5740625262260437, 0.582812488079071]}