{"loss": [0.7042252421379089, 0.11261478066444397, 0.025252697989344597, 0.056943703442811966, 0.010953834280371666, 0.09531141072511673, 0.03051672875881195, 0.007295855786651373, 0.03833312168717384, 0.05543586239218712, 0.041536737233400345, 0.02690732665359974, 0.03019384667277336, 0.0285712368786335, 0.04069039225578308, 0.07870330661535263, 0.029265156015753746, 0.06781202554702759, 0.027302704751491547, 0.06128169968724251, 0.02260027453303337, 0.04807530343532562, 0.052939869463443756, 0.006946180947124958, 0.033873189240694046, 0.005422589834779501, 0.05080040544271469, 0.004862995818257332, 0.04200056567788124, 0.003227012464776635, 0.03887464478611946, 0.02144782803952694], "acurracy": [0.7771875262260437, 0.9862499833106995, 1.0, 0.9937499761581421, 1.0, 0.9878125190734863, 0.9965624809265137, 1.0, 0.9959375262260437, 0.9928125143051147, 0.9943749904632568, 0.9965624809265137, 0.9962499737739563, 0.9956250190734863, 0.9946874976158142, 0.9868749976158142, 0.9959375262260437, 0.9884374737739563, 0.9962499737739563, 0.9881250262260437, 0.9965624809265137, 0.9900000095367432, 0.989062488079071, 1.0, 0.9931250214576721, 0.9996874928474426, 0.9884374737739563, 0.9996874928474426, 0.9918749928474426, 1.0, 0.9903125166893005, 0.995312511920929], "val_loss": [1.444608449935913, 1.2910934686660767, 1.265152096748352, 1.1926872730255127, 1.2182607650756836, 1.031127691268921, 1.008176565170288, 1.0456664562225342, 1.0127893686294556, 0.8980397582054138, 0.8679168224334717, 0.846850574016571, 0.8084743022918701, 0.7752687931060791, 0.7856128215789795, 0.762451171875, 0.7663527727127075, 0.7133778929710388, 0.7543892860412598, 0.7464466691017151, 0.7414333820343018, 0.7107517719268799, 0.6723246574401855, 0.6975277662277222, 0.6787149906158447, 0.669605016708374, 0.630725622177124, 0.6561954021453857, 0.6571446061134338, 0.6689404249191284, 0.6576077938079834, 0.6675692200660706], "val_acurracy": [0.4906249940395355, 0.5534374713897705, 0.5609375238418579, 0.5699999928474426, 0.5653125047683716, 0.574999988079071, 0.5728124976158142, 0.5684375166893005, 0.5737500190734863, 0.6178125143051147, 0.6709374785423279, 0.6974999904632568, 0.7378125190734863, 0.7681249976158142, 0.7806249856948853, 0.8087499737739563, 0.8068749904632568, 0.8290625214576721, 0.8199999928474426, 0.832812488079071, 0.8343750238418579, 0.839062511920929, 0.8475000262260437, 0.8428124785423279, 0.8475000262260437, 0.8534374833106995, 0.8550000190734863, 0.8506249785423279, 0.8503124713897705, 0.848437488079071, 0.8506249785423279, 0.8496875166893005]}