{"loss": [0.33796313405036926, 0.08130280673503876, 0.04256672039628029, 0.05876554176211357, 0.007949450053274632, 0.04663430154323578], "acurracy": [0.9056249856948853, 0.9918749928474426, 0.9962499737739563, 0.9940624833106995, 1.0, 0.9943749904632568], "val_loss": [1.1965785026550293, 1.2522447109222412, 1.334731936454773, 1.3824654817581177, 1.4509310722351074, 1.4425526857376099], "val_acurracy": [0.5778124928474426, 0.5784375071525574, 0.5840625166893005, 0.581250011920929, 0.5809375047683716, 0.5740625262260437]}