{"loss": [0.34850013256073, 0.021283604204654694, 0.0657772645354271, 0.03664929047226906, 0.08688388764858246, 0.006628132425248623, 0.08518639206886292, 0.01761847920715809, 0.04006558284163475, 0.031746819615364075, 0.01661784201860428, 0.015161881223320961, 0.015984121710062027, 0.011546915397047997, 0.008681912906467915, 0.023790394887328148, 0.02743743732571602, 0.030352892354130745, 0.007747095078229904, 0.0013597639044746757, 0.015088710002601147, 0.013430576771497726, 0.006606357172131538, 0.0046173278242349625, 0.011539336293935776, 0.02012905292212963, 0.010319435968995094, 0.010611874051392078, 0.0007522273226641119, 0.016625922173261642, 0.01182550098747015, 0.01753818988800049, 0.015491816215217113, 0.011615434661507607, 0.013720579445362091, 0.0006973776035010815, 0.0005023812409490347, 0.011460935696959496], "acurracy": [0.8974999785423279, 0.9990624785423279, 0.9921875, 0.9959375262260437, 0.9865624904632568, 1.0, 0.9818750023841858, 0.9971874952316284, 0.9903125166893005, 0.9915624856948853, 0.996874988079071, 0.9962499737739563, 0.9962499737739563, 0.996874988079071, 0.9978125095367432, 0.9940624833106995, 0.9928125143051147, 0.9931250214576721, 0.9987499713897705, 1.0, 0.9965624809265137, 0.996874988079071, 0.9984375238418579, 0.9987499713897705, 0.9965624809265137, 0.9946874976158142, 0.996874988079071, 0.9971874952316284, 1.0, 0.995312511920929, 0.9965624809265137, 0.9950000047683716, 0.9956250190734863, 0.9962499737739563, 0.9965624809265137, 1.0, 1.0, 0.996874988079071], "val_loss": [1.3510404825210571, 1.3978278636932373, 1.239168643951416, 1.1164065599441528, 0.9093624949455261, 0.9360932111740112, 0.7689423561096191, 0.805324375629425, 0.763808012008667, 0.7820953130722046, 0.7515182495117188, 0.7339828014373779, 0.701314389705658, 0.7037522196769714, 0.7156274914741516, 0.7115747332572937, 0.6714718341827393, 0.6393271088600159, 0.6437780261039734, 0.6707937717437744, 0.6441224813461304, 0.6058752536773682, 0.593376636505127, 0.6227695345878601, 0.6219966411590576, 0.5723832845687866, 0.5555048584938049, 0.5508984923362732, 0.5346890687942505, 0.5225909352302551, 0.4989379048347473, 0.5050375461578369, 0.4878327548503876, 0.4891420006752014, 0.5029518604278564, 0.5249016880989075, 0.5028197765350342, 0.5014273524284363], "val_acurracy": [0.5450000166893005, 0.5525000095367432, 0.557812511920929, 0.596875011920929, 0.7015625238418579, 0.6896874904632568, 0.8009374737739563, 0.8103125095367432, 0.823437511920929, 0.8237500190734863, 0.8315625190734863, 0.832812488079071, 0.8381249904632568, 0.8381249904632568, 0.8359375, 0.8353124856948853, 0.8384374976158142, 0.8424999713897705, 0.84375, 0.8399999737739563, 0.8428124785423279, 0.8487499952316284, 0.8525000214576721, 0.8515625, 0.8503124713897705, 0.8525000214576721, 0.8584374785423279, 0.8543750047683716, 0.8606250286102295, 0.8543750047683716, 0.8609374761581421, 0.8518750071525574, 0.8534374833106995, 0.8490625023841858, 0.8424999713897705, 0.8378124833106995, 0.8431249856948853, 0.8496875166893005]}