{"loss": [0.4628632664680481, 0.036868609488010406, 0.10135391354560852, 0.060233473777770996, 0.040748901665210724, 0.04818524792790413, 0.03288222476840019, 0.03602011874318123, 0.039964452385902405, 0.07249591499567032, 0.025296835228800774, 0.06722493469715118, 0.021477110683918, 0.004795646294951439, 0.003640016308054328, 0.008695881813764572, 0.0019134377362206578], "acurracy": [0.8565624952316284, 0.9993749856948853, 0.987500011920929, 0.9925000071525574, 0.9959375262260437, 0.9928125143051147, 0.9959375262260437, 0.9956250190734863, 0.9940624833106995, 0.9878125190734863, 0.9962499737739563, 0.9853125214576721, 0.9962499737739563, 1.0, 1.0, 0.9987499713897705, 1.0], "val_loss": [1.2327102422714233, 1.2707651853561401, 1.0360056161880493, 0.880891740322113, 0.8314883708953857, 0.7123895883560181, 0.6754719614982605, 0.6275718212127686, 0.5986186265945435, 0.5396380424499512, 0.5557937622070312, 0.5142126679420471, 0.5449580550193787, 0.538617730140686, 0.5482876300811768, 0.563686192035675, 0.5754112005233765], "val_acurracy": [0.5693749785423279, 0.5756250023841858, 0.5803124904632568, 0.5893750190734863, 0.6009374856948853, 0.6825000047683716, 0.7406250238418579, 0.7925000190734863, 0.8243749737739563, 0.8459374904632568, 0.8462499976158142, 0.8525000214576721, 0.8487499952316284, 0.854687511920929, 0.8590624928474426, 0.8559374809265137, 0.8559374809265137]}