{"loss": [0.4278090000152588, 0.09165132790803909, 0.05066612362861633, 0.058414559811353683, 0.06103445589542389, 0.017899377271533012, 0.029480667784810066, 0.04397806525230408, 0.02538086660206318, 0.08906423300504684, 0.027623431757092476, 0.02283463627099991, 0.029220817610621452, 0.003413713537156582, 0.0023278999142348766, 0.032438650727272034, 0.014701911248266697, 0.04493110999464989, 0.012614887207746506, 0.019858557730913162, 0.026524929329752922, 0.018154166638851166, 0.015073034912347794, 0.016965216025710106, 0.00197628908790648, 0.0015499460278078914, 0.014125819317996502, 0.022389410063624382, 0.018294427543878555, 0.023762458935379982, 0.02312704361975193, 0.016359202563762665], "acurracy": [0.8774999976158142, 0.9887499809265137, 0.9943749904632568, 0.9915624856948853, 0.9912499785423279, 0.9981250166893005, 0.9959375262260437, 0.9940624833106995, 0.9956250190734863, 0.9834374785423279, 0.9962499737739563, 0.9962499737739563, 0.995312511920929, 0.9996874928474426, 1.0, 0.9946874976158142, 0.996874988079071, 0.9900000095367432, 0.9971874952316284, 0.9962499737739563, 0.9940624833106995, 0.9965624809265137, 0.9956250190734863, 0.9959375262260437, 1.0, 1.0, 0.996874988079071, 0.9962499737739563, 0.996874988079071, 0.9943749904632568, 0.9934375286102295, 0.9959375262260437], "val_loss": [1.0204744338989258, 0.9255836009979248, 0.8677116632461548, 0.8127302527427673, 0.7573448419570923, 0.7574885487556458, 0.7503283619880676, 0.7078437209129333, 0.6843259930610657, 0.6449617147445679, 0.6386935710906982, 0.632983386516571, 0.6332135200500488, 0.6323289275169373, 0.6314867734909058, 0.6460483074188232, 0.6220946311950684, 0.6269439458847046, 0.6475726962089539, 0.6275537014007568, 0.6169315576553345, 0.6053099632263184, 0.6054576635360718, 0.6003158092498779, 0.6161108016967773, 0.6161842942237854, 0.5952107310295105, 0.6184172034263611, 0.6133795380592346, 0.5990114808082581, 0.628197193145752, 0.6000929474830627], "val_acurracy": [0.6078125238418579, 0.6071875095367432, 0.6268749833106995, 0.6784374713897705, 0.7368749976158142, 0.7534375190734863, 0.7690625190734863, 0.8065624833106995, 0.8243749737739563, 0.8418750166893005, 0.8440625071525574, 0.8465625047683716, 0.8493750095367432, 0.8509374856948853, 0.8540624976158142, 0.8478124737739563, 0.8540624976158142, 0.8531249761581421, 0.8496875166893005, 0.8559374809265137, 0.8559374809265137, 0.8553125262260437, 0.8575000166893005, 0.8581249713897705, 0.8565624952316284, 0.856249988079071, 0.8568750023841858, 0.8578125238418579, 0.856249988079071, 0.8559374809265137, 0.8537499904632568, 0.8584374785423279]}