{"loss": [0.4249197244644165, 0.032915957272052765, 0.03547002375125885, 0.11850272864103317, 0.05927775055170059, 0.03357371687889099], "acurracy": [0.8706250190734863, 0.9990624785423279, 0.9971874952316284, 0.9871875047683716, 0.9925000071525574, 0.9956250190734863], "val_loss": [1.3938554525375366, 1.4597179889678955, 1.51649808883667, 1.5524121522903442, 1.6552520990371704, 1.7332735061645508], "val_acurracy": [0.5643749833106995, 0.5696874856948853, 0.5815625190734863, 0.5778124928474426, 0.5787500143051147, 0.5778124928474426]}