{"loss": [0.43429404497146606, 0.057161737233400345, 0.051959358155727386, 0.008836952038109303, 0.09757836163043976, 0.12468450516462326, 0.038557134568691254, 0.046273425221443176, 0.10236497968435287, 0.008926158770918846, 0.06436540931463242, 0.03012998029589653, 0.004991757217794657, 0.0651412382721901, 0.039078488945961, 0.04794603958725929, 0.05879054218530655, 0.04227735102176666, 0.04850789159536362, 0.047231901437044144, 0.051624517887830734, 0.04794664680957794], "acurracy": [0.8681250214576721, 0.9965624809265137, 0.9940624833106995, 1.0, 0.9881250262260437, 0.9825000166893005, 0.9946874976158142, 0.9940624833106995, 0.9846875071525574, 1.0, 0.9915624856948853, 0.9965624809265137, 1.0, 0.9915624856948853, 0.9937499761581421, 0.9925000071525574, 0.9909374713897705, 0.9937499761581421, 0.9921875, 0.9915624856948853, 0.9925000071525574, 0.9918749928474426], "val_loss": [1.0261777639389038, 0.9084415435791016, 0.8338353037834167, 0.8398976922035217, 0.7553133964538574, 0.6508274078369141, 0.6531813144683838, 0.6256740689277649, 0.5546243786811829, 0.5856784582138062, 0.5619712471961975, 0.5526878833770752, 0.5590924024581909, 0.5462469458580017, 0.5177568197250366, 0.521491289138794, 0.5004808306694031, 0.5184160470962524, 0.503953218460083, 0.5133920311927795, 0.5228937864303589, 0.5151292681694031], "val_acurracy": [0.6028125286102295, 0.6253125071525574, 0.6543750166893005, 0.6424999833106995, 0.7215625047683716, 0.8284375071525574, 0.8165624737739563, 0.8365625143051147, 0.8696874976158142, 0.8556249737739563, 0.8609374761581421, 0.8665624856948853, 0.8628125190734863, 0.864062488079071, 0.8690624833106995, 0.862500011920929, 0.8665624856948853, 0.8606250286102295, 0.864062488079071, 0.8600000143051147, 0.8568750023841858, 0.8612499833106995]}