{"loss": [0.2208591103553772, 0.08184801042079926, 0.08875437825918198, 0.03381860628724098, 0.05223166570067406, 0.04421699419617653], "acurracy": [0.9556249976158142, 0.9912499785423279, 0.9896875023841858, 0.9965624809265137, 0.9950000047683716, 0.9956250190734863], "val_loss": [1.4330517053604126, 1.5442287921905518, 1.6325042247772217, 1.7609585523605347, 1.7925491333007812, 1.9139535427093506], "val_acurracy": [0.5837500095367432, 0.5824999809265137, 0.5753124952316284, 0.5824999809265137, 0.5843750238418579, 0.5824999809265137]}