{"loss": [0.47489598393440247, 0.053431443870067596, 0.06086425483226776, 0.04374288395047188, 0.020060529932379723, 0.006116386502981186], "acurracy": [0.8478124737739563, 0.9975000023841858, 0.9937499761581421, 0.9959375262260437, 0.9984375238418579, 1.0], "val_loss": [1.187614917755127, 1.2010077238082886, 1.1937055587768555, 1.2111847400665283, 1.218047857284546, 1.2372628450393677], "val_acurracy": [0.5762500166893005, 0.5721874833106995, 0.5790625214576721, 0.5743749737739563, 0.5787500143051147, 0.5818750262260437]}