{"loss": [0.6908808946609497, 0.6557872295379639, 0.6253845691680908, 0.5963620543479919, 0.5613805651664734, 0.5330405235290527, 0.5059307813644409, 0.47731974720954895, 0.4429873526096344, 0.4161772131919861, 0.3779999911785126, 0.3517484664916992, 0.31865736842155457, 0.30191150307655334, 0.2614816725254059, 0.237285315990448, 0.212405264377594, 0.20899827778339386, 0.18984173238277435, 0.16996951401233673, 0.1648743599653244, 0.13715402781963348, 0.11916501075029373, 0.11134671419858932, 0.11857429146766663, 0.11919281631708145, 0.09067299962043762, 0.11354446411132812, 0.06383654475212097, 0.08260475099086761, 0.07426531612873077, 0.10998927056789398, 0.07416539639234543, 0.06497013568878174, 0.10592927038669586, 0.08438244462013245, 0.06509307026863098, 0.06945282220840454, 0.0922260507941246, 0.0659462958574295, 0.0626392662525177, 0.09022525697946548, 0.08118881285190582, 0.08441445231437683, 0.06043209880590439, 0.05661756172776222, 0.10462399572134018, 0.06252610683441162, 0.055947065353393555, 0.060553595423698425, 0.06064426898956299, 0.05100778117775917, 0.05250842496752739, 0.046610236167907715, 0.02270648069679737, 0.0545739121735096, 0.05675128847360611, 0.03105921484529972, 0.05035891383886337, 0.07729247212409973, 0.03573993593454361, 0.03717502951622009, 0.08526792377233505, 0.075515516102314, 0.06832736730575562, 0.08160381019115448, 0.03267604485154152, 0.05198502168059349, 0.04097585752606392, 0.0516120083630085, 0.024746809154748917, 0.09528426826000214, 0.060634952038526535, 0.0586492195725441, 0.07471543550491333, 0.029625630006194115, 0.04629739746451378, 0.04526102915406227, 0.04293642193078995, 0.043104786425828934, 0.06264521926641464, 0.014223852194845676, 0.10089731961488724, 0.058486055582761765, 0.05001257732510567, 0.0858718752861023, 0.07058777660131454, 0.0762111246585846, 0.06832348555326462, 0.042388491332530975, 0.08591136336326599, 0.0388551726937294, 0.05793049931526184, 0.07921791821718216, 0.0761028528213501, 0.09497195482254028, 0.027253635227680206], "accuracy": [0.5487499833106995, 0.703125, 0.8199999928474426, 0.8968750238418579, 0.9543750286102295, 0.9753124713897705, 0.9790624976158142, 0.9831249713897705, 0.9859374761581421, 0.9825000166893005, 0.9918749928474426, 0.9865624904632568, 0.9937499761581421, 0.9837499856948853, 0.9946874976158142, 0.9937499761581421, 0.9946874976158142, 0.9853125214576721, 0.9856250286102295, 0.989062488079071, 0.9871875047683716, 0.9937499761581421, 0.9959375262260437, 0.9940624833106995, 0.9881250262260437, 0.9862499833106995, 0.9940624833106995, 0.9862499833106995, 1.0, 0.9931250214576721, 0.9940624833106995, 0.9834374785423279, 0.9928125143051147, 0.9946874976158142, 0.9831249713897705, 0.9893749952316284, 0.9937499761581421, 0.9915624856948853, 0.9853125214576721, 0.9921875, 0.9931250214576721, 0.9865624904632568, 0.9881250262260437, 0.9878125190734863, 0.9934375286102295, 0.9928125143051147, 0.9803125262260437, 0.9925000071525574, 0.9937499761581421, 0.9921875, 0.9918749928474426, 0.9937499761581421, 0.9937499761581421, 0.9956250190734863, 1.0, 0.9931250214576721, 0.9921875, 0.9978125095367432, 0.9940624833106995, 0.9884374737739563, 0.9965624809265137, 0.9959375262260437, 0.9862499833106995, 0.9878125190734863, 0.9896875023841858, 0.987500011920929, 0.996874988079071, 0.9934375286102295, 0.9956250190734863, 0.9931250214576721, 0.9981250166893005, 0.984375, 0.9921875, 0.9918749928474426, 0.9884374737739563, 0.9965624809265137, 0.9943749904632568, 0.995312511920929, 0.9943749904632568, 0.9943749904632568, 0.9915624856948853, 1.0, 0.9828125238418579, 0.9912499785423279, 0.9934375286102295, 0.9871875047683716, 0.9893749952316284, 0.9881250262260437, 0.9893749952316284, 0.9943749904632568, 0.9859374761581421, 0.9950000047683716, 0.9909374713897705, 0.9878125190734863, 0.9881250262260437, 0.984375, 0.9978125095367432], "val_loss": [0.686901867389679, 0.6809632182121277, 0.6746458411216736, 0.6678864359855652, 0.6604519486427307, 0.652565062046051, 0.6441476941108704, 0.6351301074028015, 0.6253755688667297, 0.6152061223983765, 0.6044936180114746, 0.5933313369750977, 0.5817617177963257, 0.5702685713768005, 0.5582078695297241, 0.5460554361343384, 0.5338460206985474, 0.5231893062591553, 0.5127463340759277, 0.5021383166313171, 0.49290791153907776, 0.48320263624191284, 0.4737411141395569, 0.46506237983703613, 0.4578621983528137, 0.45120662450790405, 0.4446362257003784, 0.4393152594566345, 0.4322003424167633, 0.42680108547210693, 0.4215228259563446, 0.4189658761024475, 0.41437068581581116, 0.41045212745666504, 0.40794503688812256, 0.40573233366012573, 0.40273234248161316, 0.39978650212287903, 0.39787757396698, 0.39621177315711975, 0.3939831554889679, 0.39293724298477173, 0.39174893498420715, 0.39078497886657715, 0.3891107439994812, 0.38717928528785706, 0.38677841424942017, 0.38581112027168274, 0.3844352066516876, 0.38316208124160767, 0.38238510489463806, 0.38086840510368347, 0.3800369203090668, 0.37901973724365234, 0.377167671918869, 0.3762286305427551, 0.37562456727027893, 0.37451645731925964, 0.3735943138599396, 0.37401366233825684, 0.3730441629886627, 0.37222710251808167, 0.37256816029548645, 0.37287673354148865, 0.37270915508270264, 0.3728640377521515, 0.3722798228263855, 0.3719145953655243, 0.3714529871940613, 0.3712005317211151, 0.3704007863998413, 0.3711036741733551, 0.3710750639438629, 0.37102675437927246, 0.3711621165275574, 0.3708113729953766, 0.37070193886756897, 0.3703538179397583, 0.3700060546398163, 0.36987078189849854, 0.37000301480293274, 0.36938488483428955, 0.37011393904685974, 0.37024495005607605, 0.37019312381744385, 0.370697945356369, 0.3708273768424988, 0.3713099956512451, 0.3714134097099304, 0.37133094668388367, 0.3715824484825134, 0.37144961953163147, 0.3713832497596741, 0.371710866689682, 0.37185904383659363, 0.3723013699054718, 0.3717817962169647], "val_accuracy": [0.8799999952316284, 0.8956249952316284, 0.9040625095367432, 0.9059374928474426, 0.9068750143051147, 0.9068750143051147, 0.9068750143051147, 0.9068750143051147, 0.9068750143051147, 0.9068750143051147, 0.9068750143051147, 0.9068750143051147, 0.9068750143051147, 0.9068750143051147, 0.9068750143051147, 0.9068750143051147, 0.9068750143051147, 0.9068750143051147, 0.9068750143051147, 0.9068750143051147, 0.9068750143051147, 0.9068750143051147, 0.9068750143051147, 0.9068750143051147, 0.9068750143051147, 0.9068750143051147, 0.9068750143051147, 0.9068750143051147, 0.9068750143051147, 0.9068750143051147, 0.9068750143051147, 0.9068750143051147, 0.9068750143051147, 0.9068750143051147, 0.9068750143051147, 0.9068750143051147, 0.9068750143051147, 0.9068750143051147, 0.9068750143051147, 0.9068750143051147, 0.9068750143051147, 0.9068750143051147, 0.9068750143051147, 0.9068750143051147, 0.9068750143051147, 0.9068750143051147, 0.9068750143051147, 0.9068750143051147, 0.9068750143051147, 0.9068750143051147, 0.9068750143051147, 0.9068750143051147, 0.9068750143051147, 0.9068750143051147, 0.9068750143051147, 0.9068750143051147, 0.9068750143051147, 0.9068750143051147, 0.9068750143051147, 0.9068750143051147, 0.9068750143051147, 0.9068750143051147, 0.9068750143051147, 0.9068750143051147, 0.9068750143051147, 0.9068750143051147, 0.9068750143051147, 0.9068750143051147, 0.9068750143051147, 0.9068750143051147, 0.9068750143051147, 0.9068750143051147, 0.9068750143051147, 0.9068750143051147, 0.9068750143051147, 0.9068750143051147, 0.9068750143051147, 0.9068750143051147, 0.9068750143051147, 0.9068750143051147, 0.9068750143051147, 0.9068750143051147, 0.9068750143051147, 0.9068750143051147, 0.9068750143051147, 0.9068750143051147, 0.9068750143051147, 0.9068750143051147, 0.9068750143051147, 0.9068750143051147, 0.9068750143051147, 0.9068750143051147, 0.9068750143051147, 0.9068750143051147, 0.9068750143051147, 0.9068750143051147, 0.9068750143051147]}