{"loss": [0.6773512959480286, 0.6652982234954834, 0.6513402462005615, 0.6355614066123962, 0.6184049248695374, 0.6003681421279907, 0.5784260630607605, 0.5517904162406921, 0.5194255113601685, 0.4871135354042053, 0.45982521772384644, 0.41597703099250793, 0.3741607367992401, 0.3410381078720093, 0.32472124695777893, 0.2764614522457123, 0.23000377416610718, 0.20340366661548615, 0.1919333040714264, 0.1575632244348526, 0.13606809079647064, 0.10304349660873413, 0.13179630041122437, 0.1206657886505127, 0.08811698853969574, 0.09265467524528503, 0.08366699516773224, 0.06636674702167511, 0.08681223541498184, 0.07162528485059738, 0.06808365136384964, 0.058317314833402634, 0.07351554930210114, 0.0606561154127121, 0.05954314395785332, 0.05103557929396629, 0.04204613342881203, 0.05091692507266998, 0.03038320317864418, 0.05812869593501091, 0.03164013847708702, 0.05918603390455246], "accuracy": [0.8240625262260437, 0.940625011920929, 0.9896875023841858, 0.9906250238418579, 0.9900000095367432, 0.9850000143051147, 0.9834374785423279, 0.9853125214576721, 0.9937499761581421, 0.9931250214576721, 0.9815624952316284, 0.9915624856948853, 0.9921875, 0.987500011920929, 0.9725000262260437, 0.9865624904632568, 0.995312511920929, 0.9912499785423279, 0.9868749976158142, 0.9915624856948853, 0.9943749904632568, 1.0, 0.984375, 0.9840624928474426, 0.9915624856948853, 0.9893749952316284, 0.9915624856948853, 0.9940624833106995, 0.9850000143051147, 0.9881250262260437, 0.9909374713897705, 0.9928125143051147, 0.9862499833106995, 0.9909374713897705, 0.9912499785423279, 0.9925000071525574, 0.9943749904632568, 0.9903125166893005, 0.996874988079071, 0.9909374713897705, 0.995312511920929, 0.9887499809265137], "val_loss": [0.683401346206665, 0.6747681498527527, 0.6649897694587708, 0.6538844108581543, 0.6414533257484436, 0.6275274753570557, 0.6124060750007629, 0.594851553440094, 0.575803816318512, 0.5548725128173828, 0.5336744785308838, 0.5109822750091553, 0.48798081278800964, 0.4658750295639038, 0.44680649042129517, 0.42765194177627563, 0.4097273349761963, 0.39463531970977783, 0.381882905960083, 0.3714681565761566, 0.36298301815986633, 0.3564262390136719, 0.3519408404827118, 0.34869682788848877, 0.3465910851955414, 0.345386266708374, 0.3449905514717102, 0.3453584611415863, 0.3459406793117523, 0.34695762395858765, 0.3483674228191376, 0.35029739141464233, 0.35128769278526306, 0.3528866469860077, 0.3547496497631073, 0.35680651664733887, 0.35947802662849426, 0.36239883303642273, 0.36493930220603943, 0.36650681495666504, 0.36920493841171265, 0.3704301118850708], "val_accuracy": [0.8956249952316284, 0.9037500023841858, 0.90625, 0.9068750143051147, 0.9068750143051147, 0.9068750143051147, 0.9068750143051147, 0.9068750143051147, 0.9068750143051147, 0.9068750143051147, 0.9068750143051147, 0.9068750143051147, 0.9068750143051147, 0.9068750143051147, 0.9068750143051147, 0.9068750143051147, 0.9068750143051147, 0.9068750143051147, 0.9068750143051147, 0.9068750143051147, 0.9068750143051147, 0.9068750143051147, 0.9068750143051147, 0.9068750143051147, 0.9068750143051147, 0.9068750143051147, 0.9068750143051147, 0.9068750143051147, 0.9068750143051147, 0.9068750143051147, 0.9068750143051147, 0.9068750143051147, 0.9068750143051147, 0.9068750143051147, 0.9068750143051147, 0.9068750143051147, 0.9068750143051147, 0.9068750143051147, 0.9068750143051147, 0.9068750143051147, 0.9068750143051147, 0.9068750143051147]}