{"loss": [0.6646056175231934, 0.6408651471138, 0.6169763803482056, 0.587670087814331, 0.5672283172607422, 0.5430572628974915, 0.5166220664978027, 0.49759525060653687, 0.46714138984680176, 0.444671094417572, 0.4216545522212982, 0.39334309101104736, 0.37814441323280334, 0.35711514949798584, 0.3318488597869873, 0.31188660860061646, 0.29222628474235535, 0.26990336179733276, 0.24385085701942444, 0.22583675384521484, 0.2082456797361374, 0.20409034192562103, 0.19158804416656494, 0.1711447536945343, 0.16370390355587006, 0.1636117398738861, 0.1450933963060379, 0.1466042846441269, 0.12434350699186325, 0.12842291593551636, 0.14692367613315582, 0.10388442873954773, 0.08467371016740799, 0.1047227680683136, 0.08922303467988968, 0.11052244901657104, 0.1008453294634819, 0.09185892343521118, 0.1123640239238739, 0.054568152874708176, 0.06118796020746231, 0.04777064919471741, 0.08843851089477539, 0.06394920498132706, 0.11511438339948654, 0.08227603137493134, 0.05147026106715202, 0.05993831157684326, 0.06508345901966095, 0.06913062930107117, 0.047415971755981445, 0.07324618846178055, 0.0629546269774437, 0.03939340263605118, 0.043777838349342346, 0.12443938851356506, 0.05466889217495918, 0.06139213591814041, 0.11887498944997787, 0.050032202154397964, 0.0727737545967102, 0.09759844094514847, 0.03377677500247955, 0.04958108440041542, 0.03940560668706894, 0.02110511064529419, 0.06562593579292297, 0.04858295992016792], "accuracy": [0.6625000238418579, 0.7696874737739563, 0.8568750023841858, 0.9293749928474426, 0.9603124856948853, 0.9731249809265137, 0.9840624928474426, 0.9800000190734863, 0.9915624856948853, 0.9903125166893005, 0.9928125143051147, 0.9962499737739563, 0.9881250262260437, 0.9881250262260437, 0.9912499785423279, 0.9893749952316284, 0.9909374713897705, 0.9912499785423279, 0.9965624809265137, 0.9950000047683716, 0.9975000023841858, 0.9903125166893005, 0.9896875023841858, 0.9956250190734863, 0.9934375286102295, 0.9887499809265137, 0.9921875, 0.987500011920929, 0.9937499761581421, 0.9906250238418579, 0.9806249737739563, 0.9943749904632568, 1.0, 0.9912499785423279, 0.9943749904632568, 0.9859374761581421, 0.9881250262260437, 0.9906250238418579, 0.9825000166893005, 1.0, 0.9971874952316284, 1.0, 0.9881250262260437, 0.9934375286102295, 0.9806249737739563, 0.9887499809265137, 0.9965624809265137, 0.9934375286102295, 0.9931250214576721, 0.9906250238418579, 0.9962499737739563, 0.9896875023841858, 0.9918749928474426, 0.9971874952316284, 0.9956250190734863, 0.9765625, 0.9931250214576721, 0.9921875, 0.9781249761581421, 0.9937499761581421, 0.989062488079071, 0.9837499856948853, 0.9978125095367432, 0.9937499761581421, 0.9965624809265137, 1.0, 0.9893749952316284, 0.9934375286102295], "val_loss": [0.6873865723609924, 0.6818346381187439, 0.6757951378822327, 0.6690984964370728, 0.6620211005210876, 0.6545785665512085, 0.6466661691665649, 0.6382993459701538, 0.6292383670806885, 0.6197328567504883, 0.6097398996353149, 0.5993208885192871, 0.5890309810638428, 0.578472912311554, 0.5675725340843201, 0.5565881133079529, 0.5454578995704651, 0.5345969200134277, 0.5235774517059326, 0.5126180052757263, 0.501906156539917, 0.4919542968273163, 0.4824041724205017, 0.473013311624527, 0.4641418755054474, 0.45620033144950867, 0.4483603537082672, 0.4416365921497345, 0.4347154200077057, 0.4289127290248871, 0.42407870292663574, 0.41883453726768494, 0.4131413996219635, 0.4085630178451538, 0.40444427728652954, 0.40128806233406067, 0.398242712020874, 0.3954610824584961, 0.3935607075691223, 0.39068567752838135, 0.3883430063724518, 0.386057049036026, 0.3848399221897125, 0.3833635449409485, 0.38300013542175293, 0.38224974274635315, 0.3812301754951477, 0.3807027339935303, 0.38032957911491394, 0.37995773553848267, 0.37970811128616333, 0.37968310713768005, 0.37963858246803284, 0.37971022725105286, 0.37984687089920044, 0.37991946935653687, 0.38010650873184204, 0.38033851981163025, 0.3802322745323181, 0.38048163056373596, 0.38062721490859985, 0.3807239830493927, 0.3811489939689636, 0.38161757588386536, 0.3821412920951843, 0.38292065262794495, 0.3833036720752716, 0.3837326765060425], "val_accuracy": [0.8903124928474426, 0.901562511920929, 0.9078124761581421, 0.9065625071525574, 0.9068750143051147, 0.9068750143051147, 0.9068750143051147, 0.9068750143051147, 0.9068750143051147, 0.9068750143051147, 0.9068750143051147, 0.9068750143051147, 0.9068750143051147, 0.9068750143051147, 0.9068750143051147, 0.9068750143051147, 0.9068750143051147, 0.9068750143051147, 0.9068750143051147, 0.9068750143051147, 0.9068750143051147, 0.9068750143051147, 0.9068750143051147, 0.9068750143051147, 0.9068750143051147, 0.9068750143051147, 0.9068750143051147, 0.9068750143051147, 0.9068750143051147, 0.9068750143051147, 0.9068750143051147, 0.9068750143051147, 0.9068750143051147, 0.9068750143051147, 0.9068750143051147, 0.9068750143051147, 0.9068750143051147, 0.9068750143051147, 0.9068750143051147, 0.9068750143051147, 0.9068750143051147, 0.9068750143051147, 0.9068750143051147, 0.9068750143051147, 0.9068750143051147, 0.9068750143051147, 0.9068750143051147, 0.9068750143051147, 0.9068750143051147, 0.9068750143051147, 0.9068750143051147, 0.9068750143051147, 0.9068750143051147, 0.9068750143051147, 0.9068750143051147, 0.9068750143051147, 0.9068750143051147, 0.9068750143051147, 0.9068750143051147, 0.9068750143051147, 0.9068750143051147, 0.9068750143051147, 0.9068750143051147, 0.9068750143051147, 0.9068750143051147, 0.9068750143051147, 0.9068750143051147, 0.9068750143051147]}