{"loss": [0.6921588182449341, 0.685228705406189, 0.677958607673645, 0.6697810292243958, 0.6600968241691589, 0.6508429050445557, 0.6378617286682129, 0.6223607659339905, 0.6057780385017395, 0.5886242389678955, 0.5661442279815674, 0.5407415628433228, 0.5105239748954773, 0.4871302843093872, 0.4535049498081207, 0.4195795953273773, 0.3877890408039093, 0.3471614420413971, 0.322055846452713, 0.2965574562549591, 0.2554433345794678, 0.255397766828537, 0.2238120138645172, 0.18455934524536133, 0.16610099375247955, 0.15938134491443634, 0.1257086992263794, 0.12418518215417862, 0.1344335526227951, 0.09801776707172394, 0.10373800247907639, 0.09152631461620331, 0.1148277297616005, 0.08772236108779907, 0.07906225323677063, 0.08093520253896713, 0.08829899877309799, 0.057172950357198715, 0.051592811942100525, 0.08958461135625839, 0.04204101860523224, 0.06739915162324905, 0.03852006793022156, 0.054074302315711975], "accuracy": [0.9784374833106995, 0.9756249785423279, 0.9746875166893005, 0.9787499904632568, 0.9896875023841858, 0.9778125286102295, 0.9878125190734863, 0.9959375262260437, 0.9934375286102295, 0.984375, 0.9896875023841858, 0.9937499761581421, 0.996874988079071, 0.9846875071525574, 0.9856250286102295, 0.989062488079071, 0.989062488079071, 0.9937499761581421, 0.9881250262260437, 0.9831249713897705, 0.9928125143051147, 0.9787499904632568, 0.9818750023841858, 0.9912499785423279, 0.9925000071525574, 0.9884374737739563, 0.9962499737739563, 0.9896875023841858, 0.984375, 0.9937499761581421, 0.9887499809265137, 0.9906250238418579, 0.9828125238418579, 0.9884374737739563, 0.9887499809265137, 0.9900000095367432, 0.9837499856948853, 0.9937499761581421, 0.9950000047683716, 0.9834374785423279, 0.9971874952316284, 0.9881250262260437, 0.9959375262260437, 0.9918749928474426], "val_loss": [0.694108784198761, 0.6878496408462524, 0.6811611652374268, 0.6736550331115723, 0.6651031374931335, 0.6553374528884888, 0.6443415880203247, 0.6314036846160889, 0.6167073249816895, 0.6003291606903076, 0.5818750262260437, 0.5613232254981995, 0.5388278365135193, 0.5156787037849426, 0.4919838011264801, 0.467892050743103, 0.4444897770881653, 0.42217808961868286, 0.4018305540084839, 0.3840365707874298, 0.36803555488586426, 0.355326384305954, 0.3447410464286804, 0.3362235724925995, 0.3300304412841797, 0.32564032077789307, 0.3232690691947937, 0.3223966956138611, 0.32140713930130005, 0.3222985565662384, 0.32382914423942566, 0.3254041373729706, 0.3269153833389282, 0.3290914297103882, 0.3319261074066162, 0.3345686197280884, 0.33670979738235474, 0.34053367376327515, 0.34473755955696106, 0.345804899930954, 0.3501020073890686, 0.3527284860610962, 0.35710713267326355, 0.3597603142261505], "val_accuracy": [0.8003125190734863, 0.8137500286102295, 0.8228124976158142, 0.8459374904632568, 0.8559374809265137, 0.8659374713897705, 0.8806250095367432, 0.8878124952316284, 0.8862500190734863, 0.890625, 0.8949999809265137, 0.8984375, 0.8993750214576721, 0.9024999737739563, 0.9034374952316284, 0.9034374952316284, 0.9043750166893005, 0.9040625095367432, 0.9040625095367432, 0.9056249856948853, 0.9056249856948853, 0.9056249856948853, 0.9056249856948853, 0.9056249856948853, 0.9053124785423279, 0.9053124785423279, 0.9053124785423279, 0.9049999713897705, 0.9053124785423279, 0.9049999713897705, 0.9049999713897705, 0.9049999713897705, 0.9049999713897705, 0.9053124785423279, 0.9053124785423279, 0.9053124785423279, 0.9053124785423279, 0.9049999713897705, 0.9049999713897705, 0.9049999713897705, 0.9040625095367432, 0.9043750166893005, 0.9040625095367432, 0.9043750166893005]}