{"loss": [0.8280072212219238, 0.7916598320007324, 0.7627838253974915, 0.7329128384590149, 0.7039325833320618, 0.6733414530754089, 0.6498364806175232, 0.6245039105415344, 0.5959165096282959, 0.5714036822319031, 0.5453873872756958, 0.5234804153442383, 0.503390908241272, 0.4739712178707123, 0.45152199268341064, 0.4309520721435547, 0.40207111835479736, 0.3865486979484558, 0.367437481880188, 0.34917134046554565, 0.33538803458213806, 0.31267184019088745, 0.2931070327758789, 0.2687821388244629, 0.2534986138343811, 0.23907026648521423, 0.22173818945884705, 0.22357672452926636, 0.19706878066062927, 0.20137569308280945, 0.1787543147802353, 0.15606485307216644, 0.16555529832839966, 0.1371202915906906, 0.134277805685997, 0.14400510489940643, 0.11129758507013321, 0.11432620882987976, 0.0907769575715065, 0.11753412336111069, 0.09956827014684677, 0.11775898188352585, 0.08552710711956024, 0.08686897158622742, 0.09621725976467133, 0.09362025558948517, 0.08512088656425476, 0.06235859915614128, 0.06982924044132233, 0.08094361424446106, 0.07890427857637405, 0.06170711666345596, 0.07240159809589386, 0.07631336152553558, 0.12812592089176178, 0.07518301159143448, 0.08511019498109818, 0.04722876474261284, 0.051583431661129, 0.05516652762889862, 0.06926830857992172, 0.07450613379478455, 0.04600135236978531, 0.05514879152178764, 0.07877586036920547, 0.05704675614833832, 0.09766844660043716, 0.08228472620248795, 0.07635089010000229, 0.11274442821741104, 0.07974284887313843, 0.04824777692556381, 0.0977616012096405, 0.06632044911384583, 0.07528284937143326, 0.04482860490679741, 0.05561387166380882, 0.08087598532438278, 0.09263530373573303, 0.07646436989307404, 0.044478025287389755, 0.0489521361887455, 0.05904640257358551, 0.09473855048418045, 0.0864018127322197, 0.06894921511411667, 0.05231470614671707, 0.1224302351474762, 0.07525628805160522, 0.043850239366292953, 0.07747133076190948, 0.06127368286252022, 0.08759091049432755, 0.044562291353940964, 0.018779002130031586, 0.039663124829530716, 0.03775344789028168, 0.07082149386405945, 0.03164030238986015, 0.10456234961748123, 0.05904776230454445, 0.11356351524591446, 0.049554239958524704, 0.05464179068803787, 0.052690960466861725, 0.0762505754828453, 0.12909196317195892, 0.06039784848690033], "accuracy": [0.09687499701976776, 0.16062499582767487, 0.2459374964237213, 0.35218751430511475, 0.47437500953674316, 0.5987499952316284, 0.7043750286102295, 0.7846875190734863, 0.8712499737739563, 0.9150000214576721, 0.9459375143051147, 0.9624999761581421, 0.9743750095367432, 0.9871875047683716, 0.9915624856948853, 0.9865624904632568, 0.9934375286102295, 0.9906250238418579, 0.9884374737739563, 0.9896875023841858, 0.9850000143051147, 0.9906250238418579, 0.9884374737739563, 0.9943749904632568, 0.9940624833106995, 0.9925000071525574, 0.9943749904632568, 0.984375, 0.9921875, 0.984375, 0.9909374713897705, 0.9965624809265137, 0.9868749976158142, 0.9962499737739563, 0.9940624833106995, 0.9887499809265137, 0.9975000023841858, 0.9934375286102295, 1.0, 0.9896875023841858, 0.9946874976158142, 0.9859374761581421, 0.9962499737739563, 0.9928125143051147, 0.9900000095367432, 0.9893749952316284, 0.9909374713897705, 0.9978125095367432, 0.9943749904632568, 0.9918749928474426, 0.9921875, 0.9950000047683716, 0.9912499785423279, 0.9912499785423279, 0.9765625, 0.9909374713897705, 0.9878125190734863, 0.996874988079071, 0.9965624809265137, 0.9940624833106995, 0.9909374713897705, 0.9900000095367432, 0.9965624809265137, 0.9940624833106995, 0.987500011920929, 0.9925000071525574, 0.9834374785423279, 0.9871875047683716, 0.9900000095367432, 0.9809374809265137, 0.9868749976158142, 0.9946874976158142, 0.9837499856948853, 0.9903125166893005, 0.9884374737739563, 0.995312511920929, 0.9925000071525574, 0.987500011920929, 0.984375, 0.9871875047683716, 0.9946874976158142, 0.9940624833106995, 0.9918749928474426, 0.9831249713897705, 0.9850000143051147, 0.9896875023841858, 0.9925000071525574, 0.9775000214576721, 0.9887499809265137, 0.995312511920929, 0.9878125190734863, 0.9909374713897705, 0.9862499833106995, 0.9943749904632568, 1.0, 0.995312511920929, 0.9956250190734863, 0.9887499809265137, 0.996874988079071, 0.9818750023841858, 0.9909374713897705, 0.9815624952316284, 0.9934375286102295, 0.9915624856948853, 0.9931250214576721, 0.9884374737739563, 0.9771875143051147, 0.9903125166893005], "val_loss": [0.6969224810600281, 0.6925888061523438, 0.6880510449409485, 0.6833850145339966, 0.6785366535186768, 0.6734325289726257, 0.6681049466133118, 0.6624841094017029, 0.6565388441085815, 0.6502410769462585, 0.6438379883766174, 0.6370934247970581, 0.6301929950714111, 0.6228881478309631, 0.6153266429901123, 0.6076064109802246, 0.5995352268218994, 0.5913021564483643, 0.5831334590911865, 0.5747800469398499, 0.566311776638031, 0.5575708150863647, 0.5489204525947571, 0.5400102734565735, 0.5312590599060059, 0.5225583910942078, 0.5139632225036621, 0.5060657262802124, 0.4979269504547119, 0.4902317523956299, 0.48278579115867615, 0.4750601053237915, 0.4682326912879944, 0.460932195186615, 0.4541836082935333, 0.4482697546482086, 0.44203564524650574, 0.4362592399120331, 0.4302715063095093, 0.42534103989601135, 0.42045727372169495, 0.41660603880882263, 0.4122093617916107, 0.40810295939445496, 0.40472039580345154, 0.40130364894866943, 0.3987727463245392, 0.39543282985687256, 0.39245304465293884, 0.3901359438896179, 0.38774725794792175, 0.3858293294906616, 0.3840421438217163, 0.38241302967071533, 0.3818795382976532, 0.3806024491786957, 0.3795357942581177, 0.37806665897369385, 0.37669673562049866, 0.37561970949172974, 0.37478935718536377, 0.37409478425979614, 0.373285174369812, 0.3726312518119812, 0.3723117709159851, 0.37177741527557373, 0.37155550718307495, 0.3714371919631958, 0.37118712067604065, 0.371211975812912, 0.3710802495479584, 0.37072858214378357, 0.3706197440624237, 0.3704187870025635, 0.3702274560928345, 0.36995330452919006, 0.369742751121521, 0.3696388006210327, 0.3696138858795166, 0.3695598840713501, 0.36937180161476135, 0.36925530433654785, 0.3691752254962921, 0.3691764175891876, 0.3691309988498688, 0.36908379197120667, 0.3690095543861389, 0.36900466680526733, 0.3689999282360077, 0.3689410388469696, 0.3688984215259552, 0.3688436448574066, 0.3687959313392639, 0.3687989413738251, 0.36884352564811707, 0.3689228892326355, 0.3689572215080261, 0.3690628707408905, 0.3692050278186798, 0.36906659603118896, 0.3690755069255829, 0.36892634630203247, 0.36892613768577576, 0.36899715662002563, 0.36909911036491394, 0.3690580129623413, 0.36888277530670166, 0.3689526617527008],