{"loss": [0.6287150979042053, 0.6065087914466858, 0.5763088464736938, 0.5510271191596985, 0.5275542140007019, 0.4970099925994873, 0.4720315933227539, 0.43104317784309387, 0.4041523039340973, 0.3768608868122101, 0.34277209639549255, 0.3162703812122345, 0.2952081561088562, 0.27155601978302, 0.22891829907894135, 0.2174937129020691, 0.20007987320423126, 0.1862596720457077, 0.17532823979854584, 0.17471104860305786, 0.140760138630867, 0.12558580935001373, 0.10655801743268967, 0.09742512553930283, 0.1413583755493164, 0.08773886412382126, 0.125956192612648, 0.08952058106660843, 0.07744409143924713, 0.10216768085956573, 0.07289049029350281, 0.06910229474306107, 0.11116307973861694, 0.06306756287813187, 0.0844263955950737, 0.09442267566919327, 0.05056016147136688, 0.06218588352203369, 0.06469357013702393, 0.06249711662530899, 0.07715444266796112, 0.13701066374778748, 0.0833912119269371, 0.06528062373399734, 0.07044532150030136, 0.08790221065282822, 0.07087379693984985, 0.058600053191185, 0.0670475885272026, 0.10602173954248428, 0.10354848951101303, 0.058626845479011536, 0.040735796093940735, 0.0362764373421669, 0.02648773044347763, 0.06479861587285995, 0.07407151162624359, 0.064254030585289, 0.13008765876293182, 0.06234287843108177, 0.07286311686038971, 0.0725681409239769, 0.05616706982254982, 0.09894981235265732, 0.07234110683202744, 0.08754004538059235, 0.09673119336366653, 0.08527825027704239, 0.06726778298616409, 0.06184178218245506, 0.09396402537822723, 0.04007985070347786, 0.09342561662197113, 0.10535911470651627, 0.05786444619297981, 0.05615094676613808, 0.04745204746723175, 0.01974412053823471, 0.05941477417945862, 0.08293883502483368, 0.03718016296625137, 0.091389000415802, 0.04860277101397514, 0.06722274422645569, 0.0628267452120781, 0.038656085729599, 0.05355747789144516, 0.030884820967912674, 0.13895875215530396, 0.06175323575735092, 0.04162554815411568, 0.07737874239683151, 0.01663045585155487], "accuracy": [0.8834375143051147, 0.9340624809265137, 0.9756249785423279, 0.9853125214576721, 0.9821875095367432, 0.9881250262260437, 0.9865624904632568, 0.9965624809265137, 0.9928125143051147, 0.987500011920929, 0.9931250214576721, 0.9909374713897705, 0.9815624952316284, 0.9831249713897705, 0.9946874976158142, 0.9859374761581421, 0.9887499809265137, 0.9871875047683716, 0.987500011920929, 0.9806249737739563, 0.9912499785423279, 0.9931250214576721, 0.9984375238418579, 0.9987499713897705, 0.9806249737739563, 0.996874988079071, 0.9828125238418579, 0.9950000047683716, 0.9965624809265137, 0.9887499809265137, 0.9956250190734863, 0.9959375262260437, 0.9846875071525574, 0.9971874952316284, 0.9900000095367432, 0.9878125190734863, 0.9984375238418579, 0.9946874976158142, 0.9928125143051147, 0.9943749904632568, 0.9906250238418579, 0.9768750071525574, 0.9887499809265137, 0.9931250214576721, 0.9918749928474426, 0.987500011920929, 0.9906250238418579, 0.9937499761581421, 0.9921875, 0.9837499856948853, 0.9840624928474426, 0.9928125143051147, 0.9971874952316284, 0.9978125095367432, 1.0, 0.9915624856948853, 0.9893749952316284, 0.9915624856948853, 0.9771875143051147, 0.9921875, 0.9893749952316284, 0.9900000095367432, 0.9915624856948853, 0.9846875071525574, 0.9896875023841858, 0.9871875047683716, 0.9840624928474426, 0.9862499833106995, 0.9900000095367432, 0.9915624856948853, 0.9831249713897705, 0.9962499737739563, 0.984375, 0.9818750023841858, 0.9918749928474426, 0.9928125143051147, 0.9934375286102295, 1.0, 0.9909374713897705, 0.9865624904632568, 0.9962499737739563, 0.984375, 0.9940624833106995, 0.9906250238418579, 0.9909374713897705, 0.995312511920929, 0.9921875, 0.9971874952316284, 0.9765625, 0.9896875023841858, 0.9943749904632568, 0.987500011920929, 1.0], "val_loss": [0.684604287147522, 0.6782342791557312, 0.6711715459823608, 0.6636233329772949, 0.655558705329895, 0.6467757225036621, 0.6375308036804199, 0.6273787617683411, 0.6166110634803772, 0.6054304838180542, 0.5938348174095154, 0.5818312168121338, 0.5701181292533875, 0.5586349368095398, 0.5464366674423218, 0.5350102782249451, 0.5238205790519714, 0.513070821762085, 0.5032294392585754, 0.49441051483154297, 0.48489856719970703, 0.47573238611221313, 0.46653449535369873, 0.457724928855896, 0.45196712017059326, 0.44447827339172363, 0.4395749270915985, 0.43337497115135193, 0.42777833342552185, 0.42343178391456604, 0.4185543954372406, 0.41407543420791626, 0.4115520119667053, 0.40768498182296753, 0.4045366942882538, 0.4026659429073334, 0.39941784739494324, 0.39683055877685547, 0.39454567432403564, 0.3922075629234314, 0.39046356081962585, 0.39127811789512634, 0.39007487893104553, 0.3889178931713104, 0.38772568106651306, 0.3866504430770874, 0.3865036070346832, 0.38511738181114197, 0.38438525795936584, 0.38444405794143677, 0.3848099112510681, 0.3839649558067322, 0.3829554617404938, 0.38189566135406494, 0.38087135553359985, 0.38058799505233765, 0.38034602999687195, 0.3801468312740326, 0.38086214661598206, 0.38063010573387146, 0.3804813325405121, 0.38026687502861023, 0.3801380395889282, 0.38038116693496704, 0.3801669776439667, 0.38032257556915283, 0.38060593605041504, 0.38050854206085205, 0.3804112374782562, 0.3802497982978821, 0.38037145137786865, 0.3801690638065338, 0.3803766369819641, 0.380580335855484, 0.3804941177368164, 0.38037100434303284, 0.38020816445350647, 0.3799499273300171, 0.3799510896205902, 0.3802368938922882, 0.38016730546951294, 0.3802396357059479, 0.3802126944065094, 0.38035160303115845, 0.3804769515991211, 0.3805297911167145, 0.38071495294570923, 0.3808549642562866, 0.3809352219104767, 0.38106769323349, 0.38108575344085693, 0.381198525428772, 0.38135769963264465], "val_accuracy": [0.9034374952316284, 0.9068750143051147, 0.9068750143051147, 0.9068750143051147, 0.9068750143051147, 0.9068750143051147, 0.9068750143051147, 0.9068750143051147, 0.9068750143051147, 0.9068750143051147, 0.9068750143051147, 0.9068750143051147, 0.9068750143051147, 0.9068750143051147, 0.9068750143051147, 0.9068750143051147, 0.9068750143051147, 0.9068750143051147, 0.9068750143051147, 0.9068750143051147, 0.9068750143051147, 0.9068750143051147, 0.9068750143051147, 0.9068750143051147, 0.9068750143051147, 0.9068750143051147, 0.9068750143051147, 0.9068750143051147, 0.9068750143051147, 0.9068750143051147, 0.9068750143051147, 0.9068750143051147, 0.9068750143051147, 0.9068750143051147, 0.9068750143051147, 0.9068750143051147, 0.9068750143051147, 0.9068750143051147, 0.9068750143051147, 0.9068750143051147, 0.9068750143051147, 0.9068750143051147, 0.9068750143051147, 0.9068750143051147, 0.9068750143051147, 0.9068750143051147, 0.9068750143051147, 0.9068750143051147, 0.9068750143051147, 0.9068750143051147, 0.9068750143051147, 0.9068750143051147, 0.9068750143051147, 0.9068750143051147, 0.9068750143051147, 0.9068750143051147, 0.9068750143051147, 0.9068750143051147, 0.9068750143051147, 0.9068750143051147, 0.9068750143051147, 0.9068750143051147, 0.9068750143051147, 0.9068750143051147, 0.9068750143051147, 0.9068750143051147, 0.9068750143051147, 0.9068750143051147, 0.9068750143051147, 0.9068750143051147, 0.9068750143051147, 0.9068750143051147, 0.9068750143051147, 0.9068750143051147, 0.9068750143051147, 0.9068750143051147, 0.9068750143051147, 0.9068750143051147, 0.9068750143051147, 0.9068750143051147, 0.9068750143051147, 0.9068750143051147, 0.9068750143051147, 0.9068750143051147, 0.9068750143051147, 0.9068750143051147, 0.9068750143051147, 0.9068750143051147, 0.9068750143051147, 0.9068750143051147, 0.9068750143051147, 0.9068750143051147, 0.9068750143051147]}