{"loss": [0.697580099105835, 0.6877229809761047, 0.6783296465873718, 0.667788028717041, 0.6568590402603149, 0.6426803469657898, 0.6293440461158752, 0.6115102171897888, 0.5922687649726868, 0.5688966512680054, 0.5464943051338196, 0.5186254978179932, 0.48223862051963806, 0.4580727815628052, 0.4261782765388489, 0.38189151883125305, 0.354897141456604, 0.30752837657928467, 0.2794414460659027, 0.26473701000213623, 0.22591127455234528, 0.19425231218338013, 0.1721605360507965, 0.17081983387470245, 0.1403127908706665, 0.12958236038684845, 0.12223922461271286, 0.11951303482055664, 0.11000803858041763, 0.09376917034387589, 0.11372464895248413, 0.07432093471288681, 0.07355788350105286, 0.09596528112888336, 0.05914938449859619, 0.0655968189239502, 0.04516215622425079, 0.04081805795431137, 0.07460980117321014, 0.026366403326392174, 0.10485970228910446, 0.08030986785888672, 0.05811009928584099], "accuracy": [0.3687500059604645, 0.6665624976158142, 0.8584374785423279, 0.9568750262260437, 0.973437488079071, 0.9840624928474426, 0.9893749952316284, 0.9906250238418579, 0.9912499785423279, 0.9921875, 0.9828125238418579, 0.9925000071525574, 1.0, 0.9862499833106995, 0.979687511920929, 0.9962499737739563, 0.9887499809265137, 0.9978125095367432, 0.995312511920929, 0.981249988079071, 0.9903125166893005, 0.9937499761581421, 0.9931250214576721, 0.9862499833106995, 0.9912499785423279, 0.9896875023841858, 0.9896875023841858, 0.9862499833106995, 0.9859374761581421, 0.9912499785423279, 0.9825000166893005, 0.9934375286102295, 0.9921875, 0.9818750023841858, 0.9943749904632568, 0.9903125166893005, 0.9975000023841858, 0.9962499737739563, 0.9878125190734863, 1.0, 0.9753124713897705, 0.9856250286102295, 0.9906250238418579], "val_loss": [0.6902550458908081, 0.6832302808761597, 0.675638735294342, 0.6668464541435242, 0.656932532787323, 0.6453769207000732, 0.6324558258056641, 0.617778480052948, 0.6013299822807312, 0.5829692482948303, 0.5634406805038452, 0.5421508550643921, 0.519100546836853, 0.49620291590690613, 0.4737117886543274, 0.4503018856048584, 0.4283393621444702, 0.4070410132408142, 0.3877789378166199, 0.3720783591270447, 0.3581169545650482, 0.34647300839424133, 0.3373403251171112, 0.33087074756622314, 0.3261897563934326, 0.3230898976325989, 0.32125526666641235, 0.32049018144607544, 0.3206700086593628, 0.3216192126274109, 0.32284271717071533, 0.3247673809528351, 0.3272515535354614, 0.32904842495918274, 0.33239880204200745, 0.3352193832397461, 0.3393407166004181, 0.3434586822986603, 0.34634122252464294, 0.3505426347255707, 0.3515082597732544, 0.35246673226356506, 0.35505011677742004], "val_accuracy": [0.8349999785423279, 0.8668749928474426, 0.8915625214576721, 0.9009374976158142, 0.9040625095367432, 0.9053124785423279, 0.9065625071525574, 0.9068750143051147, 0.9068750143051147, 0.9068750143051147, 0.9068750143051147, 0.9068750143051147, 0.9068750143051147, 0.9068750143051147, 0.9068750143051147, 0.9068750143051147, 0.9068750143051147, 0.9068750143051147, 0.9068750143051147, 0.9068750143051147, 0.9068750143051147, 0.9068750143051147, 0.9068750143051147, 0.9068750143051147, 0.9068750143051147, 0.9068750143051147, 0.9068750143051147, 0.9068750143051147, 0.9068750143051147, 0.9068750143051147, 0.9068750143051147, 0.9068750143051147, 0.9068750143051147, 0.9068750143051147, 0.9068750143051147, 0.9068750143051147, 0.9068750143051147, 0.9068750143051147, 0.9068750143051147, 0.9068750143051147, 0.9068750143051147, 0.9068750143051147, 0.9068750143051147]}