{"loss": [0.6596024036407471, 0.6338292360305786, 0.6096929311752319, 0.5813810229301453, 0.5573789477348328, 0.5398452281951904, 0.5026757717132568, 0.48233839869499207, 0.45058953762054443, 0.4209568500518799, 0.3900890350341797, 0.3637860417366028, 0.3459382653236389, 0.3064800500869751, 0.28805187344551086, 0.2571495771408081, 0.22291946411132812, 0.22284193336963654, 0.20711280405521393, 0.17744295299053192, 0.1614166796207428, 0.1578245759010315, 0.14452625811100006, 0.13597401976585388, 0.14351291954517365, 0.11484277993440628, 0.10121061652898788, 0.08929082006216049, 0.0760047659277916, 0.09424231201410294, 0.1065351665019989, 0.08759642392396927, 0.09774770587682724, 0.09316958487033844, 0.07324731349945068, 0.07581827789545059, 0.07243071496486664, 0.062836192548275, 0.061385396867990494, 0.083305723965168, 0.10361076146364212, 0.08385385572910309, 0.053400907665491104, 0.06621143966913223, 0.06967160850763321, 0.02938886731863022, 0.04165467247366905, 0.05071399733424187, 0.0581730380654335, 0.03048865497112274, 0.05865301936864853, 0.07235295325517654, 0.05455412343144417, 0.03282793611288071, 0.059689201414585114, 0.05548536404967308, 0.03353320062160492, 0.0808938667178154, 0.05098666995763779, 0.04383284971117973, 0.03821047022938728, 0.07438751310110092, 0.07602031528949738, 0.06963934749364853, 0.06664760410785675, 0.07185899466276169], "accuracy": [0.7309374809265137, 0.8415625095367432, 0.9134374856948853, 0.96875, 0.9878125190734863, 0.9759374856948853, 0.9946874976158142, 0.9840624928474426, 0.9903125166893005, 0.9925000071525574, 0.9909374713897705, 0.9896875023841858, 0.9837499856948853, 0.9906250238418579, 0.987500011920929, 0.9946874976158142, 1.0, 0.9846875071525574, 0.9850000143051147, 0.9937499761581421, 0.9921875, 0.9893749952316284, 0.989062488079071, 0.989062488079071, 0.9821875095367432, 0.9900000095367432, 0.9937499761581421, 0.9956250190734863, 0.9981250166893005, 0.9884374737739563, 0.9868749976158142, 0.9912499785423279, 0.987500011920929, 0.9884374737739563, 0.9928125143051147, 0.9909374713897705, 0.9906250238418579, 0.9937499761581421, 0.9937499761581421, 0.989062488079071, 0.9825000166893005, 0.9865624904632568, 0.9946874976158142, 0.9918749928474426, 0.9906250238418579, 1.0, 0.9965624809265137, 0.9940624833106995, 0.9931250214576721, 0.9984375238418579, 0.9918749928474426, 0.9887499809265137, 0.9934375286102295, 0.9971874952316284, 0.9912499785423279, 0.9925000071525574, 0.9965624809265137, 0.9881250262260437, 0.9925000071525574, 0.9946874976158142, 0.9956250190734863, 0.9878125190734863, 0.987500011920929, 0.9884374737739563, 0.9893749952316284, 0.9881250262260437], "val_loss": [0.6850942969322205, 0.6785075664520264, 0.671384334564209, 0.6634141802787781, 0.6547926068305969, 0.6460056304931641, 0.6361134052276611, 0.6259469985961914, 0.6149896383285522, 0.6034272909164429, 0.5913437008857727, 0.5788851380348206, 0.5663319826126099, 0.5532234311103821, 0.5401300191879272, 0.5269845724105835, 0.5135077834129333, 0.5015203356742859, 0.4899784028530121, 0.4788006544113159, 0.4680565595626831, 0.4582054018974304, 0.4489845335483551, 0.44058263301849365, 0.43351539969444275, 0.4265699088573456, 0.41998520493507385, 0.41363632678985596, 0.40773510932922363, 0.40333613753318787, 0.3994843363761902, 0.3959656059741974, 0.3932932913303375, 0.3907448947429657, 0.38812175393104553, 0.38571450114250183, 0.384031742811203, 0.38226962089538574, 0.3806034028530121, 0.37950119376182556, 0.3791577219963074, 0.37840762734413147, 0.37740516662597656, 0.376740038394928, 0.3761579096317291, 0.37546589970588684, 0.3750682473182678, 0.37483081221580505, 0.37466347217559814, 0.37466126680374146, 0.3746466338634491, 0.3746730387210846, 0.37469005584716797, 0.3749593496322632, 0.375127375125885, 0.37531155347824097, 0.3757711350917816, 0.37575575709342957, 0.3760348856449127, 0.3764289617538452, 0.37698304653167725, 0.37704724073410034, 0.3767545223236084, 0.3770531117916107, 0.3769501745700836, 0.37678006291389465], "val_accuracy": [0.9009374976158142, 0.90625, 0.9059374928474426, 0.9068750143051147, 0.9068750143051147, 0.9068750143051147, 0.9068750143051147, 0.9068750143051147, 0.9068750143051147, 0.9068750143051147, 0.9068750143051147, 0.9068750143051147, 0.9068750143051147, 0.9068750143051147, 0.9068750143051147, 0.9068750143051147, 0.9068750143051147, 0.9068750143051147, 0.9068750143051147, 0.9068750143051147, 0.9068750143051147, 0.9068750143051147, 0.9068750143051147, 0.9068750143051147, 0.9068750143051147, 0.9068750143051147, 0.9068750143051147, 0.9068750143051147, 0.9068750143051147, 0.9068750143051147, 0.9068750143051147, 0.9068750143051147, 0.9068750143051147, 0.9068750143051147, 0.9068750143051147, 0.9068750143051147, 0.9068750143051147, 0.9068750143051147, 0.9068750143051147, 0.9068750143051147, 0.9068750143051147, 0.9068750143051147, 0.9068750143051147, 0.9068750143051147, 0.9068750143051147, 0.9068750143051147, 0.9068750143051147, 0.9068750143051147, 0.9068750143051147, 0.9068750143051147, 0.9068750143051147, 0.9068750143051147, 0.9068750143051147, 0.9068750143051147, 0.9068750143051147, 0.9068750143051147, 0.9068750143051147, 0.9068750143051147, 0.9068750143051147, 0.9068750143051147, 0.9068750143051147, 0.9068750143051147, 0.9068750143051147, 0.9068750143051147, 0.9068750143051147, 0.9068750143051147]}