{"loss": [0.6900593042373657, 0.6694491505622864, 0.65009605884552, 0.624391496181488, 0.6063882112503052, 0.5867472290992737, 0.5614961385726929, 0.5419482588768005, 0.5171793103218079, 0.49662864208221436, 0.4780849516391754, 0.4524138569831848, 0.4346015453338623, 0.4085902273654938, 0.38662177324295044, 0.3717091679573059, 0.34499138593673706, 0.32780221104621887, 0.2973116338253021, 0.2965168356895447, 0.2619872987270355, 0.2387547343969345, 0.2289140671491623, 0.21686391532421112, 0.2062634825706482, 0.21014603972434998, 0.1957559436559677, 0.1828261911869049, 0.16904178261756897, 0.14532192051410675, 0.15379595756530762, 0.1341167688369751, 0.14909154176712036, 0.13578061759471893, 0.13650447130203247, 0.1325218826532364, 0.1178654208779335, 0.08934682607650757, 0.07911329716444016, 0.09062270075082779, 0.1070544496178627, 0.07044483721256256, 0.11050623655319214, 0.08321485668420792, 0.09773419052362442, 0.07059318572282791, 0.055325280874967575, 0.09832371771335602, 0.0404646173119545, 0.04859686270356178, 0.08047863095998764, 0.10476231575012207, 0.061706770211458206, 0.06818925589323044, 0.05580170080065727, 0.058623310178518295, 0.07393986731767654, 0.14549235999584198], "accuracy": [0.5299999713897705, 0.6696875095367432, 0.7828124761581421, 0.8762500286102295, 0.9300000071525574, 0.9634374976158142, 0.9800000190734863, 0.9881250262260437, 0.9946874976158142, 0.9921875, 0.9871875047683716, 0.9937499761581421, 0.9868749976158142, 0.9900000095367432, 0.989062488079071, 0.9837499856948853, 0.9900000095367432, 0.9900000095367432, 0.9978125095367432, 0.9831249713897705, 0.9959375262260437, 0.9984375238418579, 0.9925000071525574, 0.9903125166893005, 0.9903125166893005, 0.9806249737739563, 0.9837499856948853, 0.9834374785423279, 0.9862499833106995, 0.9931250214576721, 0.9846875071525574, 0.9912499785423279, 0.9821875095367432, 0.9846875071525574, 0.9825000166893005, 0.9828125238418579, 0.987500011920929, 0.995312511920929, 0.9975000023841858, 0.9918749928474426, 0.9853125214576721, 0.9965624809265137, 0.9834374785423279, 0.9903125166893005, 0.9868749976158142, 0.9928125143051147, 0.996874988079071, 0.9846875071525574, 1.0, 0.996874988079071, 0.9881250262260437, 0.9818750023841858, 0.9921875, 0.9909374713897705, 0.9937499761581421, 0.9918749928474426, 0.989062488079071, 0.9709374904632568], "val_loss": [0.6880934834480286, 0.6821253895759583, 0.6756008267402649, 0.6684802770614624, 0.6608515381813049, 0.6528007388114929, 0.6441325545310974, 0.6348742842674255, 0.6250371336936951, 0.6147505640983582, 0.6040777564048767, 0.5930470824241638, 0.5817205309867859, 0.5700828433036804, 0.5582383871078491, 0.5465151071548462, 0.534680187702179, 0.52275550365448, 0.510558545589447, 0.49946415424346924, 0.4879184663295746, 0.47657763957977295, 0.4659850001335144, 0.45610007643699646, 0.4467569589614868, 0.43868157267570496, 0.4311392903327942, 0.42404457926750183, 0.417704701423645, 0.41134774684906006, 0.40594711899757385, 0.40108612179756165, 0.39722609519958496, 0.39373549818992615, 0.39086467027664185, 0.3884058892726898, 0.3863780200481415, 0.3843890428543091, 0.3827887773513794, 0.3817600607872009, 0.3812718987464905, 0.3809054493904114, 0.3808335065841675, 0.38099876046180725, 0.38138455152511597, 0.382002592086792, 0.3829794228076935, 0.3836437463760376, 0.3851408064365387, 0.3867601454257965, 0.3880094587802887, 0.38891810178756714, 0.39035260677337646, 0.39154452085494995, 0.3933829367160797, 0.39498087763786316, 0.39640355110168457, 0.39581817388534546], "val_accuracy": [0.8709375262260437, 0.8884375095367432, 0.9018750190734863, 0.9056249856948853, 0.9068750143051147, 0.9068750143051147, 0.9068750143051147, 0.9068750143051147, 0.9068750143051147, 0.9068750143051147, 0.9068750143051147, 0.9068750143051147, 0.9068750143051147, 0.9068750143051147, 0.9068750143051147, 0.9068750143051147, 0.9068750143051147, 0.9068750143051147, 0.9068750143051147, 0.9068750143051147, 0.9068750143051147, 0.9068750143051147, 0.9068750143051147, 0.9068750143051147, 0.9068750143051147, 0.9068750143051147, 0.9068750143051147, 0.9068750143051147, 0.9068750143051147, 0.9068750143051147, 0.9068750143051147, 0.9068750143051147, 0.9068750143051147, 0.9068750143051147, 0.9068750143051147, 0.9068750143051147, 0.9068750143051147, 0.9068750143051147, 0.9068750143051147, 0.9068750143051147, 0.9068750143051147, 0.9068750143051147, 0.9068750143051147, 0.9068750143051147, 0.9068750143051147, 0.9068750143051147, 0.9068750143051147, 0.9068750143051147, 0.9068750143051147, 0.9068750143051147, 0.9068750143051147, 0.9068750143051147, 0.9068750143051147, 0.9068750143051147, 0.9068750143051147, 0.9068750143051147, 0.9068750143051147, 0.9068750143051147]}