{"loss": [0.12183065712451935, 0.12703216075897217, 0.05951954051852226, 0.06293576955795288, 0.015526638366281986, 0.0346260704100132, 0.05581066012382507], "accuracy": [0.9689843654632568, 0.9657031297683716, 0.9820312261581421, 0.9761718511581421, 0.9953906536102295, 0.9867968559265137, 0.975390613079071], "val_loss": [0.5377753973007202, 0.4644252061843872, 0.46443676948547363, 0.48549583554267883, 0.5032337307929993, 0.5077089071273804, 0.502357542514801], "val_accuracy": [0.8276562690734863, 0.8422656059265137, 0.8388281464576721, 0.8342968821525574, 0.833984375, 0.8332812786102295, 0.835156261920929]}