{"loss": [0.24584075808525085, 0.08550739288330078, 0.06142359599471092, 0.07524246722459793, 0.004579445812851191, 0.05386330559849739, 0.020838329568505287, 0.04007359594106674, 0.018160806968808174, 0.06838608533143997, 0.05055933818221092, 0.0604851134121418, 0.017166685312986374, 0.05870617926120758, 0.0012441104045137763, 0.023899991065263748, 0.024640178307890892, 0.02443774789571762, 0.01648041233420372, 0.04041602090001106, 0.02246551588177681, 0.024900412186980247, 0.00826206523925066, 0.03811705857515335, 0.01468420960009098], "accuracy": [0.8900781273841858, 0.9712499976158142, 0.9771093726158142, 0.966015636920929, 1.0, 0.9750000238418579, 0.9908593893051147, 0.9805468916893005, 0.9910937547683716, 0.9639062285423279, 0.9733593463897705, 0.9664843678474426, 0.9906250238418579, 0.9666406512260437, 1.0, 0.9870312213897705, 0.9871875047683716, 0.9859374761581421, 0.9905468821525574, 0.977734386920929, 0.9887499809265137, 0.9845312237739563, 0.9956250190734863, 0.9783594012260437, 0.9921093583106995], "val_loss": [0.9309146404266357, 1.0640193223953247, 1.1512980461120605, 0.9849596619606018, 0.9097062945365906, 0.7976460456848145, 0.7687394618988037, 0.7260815501213074, 0.6890568733215332, 0.5756101012229919, 0.5452204346656799, 0.5178400278091431, 0.5113088488578796, 0.48971641063690186, 0.48895686864852905, 0.479468435049057, 0.46597975492477417, 0.4655139446258545, 0.4510066509246826, 0.4224778115749359, 0.4904276132583618, 0.4668574631214142, 0.4505751132965088, 0.459850549697876, 0.44700828194618225], "val_accuracy": [0.17015625536441803, 0.18062500655651093, 0.1842968761920929, 0.18046875298023224, 0.17812499403953552, 0.8296874761581421, 0.831250011920929, 0.830859363079071, 0.8321874737739563, 0.8366405963897705, 0.8369531035423279, 0.8376562595367432, 0.8381249904632568, 0.8415625095367432, 0.8414062261581421, 0.8411718606948853, 0.8414062261581421, 0.8389843702316284, 0.8401562571525574, 0.8410937786102295, 0.8407812714576721, 0.8401562571525574, 0.8409374952316284, 0.8383593559265137, 0.8372656106948853]}