{"loss": [0.10894577950239182, 0.03466828167438507, 0.06079505756497383, 0.035287946462631226, 0.029205322265625, 0.052709951996803284, 0.029062500223517418, 0.035466518253088, 0.024468744173645973, 0.008103693835437298, 0.03258408233523369, 0.03245597705245018, 0.024421783164143562, 0.024437937885522842, 0.030920090153813362, 0.039306484162807465, 0.030523724853992462], "accuracy": [0.9646875262260437, 0.9903125166893005, 0.977343738079071, 0.9853906035423279, 0.9858593940734863, 0.9732031226158142, 0.9840624928474426, 0.9807031154632568, 0.9867968559265137, 0.9962499737739563, 0.9819531440734863, 0.982421875, 0.9866406321525574, 0.987109363079071, 0.9823437333106995, 0.9787499904632568, 0.9821875095367432], "val_loss": [0.5779634118080139, 0.5561012029647827, 0.5322996377944946, 0.5016252994537354, 0.44820523262023926, 0.4302750825881958, 0.40243202447891235, 0.3834059536457062, 0.3742625415325165, 0.3838750422000885, 0.37110331654548645, 0.35660985112190247, 0.41355013847351074, 0.39059343934059143, 0.37376463413238525, 0.37754181027412415, 0.3710877597332001], "val_accuracy": [0.8424999713897705, 0.8450781106948853, 0.844531238079071, 0.8376562595367432, 0.8317187428474426, 0.8279687762260437, 0.8329687714576721, 0.8357031345367432, 0.8393750190734863, 0.8369531035423279, 0.8343750238418579, 0.8419530987739563, 0.834765613079071, 0.8399999737739563, 0.8383593559265137, 0.8402343988418579, 0.841796875]}