{"loss": [0.1843264400959015, 0.07037129998207092, 0.0504593551158905, 0.03346129134297371, 0.033732496201992035, 0.02979033626616001, 0.029571808874607086, 0.026666682213544846, 0.036250267177820206], "accuracy": [0.9212499856948853, 0.9771875143051147, 0.9810937643051147, 0.9856250286102295, 0.985156238079071, 0.985156238079071, 0.9848437309265137, 0.987109363079071, 0.9814062714576721], "val_loss": [0.7231762409210205, 0.6634129881858826, 0.5996100306510925, 0.5708644986152649, 0.6011735200881958, 0.590075671672821, 0.5723652839660645, 0.6625074148178101, 0.6390495896339417], "val_accuracy": [0.8358593583106995, 0.8374218940734863, 0.8392968773841858, 0.8376562595367432, 0.8388281464576721, 0.8397656083106995, 0.8411718606948853, 0.8363281488418579, 0.8367968797683716]}