{"loss": [0.15651075541973114, 0.022510861977934837, 0.04782421141862869, 0.06157786771655083, 0.04918085038661957, 0.027402041479945183, 0.04594901576638222, 0.03763261437416077, 0.02732604555785656, 0.05158349499106407, 0.03371846303343773, 0.03533272445201874, 0.02538086660206318, 0.009271279908716679], "accuracy": [0.9502343535423279, 0.9961718916893005, 0.985546886920929, 0.9759374856948853, 0.9757031202316284, 0.987109363079071, 0.975781261920929, 0.9801562428474426, 0.9858593940734863, 0.9717187285423279, 0.9818750023841858, 0.9814062714576721, 0.9857031106948853, 0.9952343702316284], "val_loss": [0.770449697971344, 0.8047035336494446, 0.7125256061553955, 0.6055716276168823, 0.5194289684295654, 0.4734498858451843, 0.4522925317287445, 0.4363003671169281, 0.4190621078014374, 0.4810725152492523, 0.4827963709831238, 0.45217129588127136, 0.43952110409736633, 0.4351952075958252], "val_accuracy": [0.16890625655651093, 0.17531250417232513, 0.8304687738418579, 0.8346874713897705, 0.8339062333106995, 0.8385156393051147, 0.8424218893051147, 0.8443750143051147, 0.844921886920929, 0.8424999713897705, 0.8392968773841858, 0.8399218916893005, 0.839062511920929, 0.8403906226158142]}