{"loss": [0.08969524502754211, 0.023580007255077362, 0.056754179298877716, 0.04632893577218056, 0.031196603551506996, 0.03840936720371246, 0.04547093063592911, 0.03551769629120827, 0.03968755900859833, 0.059975579380989075, 0.015955233946442604, 0.016073601320385933, 0.00798482820391655, 0.041415296494960785, 0.022599095478653908, 0.032144784927368164, 0.031675852835178375, 0.030471768230199814, 0.008785340003669262, 0.03101048618555069, 0.02372221276164055, 0.008676595985889435, 0.02953650802373886, 0.02170722745358944, 0.028674650937318802, 0.02373049408197403, 0.022328665480017662, 0.02747267484664917, 0.02932135760784149], "accuracy": [0.9800000190734863, 0.9950000047683716, 0.982421875, 0.9808593988418579, 0.9858593940734863, 0.9805468916893005, 0.9755468964576721, 0.9806249737739563, 0.9784374833106995, 0.9642187356948853, 0.9911718964576721, 0.9912499785423279, 0.9957031011581421, 0.9760937690734863, 0.987109363079071, 0.9813281297683716, 0.9817968606948853, 0.9818750023841858, 0.994921863079071, 0.9814062714576721, 0.986328125, 0.9946874976158142, 0.9827343821525574, 0.987500011920929, 0.9839062690734863, 0.9854687452316284, 0.9864843487739563, 0.9850000143051147, 0.9819531440734863], "val_loss": [0.6152264475822449, 0.6761323809623718, 0.6186211705207825, 0.5633255839347839, 0.49805161356925964, 0.45973747968673706, 0.4090938866138458, 0.38978540897369385, 0.3794781565666199, 0.3742477297782898, 0.37715038657188416, 0.3784419298171997, 0.38041484355926514, 0.37352901697158813, 0.37181395292282104, 0.3730758726596832, 0.36779510974884033, 0.3632846772670746, 0.366756409406662, 0.3593660295009613, 0.3578082323074341, 0.3577800691127777, 0.3542573153972626, 0.348927766084671, 0.35051485896110535, 0.3553342819213867, 0.36072149872779846, 0.3662396967411041, 0.3584981858730316], "val_accuracy": [0.8277343511581421, 0.8311718702316284, 0.8309375047683716, 0.8321093916893005, 0.83203125, 0.8283593654632568, 0.8276562690734863, 0.8260156512260437, 0.8278906345367432, 0.8280468583106995, 0.8267187476158142, 0.8274219036102295, 0.828125, 0.8272656202316284, 0.8278906345367432, 0.8257812261581421, 0.8259375095367432, 0.8232812285423279, 0.8225781321525574, 0.8240625262260437, 0.8239843845367432, 0.8253124952316284, 0.8233593702316284, 0.8254687786102295, 0.8291406035423279, 0.8262500166893005, 0.8271093964576721, 0.8271093964576721, 0.8272656202316284]}