{"loss": [0.15600121021270752, 0.057736266404390335, 0.025798644870519638, 0.021776780486106873, 0.03222275525331497, 0.011461734771728516, 0.03903981298208237, 0.02720692940056324, 0.056698016822338104, 0.0417790561914444, 0.03502552583813667, 0.06611574441194534, 0.04709400236606598, 0.03994063660502434, 0.01628132164478302, 0.007499997038394213, 0.008481210097670555, 0.059073906391859055, 0.023840758949518204], "accuracy": [0.9459375143051147, 0.9803125262260437, 0.9904687404632568, 0.9916406273841858, 0.9850780963897705, 0.9950000047683716, 0.9788281321525574, 0.9869531393051147, 0.9690625071525574, 0.9766406416893005, 0.9811718463897705, 0.9622656106948853, 0.9753124713897705, 0.9782031178474426, 0.9912499785423279, 0.99609375, 0.995312511920929, 0.9667187333106995, 0.9869531393051147], "val_loss": [0.529643714427948, 0.4936562776565552, 0.47818589210510254, 0.4655953645706177, 0.4602384567260742, 0.46074122190475464, 0.43252068758010864, 0.41924962401390076, 0.39995208382606506, 0.38733550906181335, 0.3880705237388611, 0.3992684483528137, 0.38490182161331177, 0.38174283504486084, 0.3898138105869293, 0.386849582195282, 0.3831767737865448, 0.41774410009384155, 0.4042787253856659], "val_accuracy": [0.8253124952316284, 0.8264843821525574, 0.8289843797683716, 0.8266406059265137, 0.8285156488418579, 0.8291406035423279, 0.8313281536102295, 0.8253124952316284, 0.8331249952316284, 0.8362500071525574, 0.8368750214576721, 0.8307031393051147, 0.83203125, 0.8331249952316284, 0.8282812237739563, 0.8291406035423279, 0.8317187428474426, 0.8260156512260437, 0.825390636920929]}