{"loss": [0.3402881622314453, 0.09815355390310287, 0.06525678187608719, 0.025405917316675186, 0.05109207704663277, 0.08301153033971786, 0.06525629013776779, 0.0637318566441536], "accuracy": [0.8465625047683716, 0.9763281345367432, 0.9853906035423279, 0.9950781464576721, 0.9864062666893005, 0.9725781083106995, 0.9774218797683716, 0.9757031202316284], "val_loss": [0.6430480480194092, 0.6026487946510315, 0.5954387187957764, 0.6282565593719482, 0.671708345413208, 0.7112385034561157, 0.758141040802002, 0.7840273976325989], "val_accuracy": [0.829296886920929, 0.8299999833106995, 0.8286718726158142, 0.8292187452316284, 0.8315625190734863, 0.824999988079071, 0.8252343535423279, 0.8224999904632568]}