{"loss": [0.7995433807373047, 0.41126030683517456, 0.42190730571746826, 0.21640071272850037, 0.20158156752586365, 0.17792510986328125, 0.2054477483034134, 0.23066705465316772, 0.10964026302099228, 0.1833033412694931, 0.1174219399690628, 0.1323261708021164, 0.19021891057491302, 0.17822577059268951, 0.1480100303888321, 0.18812869489192963, 0.18250764906406403, 0.18210779130458832, 0.23332303762435913], "acurracy": [0.7406250238418579, 0.8665624856948853, 0.8396875262260437, 0.9153906106948853, 0.9175000190734863, 0.9242187738418579, 0.9121875166893005, 0.897265613079071, 0.9517968893051147, 0.9182031154632568, 0.9477343559265137, 0.9391406178474426, 0.9134374856948853, 0.9169531464576721, 0.9310937523841858, 0.9117968678474426, 0.9121875166893005, 0.9143750071525574, 0.8871874809265137], "val_loss": [1.8733400106430054, 1.5955218076705933, 1.4499667882919312, 1.447524070739746, 1.4114843606948853, 1.415616750717163, 1.39774751663208, 1.4034297466278076, 1.42055082321167, 1.3976043462753296, 1.415378451347351, 1.4000352621078491, 1.3824695348739624, 1.3382858037948608, 1.3715777397155762, 1.4012447595596313, 1.3741402626037598, 1.4230042695999146, 1.3548712730407715], "val_acurracy": [0.234375, 0.2808593809604645, 0.29398438334465027, 0.28882813453674316, 0.29054686427116394, 0.28664061427116394, 0.28664061427116394, 0.28648436069488525, 0.2844531238079071, 0.28898438811302185, 0.28953126072883606, 0.28804686665534973, 0.29984375834465027, 0.3069531321525574, 0.30015623569488525, 0.3077343702316284, 0.3082031309604645, 0.2894531190395355, 0.3140625059604645]}