{"loss": [1.016963243484497, 0.5661608576774597, 0.3697526454925537, 0.5038021802902222, 0.4540868103504181, 0.5409148335456848], "acurracy": [0.7014843821525574, 0.8921093940734863, 0.9400781393051147, 0.9071875214576721, 0.9154687523841858, 0.8806250095367432], "val_loss": [2.0023388862609863, 2.153726816177368, 2.357149362564087, 2.7312569618225098, 3.1982810497283936, 4.023595809936523], "val_acurracy": [0.10570312291383743, 0.08984375, 0.07023437321186066, 0.04804687574505806, 0.037968751043081284, 0.023359375074505806]}