{"loss": [0.6388527154922485, 0.24603420495986938, 0.19139015674591064, 0.18747146427631378, 0.17454160749912262, 0.2233567237854004], "acurracy": [0.8060156106948853, 0.9242968559265137, 0.9337499737739563, 0.9279687404632568, 0.9320312738418579, 0.9092968702316284], "val_loss": [2.2099769115448, 2.5280470848083496, 2.872523784637451, 3.1456079483032227, 3.3222875595092773, 3.4828476905822754], "val_acurracy": [0.16703124344348907, 0.16796875, 0.16664062440395355, 0.16734375059604645, 0.1672656238079071, 0.16929687559604645]}