{"loss": [0.7541043162345886, 0.20606635510921478, 0.30300021171569824, 0.2658059597015381, 0.26777544617652893, 0.18290215730667114], "acurracy": [0.7535937428474426, 0.9375781416893005, 0.8903124928474426, 0.8966405987739563, 0.8896093964576721, 0.9249218702316284], "val_loss": [2.186964988708496, 2.3277809619903564, 2.782468795776367, 3.2233333587646484, 3.470318555831909, 3.624802827835083], "val_acurracy": [0.1392187476158142, 0.16273437440395355, 0.16929687559604645, 0.16914062201976776, 0.17085938155651093, 0.16898436844348907]}