{"loss": [0.5581457614898682, 0.38770222663879395, 0.3281184732913971, 0.16772720217704773, 0.27111169695854187, 0.273020476102829], "acurracy": [0.8401562571525574, 0.8753125071525574, 0.8779687285423279, 0.9344531297683716, 0.8865625262260437, 0.8825781345367432], "val_loss": [2.1038761138916016, 2.9272377490997314, 3.6157736778259277, 3.944291353225708, 4.249067783355713, 4.409937381744385], "val_acurracy": [0.15882812440395355, 0.14414063096046448, 0.1432812511920929, 0.1443749964237213, 0.14484375715255737, 0.14039061963558197]}