{"loss": [0.9141308069229126, 0.7891231775283813, 0.6615169048309326, 0.3850633203983307, 0.5101760625839233, 0.6151864528656006], "acurracy": [0.7224218845367432, 0.8497655987739563, 0.8760937452316284, 0.9377343654632568, 0.9069530963897705, 0.8796093463897705], "val_loss": [2.6408517360687256, 2.696850538253784, 2.912338972091675, 3.3869519233703613, 3.5163259506225586, 3.7776663303375244], "val_acurracy": [0.1685156226158142, 0.16757813096046448, 0.16593749821186066, 0.1550000011920929, 0.12390624731779099, 0.08242187649011612]}