{"loss": [0.6924757361412048, 0.2536122798919678, 0.14886105060577393, 0.23887169361114502, 0.22249583899974823, 0.21273645758628845], "acurracy": [0.7751562595367432, 0.9215624928474426, 0.9482031464576721, 0.9103906154632568, 0.9099218845367432, 0.9081249833106995], "val_loss": [1.9722893238067627, 2.2163889408111572, 2.508707046508789, 2.8805556297302246, 3.3640811443328857, 3.6965935230255127], "val_acurracy": [0.1756249964237213, 0.16765624284744263, 0.1548437476158142, 0.15226562321186066, 0.13554687798023224, 0.13960938155651093]}