{"loss": [0.8179562091827393, 0.7966870665550232, 0.7485367059707642, 0.43270397186279297, 0.38691917061805725, 0.5022070407867432], "acurracy": [0.8046093583106995, 0.8348437547683716, 0.845703125, 0.9217187762260437, 0.932421863079071, 0.8989843726158142], "val_loss": [2.194138526916504, 2.4354050159454346, 2.8464441299438477, 3.452436923980713, 3.856290340423584, 4.456048488616943], "val_acurracy": [0.1599999964237213, 0.091796875, 0.06257812678813934, 0.047968748956918716, 0.03398437425494194, 0.02046874910593033]}