{"loss": [0.7860077023506165, 0.25515469908714294, 0.26807790994644165, 0.3040515184402466, 0.3604555130004883, 0.21406656503677368], "acurracy": [0.7413281202316284, 0.9284374713897705, 0.9046093821525574, 0.874218761920929, 0.8411718606948853, 0.9046875238418579], "val_loss": [2.0324010848999023, 2.534581422805786, 3.3240814208984375, 4.116771221160889, 4.498596668243408, 4.714048862457275], "val_acurracy": [0.16703124344348907, 0.16835936903953552, 0.169921875, 0.17078125476837158, 0.1685156226158142, 0.17031249403953552]}