{"loss": [0.09367015212774277, 0.053409937769174576, 0.08931029587984085, 0.07772959023714066, 0.051480844616889954, 0.05308685824275017, 0.1080193743109703, 0.04859735444188118, 0.044127073138952255, 0.0639009177684784, 0.07950947433710098, 0.07398835569620132, 0.07373625040054321, 0.07035356760025024, 0.042037658393383026], "accuracy": [0.9784374833106995, 0.9931250214576721, 0.9846875071525574, 0.989062488079071, 0.9928125143051147, 0.9928125143051147, 0.9846875071525574, 0.9931250214576721, 0.9937499761581421, 0.9909374713897705, 0.9871875047683716, 0.9887499809265137, 0.987500011920929, 0.9893749952316284, 0.9943749904632568], "val_loss": [0.7629081010818481, 0.7487276196479797, 0.7032952308654785, 0.59317946434021, 0.5456129312515259, 0.6520853638648987, 0.5773807168006897, 0.5167504549026489, 0.4791446626186371, 0.44996973872184753, 0.47197121381759644, 0.48814380168914795, 0.5525410175323486, 0.6223449110984802, 0.6382061839103699], "val_accuracy": [0.9068750143051147, 0.9068750143051147, 0.9068750143051147, 0.9068750143051147, 0.9068750143051147, 0.9068750143051147, 0.9068750143051147, 0.9068750143051147, 0.9068750143051147, 0.9068750143051147, 0.9068750143051147, 0.9068750143051147, 0.9068750143051147, 0.9068750143051147, 0.9068750143051147]}