{"loss": [0.05874590948224068, 0.05792350694537163, 0.06706579774618149, 0.1050785630941391, 0.076050765812397, 0.06556667387485504, 0.08127155154943466, 0.06345296651124954, 0.0824374258518219, 0.12485846877098083, 0.07397454977035522, 0.03750075027346611, 0.09282679855823517], "accuracy": [0.9859374761581421, 0.9931250214576721, 0.9903125166893005, 0.984375, 0.9878125190734863, 0.9900000095367432, 0.9859374761581421, 0.9906250238418579, 0.9859374761581421, 0.9775000214576721, 0.9884374737739563, 0.9950000047683716, 0.9840624928474426], "val_loss": [0.7376661896705627, 0.6100446581840515, 0.5853613615036011, 0.6612145304679871, 0.5712918043136597, 0.49319103360176086, 0.5034597516059875, 0.39893513917922974, 0.5225115418434143, 0.444161057472229, 0.5056754350662231, 0.5705521106719971, 0.4060274362564087], "val_accuracy": [0.9068750143051147, 0.9068750143051147, 0.9068750143051147, 0.9068750143051147, 0.9068750143051147, 0.9068750143051147, 0.9068750143051147, 0.9068750143051147, 0.9068750143051147, 0.9068750143051147, 0.9068750143051147, 0.9068750143051147, 0.9068750143051147]}