{"loss": [0.09477181732654572, 0.026932580396533012, 0.044695887714624405, 0.06849538534879684, 0.03292854130268097, 0.10186633467674255, 0.04883093386888504, 0.08890692889690399, 0.032234203070402145, 0.0594262070953846, 0.07035442441701889, 0.08698951452970505, 0.031091026961803436], "accuracy": [0.9793750047683716, 0.9971874952316284, 0.9943749904632568, 0.9896875023841858, 0.9965624809265137, 0.9840624928474426, 0.9937499761581421, 0.9859374761581421, 0.9959375262260437, 0.9925000071525574, 0.9906250238418579, 0.987500011920929, 0.9965624809265137], "val_loss": [0.7152033448219299, 0.7459346652030945, 0.6399945616722107, 0.5274649858474731, 0.5601264238357544, 0.5062664747238159, 0.5096766948699951, 0.4787486791610718, 0.5912758708000183, 0.5999976396560669, 0.5737589597702026, 0.5825374126434326, 0.5761935114860535], "val_accuracy": [0.9068750143051147, 0.9068750143051147, 0.9068750143051147, 0.9068750143051147, 0.9068750143051147, 0.9068750143051147, 0.9068750143051147, 0.9068750143051147, 0.9068750143051147, 0.9068750143051147, 0.9068750143051147, 0.9068750143051147, 0.9068750143051147]}