{"loss": [0.15137967467308044, 0.0769772157073021, 0.004473359789699316, 0.0009928061626851559, 0.0005471103359013796, 0.09754060953855515, 0.030078673735260963, 0.0637507289648056, 0.03246086463332176, 0.07661578059196472, 0.016929343342781067, 0.04501474276185036, 0.07467858493328094, 0.036583658307790756, 0.050685979425907135, 0.02622329629957676, 0.019024021923542023, 0.028897028416395187, 0.01903701014816761], "accuracy": [0.9506250023841858, 0.9896875023841858, 1.0, 1.0, 1.0, 0.9884374737739563, 0.9959375262260437, 0.9896875023841858, 0.9959375262260437, 0.987500011920929, 0.9978125095367432, 0.9931250214576721, 0.9837499856948853, 0.9896875023841858, 0.9896875023841858, 0.9940624833106995, 0.9946874976158142, 0.9906250238418579, 0.9956250190734863], "val_loss": [0.7823675274848938, 0.7303515672683716, 0.889549195766449, 0.9375431537628174, 0.9709263443946838, 0.8344753980636597, 0.6899828910827637, 0.6786853671073914, 0.6659785509109497, 0.6434502601623535, 0.505875825881958, 0.539249837398529, 1.1326172351837158, 0.3462029695510864, 1.0722534656524658, 2.664144515991211, 1.2531245946884155, 1.2460898160934448, 0.6530566215515137], "val_accuracy": [0.9068750143051147, 0.9068750143051147, 0.9068750143051147, 0.9068750143051147, 0.9068750143051147, 0.9068750143051147, 0.9068750143051147, 0.9068750143051147, 0.9068750143051147, 0.9068750143051147, 0.9068750143051147, 0.9078124761581421, 0.2071875035762787, 0.9103124737739563, 0.15906250476837158, 0.19093750417232513, 0.18843750655651093, 0.18812499940395355, 0.8756250143051147]}