{"loss": [0.08472705632448196, 0.11964359879493713, 0.054597482085227966, 0.0020231727976351976, 0.02672693505883217, 0.07185520231723785, 0.0864882841706276, 0.058144599199295044, 0.08917106688022614, 0.03422703966498375, 0.060944460332393646, 0.14504395425319672, 0.058767661452293396, 0.02159528061747551, 0.0601385124027729, 0.08116228878498077, 0.06776230037212372, 0.007980664260685444, 0.06316569447517395, 0.10027822852134705, 0.0842912569642067, 0.04809480160474777], "accuracy": [0.981249988079071, 0.9815624952316284, 0.9925000071525574, 1.0, 0.9971874952316284, 0.9903125166893005, 0.9853125214576721, 0.9928125143051147, 0.989062488079071, 0.9959375262260437, 0.9909374713897705, 0.9725000262260437, 0.9909374713897705, 0.9975000023841858, 0.9909374713897705, 0.9865624904632568, 0.9903125166893005, 1.0, 0.9903125166893005, 0.9821875095367432, 0.9853125214576721, 0.9937499761581421], "val_loss": [0.6171154379844666, 0.5321834087371826, 0.6072745323181152, 0.735313355922699, 0.6709074974060059, 0.4854246973991394, 0.47595709562301636, 0.47949862480163574, 0.43208909034729004, 0.49170851707458496, 0.4997769892215729, 0.41741427779197693, 0.5405692458152771, 0.5506466627120972, 0.47684231400489807, 0.4690309166908264, 0.3993493616580963, 0.6254030466079712, 0.46698546409606934, 0.4177475869655609, 0.47553062438964844, 0.5087682604789734], "val_accuracy": [0.9068750143051147, 0.9068750143051147, 0.9068750143051147, 0.9068750143051147, 0.9068750143051147, 0.9068750143051147, 0.9068750143051147, 0.9068750143051147, 0.9068750143051147, 0.9068750143051147, 0.9068750143051147, 0.9068750143051147, 0.9068750143051147, 0.9068750143051147, 0.9068750143051147, 0.9068750143051147, 0.9068750143051147, 0.9068750143051147, 0.9068750143051147, 0.9068750143051147, 0.9068750143051147, 0.9068750143051147]}