{"loss": [0.08670558780431747, 0.10142820328474045, 0.09598264843225479, 0.06057915836572647, 0.052155181765556335, 0.04730552062392235, 0.06147687882184982, 0.03933031111955643, 0.021651985123753548, 0.08045128732919693, 0.07071518152952194, 0.07180288434028625], "accuracy": [0.9715625047683716, 0.9821875095367432, 0.984375, 0.9912499785423279, 0.9928125143051147, 0.9934375286102295, 0.9900000095367432, 0.9943749904632568, 0.9975000023841858, 0.9871875047683716, 0.9887499809265137, 0.9884374737739563], "val_loss": [0.8299911022186279, 0.7565228343009949, 0.7143625020980835, 0.6376829743385315, 0.6884816884994507, 0.7026986479759216, 0.5923281311988831, 0.5950815081596375, 0.654914140701294, 0.6499963998794556, 0.6696733236312866, 0.6436975598335266], "val_accuracy": [0.9068750143051147, 0.2068749964237213, 0.9068750143051147, 0.9068750143051147, 0.9068750143051147, 0.9068750143051147, 0.9068750143051147, 0.9068750143051147, 0.9068750143051147, 0.9068750143051147, 0.9068750143051147, 0.9068750143051147]}