{"loss": [0.1322801262140274, 0.038270045071840286, 0.06368285417556763, 0.021135006099939346, 0.05684709548950195, 0.06046139821410179, 0.054421182721853256, 0.03573507443070412, 0.06918732821941376, 0.03985033184289932, 0.003897451562806964], "accuracy": [0.9662500023841858, 0.9943749904632568, 0.9912499785423279, 0.9978125095367432, 0.9928125143051147, 0.9906250238418579, 0.9925000071525574, 0.9956250190734863, 0.9896875023841858, 0.9940624833106995, 1.0], "val_loss": [0.8535020351409912, 0.9496258497238159, 0.8685104846954346, 0.9664467573165894, 0.8360196948051453, 0.7370111346244812, 0.7692756652832031, 0.842501163482666, 0.8380415439605713, 0.7899801135063171, 0.9618757367134094], "val_accuracy": [0.9068750143051147, 0.9068750143051147, 0.9068750143051147, 0.9068750143051147, 0.9068750143051147, 0.9068750143051147, 0.9068750143051147, 0.9068750143051147, 0.9068750143051147, 0.9068750143051147, 0.9068750143051147]}