{"loss": [0.04194355010986328, 0.0585574246942997, 0.07316073775291443, 0.0809541791677475, 0.14760416746139526, 0.03198893368244171, 0.10661572217941284, 0.06542889028787613, 0.0912100151181221, 0.0858367457985878, 0.024325542151927948, 0.11151096969842911, 0.07764466106891632, 0.05919208377599716, 0.08374088257551193, 0.0772852897644043, 0.07810411602258682, 0.038125816732645035, 0.05288658291101456, 0.007967794314026833, 0.06612610071897507, 0.05763256177306175], "accuracy": [0.9956250190734863, 0.9928125143051147, 0.9906250238418579, 0.9878125190734863, 0.9721875190734863, 0.9965624809265137, 0.9828125238418579, 0.9909374713897705, 0.9834374785423279, 0.9868749976158142, 0.9971874952316284, 0.9806249737739563, 0.9887499809265137, 0.9915624856948853, 0.9859374761581421, 0.989062488079071, 0.9887499809265137, 0.995312511920929, 0.9928125143051147, 1.0, 0.9906250238418579, 0.9909374713897705], "val_loss": [0.5715517997741699, 0.5397289395332336, 0.43170973658561707, 0.4163592457771301, 0.40021082758903503, 0.4557982385158539, 0.34127750992774963, 0.3489701449871063, 0.42684781551361084, 0.4230468273162842, 0.4723950922489166, 0.3311595916748047, 0.36786165833473206, 0.37952858209609985, 0.4345338046550751, 0.43438392877578735, 0.3241420090198517, 0.3937033712863922, 0.3597820997238159, 0.5006493330001831, 0.4185878336429596, 0.4114242494106293], "val_accuracy": [0.9068750143051147, 0.9068750143051147, 0.9068750143051147, 0.9068750143051147, 0.9068750143051147, 0.9068750143051147, 0.9068750143051147, 0.9068750143051147, 0.9068750143051147, 0.9068750143051147, 0.9068750143051147, 0.9068750143051147, 0.9068750143051147, 0.9068750143051147, 0.9068750143051147, 0.9068750143051147, 0.9068750143051147, 0.9068750143051147, 0.9068750143051147, 0.9068750143051147, 0.9068750143051147, 0.9068750143051147]}