{"loss": [0.15236616134643555, 0.08285549283027649, 0.04256182163953781, 0.09039463847875595, 0.05492309108376503, 0.032222457230091095, 0.05748513713479042, 0.08107175678014755, 0.06195748224854469, 0.030957672744989395, 0.05048459395766258, 0.07302242517471313], "accuracy": [0.9715625047683716, 0.9871875047683716, 0.9937499761581421, 0.9865624904632568, 0.9928125143051147, 0.9962499737739563, 0.9918749928474426, 0.9871875047683716, 0.9921875, 0.9956250190734863, 0.9928125143051147, 0.9896875023841858], "val_loss": [0.8035627007484436, 0.7597129940986633, 0.7094196081161499, 0.6038101315498352, 0.6411746144294739, 0.7177513241767883, 0.5696564316749573, 0.7168747186660767, 0.6709827184677124, 0.9623597860336304, 0.9326108694076538, 0.7664134502410889], "val_accuracy": [0.9068750143051147, 0.9068750143051147, 0.9068750143051147, 0.9068750143051147, 0.9068750143051147, 0.9068750143051147, 0.9068750143051147, 0.9068750143051147, 0.9068750143051147, 0.9068750143051147, 0.9068750143051147, 0.9068750143051147]}