{"loss": [0.08486118912696838, 0.07080042362213135, 0.06756274402141571, 0.03185642883181572, 0.02453763782978058, 0.07064292579889297, 0.035420168191194534, 0.0706867054104805], "accuracy": [0.979687511920929, 0.9906250238418579, 0.9909374713897705, 0.9962499737739563, 0.9975000023841858, 0.9887499809265137, 0.9956250190734863, 0.9903125166893005], "val_loss": [1.024807333946228, 1.109200358390808, 0.919444739818573, 1.1819546222686768, 1.2716084718704224, 0.9514188170433044, 1.4131903648376465, 1.6356178522109985], "val_accuracy": [0.2068749964237213, 0.2068749964237213, 0.2068749964237213, 0.2068749964237213, 0.2068749964237213, 0.2068749964237213, 0.2068749964237213, 0.2068749964237213]}