{"loss": [0.10074883699417114, 0.08294831216335297, 0.09950235486030579, 0.09039540588855743, 0.05047895386815071, 0.09804709255695343, 0.05425138399004936, 0.1001509502530098, 0.06800534576177597, 0.08149462938308716, 0.09379232674837112, 0.075457364320755, 0.006411334499716759], "accuracy": [0.9737499952316284, 0.9878125190734863, 0.9856250286102295, 0.9865624904632568, 0.9934375286102295, 0.9837499856948853, 0.9925000071525574, 0.9831249713897705, 0.9903125166893005, 0.9868749976158142, 0.9850000143051147, 0.987500011920929, 1.0], "val_loss": [0.5761176943778992, 0.5449182987213135, 0.46197524666786194, 0.40640830993652344, 0.4501722753047943, 0.3990037441253662, 0.41711708903312683, 0.39042866230010986, 0.494347482919693, 0.4409976303577423, 0.5034086108207703, 0.433796763420105, 0.5718473196029663], "val_accuracy": [0.9068750143051147, 0.9068750143051147, 0.9068750143051147, 0.9068750143051147, 0.9068750143051147, 0.9068750143051147, 0.9068750143051147, 0.9068750143051147, 0.9068750143051147, 0.9068750143051147, 0.9068750143051147, 0.9068750143051147, 0.9068750143051147]}