{"loss": [0.10901758819818497, 0.029224572703242302, 0.12182184308767319, 0.07931516319513321, 0.053287602961063385, 0.07007429003715515, 0.021438149735331535, 0.020946189761161804, 0.030933618545532227, 0.07170461863279343, 0.05886946991086006, 0.08534836024045944, 0.0831611156463623, 0.05482875183224678, 0.036794815212488174, 0.002724655903875828, 0.03905794769525528, 0.09102720022201538], "accuracy": [0.9750000238418579, 0.996874988079071, 0.9821875095367432, 0.9868749976158142, 0.9921875, 0.9900000095367432, 0.9971874952316284, 0.9971874952316284, 0.9962499737739563, 0.989062488079071, 0.9900000095367432, 0.9865624904632568, 0.9853125214576721, 0.9921875, 0.9950000047683716, 1.0, 0.9946874976158142, 0.984375], "val_loss": [0.6446909308433533, 0.7345725893974304, 0.6227831244468689, 0.7016715407371521, 0.66422438621521, 0.6106782555580139, 0.6458641290664673, 0.638233482837677, 0.5772156119346619, 0.6049153804779053, 0.663410484790802, 0.6502642631530762, 0.5225675702095032, 0.6986974477767944, 0.7724443078041077, 0.8142504692077637, 0.7122740149497986, 0.8176868557929993], "val_accuracy": [0.9068750143051147, 0.9068750143051147, 0.9068750143051147, 0.9068750143051147, 0.9068750143051147, 0.9068750143051147, 0.9068750143051147, 0.9068750143051147, 0.9068750143051147, 0.9068750143051147, 0.9068750143051147, 0.9068750143051147, 0.9068750143051147, 0.9068750143051147, 0.9068750143051147, 0.9068750143051147, 0.9068750143051147, 0.9068750143051147]}