{"loss": [0.07231435924768448, 0.020538587123155594, 0.08915242552757263, 0.06561256945133209, 0.07238560914993286, 0.08875909447669983, 0.07188110053539276, 0.04516958072781563, 0.05111858248710632, 0.07184776663780212, 0.0729009285569191, 0.0023624016903340816, 0.1601029336452484, 0.12882891297340393, 0.05877600610256195], "accuracy": [0.9865624904632568, 0.9975000023841858, 0.9887499809265137, 0.9900000095367432, 0.9900000095367432, 0.9862499833106995, 0.9896875023841858, 0.9937499761581421, 0.9931250214576721, 0.9878125190734863, 0.9868749976158142, 1.0, 0.9731249809265137, 0.9771875143051147, 0.9925000071525574], "val_loss": [0.7052697539329529, 0.7630031108856201, 0.6055688858032227, 0.5974746346473694, 0.6210275888442993, 0.5888286828994751, 0.6014711856842041, 0.6071031093597412, 0.5635424256324768, 0.5221496820449829, 0.5642399787902832, 0.7128699421882629, 0.5388225317001343, 0.5492021441459656, 0.555528461933136], "val_accuracy": [0.9068750143051147, 0.9068750143051147, 0.9068750143051147, 0.9068750143051147, 0.9068750143051147, 0.9068750143051147, 0.9068750143051147, 0.9068750143051147, 0.9068750143051147, 0.9068750143051147, 0.9068750143051147, 0.9068750143051147, 0.9068750143051147, 0.9068750143051147, 0.9068750143051147]}