{"loss": [0.29264500737190247, 0.060133010149002075, 0.02636488899588585, 0.023084966465830803, 0.02392754703760147, 0.02542501874268055, 0.04194019362330437, 0.025752129033207893, 0.02135564014315605, 0.03881194069981575, 0.0509633906185627, 0.019108736887574196, 0.02565031312406063, 0.018758924677968025, 0.022018618881702423, 0.012072592042386532, 0.022713394835591316, 0.028721075505018234, 0.0001431241980753839, 0.00013850568211637437], "accuracy": [0.9657031297683716, 0.9864843487739563, 0.9899218678474426, 0.9892187714576721, 0.9872656464576721, 0.9861719012260437, 0.9750000238418579, 0.9850000143051147, 0.9878125190734863, 0.9778125286102295, 0.9704687595367432, 0.9896093606948853, 0.9867187738418579, 0.9906250238418579, 0.9872656464576721, 0.993359386920929, 0.9872656464576721, 0.9857031106948853, 1.0, 1.0], "val_loss": [0.6629829406738281, 0.6468303203582764, 0.6408389210700989, 0.6382893919944763, 0.6374931931495667, 0.64350426197052, 0.6456897258758545, 0.654446542263031, 0.6591846346855164, 0.6689931750297546, 0.6861648559570312, 0.694965124130249, 0.6983078718185425, 0.7018190026283264, 0.7031996250152588, 0.7035455107688904, 0.7014975547790527, 0.7117832899093628, 0.7120983600616455, 0.7119331359863281], "val_accuracy": [0.8157812356948853, 0.8167187571525574, 0.8160937428474426, 0.81640625, 0.8133593797683716, 0.8101562261581421, 0.8168749809265137, 0.8224999904632568, 0.8229687213897705, 0.8307031393051147, 0.8402343988418579, 0.8391406536102295, 0.18703125417232513, 0.18828125298023224, 0.19304686784744263, 0.19562500715255737, 0.1978124976158142, 0.1985156238079071, 0.19828124344348907, 0.1979687511920929]}