{"loss": [0.5586658716201782, 0.32859888672828674, 0.1630769968032837, 0.12109572440385818, 0.09072093665599823, 0.06073226034641266, 0.041194554418325424, 0.08514080196619034, 0.0937340259552002, 0.167690709233284, 0.046682752668857574, 0.035199858248233795, 0.06236271932721138, 0.075269915163517, 0.11843946576118469, 0.1131247729063034, 0.0846475213766098, 0.054714616388082504, 0.14005765318870544, 0.09583228826522827, 0.08687739074230194, 0.1252630203962326, 0.07925757765769958, 0.10792383551597595, 0.1315537393093109, 0.14373663067817688, 0.09052146971225739, 0.05653245747089386, 0.10559234768152237, 0.058118268847465515, 0.11162509024143219, 0.055867552757263184, 0.0926641970872879, 0.014833956025540829, 0.13162632286548615, 0.15027984976768494, 0.05129425972700119, 0.03421344235539436, 0.06586422771215439, 0.1323050558567047, 0.12685546278953552, 0.0847758948802948, 0.10826873779296875, 0.045710090547800064, 0.08259411156177521, 0.12237507849931717, 0.0659027099609375, 0.02847534418106079, 0.09537424892187119, 0.03316495567560196, 0.13143247365951538, 0.09391681849956512, 0.0323745533823967, 0.0903978943824768, 0.057657256722450256, 0.09701165556907654, 0.13559524714946747, 0.09079112112522125], "accuracy": [0.9365624785423279, 0.9820312261581421, 0.9848437309265137, 0.9808593988418579, 0.9858593940734863, 0.9911718964576721, 0.9946093559265137, 0.985156238079071, 0.9825780987739563, 0.9651562571525574, 0.9946874976158142, 0.9957812428474426, 0.9896093606948853, 0.9867187738418579, 0.9766406416893005, 0.977343738079071, 0.9845312237739563, 0.9910937547683716, 0.9700000286102295, 0.9814062714576721, 0.9830468893051147, 0.9732812643051147, 0.9857031106948853, 0.9775781035423279, 0.9715625047683716, 0.9665625095367432, 0.9817187786102295, 0.9908593893051147, 0.9771875143051147, 0.9895312786102295, 0.975390613079071, 0.990234375, 0.981249988079071, 1.0, 0.9703906178474426, 0.9641406536102295, 0.9913281202316284, 0.9951562285423279, 0.9862499833106995, 0.9682812690734863, 0.9696093797683716, 0.9818750023841858, 0.9742968678474426, 0.9917968511581421, 0.9821093678474426, 0.9703124761581421, 0.986328125, 0.9960156083106995, 0.9775781035423279, 0.9946093559265137, 0.9684374928474426, 0.9778906106948853, 0.9953906536102295, 0.9789843559265137, 0.9878906011581421, 0.9778906106948853, 0.9639062285423279, 0.9776562452316284], "val_loss": [0.6202741265296936, 0.5410609245300293, 0.546598494052887, 0.5778602361679077, 0.6037763953208923, 0.6579031944274902, 0.6856861710548401, 0.660439133644104, 0.6214759945869446, 0.5503771901130676, 0.5727251172065735, 0.6146467924118042, 0.5997897982597351, 0.5853554010391235, 0.5207183361053467, 0.4965997338294983, 0.5025142431259155, 0.49955296516418457, 0.4633927643299103, 0.4563785493373871, 0.45052415132522583, 0.4332730174064636, 0.43617576360702515, 0.42187923192977905, 0.4069395959377289, 0.39528968930244446, 0.39155712723731995, 0.39797091484069824, 0.3835632801055908, 0.3876451849937439, 0.3764306902885437, 0.37664616107940674, 0.36574310064315796, 0.3763498365879059, 0.3564929664134979, 0.3445061445236206, 0.35008713603019714, 0.3574220538139343, 0.35531607270240784, 0.33787915110588074, 0.3281583786010742, 0.3275977373123169, 0.32757890224456787, 0.3347773849964142, 0.33234703540802, 0.3288494348526001, 0.3354896903038025, 0.3440278172492981, 0.34280630946159363, 0.35067349672317505, 0.34213635325431824, 0.345971941947937, 0.35443344712257385, 0.3583453297615051, 0.36364081501960754, 0.3659273087978363, 0.3756178021430969, 0.38849449157714844], "val_accuracy": [0.8217187523841858, 0.8217187523841858, 0.8217187523841858, 0.8217187523841858, 0.8217187523841858, 0.8217187523841858, 0.8217187523841858, 0.8217187523841858, 0.8217187523841858, 0.8217187523841858, 0.8217187523841858, 0.8217187523841858, 0.8217187523841858, 0.8217187523841858, 0.8217187523841858, 0.8217187523841858, 0.8217187523841858, 0.8217187523841858, 0.8217187523841858, 0.8217187523841858, 0.8217187523841858, 0.8217187523841858, 0.8217187523841858, 0.8217187523841858, 0.8217187523841858, 0.8217187523841858, 0.8217187523841858, 0.8217187523841858, 0.8217187523841858, 0.8217187523841858, 0.8213281035423279, 0.8207031488418579, 0.8239843845367432, 0.8239843845367432, 0.8380468487739563, 0.8395312428474426, 0.8369531035423279, 0.8372656106948853, 0.8359375, 0.8316406011581421, 0.8284375071525574, 0.8295312523841858, 0.8268749713897705, 0.8270312547683716, 0.8243749737739563, 0.8216406106948853, 0.8185155987739563, 0.81640625, 0.8145312666893005, 0.8125781416893005, 0.8125781416893005, 0.8154687285423279, 0.8114062547683716, 0.8145312666893005, 0.8153906464576721, 0.8150781393051147, 0.81640625, 0.8169531226158142]}