{"loss": [0.25368204712867737, 0.05327163636684418, 0.03933796286582947, 0.025735056027770042, 0.024741018190979958, 0.023780351504683495, 0.037353720515966415, 0.014261100441217422, 0.028437795117497444, 0.01792900823056698, 0.04027247056365013, 0.013336841017007828, 0.037230752408504486, 0.012327429838478565, 0.018210139125585556, 0.024369770660996437, 0.02398720011115074], "accuracy": [0.9689843654632568, 0.9767968654632568, 0.9796093702316284, 0.9866406321525574, 0.985156238079071, 0.9864843487739563, 0.9763281345367432, 0.9917968511581421, 0.9831249713897705, 0.989062488079071, 0.9763281345367432, 0.9927343726158142, 0.9798437356948853, 0.992968738079071, 0.9900781512260437, 0.9872656464576721, 0.9875781536102295], "val_loss": [0.6550664305686951, 0.6489540934562683, 0.6516577005386353, 0.6517552137374878, 0.6615083813667297, 0.6660488247871399, 0.6763145923614502, 0.6805505156517029, 0.6888136863708496, 0.698090136051178, 0.7080656290054321, 0.7118056416511536, 0.7176454067230225, 0.7185274362564087, 0.7208703756332397, 0.7238105535507202, 0.7263352870941162], "val_accuracy": [0.8217187523841858, 0.8217187523841858, 0.8217187523841858, 0.8217187523841858, 0.8213281035423279, 0.8221874833106995, 0.8213281035423279, 0.8201562762260437, 0.819531261920929, 0.8160156011581421, 0.8067968487739563, 0.15320312976837158, 0.1530468761920929, 0.15382812917232513, 0.15242187678813934, 0.15234375, 0.14960937201976776]}