{"loss": [0.6434712409973145, 0.3615131378173828, 0.09046822786331177, 0.05376265570521355, 0.03137838467955589, 0.017436301335692406, 0.01992505043745041, 0.06978321820497513, 0.0030896670650690794, 0.025519194081425667, 0.03231772035360336, 0.02414357103407383, 0.03834379091858864, 0.018336884677410126, 0.02389906905591488, 0.03339969366788864, 0.015281072817742825, 0.03215724602341652, 0.01498631201684475], "accuracy": [0.9814062714576721, 0.9885156154632568, 0.9865624904632568, 0.982421875, 0.9891406297683716, 0.9943749904632568, 0.9920312762260437, 0.965624988079071, 1.0, 0.9892187714576721, 0.984375, 0.9878906011581421, 0.9809374809265137, 0.9920312762260437, 0.9885937571525574, 0.9846875071525574, 0.992968738079071, 0.9844531416893005, 0.9931250214576721], "val_loss": [0.5938215255737305, 0.3773074746131897, 0.34619957208633423, 0.34344473481178284, 0.3591541647911072, 0.37909823656082153, 0.3674754798412323, 0.3784855008125305, 0.37838059663772583, 0.3720654547214508, 0.3850749135017395, 0.3782135248184204, 0.3818863034248352, 0.3999202847480774, 0.3924321234226227, 0.40705928206443787, 0.4109686017036438, 0.39130929112434387, 0.3856886327266693], "val_accuracy": [0.8262500166893005, 0.8225781321525574, 0.8251562714576721, 0.8458593487739563, 0.836718738079071, 0.8332812786102295, 0.8385156393051147, 0.8303124904632568, 0.8252343535423279, 0.8290625214576721, 0.8267968893051147, 0.8301562666893005, 0.8317968845367432, 0.8284375071525574, 0.829296886920929, 0.8283593654632568, 0.8303124904632568, 0.8292187452316284, 0.828906238079071]}