{"loss": [0.3820164203643799, 0.05394234508275986, 0.04270142689347267, 0.0190871674567461, 0.030408065766096115, 0.04242624714970589, 0.027364611625671387, 0.03391970694065094, 0.01333988830447197, 0.006295804865658283, 0.013670760206878185, 0.013277935795485973, 0.025595979765057564, 0.023873543366789818, 0.012416788376867771, 0.036859799176454544, 0.017468607053160667], "accuracy": [0.9227343797683716, 0.9907812476158142, 0.9764062762260437, 0.9900000095367432, 0.9819531440734863, 0.9750781059265137, 0.9830468893051147, 0.9810156226158142, 0.9932031035423279, 0.9969531297683716, 0.9923437237739563, 0.9932031035423279, 0.9856250286102295, 0.9884374737739563, 0.9939844012260437, 0.9810937643051147, 0.9920312762260437], "val_loss": [0.6532442569732666, 0.6277531981468201, 0.6281384825706482, 0.6296235918998718, 0.6337599158287048, 0.6404964923858643, 0.6448936462402344, 0.6503721475601196, 0.6544206142425537, 0.6523473262786865, 0.6518680453300476, 0.6524636149406433, 0.6579948663711548, 0.664273738861084, 0.6664673686027527, 0.6711297035217285, 0.6721063852310181], "val_accuracy": [0.8280468583106995, 0.826953113079071, 0.8232812285423279, 0.82421875, 0.8237500190734863, 0.8200781345367432, 0.8182031512260437, 0.817187488079071, 0.8174218535423279, 0.8149218559265137, 0.8127343654632568, 0.8099218606948853, 0.8042968511581421, 0.7963281273841858, 0.7951562404632568, 0.7867187261581421, 0.7905468940734863]}