{"loss": [0.6641703248023987, 0.5046471357345581, 0.20898300409317017, 0.06903014332056046, 0.07537757605314255, 0.07319412380456924, 0.06044049561023712, 0.023016341030597687, 0.03126548230648041, 0.05723808333277702, 0.02057664655148983, 0.03431015834212303, 0.027286726981401443, 0.03145519644021988, 0.009696212597191334, 0.05350232496857643, 0.040134280920028687, 0.01725795678794384, 0.07075239717960358, 0.022220619022846222, 0.033933140337467194, 0.0320715606212616], "accuracy": [0.7848437428474426, 0.981249988079071, 0.9823437333106995, 0.9865624904632568, 0.97265625, 0.9694530963897705, 0.9760156273841858, 0.9928125143051147, 0.9892187714576721, 0.9774218797683716, 0.9927343726158142, 0.9860156178474426, 0.9882031083106995, 0.986328125, 0.9960156083106995, 0.9763281345367432, 0.9814062714576721, 0.9931250214576721, 0.9704687595367432, 0.9899218678474426, 0.9837499856948853, 0.983203113079071], "val_loss": [0.6499502658843994, 0.5072730183601379, 0.405643492937088, 0.4043784737586975, 0.3867751359939575, 0.3652665615081787, 0.35808607935905457, 0.37517672777175903, 0.38620468974113464, 0.3806689977645874, 0.38030287623405457, 0.38438597321510315, 0.37760886549949646, 0.38558968901634216, 0.3915781080722809, 0.3771614730358124, 0.36827826499938965, 0.37573376297950745, 0.3763711154460907, 0.39023396372795105, 0.40884408354759216, 0.4045622944831848], "val_accuracy": [0.8217187523841858, 0.8217187523841858, 0.8217187523841858, 0.8217187523841858, 0.8208593726158142, 0.8135156035423279, 0.8188281059265137, 0.8157031536102295, 0.8168749809265137, 0.8187500238418579, 0.8225781321525574, 0.8224218487739563, 0.8245312571525574, 0.8245312571525574, 0.8254687786102295, 0.8221874833106995, 0.8242968916893005, 0.8246093988418579, 0.8212500214576721, 0.8204687237739563, 0.8217187523841858, 0.8206250071525574]}