{"loss": [0.4111493229866028, 0.06372411549091339, 0.036946479231119156, 0.03670862317085266, 0.015095332637429237, 0.008137514814734459, 0.02088909223675728, 0.027132824063301086, 0.03868885338306427, 0.03771807253360748, 0.009311630390584469, 0.047812800854444504, 0.03913433477282524, 0.03222040459513664, 0.030690662562847137, 0.020927181467413902, 0.020024068653583527], "accuracy": [0.9047656059265137, 0.9840624928474426, 0.9805468916893005, 0.9793750047683716, 0.9916406273841858, 0.9956250190734863, 0.987109363079071, 0.9839843511581421, 0.977734386920929, 0.9797656536102295, 0.9950000047683716, 0.9740625023841858, 0.9821875095367432, 0.9853906035423279, 0.9853906035423279, 0.9899218678474426, 0.9912499785423279], "val_loss": [0.6515421271324158, 0.6259551644325256, 0.6271280646324158, 0.6328784823417664, 0.6326508522033691, 0.6338385939598083, 0.6419650912284851, 0.6473821401596069, 0.6550957560539246, 0.6614347696304321, 0.6625449657440186, 0.6672888398170471, 0.6764333248138428, 0.6830319762229919, 0.6850336194038391, 0.6959030032157898, 0.6959841251373291], "val_accuracy": [0.8286718726158142, 0.8253124952316284, 0.8286718726158142, 0.8294531106948853, 0.8301562666893005, 0.8306249976158142, 0.8258593678474426, 0.8207031488418579, 0.8109375238418579, 0.8016406297683716, 0.8020312786102295, 0.8010156154632568, 0.7972656488418579, 0.7964843511581421, 0.8010937571525574, 0.7943750023841858, 0.7946093678474426]}