{"loss": [0.5907093286514282, 0.3800773322582245, 0.14103247225284576, 0.09800177812576294, 0.09869163483381271, 0.04389381781220436, 0.07270626723766327, 0.05195137485861778, 0.07561356574296951, 0.05915682017803192, 0.019167618826031685, 0.040372367948293686, 0.01712387055158615, 0.047303978353738785, 0.06190832704305649, 0.03637658432126045, 0.04695931822061539, 0.03348158672451973, 0.06861890107393265, 0.05198916047811508, 0.012719211168587208, 0.05061739310622215, 0.05020523443818092, 0.03172584995627403, 0.031516123563051224, 0.03820363059639931, 0.022721095010638237, 0.03686176985502243, 0.02870883233845234, 0.08932838588953018, 0.04232528805732727, 0.027956925332546234, 0.052916787564754486, 0.04704118147492409], "accuracy": [0.9514843821525574, 0.9763281345367432, 0.9947656393051147, 0.9827343821525574, 0.9770312309265137, 0.9911718964576721, 0.9806249737739563, 0.9868749976158142, 0.9760937690734863, 0.9799218773841858, 0.9955468773841858, 0.985546886920929, 0.9952343702316284, 0.9820312261581421, 0.9765625, 0.9873437285423279, 0.9825000166893005, 0.9874218702316284, 0.971484363079071, 0.9805468916893005, 0.9957812428474426, 0.982421875, 0.9798437356948853, 0.9889062643051147, 0.9886718988418579, 0.9850000143051147, 0.9922656416893005, 0.9847656488418579, 0.9897656440734863, 0.9643750190734863, 0.9822656512260437, 0.9888281226158142, 0.9794531464576721, 0.9813281297683716], "val_loss": [0.6272438168525696, 0.5119202136993408, 0.5282093286514282, 0.5001006722450256, 0.44611701369285583, 0.44943541288375854, 0.4057479202747345, 0.38816601037979126, 0.3680897653102875, 0.36554598808288574, 0.3737480640411377, 0.37166866660118103, 0.37436211109161377, 0.3567933738231659, 0.33974629640579224, 0.3382267653942108, 0.3426022231578827, 0.33818694949150085, 0.32981422543525696, 0.3302055299282074, 0.3394819498062134, 0.34245213866233826, 0.33653122186660767, 0.3423885703086853, 0.3426429331302643, 0.3431687653064728, 0.344020813703537, 0.3421972990036011, 0.3439819812774658, 0.3308457136154175, 0.3451705574989319, 0.34999850392341614, 0.34205085039138794, 0.34563034772872925], "val_accuracy": [0.8217187523841858, 0.8217187523841858, 0.8217187523841858, 0.8217187523841858, 0.8217187523841858, 0.8217187523841858, 0.8217187523841858, 0.8217187523841858, 0.8217187523841858, 0.8217187523841858, 0.8217187523841858, 0.8217187523841858, 0.8217187523841858, 0.8252343535423279, 0.8299219012260437, 0.8297656178474426, 0.8346874713897705, 0.8294531106948853, 0.825390636920929, 0.8228124976158142, 0.8216406106948853, 0.8180468678474426, 0.8185155987739563, 0.8178906440734863, 0.817578136920929, 0.8176562786102295, 0.818359375, 0.8184375166893005, 0.8198437690734863, 0.8206250071525574, 0.8174218535423279, 0.8174999952316284, 0.8188281059265137, 0.8201562762260437]}