{"loss": [0.5490663647651672, 0.3191200792789459, 0.1527932584285736, 0.13390308618545532, 0.1548803597688675, 0.10846641659736633, 0.12475226074457169, 0.1779070794582367, 0.10109918564558029, 0.10087534785270691, 0.12086654454469681, 0.05869311839342117, 0.10033484548330307, 0.16673322021961212, 0.062128946185112, 0.10388421267271042, 0.08328887075185776, 0.13833048939704895, 0.05982223153114319, 0.06054661422967911, 0.17396211624145508, 0.07320611923933029, 0.12220432609319687, 0.08950091153383255, 0.07472889870405197, 0.07091023027896881, 0.15877622365951538, 0.07283317297697067, 0.156935915350914, 0.07553787529468536, 0.11034496128559113, 0.019264444708824158, 0.029084622859954834, 0.07659003883600235, 0.035301439464092255, 0.02531426027417183, 0.027598585933446884, 0.11190015822649002, 0.04502490162849426, 0.16945312917232513, 0.08634772896766663, 0.10735668987035751, 0.12060411274433136, 0.01884099841117859, 0.045703765004873276, 0.1408630758523941, 0.08462619036436081, 0.06658978760242462, 0.11794782429933548, 0.06605646759271622, 0.10624043643474579, 0.0862153023481369, 0.13643263280391693, 0.12567806243896484, 0.08550296723842621, 0.07492314279079437, 0.1073998436331749, 0.09309668838977814, 0.09145978093147278, 0.08145011216402054, 0.07757572084665298, 0.06586650013923645, 0.06274241209030151, 0.07509203255176544, 0.0663646012544632, 0.05443345382809639, 0.04394392669200897, 0.07344706356525421, 0.07782072573900223, 0.07523615658283234, 0.04920819401741028, 0.09100434929132462, 0.11102115362882614, 0.07374924421310425, 0.06502220779657364], "accuracy": [0.9127343893051147, 0.9823437333106995, 0.9906250238418579, 0.9771093726158142, 0.9682812690734863, 0.9810937643051147, 0.9757031202316284, 0.9609375, 0.9817968606948853, 0.9810156226158142, 0.975781261920929, 0.9914844036102295, 0.9811718463897705, 0.9639843702316284, 0.9905468821525574, 0.9799218773841858, 0.9846875071525574, 0.9710156321525574, 0.9907031059265137, 0.9900000095367432, 0.962109386920929, 0.987109363079071, 0.9740625023841858, 0.982421875, 0.9859374761581421, 0.9869531393051147, 0.9639843702316284, 0.9867187738418579, 0.9639843702316284, 0.9860156178474426, 0.9767187237739563, 1.0, 0.9961718916893005, 0.9852343797683716, 0.9946093559265137, 0.9962499737739563, 0.9960156083106995, 0.9765625, 0.9921093583106995, 0.9614062309265137, 0.9818750023841858, 0.975781261920929, 0.9713281393051147, 1.0, 0.9916406273841858, 0.9670312404632568, 0.9809374809265137, 0.9864843487739563, 0.9713281393051147, 0.9854687452316284, 0.9736718535423279, 0.981249988079071, 0.9631249904632568, 0.9661718606948853, 0.9807031154632568, 0.9825780987739563, 0.9730468988418579, 0.9775781035423279, 0.9767968654632568, 0.9805468916893005, 0.9814062714576721, 0.9859374761581421, 0.9861719012260437, 0.9827343821525574, 0.9860937595367432, 0.9884374737739563, 0.9907031059265137, 0.983203113079071, 0.9811718463897705, 0.9820312261581421, 0.990234375, 0.9782812595367432, 0.9719531536102295, 0.9837499856948853, 0.9854687452316284], "val_loss": [0.6366947889328003, 0.575814962387085, 0.5688748359680176, 0.5876922011375427, 0.5898957252502441, 0.6028968691825867, 0.599175214767456, 0.5809686779975891, 0.5796154141426086, 0.5869694948196411, 0.5829837322235107, 0.6006743311882019, 0.5934081077575684, 0.5621662735939026, 0.5765872001647949, 0.5715947151184082, 0.5756596326828003, 0.5566710233688354, 0.5587703585624695, 0.5675426721572876, 0.533033013343811, 0.5353073477745056, 0.5218142867088318, 0.5197746157646179, 0.5218213796615601, 0.5172125697135925, 0.4931280016899109, 0.493043452501297, 0.4767126739025116, 0.4766623377799988, 0.4673371911048889, 0.4809967875480652, 0.4907679855823517, 0.4801679253578186, 0.48049435019493103, 0.49032315611839294, 0.48938778042793274, 0.4606909453868866, 0.46106866002082825, 0.42854025959968567, 0.42506614327430725, 0.4159945249557495, 0.4058685600757599, 0.4158276319503784, 0.4182254672050476, 0.3940865993499756, 0.39205944538116455, 0.38925492763519287, 0.38124409317970276, 0.37937721610069275, 0.3709102272987366, 0.36872923374176025, 0.36142170429229736, 0.35781610012054443, 0.357949823141098, 0.3594777584075928, 0.3575306832790375, 0.3541879653930664, 0.35270965099334717, 0.35076749324798584, 0.3515812158584595, 0.3534657955169678, 0.35243508219718933, 0.3555963933467865, 0.35799285769462585, 0.3617374300956726, 0.3634268045425415, 0.3629462718963623, 0.36052876710891724, 0.3592800498008728, 0.3627487123012543, 0.3562711775302887, 0.3559795022010803, 0.3589380979537964, 0.36088240146636963], "val_accuracy": [0.8217187523841858, 0.8217187523841858, 0.8217187523841858, 0.8217187523841858, 0.8217187523841858, 0.8217187523841858, 0.8217187523841858, 0.8217187523841858, 0.8217187523841858, 0.8217187523841858, 0.8217187523841858, 0.8217187523841858, 0.8217187523841858, 0.8217187523841858, 0.8217187523841858, 0.8217187523841858, 0.8217187523841858, 0.8217187523841858, 0.8217187523841858, 0.8217187523841858, 0.8217187523841858, 0.8217187523841858, 0.8217187523841858, 0.8217187523841858, 0.8217187523841858, 0.8217187523841858, 0.8217187523841858, 0.8217187523841858, 0.8217187523841858, 0.8217187523841858, 0.8217187523841858, 0.8217187523841858, 0.8217187523841858, 0.8217187523841858, 0.8217187523841858, 0.8217187523841858, 0.8217187523841858, 0.8217187523841858, 0.8217187523841858, 0.8217187523841858, 0.8217187523841858, 0.8217187523841858, 0.8217187523841858, 0.8217187523841858, 0.8217187523841858, 0.8217187523841858, 0.8217187523841858, 0.8217187523841858, 0.8217187523841858, 0.8217187523841858, 0.8217187523841858, 0.8217187523841858, 0.8217187523841858, 0.8107030987739563, 0.8076562285423279, 0.8092187643051147, 0.8073437213897705, 0.8001562356948853, 0.8014843463897705, 0.801562488079071, 0.8017968535423279, 0.8032812476158142, 0.8050000071525574, 0.8043749928474426, 0.8037499785423279, 0.8045312762260437, 0.8075781464576721, 0.805859386920929, 0.8047656416893005, 0.8025781512260437, 0.802734375, 0.801562488079071, 0.8013281226158142, 0.801953136920929, 0.8010156154632568]}