{"loss": [0.46466389298439026, 0.08416595309972763, 0.015566530637443066, 0.05183521285653114, 0.012508108280599117, 0.03668559715151787, 0.018839271739125252, 0.03442379832267761, 0.031501010060310364, 0.030591128394007683, 0.007702313829213381, 0.050455354154109955, 0.01578020490705967, 0.04136103764176369, 0.024860043078660965, 0.023428451269865036], "accuracy": [0.914843738079071, 0.9810156226158142, 0.9958593845367432, 0.9725781083106995, 0.9948437213897705, 0.9820312261581421, 0.9905468821525574, 0.9817968606948853, 0.9839843511581421, 0.9827343821525574, 0.9964843988418579, 0.9698437452316284, 0.9909374713897705, 0.9778906106948853, 0.9871875047683716, 0.9867968559265137], "val_loss": [0.6770307421684265, 0.7133573293685913, 0.7481871247291565, 0.7441619038581848, 0.7524564862251282, 0.7418228387832642, 0.7428956031799316, 0.7401657104492188, 0.7349169254302979, 0.7380914092063904, 0.746599018573761, 0.7355634570121765, 0.7436563968658447, 0.7396911382675171, 0.7418070435523987, 0.7440828084945679], "val_accuracy": [0.81640625, 0.8168749809265137, 0.8199999928474426, 0.8268749713897705, 0.8289843797683716, 0.8315625190734863, 0.8326562643051147, 0.8324218988418579, 0.8322656154632568, 0.8355468511581421, 0.833984375, 0.8393750190734863, 0.8392187356948853, 0.8384374976158142, 0.8414062261581421, 0.8430469036102295]}