{"loss": [0.6389581561088562, 0.35264208912849426, 0.07680917531251907, 0.04854583740234375, 0.06012045219540596, 0.04433063417673111, 0.03875351697206497, 0.052883196622133255, 0.027916211634874344, 0.01856520026922226, 0.06640862673521042, 0.03318144381046295, 0.00949772447347641, 0.04220695421099663, 0.026628408581018448, 0.02047133259475231, 0.03279521316289902, 0.025245310738682747, 0.032985586673021317, 0.02279631420969963, 0.0356755331158638, 0.04588378593325615, 0.0320095419883728, 0.015941405668854713, 0.034690842032432556, 0.024419451132416725], "accuracy": [0.961718738079071, 1.0, 0.9956250190734863, 0.9906250238418579, 0.9778125286102295, 0.9836719036102295, 0.9845312237739563, 0.9771875143051147, 0.989062488079071, 0.9924218654632568, 0.9723437428474426, 0.9859374761581421, 0.997265636920929, 0.9813281297683716, 0.9889843463897705, 0.9900781512260437, 0.9849218726158142, 0.9885937571525574, 0.9850780963897705, 0.9880468845367432, 0.9808593988418579, 0.9761718511581421, 0.9839062690734863, 0.9918749928474426, 0.981249988079071, 0.989062488079071], "val_loss": [0.6068634986877441, 0.5094594955444336, 0.6008201837539673, 0.49200260639190674, 0.4078212082386017, 0.37754547595977783, 0.3783053457736969, 0.3614845275878906, 0.36942264437675476, 0.37503430247306824, 0.35869404673576355, 0.36499348282814026, 0.3730374872684479, 0.3663046658039093, 0.3862936496734619, 0.3984282612800598, 0.3803311586380005, 0.3896922171115875, 0.37742701172828674, 0.38540321588516235, 0.3858996629714966, 0.39722388982772827, 0.3853275775909424, 0.39759576320648193, 0.38474905490875244, 0.3846137225627899], "val_accuracy": [0.8217187523841858, 0.8217187523841858, 0.8217187523841858, 0.8216406106948853, 0.8296874761581421, 0.8303906321525574, 0.8378124833106995, 0.8417187333106995, 0.8377344012260437, 0.8388281464576721, 0.8354687690734863, 0.8340625166893005, 0.8297656178474426, 0.8286718726158142, 0.8239062428474426, 0.8271874785423279, 0.8271874785423279, 0.8247656226158142, 0.8282812237739563, 0.8271874785423279, 0.8286718726158142, 0.8288280963897705, 0.8297656178474426, 0.8303906321525574, 0.8333593606948853, 0.8335156440734863]}