{"loss": [1.422614574432373, 0.38295283913612366, 0.0484754703938961, 0.013778298161923885, 0.024197442457079887, 0.04669562354683876, 0.04072874039411545, 0.009007126092910767, 0.03467915952205658, 0.009160307236015797, 0.007275741547346115, 0.01698192022740841, 0.009473005309700966, 0.031725991517305374, 0.014539926312863827, 0.00034634926123544574], "acurracy": [0.9381250143051147, 0.9837499856948853, 0.9900000095367432, 0.9975000023841858, 0.9934375286102295, 0.9850000143051147, 0.9856250286102295, 0.9971874952316284, 0.9881250262260437, 0.9978125095367432, 0.9987499713897705, 0.995312511920929, 0.9981250166893005, 0.9950000047683716, 0.9971874952316284, 1.0], "val_loss": [1.3559321165084839, 1.5615884065628052, 1.7662547826766968, 1.8507379293441772, 1.9169830083847046, 1.8952440023422241, 1.8548061847686768, 1.9136406183242798, 1.8653277158737183, 1.8875269889831543, 1.9840991497039795, 1.838087558746338, 2.006857395172119, 1.8124935626983643, 1.7930091619491577, 1.8714998960494995], "val_acurracy": [0.5581250190734863, 0.5481250286102295, 0.5381249785423279, 0.5506250262260437, 0.5731250047683716, 0.7193750143051147, 0.8378124833106995, 0.8362500071525574, 0.8362500071525574, 0.8362500071525574, 0.8346874713897705, 0.8415625095367432, 0.8334375023841858, 0.8371875286102295, 0.8309375047683716, 0.8324999809265137]}