{"loss": [1.4528471231460571, 0.44968724250793457, 0.02247118018567562, 0.016277916729450226, 0.02554652839899063, 0.029918519780039787, 0.024528078734874725, 0.009054368361830711, 0.009424922056496143, 0.0006911816308274865, 0.013954009860754013, 0.028436308726668358, 0.010461684316396713, 0.010409618727862835, 0.005871240980923176, 0.009029299952089787], "acurracy": [0.9312499761581421, 0.996874988079071, 1.0, 0.9971874952316284, 0.9909374713897705, 0.9925000071525574, 0.9887499809265137, 0.996874988079071, 0.9971874952316284, 1.0, 0.9959375262260437, 0.9950000047683716, 0.9975000023841858, 0.9990624785423279, 0.9990624785423279, 0.9987499713897705], "val_loss": [1.306767225265503, 1.5926299095153809, 1.9544011354446411, 2.199815273284912, 2.1876628398895264, 2.1121134757995605, 2.1190648078918457, 2.071176052093506, 2.1445810794830322, 2.081702709197998, 2.2293365001678467, 2.03645396232605, 1.9242913722991943, 1.797276496887207, 1.8055070638656616, 1.8397680521011353], "val_acurracy": [0.6328125, 0.6850000023841858, 0.6762499809265137, 0.7631250023841858, 0.8590624928474426, 0.8528125286102295, 0.8481249809265137, 0.8512499928474426, 0.8462499976158142, 0.8481249809265137, 0.8462499976158142, 0.8446875214576721, 0.856249988079071, 0.8540624976158142, 0.8553125262260437, 0.8534374833106995]}