{"loss": [1.4818991422653198, 0.5199924111366272, 0.03660735487937927, 0.0226682610809803, 0.03227492794394493, 0.022305086255073547, 0.03266023471951485, 0.05425911769270897, 0.009924125857651234, 0.000887822185177356, 0.03201274573802948, 0.01841110736131668, 0.013792628422379494, 0.009382580406963825, 0.00045825052075088024, 0.009684193879365921], "acurracy": [0.8753125071525574, 0.9962499737739563, 0.9965624809265137, 0.9943749904632568, 0.9896875023841858, 0.9925000071525574, 0.9878125190734863, 0.9787499904632568, 0.9959375262260437, 1.0, 0.9909374713897705, 0.9931250214576721, 0.9962499737739563, 0.9962499737739563, 1.0, 0.9965624809265137], "val_loss": [1.3835432529449463, 1.7465647459030151, 2.198748826980591, 2.3575618267059326, 2.4154279232025146, 2.517666816711426, 2.4462997913360596, 2.455387830734253, 2.3757245540618896, 2.5595173835754395, 2.393726110458374, 2.4226279258728027, 2.4310708045959473, 2.4355661869049072, 2.425544500350952, 2.5241518020629883], "val_acurracy": [0.5678125023841858, 0.5778124928474426, 0.581250011920929, 0.5721874833106995, 0.5768749713897705, 0.5759375095367432, 0.5796874761581421, 0.5778124928474426, 0.5718749761581421, 0.5768749713897705, 0.5834375023841858, 0.6271874904632568, 0.7793750166893005, 0.8125, 0.8109375238418579, 0.8212500214576721]}