{"loss": [1.3597204685211182, 0.8438355326652527, 0.40450942516326904, 0.19424445927143097, 0.11311459541320801, 0.04520806297659874, 0.06369510293006897, 0.0369812436401844, 0.05502741411328316, 0.08145362883806229, 0.012735669501125813, 0.04727467522025108, 0.009322806261479855, 0.05725326016545296, 0.06376349180936813, 0.024275898933410645, 0.0066268956288695335], "acurracy": [0.6768749952316284, 0.9937499761581421, 0.9903125166893005, 0.9912499785423279, 0.9921875, 1.0, 0.9931250214576721, 0.9962499737739563, 0.9937499761581421, 0.9871875047683716, 1.0, 0.9937499761581421, 1.0, 0.9906250238418579, 0.9900000095367432, 0.9965624809265137, 1.0], "val_loss": [1.4496821165084839, 1.3113409280776978, 1.3309996128082275, 1.541053056716919, 1.7781790494918823, 1.9708279371261597, 2.143657684326172, 2.3135650157928467, 2.4732367992401123, 2.5906572341918945, 2.7318618297576904, 2.819061040878296, 2.9295291900634766, 3.0461113452911377, 3.180722236633301, 3.236316204071045, 3.3015456199645996], "val_acurracy": [0.581250011920929, 0.5724999904632568, 0.5793750286102295, 0.5743749737739563, 0.5737500190734863, 0.578125, 0.5778124928474426, 0.578125, 0.5784375071525574, 0.5790625214576721, 0.5771874785423279, 0.5799999833106995, 0.5815625190734863, 0.5768749713897705, 0.5709375143051147, 0.5787500143051147, 0.5821874737739563]}