{"loss": [1.5157655477523804, 0.7392387390136719, 0.08753585815429688, 0.012111663818359375, 0.016129352152347565, 0.003093611216172576, 0.03211108222603798, 0.02526269108057022, 0.001621450879611075, 0.023855891078710556, 0.008718670345842838, 0.01941831037402153, 0.01659945212304592, 0.014597597531974316, 0.013624753803014755, 0.019694127142429352], "acurracy": [0.9653124809265137, 1.0, 0.9884374737739563, 1.0, 0.9956250190734863, 1.0, 0.9887499809265137, 0.9915624856948853, 1.0, 0.9912499785423279, 0.9965624809265137, 0.9928125143051147, 0.9950000047683716, 0.9943749904632568, 0.995312511920929, 0.9931250214576721], "val_loss": [1.4527407884597778, 1.7722206115722656, 2.3971211910247803, 2.6202776432037354, 2.757646083831787, 2.8890891075134277, 2.8665084838867188, 2.885528564453125, 3.1943421363830566, 3.100254535675049, 3.1403615474700928, 3.041670560836792, 3.030374526977539, 3.072068214416504, 3.258603096008301, 3.139082670211792], "val_acurracy": [0.5318750143051147, 0.48656249046325684, 0.48781248927116394, 0.4906249940395355, 0.4946874976158142, 0.49812498688697815, 0.5021874904632568, 0.5253124833106995, 0.5443750023841858, 0.6953125, 0.7706249952316284, 0.778124988079071, 0.7953125238418579, 0.8034374713897705, 0.7931249737739563, 0.8028125166893005]}