{"loss": [1.1149404048919678, 0.5624642372131348, 0.24517162144184113, 0.13228441774845123, 0.09703060239553452, 0.05099308863282204, 0.023571237921714783, 0.03890801593661308, 0.06938242167234421, 0.09126352518796921, 0.06224426254630089, 0.055679306387901306, 0.02808207832276821, 0.009407799690961838, 0.006675939541310072, 0.0057792942970991135, 0.03299645334482193], "acurracy": [0.917187511920929, 1.0, 0.9921875, 0.9925000071525574, 0.9921875, 0.996874988079071, 1.0, 0.9965624809265137, 0.9912499785423279, 0.9871875047683716, 0.9918749928474426, 0.9931250214576721, 0.996874988079071, 1.0, 1.0, 1.0, 0.9956250190734863], "val_loss": [1.3355038166046143, 1.207458257675171, 1.3008018732070923, 1.4595385789871216, 1.609697699546814, 1.7569479942321777, 1.9146078824996948, 2.0085699558258057, 2.0785129070281982, 2.1143856048583984, 2.2089180946350098, 2.260878086090088, 2.328948974609375, 2.427277088165283, 2.5639591217041016, 2.6213574409484863, 2.699237108230591], "val_acurracy": [0.5778124928474426, 0.5803124904632568, 0.5756250023841858, 0.5768749713897705, 0.5796874761581421, 0.5803124904632568, 0.5771874785423279, 0.5824999809265137, 0.5790625214576721, 0.5824999809265137, 0.5787500143051147, 0.5774999856948853, 0.582812488079071, 0.5818750262260437, 0.5765625238418579, 0.5815625190734863, 0.5771874785423279]}