{"loss": [0.8734757900238037, 0.09277985244989395, 0.0273536778986454, 0.019176507368683815, 0.016689753159880638, 0.014240716584026814, 0.022528667002916336, 0.009943167679011822, 0.009695501066744328, 0.01742105931043625, 0.007795891258865595, 0.02251574955880642, 0.011433926410973072, 0.0001682774891378358, 0.011593926697969437, 0.010766698978841305], "acurracy": [0.9271875023841858, 0.9912499785423279, 0.9959375262260437, 0.9962499737739563, 0.995312511920929, 0.9975000023841858, 0.9946874976158142, 0.9978125095367432, 0.9984375238418579, 0.9962499737739563, 0.9978125095367432, 0.995312511920929, 0.9975000023841858, 1.0, 0.9975000023841858, 0.9981250166893005], "val_loss": [1.6370304822921753, 1.7857829332351685, 1.904439091682434, 2.0133962631225586, 2.121108293533325, 2.280089855194092, 2.4468016624450684, 2.5770275592803955, 2.724893808364868, 2.864047050476074, 2.9512453079223633, 3.1538851261138916, 3.2867064476013184, 3.31538462638855, 3.45942759513855, 3.6112678050994873], "val_acurracy": [0.4437499940395355, 0.5171874761581421, 0.4984374940395355, 0.5087500214576721, 0.453125, 0.4337500035762787, 0.3734374940395355, 0.34843748807907104, 0.3125, 0.2653124928474426, 0.2565625011920929, 0.2084375023841858, 0.19031250476837158, 0.19499999284744263, 0.1640625, 0.1496874988079071]}