{"loss": [1.4450912475585938, 0.5197550058364868, 0.06600967049598694, 0.035660549998283386, 0.029603464528918266, 0.002705709310248494, 0.013543919660151005, 0.0182320699095726, 0.0012569234240800142, 0.00938989594578743, 0.040408656001091, 0.01206293422728777, 0.013169118203222752, 0.0005924837896600366, 0.02866465598344803, 0.00036532923695631325], "acurracy": [0.9200000166893005, 0.9965624809265137, 0.9896875023841858, 0.9912499785423279, 0.9909374713897705, 1.0, 0.9950000047683716, 0.9959375262260437, 1.0, 0.9959375262260437, 0.9846875071525574, 0.9950000047683716, 0.9950000047683716, 1.0, 0.9900000095367432, 1.0], "val_loss": [1.3414826393127441, 1.9797505140304565, 2.4574451446533203, 2.6457314491271973, 2.779895067214966, 2.8775839805603027, 2.884974718093872, 3.1201465129852295, 2.8503286838531494, 3.1323180198669434, 3.0758659839630127, 3.1503782272338867, 3.011486530303955, 3.0798795223236084, 3.0531885623931885, 3.236447811126709], "val_acurracy": [0.6821874976158142, 0.5737500190734863, 0.5712500214576721, 0.5625, 0.5475000143051147, 0.5484374761581421, 0.5525000095367432, 0.542187511920929, 0.5453125238418579, 0.5406249761581421, 0.6034374833106995, 0.8103125095367432, 0.8071874976158142, 0.8081250190734863, 0.8065624833106995, 0.8053125143051147]}