{"loss": [0.9739409685134888, 0.10065743327140808, 0.04774757847189903, 0.025714164599776268, 0.02354704588651657, 0.0015561786713078618, 0.011857745237648487, 0.000932953436858952, 0.009474395774304867, 0.015283768996596336, 0.0004579969390761107, 0.00854454655200243, 0.009648861363530159, 0.006925874389708042, 0.00026487273862585425, 0.022560620680451393], "acurracy": [0.9331250190734863, 0.9937499761581421, 0.9915624856948853, 0.9956250190734863, 0.9965624809265137, 1.0, 0.9984375238418579, 1.0, 0.9987499713897705, 0.9978125095367432, 1.0, 0.9981250166893005, 0.9975000023841858, 0.9993749856948853, 1.0, 0.9940624833106995], "val_loss": [1.6888434886932373, 2.233553171157837, 2.589181423187256, 2.863386869430542, 3.1041793823242188, 3.2632617950439453, 3.3667709827423096, 3.434110403060913, 3.6035661697387695, 3.7125656604766846, 3.7834014892578125, 3.8304216861724854, 3.8620996475219727, 4.0125932693481445, 4.066169261932373, 4.200076103210449], "val_acurracy": [0.4387499988079071, 0.43562498688697815, 0.34312498569488525, 0.2893750071525574, 0.24968749284744263, 0.24281249940395355, 0.22875000536441803, 0.22750000655651093, 0.21531249582767487, 0.2084375023841858, 0.20343750715255737, 0.19312499463558197, 0.18031249940395355, 0.16843749582767487, 0.16750000417232513, 0.15156249701976776]}