{"loss": [0.6618129014968872, 0.38221946358680725, 0.09132112562656403, 0.05304993689060211, 0.017404863610863686, 0.04887287691235542, 0.048464976251125336, 0.04141129180788994, 0.024710841476917267, 0.024102188646793365, 0.05563785135746002, 0.03941735997796059, 0.04515254497528076, 0.02800091542303562, 0.024383580312132835, 0.04581795632839203, 0.022624371573328972, 0.03273102641105652, 0.034246448427438736], "accuracy": [0.9874218702316284, 0.9850780963897705, 0.9866406321525574, 0.9832812547683716, 0.9957031011581421, 0.9789062738418579, 0.9775781035423279, 0.9786718487739563, 0.9892187714576721, 0.989062488079071, 0.9737499952316284, 0.9796093702316284, 0.9788281321525574, 0.9867187738418579, 0.9892968535423279, 0.9772655963897705, 0.9891406297683716, 0.9835156202316284, 0.9828906059265137], "val_loss": [0.6181154847145081, 0.3953552544116974, 0.36768263578414917, 0.35786575078964233, 0.3845544457435608, 0.3624105155467987, 0.36331403255462646, 0.3644861578941345, 0.3672357499599457, 0.36305180191993713, 0.3610585331916809, 0.3667807877063751, 0.3689286410808563, 0.38312461972236633, 0.3761484920978546, 0.37415000796318054, 0.3878432810306549, 0.3935554027557373, 0.3935207426548004], "val_accuracy": [0.8212500214576721, 0.8213281035423279, 0.8294531106948853, 0.8357031345367432, 0.8324218988418579, 0.8324999809265137, 0.8313281536102295, 0.8303906321525574, 0.8318750262260437, 0.8340625166893005, 0.832812488079071, 0.8329687714576721, 0.8323437571525574, 0.8310937285423279, 0.8329687714576721, 0.8354687690734863, 0.8357812762260437, 0.8342968821525574, 0.8382812738418579]}