{"loss": [0.5564654469490051, 0.2874816954135895, 0.1684812605381012, 0.12658369541168213, 0.06083161011338234, 0.06377871334552765, 0.10459880530834198, 0.1445571780204773, 0.07025671005249023, 0.0490545779466629, 0.04676742106676102, 0.09827063232660294, 0.09580822288990021, 0.06728032231330872, 0.05655732750892639, 0.01102286297827959], "accuracy": [0.9029687643051147, 0.9764843583106995, 0.9810937643051147, 0.9826562404632568, 0.9951562285423279, 0.9917187690734863, 0.9814062714576721, 0.9685937762260437, 0.9859374761581421, 0.9908593893051147, 0.9904687404632568, 0.9736718535423279, 0.9685937762260437, 0.9775781035423279, 0.981249988079071, 1.0], "val_loss": [0.6420522928237915, 0.6533592939376831, 0.6974743008613586, 0.7340084910392761, 0.8071934580802917, 0.8399322032928467, 0.7878018021583557, 0.7017568945884705, 0.7229546904563904, 0.764557421207428, 0.7939945459365845, 0.6988873481750488, 0.6602753400802612, 0.6585594415664673, 0.7333916425704956, 0.8245155215263367], "val_accuracy": [0.8217187523841858, 0.8217187523841858, 0.8217187523841858, 0.8217187523841858, 0.8217187523841858, 0.8217187523841858, 0.8217187523841858, 0.8217187523841858, 0.8217187523841858, 0.8217187523841858, 0.8217187523841858, 0.8217187523841858, 0.8217187523841858, 0.8217187523841858, 0.8217187523841858, 0.8217187523841858]}