{"loss": [0.5462222695350647, 0.3050002455711365, 0.1769377589225769, 0.16393059492111206, 0.10342509299516678, 0.07650355994701385, 0.15101364254951477, 0.0690697580575943, 0.1334112584590912, 0.08209287375211716, 0.08066809922456741, 0.1147167980670929, 0.09108444303274155, 0.03932453319430351, 0.034638576209545135, 0.05217372253537178, 0.06918200850486755, 0.1259155571460724, 0.0844140276312828, 0.06639338284730911, 0.0652305856347084, 0.08048830926418304, 0.031415775418281555, 0.09451272338628769, 0.058207157999277115, 0.0824231207370758, 0.1104416474699974, 0.06820199638605118, 0.06024106964468956, 0.0793147161602974, 0.08453740179538727, 0.06407281011343002, 0.044850535690784454, 0.05921390652656555, 0.16164357960224152, 0.07776656001806259, 0.08489029109477997, 0.10492607951164246, 0.06660530716180801, 0.08250153809785843, 0.08776619285345078, 0.07264108210802078, 0.058545902371406555, 0.031708408147096634, 0.09963490813970566, 0.10777900367975235, 0.03396451473236084, 0.08520089089870453, 0.0626491978764534, 0.042991623282432556], "accuracy": [0.932421863079071, 0.9764062762260437, 0.9763281345367432, 0.9704687595367432, 0.9842968583106995, 0.9892968535423279, 0.9696875214576721, 0.9900781512260437, 0.9717968702316284, 0.9853125214576721, 0.9850780963897705, 0.975781261920929, 0.9813281297683716, 0.9951562285423279, 0.9953906536102295, 0.9907031059265137, 0.9858593940734863, 0.9712499976158142, 0.9810937643051147, 0.9861719012260437, 0.9864062666893005, 0.9814062714576721, 0.9950000047683716, 0.9770312309265137, 0.9879687428474426, 0.9808593988418579, 0.9714062213897705, 0.9856250286102295, 0.986328125, 0.9807031154632568, 0.9782031178474426, 0.985546886920929, 0.9908593893051147, 0.9857812523841858, 0.9525781273841858, 0.9808593988418579, 0.9789062738418579, 0.971484363079071, 0.9844531416893005, 0.9796093702316284, 0.9766406416893005, 0.9817187786102295, 0.9856250286102295, 0.9951562285423279, 0.9732031226158142, 0.9708593487739563, 0.9950000047683716, 0.9782812595367432, 0.9848437309265137, 0.9906250238418579], "val_loss": [0.6499558091163635, 0.609763503074646, 0.6179494261741638, 0.598442554473877, 0.6117772459983826, 0.6336714029312134, 0.5806987285614014, 0.5996749401092529, 0.5588746666908264, 0.5746300220489502, 0.5705829858779907, 0.5435945987701416, 0.5362545847892761, 0.5757458806037903, 0.6115673184394836, 0.6180305480957031, 0.6099900603294373, 0.5277471542358398, 0.5298817157745361, 0.5364887714385986, 0.54781574010849, 0.5289612412452698, 0.5698999166488647, 0.5386019349098206, 0.5417831540107727, 0.5283145904541016, 0.49433040618896484, 0.518597424030304, 0.5388069152832031, 0.5132860541343689, 0.5026399493217468, 0.5258020162582397, 0.5557802319526672, 0.5694540143013, 0.46372368931770325, 0.4812726676464081, 0.4876297414302826, 0.4717700481414795, 0.5061402320861816, 0.5085683465003967, 0.5106137990951538, 0.5242652297019958, 0.542905330657959, 0.5963445901870728, 0.5245460271835327, 0.5003548860549927, 0.5498878359794617, 0.5238041877746582, 0.5394505858421326, 0.5763843655586243], "val_accuracy": [0.8217187523841858, 0.8217187523841858, 0.8217187523841858, 0.8217187523841858, 0.8217187523841858, 0.8217187523841858, 0.8217187523841858, 0.8217187523841858, 0.8217187523841858, 0.8217187523841858, 0.8217187523841858, 0.8217187523841858, 0.8217187523841858, 0.8217187523841858, 0.8217187523841858, 0.8217187523841858, 0.8217187523841858, 0.8217187523841858, 0.8217187523841858, 0.8217187523841858, 0.8217187523841858, 0.8217187523841858, 0.8217187523841858, 0.8217187523841858, 0.8217187523841858, 0.8217187523841858, 0.8217187523841858, 0.8217187523841858, 0.8217187523841858, 0.8217187523841858, 0.8217187523841858, 0.8217187523841858, 0.8217187523841858, 0.8217187523841858, 0.8217187523841858, 0.8217187523841858, 0.8217187523841858, 0.8217187523841858, 0.8217187523841858, 0.8217187523841858, 0.8217187523841858, 0.8217187523841858, 0.8217187523841858, 0.8217187523841858, 0.8217187523841858, 0.8217187523841858, 0.8217187523841858, 0.8217187523841858, 0.8217187523841858, 0.8217187523841858]}