{"loss": [0.6391191482543945, 0.34966573119163513, 0.09388646483421326, 0.03635184094309807, 0.056645870208740234, 0.08055495470762253, 0.052921973168849945, 0.025516007095575333, 0.023358790203928947, 0.029772894456982613, 0.05199158564209938, 0.002883277600631118, 0.03425111621618271, 0.018132183700799942, 0.02999596856534481, 0.06254423409700394, 0.017630940303206444, 0.03255082294344902, 0.008508493192493916, 0.057761482894420624, 0.00955173745751381, 0.03413461521267891, 0.031671494245529175, 0.051418378949165344, 0.046540118753910065, 0.031522393226623535, 0.029241815209388733, 0.00889697577804327, 0.03643375262618065, 0.05056653544306755, 0.03001156821846962, 0.010346757248044014, 0.033012308180332184, 0.02113536186516285, 0.035617243498563766, 0.041878391057252884, 0.03042719140648842, 0.02412768453359604, 0.022751878947019577, 0.011585860513150692, 0.020822983235120773, 0.019996972754597664, 0.026714181527495384, 0.01076686754822731, 0.018836816772818565, 0.021092267706990242, 0.02391463704407215, 0.02009708620607853, 0.03000655584037304, 0.014263072051107883, 0.025835605338215828, 0.013528959825634956, 0.0005265228101052344, 0.025959903374314308, 0.01894916594028473, 0.017999524250626564, 0.04468484967947006, 0.031099282205104828, 0.028033798560500145, 0.01628110744059086, 0.0255903247743845, 0.04181915894150734, 0.01209585927426815, 0.03144067898392677], "accuracy": [0.9395312666893005, 0.9864062666893005, 0.991406261920929, 0.9957031011581421, 0.9866406321525574, 0.9737499952316284, 0.9810156226158142, 0.9914844036102295, 0.9925000071525574, 0.9873437285423279, 0.9767968654632568, 1.0, 0.9853125214576721, 0.9925781488418579, 0.987500011920929, 0.9709374904632568, 0.9928125143051147, 0.9838281273841858, 0.9967968463897705, 0.9733593463897705, 0.9971093535423279, 0.9860156178474426, 0.9852343797683716, 0.9754687547683716, 0.9784374833106995, 0.9865624904632568, 0.987500011920929, 0.9967968463897705, 0.983203113079071, 0.9771093726158142, 0.9859374761581421, 0.9963281154632568, 0.9867187738418579, 0.9909374713897705, 0.982421875, 0.9809374809265137, 0.9864843487739563, 0.9907031059265137, 0.9913281202316284, 0.994921863079071, 0.9899218678474426, 0.991406261920929, 0.9879687428474426, 0.9959375262260437, 0.9919531345367432, 0.9913281202316284, 0.9889062643051147, 0.9903125166893005, 0.9865624904632568, 0.9935156106948853, 0.9889843463897705, 0.9944531321525574, 1.0, 0.9889843463897705, 0.991015613079071, 0.9912499785423279, 0.9827343821525574, 0.9865624904632568, 0.9886718988418579, 0.9928125143051147, 0.9889843463897705, 0.9805468916893005, 0.9942187666893005, 0.9861719012260437], "val_loss": [0.6346583962440491, 0.6613689661026001, 0.7414097785949707, 0.7816047072410583, 0.5969880819320679, 0.42264947295188904, 0.3820764422416687, 0.373575359582901, 0.36925366520881653, 0.37374889850616455, 0.35876691341400146, 0.3687547445297241, 0.35988089442253113, 0.35803642868995667, 0.3577345013618469, 0.3512991964817047, 0.3537234365940094, 0.3589091897010803, 0.3691256046295166, 0.36117786169052124, 0.36076536774635315, 0.3605157732963562, 0.36146438121795654, 0.3602679967880249, 0.34739166498184204, 0.34554576873779297, 0.35369423031806946, 0.36027395725250244, 0.35156458616256714, 0.34398147463798523, 0.3488646447658539, 0.35462477803230286, 0.35502398014068604, 0.3520217835903168, 0.36153578758239746, 0.3510565161705017, 0.35257866978645325, 0.3390475809574127, 0.35037630796432495, 0.35565459728240967, 0.3615656793117523, 0.36466723680496216, 0.3532508909702301, 0.3611491024494171, 0.36781421303749084, 0.3472250998020172, 0.36047372221946716, 0.3524112403392792, 0.33594581484794617, 0.3468206524848938, 0.35381144285202026, 0.35588282346725464, 0.3666645884513855, 0.3567638099193573, 0.3623357117176056, 0.37213656306266785, 0.34826746582984924, 0.34240472316741943, 0.3368252217769623, 0.3489270508289337, 0.3598073720932007, 0.35346299409866333, 0.35207465291023254, 0.35442984104156494], "val_accuracy": [0.8217187523841858, 0.8216406106948853, 0.8220312595367432, 0.8226562738418579, 0.8244531154632568, 0.826171875, 0.8326562643051147, 0.8392968773841858, 0.8382812738418579, 0.8322656154632568, 0.8367968797683716, 0.8357031345367432, 0.8357031345367432, 0.8360156416893005, 0.8332812786102295, 0.8268749713897705, 0.8276562690734863, 0.8253124952316284, 0.8251562714576721, 0.8240625262260437, 0.8262500166893005, 0.8258593678474426, 0.8251562714576721, 0.8296093940734863, 0.8305468559265137, 0.8333593606948853, 0.8306249976158142, 0.8274219036102295, 0.8328906297683716, 0.835156261920929, 0.8333593606948853, 0.8340625166893005, 0.8350781202316284, 0.8375781178474426, 0.8361718654632568, 0.8372656106948853, 0.8412500023841858, 0.8414062261581421, 0.836718738079071, 0.8348437547683716, 0.8360937237739563, 0.8389062285423279, 0.8407812714576721, 0.8401562571525574, 0.83984375, 0.8433593511581421, 0.839062511920929, 0.8420312404632568, 0.8475781083106995, 0.8454687595367432, 0.8471093773841858, 0.8471875190734863, 0.846484363079071, 0.84765625, 0.8440625071525574, 0.8430469036102295, 0.8419530987739563, 0.8463281393051147, 0.8464062213897705, 0.8489843606948853, 0.84765625, 0.8512499928474426, 0.8512499928474426, 0.8498437404632568]}