{"loss": [0.6388561129570007, 0.30371901392936707, 0.07921766489744186, 0.05741332098841667, 0.044758982956409454, 0.05268004536628723, 0.034770432859659195, 0.014732038602232933, 0.01970657892525196, 0.04825211688876152, 0.01958494260907173, 0.03900296986103058, 0.04185862094163895, 0.03389479219913483, 0.0021163567434996367, 0.037123940885066986, 0.03315255045890808, 0.016421454027295113, 0.02791900373995304, 0.024508612230420113, 0.03684334456920624, 0.04676403850317001, 0.046286650002002716, 0.019229110330343246, 0.03928981348872185, 0.030648231506347656, 0.0312638096511364, 0.03396036475896835, 0.022167528048157692, 0.041773099452257156, 0.014734449796378613, 0.00850340910255909, 0.02043919265270233, 0.0069662355817854404, 0.03200944513082504, 0.019516028463840485, 0.028072578832507133, 0.018789522349834442], "accuracy": [0.8758593797683716, 0.981249988079071, 0.9869531393051147, 0.9849218726158142, 0.9846093654632568, 0.9806249737739563, 0.9881250262260437, 0.9958593845367432, 0.9927343726158142, 0.9818750023841858, 0.9928125143051147, 0.9839843511581421, 0.9810937643051147, 0.9861719012260437, 1.0, 0.9860937595367432, 0.9865624904632568, 0.9932031035423279, 0.989453136920929, 0.9889062643051147, 0.9839062690734863, 0.9800000190734863, 0.9791406393051147, 0.9919531345367432, 0.9811718463897705, 0.9874218702316284, 0.986328125, 0.9832812547683716, 0.9900781512260437, 0.9814843535423279, 0.9938281178474426, 0.9967187643051147, 0.9916406273841858, 0.9976562261581421, 0.9852343797683716, 0.9906250238418579, 0.9871875047683716, 0.9907812476158142], "val_loss": [0.6179713010787964, 0.48780813813209534, 0.443910151720047, 0.40904471278190613, 0.3940656781196594, 0.3636161684989929, 0.35150837898254395, 0.3513506054878235, 0.3503199517726898, 0.3329559564590454, 0.32592499256134033, 0.3133578598499298, 0.3117862045764923, 0.31303128600120544, 0.31762078404426575, 0.3133243918418884, 0.3119170069694519, 0.31095656752586365, 0.3029756546020508, 0.2981260418891907, 0.29886046051979065, 0.2945172190666199, 0.29306691884994507, 0.2949680984020233, 0.29784634709358215, 0.29357314109802246, 0.29506468772888184, 0.29739734530448914, 0.30348914861679077, 0.304014652967453, 0.3056980073451996, 0.3113424777984619, 0.3119003176689148, 0.3128896653652191, 0.3133420944213867, 0.30906540155410767, 0.308929443359375, 0.30265477299690247], "val_accuracy": [0.8255468606948853, 0.8404687643051147, 0.8463281393051147, 0.8486718535423279, 0.8536718487739563, 0.8624218702316284, 0.8581249713897705, 0.8559374809265137, 0.8583593964576721, 0.858593761920929, 0.8572656512260437, 0.8534374833106995, 0.8533594012260437, 0.8522655963897705, 0.8522655963897705, 0.8485937714576721, 0.8475781083106995, 0.8441406488418579, 0.8482812643051147, 0.8464062213897705, 0.8477343916893005, 0.8446875214576721, 0.8463281393051147, 0.8436718583106995, 0.8407031297683716, 0.8436718583106995, 0.8450781106948853, 0.8432031273841858, 0.8400781154632568, 0.8440625071525574, 0.8435937762260437, 0.8427343964576721, 0.8428906202316284, 0.8436718583106995, 0.8432031273841858, 0.842968761920929, 0.8395312428474426, 0.8433593511581421]}