{"loss": [0.5482450127601624, 0.28836750984191895, 0.18067684769630432, 0.13182757794857025, 0.1797076016664505, 0.09189166128635406, 0.08512887358665466, 0.06807074695825577, 0.01960357092320919, 0.0982852354645729, 0.08171410858631134, 0.02603902295231819, 0.07983241230249405, 0.04998745024204254, 0.10413768142461777, 0.10022752732038498, 0.10778400301933289, 0.051323581486940384, 0.10295578092336655], "accuracy": [0.8580468893051147, 0.9814843535423279, 0.9742187261581421, 0.9795312285423279, 0.9624218940734863, 0.9861719012260437, 0.9865624904632568, 0.9900781512260437, 1.0, 0.9828125238418579, 0.9867187738418579, 0.9978125095367432, 0.9870312213897705, 0.9927343726158142, 0.9819531440734863, 0.9823437333106995, 0.9805468916893005, 0.9927343726158142, 0.9813281297683716], "val_loss": [0.6295702457427979, 0.5586506128311157, 0.531807005405426, 0.5280883312225342, 0.5304040312767029, 0.5356797575950623, 0.54288649559021, 0.550895094871521, 0.5716161131858826, 0.5719810128211975, 0.5642542839050293, 0.582292377948761, 0.5778682231903076, 0.5849793553352356, 0.5740480422973633, 0.5643249154090881, 0.5650259852409363, 0.5751070976257324, 0.5732080340385437], "val_accuracy": [0.8217187523841858, 0.8217187523841858, 0.8217187523841858, 0.8217187523841858, 0.8217187523841858, 0.8217187523841858, 0.8217187523841858, 0.8217187523841858, 0.8217187523841858, 0.8217187523841858, 0.8217187523841858, 0.8217187523841858, 0.8217187523841858, 0.8217187523841858, 0.8217187523841858, 0.8217187523841858, 0.8217187523841858, 0.8217187523841858, 0.8217187523841858]}