{"loss": [0.623996913433075, 0.34136828780174255, 0.15520504117012024, 0.11827527731657028, 0.059373851865530014, 0.050936535000801086, 0.04195121303200722, 0.042116858065128326, 0.07619550824165344, 0.029450273141264915, 0.023415321484208107, 0.06107371300458908, 0.04283154383301735, 0.033809762448072433, 0.03253406658768654, 0.0414457693696022, 0.04724051430821419, 0.022125285118818283, 0.016048578545451164, 0.0241994708776474, 0.02533884532749653, 0.007787853945046663, 0.02583647519350052, 0.038929492235183716, 0.007872067391872406], "accuracy": [0.9548437595367432, 0.9912499785423279, 0.9731249809265137, 0.9674999713897705, 0.9820312261581421, 0.983203113079071, 0.9839843511581421, 0.9832812547683716, 0.9662500023841858, 0.989062488079071, 0.9905468821525574, 0.9748437404632568, 0.9828125238418579, 0.9860937595367432, 0.9853906035423279, 0.9821875095367432, 0.9802343845367432, 0.9907031059265137, 0.9935937523841858, 0.9907031059265137, 0.9898437261581421, 0.9967968463897705, 0.9896093606948853, 0.983203113079071, 0.9970312714576721], "val_loss": [0.627349317073822, 0.6199902892112732, 0.5503733158111572, 0.43202704191207886, 0.4030146300792694, 0.4001007080078125, 0.3913329243659973, 0.3854854702949524, 0.34978336095809937, 0.34590643644332886, 0.35335540771484375, 0.3497560918331146, 0.3584110140800476, 0.38764438033103943, 0.3873436450958252, 0.3714962303638458, 0.3711215555667877, 0.37697646021842957, 0.38377872109413147, 0.37899619340896606, 0.3813871145248413, 0.3871989846229553, 0.38144978880882263, 0.37147995829582214, 0.3775709271430969], "val_accuracy": [0.8217187523841858, 0.8217187523841858, 0.8217187523841858, 0.8196874856948853, 0.8275781273841858, 0.8306249976158142, 0.8283593654632568, 0.833203136920929, 0.8345312476158142, 0.8418750166893005, 0.8391406536102295, 0.8333593606948853, 0.8310156464576721, 0.8232031464576721, 0.82421875, 0.8296874761581421, 0.8307031393051147, 0.8315625190734863, 0.8306249976158142, 0.833203136920929, 0.830859363079071, 0.8313281536102295, 0.8332812786102295, 0.8350781202316284, 0.8353906273841858]}