{"loss": [0.6236167550086975, 0.26319602131843567, 0.10245268791913986, 0.053698454052209854, 0.04362773895263672, 0.028948253020644188, 0.06519927084445953, 0.06167604401707649, 0.02596587873995304, 0.06895403563976288, 0.012525542639195919, 0.0363905094563961, 0.020754259079694748, 0.02725447341799736, 0.0179913230240345, 0.018682260066270828, 0.03105798549950123, 0.032106056809425354, 0.049197010695934296, 0.010205691680312157, 0.034556929022073746, 0.02679753303527832, 0.041339922696352005, 0.020786797627806664, 0.027381621301174164, 0.037908364087343216, 0.03011278063058853, 0.03334985300898552, 0.012785022146999836, 0.04314625635743141, 0.0318322591483593, 0.02329624444246292, 0.03098752349615097], "accuracy": [0.8481249809265137, 0.9861719012260437, 0.9759374856948853, 0.987109363079071, 0.9870312213897705, 0.9917187690734863, 0.9762499928474426, 0.9779687523841858, 0.9907031059265137, 0.9711718559265137, 0.9965624809265137, 0.9866406321525574, 0.9928905963897705, 0.990234375, 0.9935937523841858, 0.9925781488418579, 0.9878906011581421, 0.9878906011581421, 0.9788281321525574, 0.9965624809265137, 0.9873437285423279, 0.9885156154632568, 0.9842968583106995, 0.9935156106948853, 0.9898437261581421, 0.9841406345367432, 0.9888281226158142, 0.9874218702316284, 0.9959375262260437, 0.9818750023841858, 0.987109363079071, 0.9913281202316284, 0.9883593916893005], "val_loss": [0.6275198459625244, 0.5185571908950806, 0.4329185485839844, 0.3926028907299042, 0.3677651882171631, 0.35444802045822144, 0.33960434794425964, 0.33224546909332275, 0.32551905512809753, 0.3203962743282318, 0.31488412618637085, 0.3130205273628235, 0.3123244345188141, 0.30789855122566223, 0.3087700605392456, 0.3058789074420929, 0.304692804813385, 0.3035639226436615, 0.31152579188346863, 0.3110268712043762, 0.30803635716438293, 0.3163403570652008, 0.3171026408672333, 0.3186388611793518, 0.31826865673065186, 0.31493955850601196, 0.3109683394432068, 0.31487590074539185, 0.313983678817749, 0.3184191584587097, 0.31543612480163574, 0.3209184408187866, 0.3157843351364136], "val_accuracy": [0.8217187523841858, 0.8217187523841858, 0.8210155963897705, 0.8207031488418579, 0.8265625238418579, 0.8291406035423279, 0.84375, 0.848437488079071, 0.8496875166893005, 0.8444530963897705, 0.8428124785423279, 0.8417187333106995, 0.8430469036102295, 0.8428124785423279, 0.8420312404632568, 0.8415625095367432, 0.8393750190734863, 0.8387500047683716, 0.8355468511581421, 0.8352344036102295, 0.8377344012260437, 0.8346093893051147, 0.8340625166893005, 0.8350781202316284, 0.8357812762260437, 0.8387500047683716, 0.8379687666893005, 0.8385937213897705, 0.8388281464576721, 0.8392187356948853, 0.8395312428474426, 0.8385156393051147, 0.8397656083106995]}