{"loss": [0.5255266427993774, 0.3080386221408844, 0.1641797423362732, 0.10265020281076431, 0.07838456332683563, 0.13892383873462677, 0.10331268608570099, 0.06290366500616074, 0.08412906527519226, 0.07441253215074539, 0.10193801671266556, 0.11512704938650131, 0.033209990710020065, 0.029351821169257164, 0.04095286875963211, 0.04480462893843651, 0.06917916983366013, 0.0424901619553566, 0.07983731478452682, 0.07227610796689987, 0.02538994327187538, 0.06357412785291672, 0.031640153378248215, 0.0732361376285553, 0.04317721351981163, 0.09187667816877365, 0.04413788765668869], "accuracy": [0.9553906321525574, 0.9717187285423279, 0.9856250286102295, 0.9900000095367432, 0.9913281202316284, 0.9766406416893005, 0.9821093678474426, 0.9913281202316284, 0.9849218726158142, 0.986328125, 0.9771875143051147, 0.9711718559265137, 0.9959375262260437, 0.995312511920929, 0.991015613079071, 0.9898437261581421, 0.9807031154632568, 0.9901562333106995, 0.9769531488418579, 0.9771875143051147, 0.9951562285423279, 0.981640636920929, 0.9909374713897705, 0.9758594036102295, 0.9867968559265137, 0.9681249856948853, 0.9876562356948853], "val_loss": [0.6511839032173157, 0.6606237292289734, 0.724109411239624, 0.7788904309272766, 0.8268392086029053, 0.770061194896698, 0.7550255060195923, 0.7649855017662048, 0.7425186038017273, 0.7447618842124939, 0.7062036991119385, 0.6430769562721252, 0.7343445420265198, 0.7895156145095825, 0.8003294467926025, 0.8255623579025269, 0.7728800773620605, 0.798442006111145, 0.7473934888839722, 0.7797533273696899, 0.8476486206054688, 0.8009521961212158, 0.8654435873031616, 0.8200727105140686, 0.8612837195396423, 0.7852572798728943, 0.8495619297027588], "val_accuracy": [0.8217187523841858, 0.8217187523841858, 0.8217187523841858, 0.8217187523841858, 0.8217187523841858, 0.8217187523841858, 0.8217187523841858, 0.8217187523841858, 0.8217187523841858, 0.8217187523841858, 0.8217187523841858, 0.8217187523841858, 0.8217187523841858, 0.8217187523841858, 0.8217187523841858, 0.8217187523841858, 0.8217187523841858, 0.8217187523841858, 0.8217187523841858, 0.8217187523841858, 0.8217187523841858, 0.8217187523841858, 0.8217187523841858, 0.8217187523841858, 0.8217187523841858, 0.8217187523841858, 0.8217187523841858]}