{"loss": [1.7363739013671875, 1.59224271774292, 1.4464330673217773, 1.2888426780700684, 1.1122382879257202, 0.9453180432319641, 0.826455295085907, 0.5890049338340759, 0.6797125935554504, 0.43322545289993286, 0.45032694935798645, 0.24288026988506317, 0.3776285648345947, 0.4531807601451874, 0.3787119686603546, 0.3005499541759491, 0.4947332441806793, 0.34777337312698364, 0.2931581139564514, 0.3784499764442444, 0.4155220091342926, 0.398456871509552, 0.29060620069503784, 0.4913109838962555], "acurracy": [0.31437501311302185, 0.789843738079071, 0.8923437595367432, 0.9110937714576721, 0.914843738079071, 0.9028906226158142, 0.8811718821525574, 0.9451562762260437, 0.8543750047683716, 0.9380468726158142, 0.914843738079071, 0.9763281345367432, 0.9216406345367432, 0.8949218988418579, 0.9182031154632568, 0.940234363079071, 0.8815624713897705, 0.9252343773841858, 0.9405468702316284, 0.9174218773841858, 0.9079687595367432, 0.9124218821525574, 0.9418749809265137, 0.8885937333106995], "val_loss": [1.7822558879852295, 1.7735484838485718, 1.764559030532837, 1.7532583475112915, 1.7396135330200195, 1.7301225662231445, 1.7212203741073608, 1.7220168113708496, 1.7205369472503662, 1.7308285236358643, 1.7406752109527588, 1.7532892227172852, 1.765817403793335, 1.768805742263794, 1.776538372039795, 1.7810847759246826, 1.781652808189392, 1.7834988832473755, 1.795243263244629, 1.799052119255066, 1.789383053779602, 1.7798899412155151, 1.7976784706115723, 1.7792701721191406], "val_acurracy": [0.17851562798023224, 0.189453125, 0.19328124821186066, 0.20007812976837158, 0.20359374582767487, 0.2075781226158142, 0.22273437678813934, 0.22687500715255737, 0.25062501430511475, 0.2596093714237213, 0.2741406261920929, 0.2796874940395355, 0.28914061188697815, 0.3052343726158142, 0.3075000047683716, 0.3179687559604645, 0.3210156261920929, 0.32609376311302185, 0.32359373569488525, 0.3256250023841858, 0.32890623807907104, 0.3348437547683716, 0.33375000953674316, 0.33710938692092896]}