{"loss": [1.7791088819503784, 1.7599754333496094, 1.7327485084533691, 1.6986219882965088, 1.6670688390731812, 1.6178683042526245, 1.5533168315887451, 1.4545799493789673, 1.3123221397399902, 1.2439942359924316, 1.0413627624511719, 0.9380983114242554, 0.8358722925186157, 0.6443434357643127, 0.605236291885376, 0.6703264713287354], "acurracy": [0.4973437488079071, 0.835156261920929, 0.9106249809265137, 0.9232812523841858, 0.8653905987739563, 0.8667968511581421, 0.8671093583106995, 0.891796886920929, 0.9329687356948853, 0.8489062786102295, 0.9168750047683716, 0.884765625, 0.875, 0.9267187714576721, 0.9014062285423279, 0.8582812547683716], "val_loss": [1.7981047630310059, 1.800187587738037, 1.8038661479949951, 1.8145604133605957, 1.8329280614852905, 1.8723855018615723, 1.9592889547348022, 2.136042833328247, 2.4432215690612793, 2.846371650695801, 3.3655569553375244, 3.9249722957611084, 4.497838020324707, 5.095355033874512, 5.619761943817139, 5.948562145233154], "val_acurracy": [0.11367187649011612, 0.07406249642372131, 0.06015624850988388, 0.055156249552965164, 0.06187500059604645, 0.07328125089406967, 0.08429687470197678, 0.09468749910593033, 0.10781250149011612, 0.11335937678813934, 0.12164062261581421, 0.12773437798023224, 0.13414062559604645, 0.134765625, 0.13976562023162842, 0.14351563155651093]}