{"loss": [1.7757803201675415, 1.7455886602401733, 1.708855152130127, 1.6537678241729736, 1.5997939109802246, 1.500727891921997, 1.3700966835021973, 1.251145362854004, 1.1033530235290527, 0.9501174688339233, 0.8429458737373352, 0.7627382874488831, 0.5969441533088684, 0.6008107662200928, 0.5197258591651917, 0.5013750195503235], "acurracy": [0.5660156011581421, 0.8949999809265137, 0.8928124904632568, 0.924609363079071, 0.8575780987739563, 0.8912500143051147, 0.9157812595367432, 0.8826562762260437, 0.8846094012260437, 0.8943750262260437, 0.8824218511581421, 0.8733593821525574, 0.9155468940734863, 0.8917187452316284, 0.9094531536102295, 0.9073437452316284], "val_loss": [1.8001317977905273, 1.812340259552002, 1.8324503898620605, 1.8728625774383545, 1.9422674179077148, 2.075782060623169, 2.3271613121032715, 2.683767795562744, 3.1484572887420654, 3.6652233600616455, 4.192307949066162, 4.677426815032959, 5.161409378051758, 5.56756591796875, 5.900397300720215, 6.233875274658203], "val_acurracy": [0.115234375, 0.08796875178813934, 0.08124999701976776, 0.07445312291383743, 0.06804687529802322, 0.0632031261920929, 0.056953124701976776, 0.05265624821186066, 0.051093749701976776, 0.04531250149011612, 0.04234375059604645, 0.03960937634110451, 0.03703124821186066, 0.03539062663912773, 0.03296874836087227, 0.032343748956918716]}