{"loss": [1.7925208806991577, 1.7673776149749756, 1.7339515686035156, 1.6905369758605957, 1.647951602935791, 1.5789340734481812, 1.4800106287002563, 1.3751251697540283, 1.2230684757232666, 1.1514058113098145, 1.0374085903167725, 1.0726306438446045, 0.921729326248169, 0.8024686574935913, 0.7403130531311035, 0.733181357383728], "acurracy": [0.16039063036441803, 0.5849218964576721, 0.8440625071525574, 0.9139843583106995, 0.8689844012260437, 0.9001562595367432, 0.9385156035423279, 0.9256250262260437, 0.9567968845367432, 0.887890636920929, 0.8939062356948853, 0.8184375166893005, 0.885546863079071, 0.9169531464576721, 0.9232031106948853, 0.911328136920929], "val_loss": [1.8062324523925781, 1.8143234252929688, 1.8273589611053467, 1.8504267930984497, 1.8917584419250488, 1.9572999477386475, 2.063035488128662, 2.243518829345703, 2.5164566040039062, 2.8338747024536133, 3.1903131008148193, 3.4911022186279297, 3.7808408737182617, 4.136198997497559, 4.457021713256836, 4.720370292663574], "val_acurracy": [0.16171875596046448, 0.09812500327825546, 0.03812500089406967, 0.017109375447034836, 0.009687500074505806, 0.007656250149011612, 0.010312500409781933, 0.010312500409781933, 0.010937499813735485, 0.011562500149011612, 0.012890624813735485, 0.012578125111758709, 0.014296875335276127, 0.017343750223517418, 0.023671874776482582, 0.028750000521540642]}