{"loss": [1.7827574014663696, 1.735947847366333, 1.6991347074508667, 1.6582523584365845, 1.6189320087432861, 1.552690029144287, 1.5212284326553345, 1.484593391418457, 1.433836817741394, 1.384360909461975, 1.3005105257034302, 1.3028786182403564, 1.197827696800232, 1.1358225345611572, 1.0873345136642456, 1.036197304725647], "acurracy": [0.13945312798023224, 0.22687500715255737, 0.3146093785762787, 0.4168750047683716, 0.5179687738418579, 0.6561718583106995, 0.7096093893051147, 0.7509375214576721, 0.8014062643051147, 0.8335156440734863, 0.8963281512260437, 0.84375, 0.9150781035423279, 0.9215624928474426, 0.9150000214576721, 0.9100781083106995], "val_loss": [1.8016999959945679, 1.8024814128875732, 1.8052443265914917, 1.8076945543289185, 1.8118181228637695, 1.8152886629104614, 1.8212780952453613, 1.8272720575332642, 1.8344902992248535, 1.8443583250045776, 1.8529555797576904, 1.8674218654632568, 1.8804423809051514, 1.8976763486862183, 1.9190863370895386, 1.9412018060684204], "val_acurracy": [0.15320312976837158, 0.13500000536441803, 0.12187500298023224, 0.13132812082767487, 0.14695312082767487, 0.16078124940395355, 0.16500000655651093, 0.16789062321186066, 0.16679687798023224, 0.16539062559604645, 0.16914062201976776, 0.1658593714237213, 0.1674218773841858, 0.16843749582767487, 0.16664062440395355, 0.16773436963558197]}