{"loss": [1.7845176458358765, 1.7631804943084717, 1.737696886062622, 1.711130976676941, 1.677675724029541, 1.635033130645752, 1.5903254747390747, 1.5345611572265625, 1.4834386110305786, 1.3618760108947754, 1.3450541496276855, 1.1985050439834595, 1.155398964881897, 1.002872347831726, 0.9806070923805237, 0.9150502681732178], "acurracy": [0.5016406178474426, 0.897656261920929, 0.9085937738418579, 0.8927343487739563, 0.8988281488418579, 0.9085937738418579, 0.8921874761581421, 0.8920312523841858, 0.8671093583106995, 0.934765636920929, 0.8510937690734863, 0.9156249761581421, 0.8757030963897705, 0.9234374761581421, 0.8912500143051147, 0.8904687762260437], "val_loss": [1.8192329406738281, 1.8296759128570557, 1.8465068340301514, 1.8680263757705688, 1.9040478467941284, 1.9614595174789429, 2.0536975860595703, 2.1770691871643066, 2.3533806800842285, 2.6574347019195557, 2.930462121963501, 3.3090949058532715, 3.673281192779541, 4.113795757293701, 4.483377456665039, 4.795211315155029], "val_acurracy": [0.11546874791383743, 0.10484375059604645, 0.09804687649011612, 0.09984374791383743, 0.10546875, 0.10890624672174454, 0.10882812738418579, 0.11414062231779099, 0.12132812291383743, 0.12296874821186066, 0.12476562708616257, 0.12453124672174454, 0.12851563096046448, 0.13093750178813934, 0.1314062476158142, 0.13414062559604645]}