{"loss": [1.614639401435852, 1.487209439277649, 1.2712541818618774, 1.1185071468353271, 0.8994468450546265, 0.7884006500244141, 0.5491234064102173, 0.523707926273346, 0.4519452750682831, 0.41477203369140625, 0.4602968692779541, 0.28722018003463745, 0.4041915237903595, 0.4834875166416168, 0.3135276436805725, 0.39103659987449646, 0.39419686794281006, 0.3256458342075348, 0.39259761571884155, 0.3560377061367035, 0.4932716488838196], "acurracy": [0.8018749952316284, 0.842578113079071, 0.9483593702316284, 0.8876562714576721, 0.9205468893051147, 0.8791406154632568, 0.9422656297683716, 0.9032031297683716, 0.9115625023841858, 0.9117968678474426, 0.8860156536102295, 0.9438281059265137, 0.8991405963897705, 0.8746874928474426, 0.9302343726158142, 0.9028906226158142, 0.9001562595367432, 0.9247656464576721, 0.903515636920929, 0.9175000190734863, 0.8762500286102295], "val_loss": [1.7924482822418213, 1.7830642461776733, 1.772835373878479, 1.764196515083313, 1.756824016571045, 1.7524895668029785, 1.7624685764312744, 1.7733954191207886, 1.7924818992614746, 1.799309492111206, 1.81782865524292, 1.8412375450134277, 1.837052583694458, 1.841361403465271, 1.8423285484313965, 1.8501108884811401, 1.854895830154419, 1.8592218160629272, 1.8524906635284424, 1.8509223461151123, 1.8383231163024902], "val_acurracy": [0.1795312464237213, 0.17890624701976776, 0.17726562917232513, 0.17296874523162842, 0.17249999940395355, 0.17515625059604645, 0.17031249403953552, 0.17031249403953552, 0.17140625417232513, 0.1764843761920929, 0.1814843714237213, 0.18351562321186066, 0.20320312678813934, 0.2336718738079071, 0.2505468726158142, 0.26781249046325684, 0.2807031273841858, 0.28999999165534973, 0.3031249940395355, 0.3069531321525574, 0.31367188692092896]}