{"loss": [1.7679978609085083, 1.7199656963348389, 1.6815377473831177, 1.645653486251831, 1.5907282829284668, 1.5592472553253174, 1.49114191532135, 1.4637340307235718, 1.421376347541809, 1.3540470600128174, 1.3096526861190796, 1.2651013135910034, 1.160172700881958, 1.1182990074157715, 1.1264328956604004, 1.036940336227417], "acurracy": [0.18851561844348907, 0.2759374976158142, 0.37617188692092896, 0.4666406214237213, 0.5884374976158142, 0.6544530987739563, 0.7680468559265137, 0.7842187285423279, 0.8110937476158142, 0.8677343726158142, 0.8733593821525574, 0.8735156059265137, 0.9356250166893005, 0.9215624928474426, 0.8675781488418579, 0.9010156393051147], "val_loss": [1.8061490058898926, 1.8077423572540283, 1.811062216758728, 1.814389944076538, 1.8180170059204102, 1.8224297761917114, 1.8279494047164917, 1.8351517915725708, 1.8427642583847046, 1.8529479503631592, 1.8644516468048096, 1.8769867420196533, 1.889581561088562, 1.9077208042144775, 1.9277397394180298, 1.9445229768753052], "val_acurracy": [0.1164843738079071, 0.125, 0.13820312917232513, 0.15085937082767487, 0.15859374403953552, 0.16679687798023224, 0.16710937023162842, 0.16796875, 0.16843749582767487, 0.16789062321186066, 0.16648437082767487, 0.16804687678813934, 0.16835936903953552, 0.1658593714237213, 0.16500000655651093, 0.17039062082767487]}