{"loss": [1.8227031230926514, 1.7650213241577148, 1.7188706398010254, 1.6627212762832642, 1.6106218099594116, 1.55448579788208, 1.5030478239059448, 1.4182090759277344, 1.3725028038024902, 1.3454409837722778, 1.2556672096252441, 1.229396104812622, 1.1622945070266724, 1.1177467107772827, 1.0788847208023071, 1.0424261093139648], "acurracy": [0.13164062798023224, 0.21328124403953552, 0.29906249046325684, 0.40968748927116394, 0.5326562523841858, 0.6323437690734863, 0.7200781106948853, 0.8327343463897705, 0.8626562356948853, 0.8550000190734863, 0.9132031202316284, 0.8899999856948853, 0.9099218845367432, 0.9061718583106995, 0.8966405987739563, 0.8903124928474426], "val_loss": [1.7940471172332764, 1.7957993745803833, 1.7972809076309204, 1.7991015911102295, 1.8019121885299683, 1.8036787509918213, 1.8085970878601074, 1.8128024339675903, 1.8186551332473755, 1.8232731819152832, 1.830074429512024, 1.8408093452453613, 1.851870059967041, 1.8632742166519165, 1.8741326332092285, 1.8916624784469604], "val_acurracy": [0.16453124582767487, 0.15984374284744263, 0.1594531238079071, 0.16609375178813934, 0.1672656238079071, 0.16960936784744263, 0.1658593714237213, 0.16789062321186066, 0.16570311784744263, 0.1692187488079071, 0.16945312917232513, 0.16906249523162842, 0.1661718785762787, 0.1672656238079071, 0.17085938155651093, 0.16859374940395355]}