{"loss": [1.8090592622756958, 1.773899793624878, 1.7366855144500732, 1.6953352689743042, 1.6416608095169067, 1.5822463035583496, 1.5140360593795776, 1.4211714267730713, 1.3179839849472046, 1.2217578887939453, 1.0838308334350586, 1.026450514793396, 0.8866113424301147, 0.7805467247962952, 0.670440673828125, 0.6503475904464722, 0.6035798788070679, 0.5215051174163818, 0.667833149433136, 0.4210103154182434, 0.677154541015625, 0.6714983582496643, 0.5170077085494995], "acurracy": [0.11679687350988388, 0.2221093773841858, 0.3755468726158142, 0.5482812523841858, 0.708984375, 0.8132030963897705, 0.8600780963897705, 0.8969531059265137, 0.8969531059265137, 0.875, 0.8932812213897705, 0.8535937666893005, 0.8852343559265137, 0.9014843702316284, 0.9177343845367432, 0.8997656106948853, 0.9018750190734863, 0.9188281297683716, 0.8604687452316284, 0.9420312643051147, 0.8512499928474426, 0.8525000214576721, 0.9007812738418579], "val_loss": [1.7897015810012817, 1.7858067750930786, 1.7805231809616089, 1.7734755277633667, 1.765358567237854, 1.755307912826538, 1.7453083992004395, 1.7402786016464233, 1.7408342361450195, 1.7582169771194458, 1.802361249923706, 1.8493541479110718, 1.917784571647644, 1.9877465963363647, 2.088038206100464, 2.1510813236236572, 2.2211310863494873, 2.3020496368408203, 2.3239870071411133, 2.384594202041626, 2.3978028297424316, 2.3901288509368896, 2.416814088821411], "val_acurracy": [0.2068749964237213, 0.23718750476837158, 0.2645312547683716, 0.2732812464237213, 0.2679687440395355, 0.2661718726158142, 0.2672656178474426, 0.2709375023841858, 0.2789843678474426, 0.2865625023841858, 0.29273438453674316, 0.30015623569488525, 0.30367186665534973, 0.3117968738079071, 0.31101563572883606, 0.3103906214237213, 0.3147656321525574, 0.3167187571525574, 0.3215624988079071, 0.3214062452316284, 0.3236718773841858, 0.3221093714237213, 0.3272656202316284]}