{"loss": [1.7737641334533691, 1.731650948524475, 1.683395266532898, 1.6208316087722778, 1.5642192363739014, 1.4679762125015259, 1.4010859727859497, 1.2776134014129639, 1.127719759941101, 1.046683430671692, 0.9511556029319763, 1.0091068744659424, 0.7740865349769592, 0.7740364074707031, 0.8479943871498108, 0.6469876766204834, 0.733633816242218], "acurracy": [0.30859375, 0.685546875, 0.8424218893051147, 0.905078113079071, 0.8690624833106995, 0.9063281416893005, 0.8662499785423279, 0.9012500047683716, 0.934374988079071, 0.907031238079071, 0.9094531536102295, 0.8402343988418579, 0.9344531297683716, 0.9094531536102295, 0.8666406273841858, 0.9331250190734863, 0.8953906297683716], "val_loss": [1.8019776344299316, 1.800320029258728, 1.8007153272628784, 1.8034582138061523, 1.8072154521942139, 1.8194496631622314, 1.8338263034820557, 1.8652158975601196, 1.9254528284072876, 1.9910070896148682, 2.0744287967681885, 2.122865676879883, 2.2286338806152344, 2.3060567378997803, 2.3646204471588135, 2.4532854557037354, 2.507138252258301], "val_acurracy": [0.12460937350988388, 0.14539062976837158, 0.15687499940395355, 0.16640624403953552, 0.1667187511920929, 0.16703124344348907, 0.16757813096046448, 0.169921875, 0.16718749701976776, 0.1686718761920929, 0.16710937023162842, 0.16875000298023224, 0.16750000417232513, 0.1697656214237213, 0.16875000298023224, 0.16843749582767487, 0.17093749344348907]}