{"loss": [1.7173188924789429, 1.5983140468597412, 1.4615412950515747, 1.303115963935852, 1.12562894821167, 0.9461334943771362, 0.7078627943992615, 0.5978584885597229, 0.4264541268348694, 0.5013521313667297, 0.49471041560173035, 0.3525635600090027, 0.3731851875782013, 0.31738218665122986, 0.28625184297561646, 0.5118759274482727, 0.5167107582092285, 0.4470963180065155, 0.4015619158744812, 0.4847680628299713, 0.37613973021507263], "acurracy": [0.44820311665534973, 0.8393750190734863, 0.9177343845367432, 0.9172656536102295, 0.8981249928474426, 0.885546863079071, 0.9268749952316284, 0.9130468964576721, 0.9488281011581421, 0.8987500071525574, 0.8907031416893005, 0.934765636920929, 0.9245312213897705, 0.9345312714576721, 0.9432812333106995, 0.8764062523841858, 0.8766406178474426, 0.89453125, 0.9073437452316284, 0.8832812309265137, 0.9141406416893005], "val_loss": [1.7791513204574585, 1.7727950811386108, 1.7645678520202637, 1.7546896934509277, 1.7473071813583374, 1.744625210762024, 1.7583940029144287, 1.7739299535751343, 1.8067457675933838, 1.820197343826294, 1.8342032432556152, 1.8559373617172241, 1.8849670886993408, 1.890987515449524, 1.9038199186325073, 1.8889878988265991, 1.8788379430770874, 1.8723901510238647, 1.8711068630218506, 1.8644556999206543, 1.8601279258728027], "val_acurracy": [0.2175000011920929, 0.259765625, 0.28203123807907104, 0.2945312559604645, 0.298828125, 0.30296874046325684, 0.3006249964237213, 0.3135937452316284, 0.3146093785762787, 0.3199218809604645, 0.3225781321525574, 0.3275781273841858, 0.32539063692092896, 0.32835936546325684, 0.3318749964237213, 0.3299218714237213, 0.33210936188697815, 0.33179688453674316, 0.3321875035762787, 0.33281248807907104, 0.33296874165534973]}