{"loss": [1.7606390714645386, 1.7345499992370605, 1.7042039632797241, 1.6778700351715088, 1.6513688564300537, 1.615251898765564, 1.5716736316680908, 1.5299490690231323, 1.5146046876907349, 1.4714206457138062, 1.4471287727355957, 1.3750011920928955, 1.3413174152374268, 1.2713963985443115, 1.202959656715393, 1.1125389337539673, 1.0826627016067505, 1.0008289813995361, 0.9590656161308289, 0.9244081377983093, 0.7982664704322815], "acurracy": [0.18726561963558197, 0.3045312464237213, 0.4327343702316284, 0.556640625, 0.6507812738418579, 0.7436718940734863, 0.8240625262260437, 0.8737499713897705, 0.8336718678474426, 0.8586719036102295, 0.8352344036102295, 0.8889843821525574, 0.866015613079071, 0.8919531106948853, 0.9078906178474426, 0.9342968463897705, 0.9080469012260437, 0.925000011920929, 0.9159374833106995, 0.9008593559265137, 0.9427343606948853], "val_loss": [1.8078504800796509, 1.8048312664031982, 1.8028484582901, 1.8006097078323364, 1.800117015838623, 1.7978419065475464, 1.8012056350708008, 1.801619291305542, 1.8016674518585205, 1.806141972541809, 1.8056352138519287, 1.815222144126892, 1.8263851404190063, 1.8401211500167847, 1.861700177192688, 1.8898321390151978, 1.9298713207244873, 1.9720847606658936, 2.017416477203369, 2.0701539516448975, 2.14239501953125], "val_acurracy": [0.11343750357627869, 0.1393750011920929, 0.1548437476158142, 0.16593749821186066, 0.1639062464237213, 0.16859374940395355, 0.16750000417232513, 0.17296874523162842, 0.1700781285762787, 0.16718749701976776, 0.17054687440395355, 0.16835936903953552, 0.1674218773841858, 0.16960936784744263, 0.1681250035762787, 0.16968749463558197, 0.16648437082767487, 0.16882812976837158, 0.1697656214237213, 0.16875000298023224, 0.166015625]}