{"loss": [1.7871270179748535, 1.7747867107391357, 1.7606992721557617, 1.7414838075637817, 1.7131472826004028, 1.6806612014770508, 1.6310858726501465, 1.608678936958313, 1.5266193151474, 1.4299225807189941, 1.3388279676437378, 1.251572608947754, 1.1271148920059204, 0.9163289070129395, 0.8618963360786438, 0.8190386295318604], "acurracy": [0.6671093702316284, 0.9222656488418579, 0.8989843726158142, 0.9009374976158142, 0.9154687523841858, 0.900390625, 0.9256250262260437, 0.8197656273841858, 0.8917187452316284, 0.9247656464576721, 0.9111718535423279, 0.8917187452316284, 0.9079687595367432, 0.9750781059265137, 0.9257031083106995, 0.8998437523841858], "val_loss": [1.7999528646469116, 1.8051670789718628, 1.8141882419586182, 1.8311809301376343, 1.8691166639328003, 1.9393428564071655, 2.069246292114258, 2.275348424911499, 2.5933358669281006, 3.101696491241455, 3.729673147201538, 4.448884963989258, 5.294180393218994, 6.306773662567139, 7.238222599029541, 8.050607681274414], "val_acurracy": [0.1530468761920929, 0.12125000357627869, 0.095703125, 0.08492187410593033, 0.08624999970197678, 0.09125000238418579, 0.09726562350988388, 0.10242187231779099, 0.10570312291383743, 0.11554687470197678, 0.12484374642372131, 0.13320311903953552, 0.1427343785762787, 0.14585937559604645, 0.15312500298023224, 0.15523438155651093]}