{"loss": [1.7403647899627686, 1.6099801063537598, 1.4503916501998901, 1.243813395500183, 1.0770442485809326, 0.8900569081306458, 0.7417495846748352, 0.6388978958129883, 0.6005557775497437, 0.5708191394805908, 0.5764191150665283, 0.38327735662460327, 0.4341315031051636, 0.4852687418460846, 0.4990677535533905, 0.6295447945594788, 0.43646788597106934, 0.46875277161598206, 0.6946942210197449, 0.477239727973938, 0.3577631413936615], "acurracy": [0.31468749046325684, 0.6831250190734863, 0.8597656488418579, 0.9206249713897705, 0.8910156488418579, 0.9022656083106995, 0.9014062285423279, 0.9021875262260437, 0.8858593702316284, 0.8839062452316284, 0.8743749856948853, 0.9339843988418579, 0.9099218845367432, 0.8930468559265137, 0.8862500190734863, 0.8457812666893005, 0.9024218916893005, 0.89453125, 0.82421875, 0.8918750286102295, 0.9270312786102295], "val_loss": [1.7831411361694336, 1.7770473957061768, 1.7681303024291992, 1.759360909461975, 1.7511847019195557, 1.7467361688613892, 1.750093936920166, 1.7568087577819824, 1.76824152469635, 1.7809555530548096, 1.7891432046890259, 1.800832986831665, 1.8120408058166504, 1.8194525241851807, 1.820189356803894, 1.8299678564071655, 1.8206689357757568, 1.8309270143508911, 1.8189857006072998, 1.813915729522705, 1.8266137838363647], "val_acurracy": [0.177734375, 0.1899999976158142, 0.19640624523162842, 0.19648437201976776, 0.20156249403953552, 0.20804686844348907, 0.21250000596046448, 0.22296875715255737, 0.22960937023162842, 0.2377343773841858, 0.24546875059604645, 0.25203123688697815, 0.2533593773841858, 0.25859373807907104, 0.2663281261920929, 0.26539063453674316, 0.2757031321525574, 0.27828124165534973, 0.28218749165534973, 0.2894531190395355, 0.28914061188697815]}