{"loss": [1.7503116130828857, 1.7279229164123535, 1.6993460655212402, 1.6666063070297241, 1.6312353610992432, 1.5990729331970215, 1.5690191984176636, 1.5119096040725708, 1.4785041809082031, 1.4068078994750977, 1.3314388990402222, 1.3287731409072876, 1.2687278985977173, 1.1797682046890259, 1.1200834512710571, 1.0466302633285522, 0.9909645318984985, 0.9647495746612549, 0.9334773421287537, 0.8786118030548096, 0.8689811825752258, 0.8273903131484985, 0.7639787197113037, 0.7516836524009705], "acurracy": [0.3324218690395355, 0.4689062535762787, 0.6225781440734863, 0.746874988079071, 0.828125, 0.8506249785423279, 0.8327343463897705, 0.8836718797683716, 0.8492187261581421, 0.8801562786102295, 0.9056249856948853, 0.8251562714576721, 0.8491406440734863, 0.891406238079071, 0.8924219012260437, 0.9086718559265137, 0.9105468988418579, 0.8998437523841858, 0.8995312452316284, 0.908984363079071, 0.9004687666893005, 0.9075000286102295, 0.9174218773841858, 0.9158594012260437], "val_loss": [1.7882729768753052, 1.7852113246917725, 1.7825013399124146, 1.7806828022003174, 1.7750126123428345, 1.773169755935669, 1.768293857574463, 1.7624400854110718, 1.7617777585983276, 1.7760173082351685, 1.8019840717315674, 1.8228540420532227, 1.8589321374893188, 1.9184179306030273, 1.9667844772338867, 2.0351810455322266, 2.113539218902588, 2.18410062789917, 2.2508459091186523, 2.3142800331115723, 2.3705899715423584, 2.4299495220184326, 2.484388828277588, 2.5600979328155518], "val_acurracy": [0.16648437082767487, 0.17601563036441803, 0.17406250536441803, 0.17023438215255737, 0.17195312678813934, 0.16843749582767487, 0.166015625, 0.17093749344348907, 0.17093749344348907, 0.1672656238079071, 0.16640624403953552, 0.17023438215255737, 0.1713281273841858, 0.1658593714237213, 0.1685156226158142, 0.1697656214237213, 0.16906249523162842, 0.16960936784744263, 0.17085938155651093, 0.16820313036441803, 0.16718749701976776, 0.1661718785762787, 0.16960936784744263, 0.166015625]}