{"loss": [1.760494351387024, 1.7219395637512207, 1.6793240308761597, 1.6316784620285034, 1.5876213312149048, 1.5307681560516357, 1.4520645141601562, 1.356974482536316, 1.3238011598587036, 1.1811052560806274, 1.1015912294387817, 1.0617496967315674, 0.9451258778572083, 0.8107694387435913, 0.697243869304657, 0.4937978982925415, 0.5322539210319519, 0.5453770160675049, 0.6987318396568298, 0.5220333933830261, 0.45900124311447144, 0.48978981375694275, 0.6604042649269104], "acurracy": [0.27125000953674316, 0.42390623688697815, 0.5946875214576721, 0.7457031011581421, 0.8096093535423279, 0.8508594036102295, 0.8920312523841858, 0.9153125286102295, 0.8392968773841858, 0.892578125, 0.8684375286102295, 0.8253124952316284, 0.8591406345367432, 0.8915625214576721, 0.9090625047683716, 0.9671093821525574, 0.925000011920929, 0.9086718559265137, 0.8505468964576721, 0.9078124761581421, 0.91796875, 0.9087499976158142, 0.8589062690734863], "val_loss": [1.7854689359664917, 1.7814106941223145, 1.7764967679977417, 1.7714142799377441, 1.7627884149551392, 1.7549320459365845, 1.750888466835022, 1.7467100620269775, 1.7528331279754639, 1.7763829231262207, 1.8046246767044067, 1.8464617729187012, 1.908033847808838, 1.984959602355957, 2.058969020843506, 2.201996088027954, 2.287936210632324, 2.3727774620056152, 2.3882312774658203, 2.409677267074585, 2.4669275283813477, 2.5081706047058105, 2.4984638690948486], "val_acurracy": [0.17726562917232513, 0.1993750035762787, 0.20445312559604645, 0.19328124821186066, 0.18726561963558197, 0.181640625, 0.1752343773841858, 0.17492187023162842, 0.17085938155651093, 0.16898436844348907, 0.17031249403953552, 0.17179687321186066, 0.17070312798023224, 0.16820313036441803, 0.1720312535762787, 0.1692187488079071, 0.16914062201976776, 0.1693750023841858, 0.17015625536441803, 0.16796875, 0.16906249523162842, 0.16968749463558197, 0.16890625655651093]}