{"loss": [1.7880654335021973, 1.7760744094848633, 1.7647109031677246, 1.750176191329956, 1.734675407409668, 1.7162318229675293, 1.6946972608566284, 1.6635512113571167, 1.6331055164337158, 1.5963325500488281, 1.546250581741333, 1.5091094970703125, 1.457971453666687, 1.400701880455017, 1.3021061420440674, 1.227988839149475, 1.1832091808319092, 1.06224524974823, 1.0066144466400146, 0.9275617003440857, 0.8974930644035339, 0.8311393857002258, 0.7848734259605408, 0.6809160113334656, 0.5878918170928955, 0.6134187579154968, 0.4992107152938843, 0.4618373513221741, 0.43233558535575867], "acurracy": [0.8675781488418579, 0.9102343916893005, 0.8638281226158142, 0.8985937237739563, 0.8823437690734863, 0.8782812356948853, 0.8790624737739563, 0.9262499809265137, 0.9189062714576721, 0.9196875095367432, 0.9412500262260437, 0.8902343511581421, 0.889453113079071, 0.8843749761581421, 0.936718761920929, 0.9280468821525574, 0.8842968940734863, 0.9270312786102295, 0.8986718654632568, 0.8978906273841858, 0.8642968535423279, 0.8654687404632568, 0.857421875, 0.8857031464576721, 0.908203125, 0.8753125071525574, 0.9065625071525574, 0.9091406464576721, 0.9103124737739563], "val_loss": [1.7891147136688232, 1.7837588787078857, 1.7762914896011353, 1.7697372436523438, 1.762174367904663, 1.752877950668335, 1.743190050125122, 1.7368696928024292, 1.7293803691864014, 1.7207942008972168, 1.712013602256775, 1.701411485671997, 1.6875184774398804, 1.6838186979293823, 1.6870832443237305, 1.694046139717102, 1.6991286277770996, 1.7194246053695679, 1.7262771129608154, 1.735188603401184, 1.7373231649398804, 1.7477712631225586, 1.7466135025024414, 1.7562123537063599, 1.7700010538101196, 1.7694793939590454, 1.7743972539901733, 1.7888973951339722, 1.7934584617614746], "val_acurracy": [0.19414062798023224, 0.21375000476837158, 0.23195312917232513, 0.2533593773841858, 0.26570311188697815, 0.27687498927116394, 0.287109375, 0.2849999964237213, 0.2855468690395355, 0.2842968702316284, 0.2837499976158142, 0.28257811069488525, 0.2906250059604645, 0.2874218821525574, 0.2849999964237213, 0.2842968702316284, 0.2857031226158142, 0.28257811069488525, 0.27992188930511475, 0.2849999964237213, 0.287109375, 0.2885156273841858, 0.2940624952316284, 0.2938281297683716, 0.29570311307907104, 0.2964843809604645, 0.29906249046325684, 0.30125001072883606, 0.3077343702316284]}