{"loss": [0.12345587462186813, 0.05698801577091217, 0.06060108542442322, 0.1951843500137329, 0.0817662701010704, 0.1526380181312561, 0.07982263714075089, 0.12959958612918854], "accuracy": [0.9755468964576721, 0.9916406273841858, 0.9907812476158142, 0.9607812762260437, 0.9859374761581421, 0.9682031273841858, 0.9861719012260437, 0.9725000262260437], "val_loss": [0.5619991421699524, 0.5339513421058655, 0.5311204791069031, 0.553013265132904, 0.5451533794403076, 0.5709294080734253, 0.5640543699264526, 0.5634132027626038], "val_accuracy": [0.8217187523841858, 0.8217187523841858, 0.8217187523841858, 0.8217187523841858, 0.8217187523841858, 0.8217187523841858, 0.8202343583106995, 0.8157812356948853]}