{"loss": [0.13391810655593872, 0.07710845023393631, 0.12052574008703232, 0.0855739489197731, 0.061887457966804504, 0.07263889163732529, 0.09655217826366425, 0.1446031630039215], "accuracy": [0.9724218845367432, 0.9869531393051147, 0.9784374833106995, 0.9856250286102295, 0.990234375, 0.9880468845367432, 0.9837499856948853, 0.9713281393051147], "val_loss": [0.5282572507858276, 0.5112245678901672, 0.5104097127914429, 0.5136192440986633, 0.5146359801292419, 0.5180798172950745, 0.5195927619934082, 0.5284498333930969], "val_accuracy": [0.8217187523841858, 0.8217187523841858, 0.8217187523841858, 0.8217187523841858, 0.8217187523841858, 0.8217187523841858, 0.8217187523841858, 0.8217187523841858]}