{"loss": [0.18944570422172546, 0.09262219071388245, 0.029200376942753792, 0.0776662826538086, 0.07450319081544876, 0.07054433971643448, 0.1111847460269928, 0.049779012799263, 0.0350029356777668, 0.05619325488805771], "accuracy": [0.9427343606948853, 0.9805468916893005, 0.9957812428474426, 0.9833593964576721, 0.9831249713897705, 0.983203113079071, 0.9685937762260437, 0.9887499809265137, 0.9927343726158142, 0.9842187762260437], "val_loss": [0.6762374043464661, 0.6603914499282837, 0.666340172290802, 0.6490886807441711, 0.6466946601867676, 0.6569783091545105, 0.6482124924659729, 0.7008956074714661, 0.7468913793563843, 0.7512592077255249], "val_accuracy": [0.8115624785423279, 0.8207812309265137, 0.829296886920929, 0.8332812786102295, 0.8358593583106995, 0.8402343988418579, 0.8350781202316284, 0.8374999761581421, 0.8356249928474426, 0.8342187404632568]}