{"loss": [0.15414497256278992, 0.18756546080112457, 0.09244567900896072, 0.11034645140171051, 0.013298137113451958, 0.06397878378629684, 0.08993180096149445], "accuracy": [0.94921875, 0.9639062285423279, 0.9847656488418579, 0.9807812571525574, 1.0, 0.9903125166893005, 0.9856250286102295], "val_loss": [0.7725610136985779, 0.7278783321380615, 0.7591570019721985, 0.7685354351997375, 0.8421318531036377, 0.8551150560379028, 0.7684536576271057], "val_accuracy": [0.1717187464237213, 0.8217187523841858, 0.8217187523841858, 0.8217187523841858, 0.8217187523841858, 0.8217187523841858, 0.8217187523841858]}