{"loss": [0.36472195386886597, 0.0837479904294014, 0.05504142865538597, 0.12098776549100876, 0.13646169006824493, 0.040431585162878036], "accuracy": [0.8393750190734863, 0.987109363079071, 0.9918749928474426, 0.9778125286102295, 0.9722656011581421, 0.9952343702316284], "val_loss": [1.0842019319534302, 1.2534292936325073, 1.3144437074661255, 1.3442580699920654, 1.375890851020813, 1.4127856492996216], "val_accuracy": [0.197265625, 0.19289062917232513, 0.1887499988079071, 0.18812499940395355, 0.18578125536441803, 0.1841406226158142]}