{"loss": [0.20622354745864868, 0.10870496928691864, 0.1636650413274765, 0.10069882124662399, 0.12035859376192093, 0.08194726705551147], "accuracy": [0.9375781416893005, 0.9807812571525574, 0.9674218893051147, 0.9813281297683716, 0.9776562452316284, 0.9867187738418579], "val_loss": [0.957558274269104, 1.0806794166564941, 1.103378176689148, 1.1690280437469482, 1.1906070709228516, 1.2063674926757812], "val_accuracy": [0.18257813155651093, 0.17781250178813934, 0.1763281226158142, 0.17585937678813934, 0.1750781238079071, 0.1771875023841858]}