{"loss": [0.2408571094274521, 0.04176364839076996, 0.11453190445899963, 0.12072969228029251, 0.13231125473976135, 0.1007889062166214, 0.17695894837379456], "accuracy": [0.8996875286102295, 0.9951562285423279, 0.9798437356948853, 0.9778906106948853, 0.9750781059265137, 0.981640636920929, 0.9624218940734863], "val_loss": [0.6252084374427795, 0.6009048223495483, 0.6274349689483643, 0.6437762379646301, 0.6614243984222412, 0.6752088069915771, 0.7432460784912109], "val_accuracy": [0.8184375166893005, 0.8217187523841858, 0.8185937404632568, 0.8196094036102295, 0.8169531226158142, 0.8217968940734863, 0.16718749701976776]}