{"loss": [0.35667845606803894, 0.10763761401176453, 0.09069572389125824, 0.032600902020931244, 0.11699977517127991, 0.06417898088693619, 0.1368550807237625, 0.08241605758666992, 0.08240849524736404, 0.1464604139328003, 0.04370903968811035, 0.08611341565847397, 0.18545499444007874, 0.1409258246421814, 0.15076887607574463, 0.13630814850330353, 0.07982973009347916, 0.08506491035223007, 0.10570747405290604, 0.14923711121082306, 0.08733714371919632, 0.1478293389081955, 0.0863615870475769, 0.10479428619146347, 0.059443745762109756, 0.03148771822452545, 0.06069676950573921, 0.11260556429624557, 0.08867311477661133, 0.11969512701034546, 0.10338731855154037, 0.04688930884003639, 0.05013197287917137], "accuracy": [0.8482812643051147, 0.981640636920929, 0.9853125214576721, 0.9967187643051147, 0.9809374809265137, 0.9903905987739563, 0.975390613079071, 0.9867187738418579, 0.9861719012260437, 0.9723437428474426, 0.9946093559265137, 0.9850780963897705, 0.9621875286102295, 0.9716406464576721, 0.9685156345367432, 0.9721875190734863, 0.9857812523841858, 0.985156238079071, 0.9800000190734863, 0.9671875238418579, 0.9844531416893005, 0.9677343964576721, 0.9848437309265137, 0.9789062738418579, 0.9901562333106995, 0.995312511920929, 0.9900000095367432, 0.9768750071525574, 0.9817187786102295, 0.9724218845367432, 0.9750000238418579, 0.9916406273841858, 0.9900781512260437], "val_loss": [0.7639200091362, 0.7728559970855713, 0.7814693450927734, 0.822872519493103, 0.7617192268371582, 0.7480746507644653, 0.7118851542472839, 0.7113689184188843, 0.6984916925430298, 0.6369731426239014, 0.6731261610984802, 0.6427620053291321, 0.5523152351379395, 0.5376858711242676, 0.542045533657074, 0.5099892616271973, 0.5300916433334351, 0.5199743509292603, 0.49114716053009033, 0.4574836790561676, 0.47495973110198975, 0.4425077438354492, 0.4414759874343872, 0.4325297176837921, 0.4452061951160431, 0.45106637477874756, 0.4383745491504669, 0.4098953604698181, 0.4199828803539276, 0.44532445073127747, 0.4611170291900635, 0.45933452248573303, 0.46600019931793213], "val_accuracy": [0.1608593761920929, 0.17070312798023224, 0.8214062452316284, 0.8217187523841858, 0.8217187523841858, 0.8217187523841858, 0.8260156512260437, 0.8237500190734863, 0.824999988079071, 0.8278124928474426, 0.8221094012260437, 0.8239843845367432, 0.8358593583106995, 0.8379687666893005, 0.8346093893051147, 0.8394531011581421, 0.8319531083106995, 0.8336718678474426, 0.8393750190734863, 0.8460156321525574, 0.8430469036102295, 0.8505468964576721, 0.8463281393051147, 0.850781261920929, 0.8459374904632568, 0.8409374952316284, 0.8453906178474426, 0.8504687547683716, 0.8457812666893005, 0.8376562595367432, 0.8374999761581421, 0.8366405963897705, 0.8353906273841858]}