{"loss": [0.22295796871185303, 0.06106267869472504, 0.11158383637666702, 0.10989323258399963, 0.15106962621212006, 0.14111477136611938], "accuracy": [0.9205468893051147, 0.9913281202316284, 0.9807031154632568, 0.9805468916893005, 0.9705469012260437, 0.9728124737739563], "val_loss": [0.7767799496650696, 0.8259780406951904, 0.8417699337005615, 0.8219139575958252, 0.8048458099365234, 0.7947836518287659], "val_accuracy": [0.1739843785762787, 0.1706250011920929, 0.17468750476837158, 0.17890624701976776, 0.17945311963558197, 0.18000000715255737]}