{"loss": [0.1565418392419815, 0.12881571054458618, 0.05875171720981598, 0.03204037994146347, 0.09690951555967331, 0.07342015951871872, 0.07454559206962585], "accuracy": [0.9649218916893005, 0.9762499928474426, 0.9910937547683716, 0.9957812428474426, 0.9832812547683716, 0.9877343773841858, 0.9870312213897705], "val_loss": [0.6023253798484802, 0.5998221039772034, 0.666251003742218, 0.7145259976387024, 0.664959728717804, 0.6581824421882629, 0.6688526272773743], "val_accuracy": [0.8217187523841858, 0.8217187523841858, 0.8217187523841858, 0.8217187523841858, 0.8217968940734863, 0.8217968940734863, 0.8217187523841858]}