{"loss": [0.22011737525463104, 0.09760253876447678, 0.12932607531547546, 0.12872925400733948, 0.13202616572380066, 0.1276514083147049, 0.060443244874477386, 0.16179007291793823, 0.06094954535365105, 0.10654040426015854, 0.05732668936252594, 0.19369883835315704, 0.08921078592538834, 0.1558033972978592, 0.09859232604503632, 0.09567584097385406, 0.06387291103601456, 0.1304006725549698, 0.09906511008739471, 0.039389077574014664, 0.08205530047416687, 0.07852940261363983, 0.1011064350605011, 0.0995694100856781, 0.1194271445274353, 0.13859808444976807, 0.11360693722963333, 0.13022443652153015, 0.10271873325109482, 0.10668902099132538, 0.06819652020931244, 0.0662463828921318, 0.1228121817111969, 0.12664589285850525, 0.06854623556137085, 0.08218512684106827, 0.16945238411426544, 0.08112246543169022, 0.09957507997751236, 0.0766839012503624, 0.08141649514436722, 0.08502170443534851], "accuracy": [0.9467968940734863, 0.9857812523841858, 0.9767968654632568, 0.9763281345367432, 0.9763281345367432, 0.9765625, 0.9909374713897705, 0.9707812666893005, 0.9912499785423279, 0.9823437333106995, 0.9914844036102295, 0.9621875286102295, 0.9854687452316284, 0.9700000286102295, 0.9822656512260437, 0.9839062690734863, 0.9901562333106995, 0.9759374856948853, 0.9821093678474426, 0.9952343702316284, 0.9859374761581421, 0.986328125, 0.9820312261581421, 0.9821875095367432, 0.977734386920929, 0.9724218845367432, 0.9783594012260437, 0.9743750095367432, 0.9813281297683716, 0.979687511920929, 0.9895312786102295, 0.9887499809265137, 0.9771093726158142, 0.9747655987739563, 0.9889062643051147, 0.9859374761581421, 0.9643750190734863, 0.9861719012260437, 0.9815624952316284, 0.9867968559265137, 0.9857812523841858, 0.9852343797683716], "val_loss": [0.648022472858429, 0.6105982065200806, 0.5949159264564514, 0.5886306166648865, 0.5784136056900024, 0.5721266269683838, 0.5669271945953369, 0.5648385286331177, 0.5601549744606018, 0.5559728741645813, 0.5561105608940125, 0.5520921945571899, 0.549984872341156, 0.5449651479721069, 0.5438481569290161, 0.543007493019104, 0.5445189476013184, 0.5395632386207581, 0.5399336814880371, 0.5456411242485046, 0.5433083176612854, 0.5405504703521729, 0.5393409132957458, 0.5372943878173828, 0.5324547290802002, 0.533206045627594, 0.5334625840187073, 0.531461238861084, 0.5355848073959351, 0.5274618864059448, 0.5334274172782898, 0.5344489812850952, 0.5265669822692871, 0.5265520215034485, 0.5324947237968445, 0.52982497215271, 0.5167081356048584, 0.5291717052459717, 0.530755877494812, 0.5326216220855713, 0.5362688899040222, 0.5313584804534912], "val_accuracy": [0.8216406106948853, 0.8217187523841858, 0.8217187523841858, 0.8217187523841858, 0.8217187523841858, 0.8217187523841858, 0.8217187523841858, 0.8217187523841858, 0.8217187523841858, 0.8217187523841858, 0.8217187523841858, 0.8217187523841858, 0.8217187523841858, 0.8217187523841858, 0.8217187523841858, 0.8217187523841858, 0.8217187523841858, 0.8217187523841858, 0.8217187523841858, 0.8217187523841858, 0.8217187523841858, 0.8217187523841858, 0.8217187523841858, 0.8217187523841858, 0.8217187523841858, 0.8217187523841858, 0.8217187523841858, 0.8217187523841858, 0.8217187523841858, 0.8217187523841858, 0.8217187523841858, 0.8217187523841858, 0.8217187523841858, 0.8217187523841858, 0.8217187523841858, 0.8217187523841858, 0.8217187523841858, 0.8217187523841858, 0.8217187523841858, 0.8217187523841858, 0.8217187523841858, 0.8217187523841858]}