{"loss": [0.29325181245803833, 0.1460859626531601, 0.062028441578149796, 0.05398218706250191, 0.08759955316781998, 0.07552509754896164], "accuracy": [0.8711718916893005, 0.970703125, 0.9903905987739563, 0.9916406273841858, 0.9839843511581421, 0.9864843487739563], "val_loss": [0.7115210890769958, 0.725533127784729, 0.7518103718757629, 0.774771511554718, 0.7605125904083252, 0.7518067359924316], "val_accuracy": [0.8244531154632568, 0.8224999904632568, 0.8167187571525574, 0.8141406178474426, 0.8192187547683716, 0.8204687237739563]}