{"loss": [0.21272212266921997, 0.13365334272384644, 0.08548492193222046, 0.13832791149616241, 0.1482914239168167, 0.0882023274898529, 0.035116150975227356, 0.11618487536907196, 0.08861174434423447, 0.08940836787223816, 0.08915320038795471, 0.10517551749944687], "accuracy": [0.9375781416893005, 0.9756249785423279, 0.9862499833106995, 0.9747655987739563, 0.971875011920929, 0.9859374761581421, 0.9954687356948853, 0.9807031154632568, 0.9854687452316284, 0.9850000143051147, 0.9850780963897705, 0.9817187786102295], "val_loss": [0.652675449848175, 0.614782452583313, 0.6101994514465332, 0.6046180129051208, 0.6166788339614868, 0.6026504039764404, 0.5950251221656799, 0.5962104201316833, 0.5989959836006165, 0.6029345393180847, 0.6087717413902283, 0.6035598516464233], "val_accuracy": [0.8215625286102295, 0.8213281035423279, 0.8215625286102295, 0.8215625286102295, 0.8214062452316284, 0.8217187523841858, 0.8217187523841858, 0.8217187523841858, 0.8217187523841858, 0.8217187523841858, 0.8217187523841858, 0.8217187523841858]}