{"loss": [0.08891762048006058, 0.03858165815472603, 0.14386621117591858, 0.16205331683158875, 0.14758747816085815, 0.10667102783918381, 0.10654710978269577, 0.08314044773578644, 0.040791381150484085, 0.20258909463882446, 0.04287746921181679, 0.05568202957510948, 0.03205258771777153, 0.08306850492954254, 0.1167999729514122], "accuracy": [0.9827343821525574, 0.995312511920929, 0.9748437404632568, 0.9682031273841858, 0.970703125, 0.9807812571525574, 0.9807031154632568, 0.9857031106948853, 0.9946874976158142, 0.958203136920929, 0.9944531321525574, 0.9910937547683716, 0.9955468773841858, 0.9857812523841858, 0.9771093726158142], "val_loss": [0.5807661414146423, 0.5718344449996948, 0.5367939472198486, 0.5106267333030701, 0.5042885541915894, 0.5060756206512451, 0.5037462711334229, 0.5131723284721375, 0.5211235880851746, 0.45986098051071167, 0.4983682334423065, 0.5048165917396545, 0.5151367783546448, 0.4898150563240051, 0.46164047718048096], "val_accuracy": [0.821093738079071, 0.8246874809265137, 0.8271093964576721, 0.8278906345367432, 0.8278124928474426, 0.824999988079071, 0.8255468606948853, 0.8239843845367432, 0.8239843845367432, 0.8264843821525574, 0.8226562738418579, 0.8221874833106995, 0.8218749761581421, 0.8242968916893005, 0.8276562690734863]}