{"loss": [0.20970705151557922, 0.1316046267747879, 0.13544096052646637, 0.1278083175420761, 0.06338120996952057, 0.08692635595798492, 0.17237722873687744, 0.10408734530210495, 0.12718556821346283, 0.014575735665857792, 0.08187457919120789, 0.058659087866544724, 0.11122369766235352, 0.06060625612735748, 0.10693536698818207, 0.099880151450634, 0.05914219468832016, 0.09182162582874298, 0.12058527022600174, 0.11395616829395294, 0.09723316133022308, 0.1007702574133873, 0.10533228516578674, 0.09701524674892426, 0.16068878769874573, 0.0625721886754036, 0.05480852723121643, 0.07356760650873184, 0.011532618664205074, 0.005321439355611801], "accuracy": [0.9361718893051147, 0.9761718511581421, 0.9751562476158142, 0.9765625, 0.9906250238418579, 0.9858593940734863, 0.9659374952316284, 0.9815624952316284, 0.9759374856948853, 1.0, 0.986328125, 0.9908593893051147, 0.9799218773841858, 0.9907031059265137, 0.9805468916893005, 0.9821093678474426, 0.9907031059265137, 0.9835156202316284, 0.9762499928474426, 0.9780468940734863, 0.9814062714576721, 0.9806249737739563, 0.9800781011581421, 0.9819531440734863, 0.9652343988418579, 0.9900000095367432, 0.9906250238418579, 0.9867187738418579, 1.0, 1.0], "val_loss": [0.6547806262969971, 0.6424981951713562, 0.6242777109146118, 0.6168317198753357, 0.6358892321586609, 0.6361396312713623, 0.5965962409973145, 0.5917870998382568, 0.5902352333068848, 0.6237303614616394, 0.5949341058731079, 0.5934240221977234, 0.5654473304748535, 0.5733239650726318, 0.5502305626869202, 0.5475274920463562, 0.5488587021827698, 0.5293614268302917, 0.5121889114379883, 0.5165072083473206, 0.5108963847160339, 0.5075464844703674, 0.49609145522117615, 0.486545205116272, 0.4507855176925659, 0.4851720929145813, 0.48221588134765625, 0.45991283655166626, 0.4958808124065399, 0.5242822170257568], "val_accuracy": [0.8224218487739563, 0.8216406106948853, 0.8211718797683716, 0.8213281035423279, 0.8217187523841858, 0.8217187523841858, 0.8217187523841858, 0.8217187523841858, 0.8202343583106995, 0.8217187523841858, 0.8217187523841858, 0.8217187523841858, 0.8217187523841858, 0.8217187523841858, 0.8217187523841858, 0.8217187523841858, 0.8217187523841858, 0.8217187523841858, 0.8213281035423279, 0.8193749785423279, 0.8189062476158142, 0.8206250071525574, 0.8213281035423279, 0.8217187523841858, 0.8172656297683716, 0.821093738079071, 0.8216406106948853, 0.8214062452316284, 0.8217187523841858, 0.8217187523841858]}