{"loss": [0.14553804695606232, 0.08948087692260742, 0.11332951486110687, 0.10470137000083923, 0.11105005443096161, 0.06576237082481384, 0.06311769038438797, 0.07673890143632889, 0.03460926190018654, 0.21780532598495483, 0.10529252886772156, 0.062449272722005844, 0.18735796213150024, 0.01720341667532921, 0.08450153470039368, 0.09443297982215881, 0.10601828247308731, 0.09746681153774261, 0.05667183920741081, 0.03323579952120781, 0.124938003718853, 0.058357123285532, 0.15124937891960144, 0.11643871665000916, 0.13941816985607147, 0.041284915059804916, 0.07044975459575653, 0.13987092673778534, 0.12029673904180527, 0.10038511455059052, 0.1213495284318924, 0.059704672545194626, 0.14022193849086761, 0.01660666987299919, 0.09207923710346222, 0.11109468340873718, 0.10229852795600891, 0.057544317096471786], "accuracy": [0.9588281512260437, 0.9853125214576721, 0.9801562428474426, 0.9815624952316284, 0.9798437356948853, 0.9899218678474426, 0.9905468821525574, 0.9874218702316284, 0.9953906536102295, 0.954296886920929, 0.9826562404632568, 0.9906250238418579, 0.9627344012260437, 1.0, 0.9854687452316284, 0.9829687476158142, 0.9805468916893005, 0.982421875, 0.9914844036102295, 0.9957031011581421, 0.9774218797683716, 0.9909374713897705, 0.9713281393051147, 0.9778906106948853, 0.9721093773841858, 0.9952343702316284, 0.9882031083106995, 0.9725781083106995, 0.9768750071525574, 0.9813281297683716, 0.9758594036102295, 0.9909374713897705, 0.971484363079071, 1.0, 0.9846875071525574, 0.9793750047683716, 0.9807031154632568, 0.9915624856948853], "val_loss": [0.6138317584991455, 0.588615894317627, 0.5721430778503418, 0.5592983365058899, 0.5537582635879517, 0.5469241142272949, 0.5442749261856079, 0.5430095195770264, 0.545224130153656, 0.5310643315315247, 0.5276226997375488, 0.5316674709320068, 0.5266588926315308, 0.5357438921928406, 0.5306479930877686, 0.5243154764175415, 0.5208891034126282, 0.5161507725715637, 0.5230706930160522, 0.5243220329284668, 0.5134376883506775, 0.5154625177383423, 0.5055822730064392, 0.5007200241088867, 0.4991159737110138, 0.5072519779205322, 0.506090521812439, 0.4973222315311432, 0.49567702412605286, 0.49529311060905457, 0.4919770359992981, 0.49467894434928894, 0.4873274862766266, 0.5010188817977905, 0.4988456070423126, 0.49168992042541504, 0.48782962560653687, 0.4933059811592102], "val_accuracy": [0.8217187523841858, 0.8217187523841858, 0.8216406106948853, 0.8210155963897705, 0.8212500214576721, 0.8213281035423279, 0.8215625286102295, 0.821484386920929, 0.8216406106948853, 0.8199218511581421, 0.8210155963897705, 0.8215625286102295, 0.8210155963897705, 0.8217187523841858, 0.8217187523841858, 0.8215625286102295, 0.8215625286102295, 0.8217187523841858, 0.8217187523841858, 0.8217187523841858, 0.8217187523841858, 0.8217187523841858, 0.8216406106948853, 0.8219531178474426, 0.8219531178474426, 0.8217968940734863, 0.8217968940734863, 0.8212500214576721, 0.8214062452316284, 0.8219531178474426, 0.8217968940734863, 0.8218749761581421, 0.8189062476158142, 0.8219531178474426, 0.8216406106948853, 0.8189843893051147, 0.8185155987739563, 0.8193749785423279]}