{"loss": [0.3850434422492981, 0.025027787312865257, 0.03746949881315231, 0.06744097173213959, 0.033706631511449814, 0.023675208911299706, 0.02514641359448433, 0.0316758006811142, 0.021319884806871414, 0.03134850412607193, 0.011544425040483475, 0.0024557989090681076, 0.012103554792702198, 0.039868999272584915, 0.035771775990724564, 0.01686907559633255, 0.02070637047290802, 0.019567903131246567, 0.008083400316536427, 0.0010073446901515126, 0.0054181041195988655, 0.004076354205608368, 0.000526196148712188, 0.012870583683252335, 0.004204959608614445, 0.008445292711257935, 0.00046666982234455645, 0.026894159615039825, 0.008182313293218613, 0.00946342945098877, 0.0061685810796916485, 0.0003598591429181397], "acurracy": [0.8915625214576721, 0.9996874928474426, 0.9950000047683716, 0.9881250262260437, 0.9946874976158142, 0.9965624809265137, 0.9959375262260437, 0.9940624833106995, 0.9956250190734863, 0.9918749928474426, 0.996874988079071, 1.0, 0.9959375262260437, 0.987500011920929, 0.9881250262260437, 0.9956250190734863, 0.9959375262260437, 0.9937499761581421, 0.9981250166893005, 1.0, 0.9987499713897705, 0.9987499713897705, 1.0, 0.9959375262260437, 0.9987499713897705, 0.9975000023841858, 1.0, 0.9931250214576721, 0.9981250166893005, 0.9984375238418579, 0.9984375238418579, 1.0], "val_loss": [1.3285402059555054, 1.443726658821106, 1.4720127582550049, 1.2833846807479858, 1.1790642738342285, 1.132391333580017, 1.092939853668213, 1.0337008237838745, 0.9788419604301453, 0.8819331526756287, 0.8451671600341797, 0.8734577298164368, 0.8890771269798279, 0.7668549418449402, 0.6948903799057007, 0.6884777545928955, 0.7080734372138977, 0.6715163588523865, 0.673045814037323, 0.6681770086288452, 0.6786702871322632, 0.6695144176483154, 0.6738841533660889, 0.6648924350738525, 0.666198194026947, 0.6793133616447449, 0.6617992520332336, 0.6962193846702576, 0.6864839792251587, 0.679836630821228, 0.6766811609268188, 0.6892622113227844], "val_acurracy": [0.5249999761581421, 0.5390625, 0.5353124737739563, 0.5646874904632568, 0.5934374928474426, 0.6215624809265137, 0.6468750238418579, 0.6690624952316284, 0.6949999928474426, 0.7271875143051147, 0.7418749928474426, 0.7303125262260437, 0.7315624952316284, 0.7681249976158142, 0.7928125262260437, 0.7990624904632568, 0.796875, 0.8075000047683716, 0.8021875023841858, 0.8065624833106995, 0.8028125166893005, 0.8037499785423279, 0.8043749928474426, 0.8087499737739563, 0.8090624809265137, 0.809374988079071, 0.8137500286102295, 0.8068749904632568, 0.8137500286102295, 0.8109375238418579, 0.8121874928474426, 0.8062499761581421]}