{"loss": [0.2372734695672989, 0.0381346270442009, 0.06917539983987808, 0.03558429703116417, 0.00474095344543457, 0.002963792998343706], "acurracy": [0.9387500286102295, 0.9959375262260437, 0.9868749976158142, 0.9925000071525574, 1.0, 1.0], "val_loss": [1.806094765663147, 1.9022341966629028, 1.9963113069534302, 2.0311028957366943, 2.0368270874023438, 2.0356056690216064], "val_acurracy": [0.36500000953674316, 0.2828125059604645, 0.1850000023841858, 0.1459375023841858, 0.13625000417232513, 0.1443749964237213]}