{"loss": [0.560144305229187, 0.0498867928981781, 0.01421620324254036, 0.026658350601792336, 0.02792048640549183, 0.029216093942523003], "acurracy": [0.8256250023841858, 0.995312511920929, 0.9996874928474426, 0.996874988079071, 0.9956250190734863, 0.9940624833106995], "val_loss": [1.4741231203079224, 1.6019353866577148, 1.7264869213104248, 1.8023872375488281, 1.8959158658981323, 1.9670608043670654], "val_acurracy": [0.41499999165534973, 0.40531250834465027, 0.4065625071525574, 0.40937501192092896, 0.3931249976158142, 0.3865624964237213]}