{"loss": [0.3982572555541992, 0.07448575645685196, 0.05230394005775452, 0.05811189115047455, 0.03874693065881729, 0.037915557622909546, 0.019244929775595665, 0.013139571063220501, 0.0023171084467321634, 0.020762648433446884, 0.005987150128930807, 0.022695595398545265, 0.012084122747182846, 0.008989673107862473, 0.008972469717264175, 0.023242278024554253, 0.0072061424143612385, 0.013486840762197971, 0.015293169766664505, 0.01711197942495346, 0.01799033209681511, 0.015556076541543007, 0.010299078188836575, 0.006026893854141235, 0.010387982241809368, 0.004883247427642345, 0.0005672167171724141, 0.009357153438031673, 0.01136204693466425, 0.0005004509584978223, 0.018720675259828568, 0.006002090405672789, 0.00551304267719388, 0.00026856339536607265, 0.013051191344857216, 0.0077532450668513775, 0.0003194758901372552, 0.013606798835098743, 0.021241793408989906, 0.008496128022670746, 0.012120336294174194, 0.007197560276836157, 0.0021880818530917168, 0.012764875777065754, 0.004245294723659754, 0.008427104912698269, 0.006727395113557577, 0.0009428129997104406], "acurracy": [0.8812500238418579, 0.9871875047683716, 0.9900000095367432, 0.9871875047683716, 0.9921875, 0.9912499785423279, 0.9946874976158142, 0.9978125095367432, 1.0, 0.9946874976158142, 0.9984375238418579, 0.9937499761581421, 0.9978125095367432, 0.9987499713897705, 0.9975000023841858, 0.9937499761581421, 0.9981250166893005, 0.9965624809265137, 0.9965624809265137, 0.9950000047683716, 0.9965624809265137, 0.9959375262260437, 0.996874988079071, 0.9990624785423279, 0.9962499737739563, 0.9987499713897705, 1.0, 0.9971874952316284, 0.996874988079071, 1.0, 0.9950000047683716, 0.9984375238418579, 0.9990624785423279, 1.0, 0.9965624809265137, 0.9978125095367432, 1.0, 0.995312511920929, 0.9937499761581421, 0.9975000023841858, 0.9959375262260437, 0.9978125095367432, 0.9996874928474426, 0.9959375262260437, 0.9987499713897705, 0.9981250166893005, 0.9975000023841858, 0.9996874928474426], "val_loss": [1.8702914714813232, 1.5410244464874268, 1.3384095430374146, 1.1685566902160645, 1.1092215776443481, 1.0099434852600098, 0.9404955506324768, 0.9364206194877625, 0.9523893594741821, 0.9017552733421326, 0.8665488958358765, 0.8395435214042664, 0.8384426236152649, 0.8596675992012024, 0.8374592661857605, 0.7664536833763123, 0.7862880229949951, 0.7509293556213379, 0.7423441410064697, 0.755281388759613, 0.7397105693817139, 0.6846487522125244, 0.71234130859375, 0.6996034383773804, 0.6756131649017334, 0.6489351391792297, 0.6567390561103821, 0.6419238448143005, 0.6527543067932129, 0.6640684008598328, 0.626595139503479, 0.6160759329795837, 0.6427053809165955, 0.6229271292686462, 0.6001256108283997, 0.595503568649292, 0.6040825843811035, 0.5708997845649719, 0.5800701975822449, 0.5836095213890076, 0.5634740591049194, 0.572296679019928, 0.5622279644012451, 0.5808632969856262, 0.5855227708816528, 0.6100288033485413, 0.5638872981071472, 0.5736469626426697], "val_acurracy": [0.18250000476837158, 0.38593751192092896, 0.48906248807907104, 0.5831249952316284, 0.6184375286102295, 0.6615625023841858, 0.6949999928474426, 0.6940624713897705, 0.6934375166893005, 0.7096874713897705, 0.7256249785423279, 0.731249988079071, 0.7331249713897705, 0.7268750071525574, 0.7353125214576721, 0.7621874809265137, 0.7584375143051147, 0.7693750262260437, 0.7699999809265137, 0.7665625214576721, 0.7737500071525574, 0.7878124713897705, 0.7828124761581421, 0.7834374904632568, 0.793749988079071, 0.7990624904632568, 0.7981250286102295, 0.8028125166893005, 0.8009374737739563, 0.796875, 0.8081250190734863, 0.8131250143051147, 0.8043749928474426, 0.8090624809265137, 0.8128125071525574, 0.8196874856948853, 0.8143749833106995, 0.824999988079071, 0.8243749737739563, 0.8206250071525574, 0.8278124928474426, 0.8212500214576721, 0.824999988079071, 0.8228124976158142, 0.8212500214576721, 0.8146874904632568, 0.8287500143051147, 0.8278124928474426]}