{"loss": [0.2925209701061249, 0.07409394532442093, 0.070872962474823, 0.07270685583353043, 0.07727053016424179, 0.010299709625542164], "acurracy": [0.925000011920929, 0.9915624856948853, 0.9918749928474426, 0.9915624856948853, 0.9903125166893005, 0.9990624785423279], "val_loss": [1.4127097129821777, 1.4712294340133667, 1.551609992980957, 1.6315521001815796, 1.6589860916137695, 1.7041385173797607], "val_acurracy": [0.5787500143051147, 0.5790625214576721, 0.5768749713897705, 0.5721874833106995, 0.5778124928474426, 0.5874999761581421]}