{"loss": [0.6000978946685791, 0.07175810635089874, 0.12203142791986465, 0.06274573504924774, 0.07610523700714111, 0.06182149052619934, 0.008823796175420284], "acurracy": [0.7981250286102295, 0.9943749904632568, 0.984375, 0.9931250214576721, 0.9915624856948853, 0.9928125143051147, 0.9996874928474426], "val_loss": [1.3749091625213623, 1.316027045249939, 1.3716633319854736, 1.4099215269088745, 1.4802734851837158, 1.574243187904358, 1.5825289487838745], "val_acurracy": [0.5009375214576721, 0.5378124713897705, 0.4037500023841858, 0.36531248688697815, 0.29781249165534973, 0.23125000298023224, 0.2943750023841858]}