{"loss": [0.3253170847892761, 0.01967635191977024, 0.020445888862013817, 0.01465046126395464, 0.023238137364387512, 0.03469974920153618], "acurracy": [0.9024999737739563, 1.0, 0.9971874952316284, 0.9971874952316284, 0.9956250190734863, 0.9900000095367432], "val_loss": [1.14542818069458, 1.1717342138290405, 1.2102253437042236, 1.255049705505371, 1.3683035373687744, 1.6513469219207764], "val_acurracy": [0.5537499785423279, 0.5315625071525574, 0.5228124856948853, 0.5121874809265137, 0.4690625071525574, 0.3568750023841858]}