{"loss": [0.6044533252716064, 0.0957527607679367, 0.01787545718252659, 0.06500598043203354, 0.02391616813838482, 0.00592710729688406, 0.02376360259950161], "acurracy": [0.8062499761581421, 0.9831249713897705, 0.9996874928474426, 0.9868749976158142, 0.9959375262260437, 0.9996874928474426, 0.9956250190734863], "val_loss": [1.1104565858840942, 1.0980304479599, 1.1832990646362305, 1.2567857503890991, 1.3060308694839478, 1.3488737344741821, 1.3447232246398926], "val_acurracy": [0.5784375071525574, 0.5740625262260437, 0.5668749809265137, 0.5521875023841858, 0.5443750023841858, 0.5484374761581421, 0.5484374761581421]}