{"loss": [0.28732362389564514, 0.042751800268888474, 0.03450066223740578, 0.056169282644987106, 0.03814692795276642, 0.11419699341058731], "acurracy": [0.9262499809265137, 0.9962499737739563, 0.9965624809265137, 0.9937499761581421, 0.9962499737739563, 0.9837499856948853], "val_loss": [1.5415698289871216, 1.5664892196655273, 1.611847996711731, 1.6979038715362549, 1.7648104429244995, 2.0497026443481445], "val_acurracy": [0.5631250143051147, 0.5796874761581421, 0.5837500095367432, 0.574999988079071, 0.5784375071525574, 0.49031248688697815]}