{"loss": [0.4582363963127136, 0.1089884340763092, 0.017858145758509636, 0.09566298127174377, 0.07215370982885361, 0.05591530352830887, 0.0698649063706398], "acurracy": [0.8631250262260437, 0.987500011920929, 1.0, 0.9884374737739563, 0.9909374713897705, 0.9931250214576721, 0.9906250238418579], "val_loss": [1.3302407264709473, 1.2977495193481445, 1.313292384147644, 1.3624088764190674, 1.4141954183578491, 1.4671319723129272, 1.570119023323059], "val_acurracy": [0.5699999928474426, 0.5868750214576721, 0.5774999856948853, 0.581250011920929, 0.5818750262260437, 0.5840625166893005, 0.5778124928474426]}