{"loss": [0.6478046178817749, 0.07716808468103409, 0.03727291524410248, 0.03259921446442604, 0.056118689477443695, 0.03241337835788727, 0.03183441609144211, 0.0336063988506794, 0.02457437664270401, 0.015243594534695148, 0.016296787187457085, 0.0024021489080041647, 0.015601150691509247, 0.006555621512234211, 0.0015254196478053927, 0.00858599878847599, 0.02515561878681183, 0.02256605587899685, 0.005913189146667719, 0.014830405823886395, 0.00532194972038269, 0.0007858840981498361, 0.006095564924180508, 0.011671927757561207, 0.00767884124070406, 0.024828806519508362, 0.002855203114449978, 0.000679676013533026, 0.00045881245750933886, 0.0189176257699728, 0.008675138466060162, 0.00045683642383664846, 0.003911454230546951, 0.004204453434795141, 0.00027871099882759154], "acurracy": [0.7962499856948853, 0.9915624856948853, 0.9959375262260437, 0.9956250190734863, 0.9909374713897705, 0.9928125143051147, 0.9934375286102295, 0.9921875, 0.9934375286102295, 0.9965624809265137, 0.9946874976158142, 1.0, 0.9956250190734863, 0.9984375238418579, 1.0, 0.9978125095367432, 0.9925000071525574, 0.995312511920929, 0.9990624785423279, 0.996874988079071, 0.9987499713897705, 1.0, 0.9981250166893005, 0.9978125095367432, 0.9975000023841858, 0.9937499761581421, 0.9996874928474426, 1.0, 1.0, 0.9962499737739563, 0.9984375238418579, 1.0, 0.9990624785423279, 0.9993749856948853, 1.0], "val_loss": [1.8093647956848145, 1.7041202783584595, 1.5947058200836182, 1.5037733316421509, 1.4502829313278198, 1.2476871013641357, 1.092034935951233, 1.018426537513733, 0.9338060617446899, 0.9576290845870972, 0.879594624042511, 0.901660680770874, 0.8773829936981201, 0.8690335154533386, 0.883003830909729, 0.8724561333656311, 0.845470666885376, 0.8211421966552734, 0.8068711757659912, 0.8057935833930969, 0.8139474987983704, 0.7738108038902283, 0.7889178395271301, 0.7866254448890686, 0.7583539485931396, 0.7831616997718811, 0.7623724341392517, 0.7604838609695435, 0.7509455680847168, 0.7449684143066406, 0.7591013312339783, 0.789472222328186, 0.7857064604759216, 0.7755430340766907, 0.7622009515762329], "val_acurracy": [0.26374998688697815, 0.34281250834465027, 0.4415625035762787, 0.5134375095367432, 0.5403125286102295, 0.5868750214576721, 0.6603124737739563, 0.699999988079071, 0.7403125166893005, 0.7384374737739563, 0.7806249856948853, 0.770312488079071, 0.7787500023841858, 0.7865625023841858, 0.7818750143051147, 0.7862499952316284, 0.7934374809265137, 0.8065624833106995, 0.8046875, 0.8053125143051147, 0.8050000071525574, 0.8143749833106995, 0.8134375214576721, 0.8134375214576721, 0.8162500262260437, 0.8134375214576721, 0.8174999952316284, 0.8209375143051147, 0.8218749761581421, 0.8174999952316284, 0.8137500286102295, 0.8103125095367432, 0.8128125071525574, 0.8137500286102295, 0.8174999952316284]}