{"loss": [0.5321699380874634, 0.05665266513824463, 0.034525755792856216, 0.00838503148406744, 0.04669799655675888, 0.03363850712776184], "acurracy": [0.8268749713897705, 0.9912499785423279, 0.9937499761581421, 1.0, 0.9878125190734863, 0.9903125166893005], "val_loss": [1.6051863431930542, 1.6357938051223755, 1.6868565082550049, 1.7167809009552002, 1.9237778186798096, 2.1678760051727295], "val_acurracy": [0.4506250023841858, 0.5228124856948853, 0.5034375190734863, 0.5043749809265137, 0.32468751072883606, 0.25593748688697815]}