{"loss": [0.30081045627593994, 0.029046569019556046, 0.02843579277396202, 0.004979201126843691, 0.06718678772449493, 0.01924806647002697], "acurracy": [0.9078124761581421, 0.9971874952316284, 0.995312511920929, 1.0, 0.987500011920929, 0.9959375262260437], "val_loss": [1.529634714126587, 1.6832023859024048, 1.7460412979125977, 1.7406909465789795, 1.9198466539382935, 1.9652045965194702], "val_acurracy": [0.5509374737739563, 0.5143749713897705, 0.4950000047683716, 0.5103124976158142, 0.4206250011920929, 0.39156249165534973]}