{"loss": [0.2947933077812195, 0.01455338392406702, 0.025222130119800568, 0.043413762003183365, 0.01893138326704502, 0.026842620223760605, 0.044197000563144684, 0.010657374747097492, 0.010805265046656132, 0.02763122133910656, 0.0016968692652881145, 0.007844584994018078, 0.011614126153290272, 0.0008765360689722002, 0.01741492934525013, 0.00539776124060154, 0.040377844125032425, 0.01989438384771347, 0.011510700918734074, 0.008405637927353382, 0.0007029174012131989, 0.015352688729763031, 0.009329969063401222, 0.022600701078772545, 0.011121951043605804, 0.004667841363698244, 0.008043582551181316, 0.010913839563727379, 0.004092022310942411, 0.010334980674088001, 0.013574925251305103, 0.019500648602843285, 0.017671896144747734, 0.0030611036345362663, 0.009259603917598724, 0.0024445855524390936, 0.004059065133333206, 0.0020549045875668526], "acurracy": [0.9087499976158142, 1.0, 0.996874988079071, 0.9912499785423279, 0.9956250190734863, 0.9934375286102295, 0.9884374737739563, 0.9975000023841858, 0.9971874952316284, 0.9909374713897705, 1.0, 0.9975000023841858, 0.9959375262260437, 1.0, 0.9946874976158142, 0.9981250166893005, 0.9896875023841858, 0.9956250190734863, 0.996874988079071, 0.9984375238418579, 1.0, 0.9956250190734863, 0.9975000023841858, 0.9928125143051147, 0.996874988079071, 0.9987499713897705, 0.9971874952316284, 0.9971874952316284, 0.9990624785423279, 0.996874988079071, 0.9956250190734863, 0.9940624833106995, 0.9946874976158142, 0.9993749856948853, 0.9975000023841858, 0.9990624785423279, 0.9990624785423279, 0.9996874928474426], "val_loss": [1.8794167041778564, 1.888145923614502, 1.7933299541473389, 1.606264591217041, 1.4298382997512817, 1.291508674621582, 1.0802665948867798, 1.0741446018218994, 1.0167655944824219, 0.9194623827934265, 0.9592219591140747, 0.9036845564842224, 0.8960525393486023, 0.9123609066009521, 0.8260601162910461, 0.8006439208984375, 0.7217100262641907, 0.6666600704193115, 0.6167778968811035, 0.6304516792297363, 0.6386191844940186, 0.6056493520736694, 0.6059169769287109, 0.6063083410263062, 0.5918347835540771, 0.5928343534469604, 0.5660697221755981, 0.5571222901344299, 0.551516056060791, 0.5547905564308167, 0.5314620733261108, 0.5304707884788513, 0.5274755358695984, 0.5393834710121155, 0.5466347336769104, 0.5339462161064148, 0.5397185683250427, 0.5285964012145996], "val_acurracy": [0.3031249940395355, 0.35499998927116394, 0.3984375, 0.45124998688697815, 0.48531249165534973, 0.5290625095367432, 0.6415625214576721, 0.6584374904632568, 0.6868749856948853, 0.7281249761581421, 0.7181249856948853, 0.7315624952316284, 0.7384374737739563, 0.7334374785423279, 0.7628124952316284, 0.7671874761581421, 0.7881249785423279, 0.7956249713897705, 0.8046875, 0.7990624904632568, 0.8009374737739563, 0.8131250143051147, 0.8115624785423279, 0.8140624761581421, 0.8184375166893005, 0.8178125023841858, 0.8190624713897705, 0.823437511920929, 0.8296874761581421, 0.8253124952316284, 0.8359375, 0.8337500095367432, 0.8368750214576721, 0.8265625238418579, 0.8299999833106995, 0.8321874737739563, 0.8331249952316284, 0.8403124809265137]}