{"loss": [0.7837837934494019, 0.08536404371261597, 0.07498520612716675, 0.0981590673327446, 0.043860454112291336, 0.083692267537117, 0.012796281836926937, 0.07402758300304413, 0.05692379176616669, 0.03966829180717468, 0.006767332553863525, 0.0050984532572329044, 0.060058820992708206, 0.06804037094116211, 0.09080645442008972, 0.01101251132786274, 0.09710190445184708, 0.028071023523807526, 0.017199784517288208, 0.06354434043169022, 0.034392356872558594, 0.04855568706989288, 0.04744141548871994, 0.03213418647646904, 0.04073810577392578, 0.052306197583675385, 0.05233430862426758, 0.03744644299149513, 0.03522081673145294, 0.018215017393231392, 0.02235194854438305, 0.053888604044914246, 0.026358256116509438, 0.015597430057823658, 0.02341315895318985], "acurracy": [0.7353125214576721, 0.9912499785423279, 0.9925000071525574, 0.9871875047683716, 0.9959375262260437, 0.989062488079071, 1.0, 0.9906250238418579, 0.9928125143051147, 0.9950000047683716, 1.0, 1.0, 0.9921875, 0.9896875023841858, 0.9853125214576721, 1.0, 0.9837499856948853, 0.9971874952316284, 0.9965624809265137, 0.9896875023841858, 0.9946874976158142, 0.9915624856948853, 0.9912499785423279, 0.9928125143051147, 0.9918749928474426, 0.9871875047683716, 0.9912499785423279, 0.9925000071525574, 0.9925000071525574, 0.996874988079071, 0.9956250190734863, 0.9896875023841858, 0.9962499737739563, 0.9975000023841858, 0.9946874976158142], "val_loss": [1.2578309774398804, 1.25711989402771, 1.325257420539856, 1.2569299936294556, 1.3397712707519531, 1.1709508895874023, 1.2250316143035889, 1.069154143333435, 0.9810822010040283, 0.9794025421142578, 1.0512473583221436, 1.1330443620681763, 0.8738934397697449, 0.8042968511581421, 0.6526702642440796, 0.6832128763198853, 0.6154502630233765, 0.6264880895614624, 0.636577844619751, 0.6081246733665466, 0.609143853187561, 0.5718884468078613, 0.5549566745758057, 0.5376397371292114, 0.5463665723800659, 0.5127802491188049, 0.503459632396698, 0.4877413213253021, 0.49978333711624146, 0.4606860280036926, 0.5051902532577515, 0.5000888109207153, 0.49293845891952515, 0.4862000346183777, 0.501723051071167], "val_acurracy": [0.5590624809265137, 0.5771874785423279, 0.5806249976158142, 0.5787500143051147, 0.5815625190734863, 0.5837500095367432, 0.5768749713897705, 0.5818750262260437, 0.6000000238418579, 0.5993750095367432, 0.5953124761581421, 0.581250011920929, 0.6549999713897705, 0.7493749856948853, 0.8478124737739563, 0.8224999904632568, 0.8615624904632568, 0.8521875143051147, 0.8537499904632568, 0.8631250262260437, 0.8659374713897705, 0.8662499785423279, 0.8678125143051147, 0.8731250166893005, 0.870312511920929, 0.8753125071525574, 0.8684375286102295, 0.8693749904632568, 0.8675000071525574, 0.8784375190734863, 0.8678125143051147, 0.8668749928474426, 0.8700000047683716, 0.8715624809265137, 0.8671875]}