{"loss": [0.5624598264694214, 0.12763479351997375, 0.08251948654651642, 0.07172193378210068, 0.03801986575126648, 0.06577562540769577, 0.048447057604789734, 0.05306379869580269, 0.029922621324658394, 0.022321607917547226, 0.06933382898569107, 0.029901111498475075, 0.024160385131835938, 0.012134658172726631, 0.03323535621166229, 0.004492750391364098, 0.02379789762198925, 0.003190850606188178, 0.013492044992744923, 0.02633279375731945, 0.03332197293639183], "acurracy": [0.817187488079071, 0.9853125214576721, 0.9884374737739563, 0.9909374713897705, 0.9962499737739563, 0.9915624856948853, 0.9937499761581421, 0.9925000071525574, 0.9946874976158142, 0.996874988079071, 0.9868749976158142, 0.996874988079071, 0.9962499737739563, 0.9975000023841858, 0.9928125143051147, 1.0, 0.9959375262260437, 1.0, 0.996874988079071, 0.9937499761581421, 0.9906250238418579], "val_loss": [1.538130760192871, 1.3077982664108276, 1.141352891921997, 0.9662784337997437, 0.888089656829834, 0.7764245867729187, 0.7188208103179932, 0.6395655274391174, 0.587152898311615, 0.5776252150535583, 0.5274909734725952, 0.5161704421043396, 0.5055083632469177, 0.49458009004592896, 0.5083022117614746, 0.49302586913108826, 0.5132855772972107, 0.5080101490020752, 0.5193233489990234, 0.5481998920440674, 0.5721622705459595], "val_acurracy": [0.42500001192092896, 0.5218750238418579, 0.5740625262260437, 0.6334375143051147, 0.6587499976158142, 0.7381250262260437, 0.7831249833106995, 0.8287500143051147, 0.8453124761581421, 0.8503124713897705, 0.8603125214576721, 0.8612499833106995, 0.8612499833106995, 0.8631250262260437, 0.8618749976158142, 0.8643749952316284, 0.8621875047683716, 0.8631250262260437, 0.864062488079071, 0.8587499856948853, 0.8509374856948853]}