{"loss": [0.6268214583396912, 0.05976666882634163, 0.03208070620894432, 0.04823104292154312, 0.038409266620874405, 0.026486584916710854, 0.02008672058582306, 0.015471610240638256, 0.048584405332803726, 0.013264763168990612, 0.0030494946986436844, 0.029000982642173767, 0.03470612317323685, 0.02884713001549244, 0.013468836434185505, 0.010913750156760216, 0.02400282770395279, 0.016072513535618782, 0.014299789443612099, 0.001675314037129283, 0.007860321551561356, 0.016480155289173126, 0.005272871349006891, 0.007127726450562477, 0.0006460811127908528, 0.014472680166363716, 0.032131899148225784, 0.017159121111035347, 0.00471099466085434, 0.0006708724540658295, 0.008300076238811016, 0.0005233881529420614, 0.0004430260742083192, 0.009342222474515438, 0.010162435472011566, 0.011371382512152195, 0.0004832085978705436, 0.005502970423549414, 0.0094938138499856, 0.00048005543067120016, 0.005338502116501331], "acurracy": [0.7915624976158142, 0.9943749904632568, 0.9962499737739563, 0.9931250214576721, 0.9943749904632568, 0.995312511920929, 0.9971874952316284, 0.996874988079071, 0.9903125166893005, 0.9959375262260437, 1.0, 0.9912499785423279, 0.9903125166893005, 0.9921875, 0.9975000023841858, 0.9981250166893005, 0.9937499761581421, 0.9959375262260437, 0.9971874952316284, 1.0, 0.9987499713897705, 0.9956250190734863, 0.9987499713897705, 0.9990624785423279, 1.0, 0.9965624809265137, 0.9918749928474426, 0.9962499737739563, 0.9987499713897705, 1.0, 0.9981250166893005, 1.0, 1.0, 0.9975000023841858, 0.9965624809265137, 0.9971874952316284, 1.0, 0.9987499713897705, 0.9981250166893005, 1.0, 0.9981250166893005], "val_loss": [1.7404953241348267, 1.8252636194229126, 1.786118745803833, 1.6484640836715698, 1.5148881673812866, 1.3899940252304077, 1.3507875204086304, 1.3170595169067383, 1.1938941478729248, 1.1396032571792603, 1.147872805595398, 1.0706279277801514, 1.0277823209762573, 0.9364924430847168, 0.9328287243843079, 0.9132739305496216, 0.8868421912193298, 0.826631486415863, 0.8115174174308777, 0.7979118824005127, 0.7928813099861145, 0.713998556137085, 0.7142838835716248, 0.7209205627441406, 0.7141145467758179, 0.7076722979545593, 0.6748523712158203, 0.6549136638641357, 0.6407939195632935, 0.6389917135238647, 0.6510143280029297, 0.6607277393341064, 0.6581180095672607, 0.6262348294258118, 0.607038676738739, 0.5956902503967285, 0.624538779258728, 0.61338871717453, 0.6287398934364319, 0.6382817029953003, 0.6039149761199951], "val_acurracy": [0.4296875, 0.4203124940395355, 0.4234375059604645, 0.4428125023841858, 0.47593748569488525, 0.5018749833106995, 0.5087500214576721, 0.520312488079071, 0.5412499904632568, 0.5709375143051147, 0.5743749737739563, 0.6200000047683716, 0.6365625262260437, 0.7143750190734863, 0.7203124761581421, 0.7290624976158142, 0.7471874952316284, 0.7678124904632568, 0.7628124952316284, 0.7759374976158142, 0.7762500047683716, 0.7887499928474426, 0.7881249785423279, 0.7887499928474426, 0.7934374809265137, 0.7906249761581421, 0.7909374833106995, 0.793749988079071, 0.796875, 0.7978125214576721, 0.7965624928474426, 0.7959374785423279, 0.7965624928474426, 0.8037499785423279, 0.8100000023841858, 0.8146874904632568, 0.8046875, 0.8096874952316284, 0.8068749904632568, 0.8062499761581421, 0.8174999952316284]}