{"loss": [0.6097663044929504, 0.07593154162168503, 0.02212359383702278, 0.1142386794090271, 0.11926957964897156, 0.031348083168268204, 0.0406021773815155, 0.038811225444078445, 0.03158216550946236, 0.0957755595445633, 0.08310293406248093, 0.03551258146762848, 0.030053796246647835, 0.0373075045645237, 0.06299246102571487, 0.00707637332379818, 0.003957413602620363, 0.02853192389011383, 0.0251837857067585, 0.05137331038713455, 0.05341339111328125, 0.022341646254062653, 0.014275040477514267, 0.025340652093291283, 0.04439981281757355, 0.0282276701182127, 0.003857692703604698, 0.051779020577669144, 0.04568617045879364, 0.03682520240545273, 0.05582891032099724, 0.03024771250784397, 0.03198210895061493, 0.03862876817584038, 0.018845191225409508, 0.03865005075931549], "acurracy": [0.7965624928474426, 0.995312511920929, 1.0, 0.9868749976158142, 0.9840624928474426, 0.9971874952316284, 0.9956250190734863, 0.995312511920929, 0.9962499737739563, 0.9859374761581421, 0.9853125214576721, 0.9950000047683716, 0.9959375262260437, 0.9940624833106995, 0.9893749952316284, 1.0, 1.0, 0.9956250190734863, 0.9962499737739563, 0.9912499785423279, 0.9906250238418579, 0.996874988079071, 0.9981250166893005, 0.995312511920929, 0.9915624856948853, 0.995312511920929, 1.0, 0.9887499809265137, 0.989062488079071, 0.9928125143051147, 0.987500011920929, 0.9928125143051147, 0.9940624833106995, 0.9909374713897705, 0.9965624809265137, 0.9925000071525574], "val_loss": [1.509279727935791, 1.5775657892227173, 1.7472257614135742, 1.4695651531219482, 1.1820473670959473, 1.2683380842208862, 1.2112834453582764, 1.1776689291000366, 1.1164416074752808, 0.8940080404281616, 0.7604760527610779, 0.811672568321228, 0.8027493953704834, 0.7612504363059998, 0.6961389183998108, 0.7341175675392151, 0.766001284122467, 0.7398726940155029, 0.7247234582901001, 0.6561180353164673, 0.6418033838272095, 0.625623881816864, 0.6322787404060364, 0.6129992008209229, 0.5662447214126587, 0.5629290342330933, 0.5793989896774292, 0.5396968722343445, 0.5148853063583374, 0.5036493539810181, 0.45290786027908325, 0.4763617217540741, 0.5091567635536194, 0.48286518454551697, 0.5146762728691101, 0.5046373605728149], "val_acurracy": [0.5587499737739563, 0.5728124976158142, 0.5756250023841858, 0.5715625286102295, 0.5859375, 0.5756250023841858, 0.5834375023841858, 0.5806249976158142, 0.5893750190734863, 0.6709374785423279, 0.7790625095367432, 0.745312511920929, 0.7590625286102295, 0.7674999833106995, 0.8128125071525574, 0.7934374809265137, 0.7724999785423279, 0.7875000238418579, 0.801562488079071, 0.8399999737739563, 0.8428124785423279, 0.8503124713897705, 0.8490625023841858, 0.8521875143051147, 0.8765624761581421, 0.8712499737739563, 0.8634374737739563, 0.8740624785423279, 0.8721874952316284, 0.8765624761581421, 0.8803125023841858, 0.8774999976158142, 0.8671875, 0.8693749904632568, 0.8615624904632568, 0.8603125214576721]}