{"loss": [0.2935415506362915, 0.0188556220382452, 0.0268261656165123, 0.025745946913957596, 0.04010409861803055, 0.003568182233721018, 0.002893023192882538, 0.03596540540456772, 0.013222532346844673, 0.024302519857883453, 0.015576393343508244, 0.015137093141674995, 0.007674623280763626, 0.007078300230205059, 0.01618299074470997, 0.0007576595526188612, 0.01413707248866558, 0.012569691054522991, 0.01857425644993782, 0.013497468084096909, 0.02029656246304512], "acurracy": [0.9112499952316284, 1.0, 0.9956250190734863, 0.9962499737739563, 0.9906250238418579, 1.0, 1.0, 0.9887499809265137, 0.9962499737739563, 0.9934375286102295, 0.9956250190734863, 0.9956250190734863, 0.9981250166893005, 0.9981250166893005, 0.9959375262260437, 1.0, 0.9965624809265137, 0.9971874952316284, 0.9946874976158142, 0.9962499737739563, 0.995312511920929], "val_loss": [1.2424098253250122, 1.2479500770568848, 1.2395180463790894, 1.2279675006866455, 1.1407160758972168, 1.1476292610168457, 1.1624542474746704, 1.0322211980819702, 0.9542849659919739, 0.8882167935371399, 0.8768032193183899, 0.8602359890937805, 0.8660939931869507, 0.844892680644989, 0.859112024307251, 0.8430511355400085, 0.8637417554855347, 0.8461115956306458, 0.8477962613105774, 0.8472173810005188, 0.8497223854064941], "val_acurracy": [0.5528125166893005, 0.5450000166893005, 0.5581250190734863, 0.5646874904632568, 0.6100000143051147, 0.6081249713897705, 0.6003124713897705, 0.6703125238418579, 0.7128124833106995, 0.7450000047683716, 0.7487499713897705, 0.7674999833106995, 0.7584375143051147, 0.7671874761581421, 0.7653124928474426, 0.7715625166893005, 0.7684375047683716, 0.7762500047683716, 0.7809374928474426, 0.785937488079071, 0.7821875214576721]}