{"loss": [0.23739713430404663, 0.030735421925783157, 0.037906985729932785, 0.016509080305695534, 0.0030987318605184555, 0.06472103297710419, 0.04212665185332298, 0.029883336275815964, 0.0026317951269447803, 0.028530368581414223, 0.008660108782351017, 0.006791785825043917, 0.012384575791656971, 0.000841262866742909, 0.006538851652294397, 0.010248049162328243, 0.0006793729844503105], "acurracy": [0.9378125071525574, 0.9965624809265137, 0.9934375286102295, 0.9971874952316284, 1.0, 0.9840624928474426, 0.9871875047683716, 0.9915624856948853, 1.0, 0.9925000071525574, 0.9984375238418579, 0.9984375238418579, 0.996874988079071, 1.0, 0.9981250166893005, 0.996874988079071, 1.0], "val_loss": [1.4990251064300537, 1.4820470809936523, 1.3872604370117188, 1.3521076440811157, 1.4118455648422241, 1.1067050695419312, 0.9874412417411804, 0.9435341358184814, 0.9552249908447266, 0.9391740560531616, 0.9692391157150269, 0.9391002058982849, 0.9526321291923523, 0.9901962876319885, 0.955832839012146, 0.9657396078109741, 0.9638067483901978], "val_acurracy": [0.520312488079071, 0.5337499976158142, 0.5596874952316284, 0.5881249904632568, 0.5887500047683716, 0.6662499904632568, 0.7096874713897705, 0.7328125238418579, 0.731249988079071, 0.739062488079071, 0.7371875047683716, 0.7481250166893005, 0.7456250190734863, 0.7381250262260437, 0.746874988079071, 0.7459375262260437, 0.7443749904632568]}