{"loss": [0.35304805636405945, 0.06065049022436142, 0.024570688605308533, 0.026025332510471344, 0.03336528688669205, 0.04314490780234337], "acurracy": [0.8999999761581421, 0.9912499785423279, 0.9971874952316284, 0.9959375262260437, 0.9928125143051147, 0.9881250262260437], "val_loss": [1.244490385055542, 1.3794739246368408, 1.4880974292755127, 1.568228006362915, 1.7044209241867065, 1.860589861869812], "val_acurracy": [0.5431249737739563, 0.5146874785423279, 0.5103124976158142, 0.5099999904632568, 0.4646874964237213, 0.4046874940395355]}