{"loss": [1.0844275951385498, 0.6880018711090088, 0.5004526376724243, 0.6055762767791748, 0.5055580735206604, 0.43797484040260315, 0.5031660199165344, 0.5753828287124634, 0.37623369693756104, 0.40633633732795715, 0.2989317774772644], "acurracy": [0.6632031202316284, 0.8675781488418579, 0.9111718535423279, 0.8812500238418579, 0.8979687690734863, 0.9067187309265137, 0.877734363079071, 0.8377344012260437, 0.9028124809265137, 0.8857812285423279, 0.920703113079071], "val_loss": [2.321045398712158, 2.192220687866211, 2.234477996826172, 1.952422022819519, 1.7464834451675415, 1.6993353366851807, 1.7301664352416992, 1.716506838798523, 1.7169201374053955, 1.8320215940475464, 1.8687310218811035], "val_acurracy": [0.18492187559604645, 0.25, 0.2696875035762787, 0.2853125035762787, 0.30835938453674316, 0.33265626430511475, 0.33585938811302185, 0.33109375834465027, 0.33585938811302185, 0.33101561665534973, 0.3342968821525574]}