{"loss": [1.11748468875885, 0.7498791217803955, 0.5057130455970764, 0.5686283111572266, 0.5780304074287415, 0.5269333720207214], "acurracy": [0.6898437738418579, 0.8466406464576721, 0.9061718583106995, 0.8923437595367432, 0.8832812309265137, 0.8896093964576721], "val_loss": [2.1698174476623535, 2.427927255630493, 2.7364072799682617, 3.121953010559082, 3.577362298965454, 4.136176586151123], "val_acurracy": [0.16609375178813934, 0.16429688036441803, 0.14960937201976776, 0.1242968738079071, 0.10054687410593033, 0.08562500029802322]}