{"loss": [0.5903487801551819, 0.2490425705909729, 0.2585435211658478, 0.2573263645172119, 0.14228200912475586, 0.23942075669765472], "acurracy": [0.8284375071525574, 0.9282812476158142, 0.9088281393051147, 0.9004687666893005, 0.9447656273841858, 0.8999218940734863], "val_loss": [2.216675043106079, 2.4185140132904053, 2.8988873958587646, 3.3679463863372803, 3.5730600357055664, 3.8136749267578125], "val_acurracy": [0.16648437082767487, 0.14429686963558197, 0.14679688215255737, 0.1589062511920929, 0.14875000715255737, 0.13953125476837158]}