{"loss": [0.6375466585159302, 0.3016093075275421, 0.1505146622657776, 0.3018834590911865, 0.25551265478134155, 0.16906233131885529], "acurracy": [0.8020312786102295, 0.9064062237739563, 0.9481250047683716, 0.8821874856948853, 0.895312488079071, 0.9278125166893005], "val_loss": [2.1037402153015137, 2.583707571029663, 2.8929555416107178, 3.3599908351898193, 3.716212511062622, 4.0024824142456055], "val_acurracy": [0.17023438215255737, 0.17296874523162842, 0.16734375059604645, 0.17109374701976776, 0.17445312440395355, 0.17640624940395355]}