{"loss": [0.8584578633308411, 0.45209363102912903, 0.5506598949432373, 0.39195963740348816, 0.37892666459083557, 0.3933074474334717, 0.29066377878189087, 0.33387815952301025, 0.3319621980190277, 0.20278765261173248, 0.3857036530971527, 0.2897493243217468, 0.18516939878463745, 0.2862486243247986], "acurracy": [0.7499218583106995, 0.9161718487739563, 0.8758593797683716, 0.9068750143051147, 0.8978906273841858, 0.8873437643051147, 0.9189062714576721, 0.8969531059265137, 0.8946874737739563, 0.9410156011581421, 0.8697656393051147, 0.9057812690734863, 0.9419531226158142, 0.9009374976158142], "val_loss": [1.993920087814331, 2.00325870513916, 1.5641041994094849, 1.4930388927459717, 1.4543439149856567, 1.4734828472137451, 1.4806418418884277, 1.4816806316375732, 1.4536646604537964, 1.4670790433883667, 1.4792790412902832, 1.4784327745437622, 1.5046883821487427, 1.500555396080017], "val_acurracy": [0.2283593714237213, 0.26875001192092896, 0.30796873569488525, 0.31789061427116394, 0.3288281261920929, 0.33421874046325684, 0.3373437523841858, 0.33671873807907104, 0.3446093797683716, 0.34117186069488525, 0.34351563453674316, 0.3387500047683716, 0.33812499046325684, 0.3395312428474426]}