{"loss": [0.5917437076568604, 0.3506098687648773, 0.2659936249256134, 0.27969351410865784, 0.266053169965744, 0.28911423683166504], "acurracy": [0.8264062404632568, 0.8912500143051147, 0.9030468463897705, 0.8900781273841858, 0.8896874785423279, 0.8737499713897705], "val_loss": [2.1747117042541504, 2.4522757530212402, 2.873929977416992, 3.4531729221343994, 3.7750954627990723, 4.012612342834473], "val_acurracy": [0.1686718761920929, 0.17015625536441803, 0.16906249523162842, 0.1736718714237213, 0.17289061844348907, 0.17164061963558197]}