{"loss": [0.7428287267684937, 0.7308256030082703, 0.6277931332588196, 0.3879084289073944, 0.7754080891609192, 0.5967541337013245], "acurracy": [0.8228124976158142, 0.8650000095367432, 0.8828906416893005, 0.939453125, 0.8420312404632568, 0.8837500214576721], "val_loss": [2.5524160861968994, 2.6911251544952393, 3.1240015029907227, 3.49945068359375, 4.024873733520508, 4.678626537322998], "val_acurracy": [0.11460937559604645, 0.07593750208616257, 0.06289062649011612, 0.05281250178813934, 0.024140624329447746, 0.012500000186264515]}