{"loss": [0.5021182894706726, 0.3762873113155365, 0.22412359714508057, 0.2427258938550949, 0.20267879962921143, 0.24029195308685303, 0.20561113953590393, 0.12194323539733887, 0.1651604026556015, 0.16673924028873444, 0.1188683807849884, 0.2882515490055084, 0.2154383510351181, 0.17987239360809326, 0.1842919886112213, 0.19142457842826843, 0.16050797700881958, 0.1631161868572235], "acurracy": [0.8673437237739563, 0.8682812452316284, 0.9150000214576721, 0.9026562571525574, 0.9164062738418579, 0.8985937237739563, 0.9124218821525574, 0.9456250071525574, 0.9256250262260437, 0.9253125190734863, 0.9458593726158142, 0.8682812452316284, 0.8975781202316284, 0.9149218797683716, 0.9135937690734863, 0.9089062213897705, 0.9225000143051147, 0.9210156202316284], "val_loss": [1.8335983753204346, 1.6186240911483765, 1.5677157640457153, 1.4733864068984985, 1.450442910194397, 1.3888750076293945, 1.3589895963668823, 1.4012084007263184, 1.3847731351852417, 1.369390845298767, 1.383233666419983, 1.3195134401321411, 1.3133130073547363, 1.341453194618225, 1.3273621797561646, 1.3350774049758911, 1.3634282350540161, 1.330004096031189], "val_acurracy": [0.1889062523841858, 0.24843749403953552, 0.27476561069488525, 0.2847656309604645, 0.29570311307907104, 0.30296874046325684, 0.30085936188697815, 0.29570311307907104, 0.28898438811302185, 0.30640625953674316, 0.3078906238079071, 0.3190625011920929, 0.3231250047683716, 0.31773436069488525, 0.3192187547683716, 0.31882813572883606, 0.31101563572883606, 0.3148437440395355]}