{"loss": [0.8505264520645142, 0.6553916931152344, 0.49454227089881897, 0.3691869080066681, 0.46498432755470276, 0.28111037611961365, 0.3364481031894684, 0.23434235155582428, 0.36955252289772034, 0.15710538625717163], "acurracy": [0.7572656273841858, 0.8717187643051147, 0.8964062333106995, 0.9112499952316284, 0.8645312786102295, 0.9135156273841858, 0.8848437666893005, 0.9208593964576721, 0.861328125, 0.9428906440734863], "val_loss": [2.8372642993927, 2.0503928661346436, 1.7444201707839966, 1.5665217638015747, 1.4434559345245361, 1.5136427879333496, 1.5277190208435059, 1.4776681661605835, 1.4603594541549683, 1.4500316381454468], "val_acurracy": [0.16968749463558197, 0.25593748688697815, 0.2913281321525574, 0.3060937523841858, 0.32914063334465027, 0.32890623807907104, 0.3394531309604645, 0.3405468761920929, 0.3451562523841858, 0.34296876192092896]}