{"loss": [1.0123196840286255, 0.6237372159957886, 0.5124178528785706, 0.391823947429657, 0.24533556401729584, 0.26217174530029297, 0.21661905944347382, 0.31404122710227966, 0.2708640396595001, 0.22442424297332764, 0.21011100709438324, 0.17997032403945923, 0.33160722255706787, 0.21050050854682922, 0.20119501650333405, 0.14690230786800385, 0.16180527210235596, 0.28165537118911743, 0.25321274995803833, 0.2652546167373657, 0.16403016448020935, 0.3033764958381653, 0.19839966297149658, 0.13410837948322296, 0.19322730600833893, 0.1482822746038437, 0.1188250482082367], "acurracy": [0.7254687547683716, 0.8656250238418579, 0.8850781321525574, 0.9041406512260437, 0.9382030963897705, 0.9248437285423279, 0.934765636920929, 0.8974218964576721, 0.9066406488418579, 0.922656238079071, 0.9246875047683716, 0.936328113079071, 0.8732030987739563, 0.9192968606948853, 0.9213281273841858, 0.9434375166893005, 0.936328113079071, 0.8806250095367432, 0.8915625214576721, 0.8823437690734863, 0.9297656416893005, 0.8631250262260437, 0.9104687571525574, 0.9383593797683716, 0.9099218845367432, 0.9317187666893005, 0.9453906416893005], "val_loss": [2.218660354614258, 2.3500921726226807, 2.0287063121795654, 1.6947970390319824, 1.623040795326233, 1.5288918018341064, 1.5060980319976807, 1.4553319215774536, 1.4600553512573242, 1.4099829196929932, 1.4040240049362183, 1.415279746055603, 1.3863221406936646, 1.374617099761963, 1.3318082094192505, 1.3260504007339478, 1.320489525794983, 1.2827842235565186, 1.2456680536270142, 1.2340469360351562, 1.2773181200027466, 1.2281380891799927, 1.2283376455307007, 1.2333309650421143, 1.2459243535995483, 1.241574764251709, 1.267391324043274], "val_acurracy": [0.22687500715255737, 0.2546093761920929, 0.29148438572883606, 0.306640625, 0.3062500059604645, 0.31046876311302185, 0.3185156285762787, 0.33695313334465027, 0.3278124928474426, 0.32835936546325684, 0.33460938930511475, 0.3286718726158142, 0.3199218809604645, 0.3297656178474426, 0.32734376192092896, 0.3314843773841858, 0.32734376192092896, 0.33015623688697815, 0.3289843797683716, 0.3371874988079071, 0.31664061546325684, 0.3299218714237213, 0.32906249165534973, 0.32523438334465027, 0.33460938930511475, 0.32960936427116394, 0.3146093785762787]}