{"loss": [0.9034325480461121, 0.3493870794773102, 0.6334384679794312, 0.6663140654563904, 0.6222549676895142, 0.5648120641708374], "acurracy": [0.766796886920929, 0.9464062452316284, 0.8899219036102295, 0.8728125095367432, 0.8834375143051147, 0.8927343487739563], "val_loss": [2.3179233074188232, 2.755708932876587, 2.806439161300659, 3.201223850250244, 3.5047411918640137, 3.9089057445526123], "val_acurracy": [0.18054687976837158, 0.16632813215255737, 0.1420312523841858, 0.11906249821186066, 0.09398437291383743, 0.07531250268220901]}