{"loss": [0.8325810432434082, 0.31951749324798584, 0.3208150565624237, 0.25433894991874695, 0.14664500951766968, 0.16939617693424225], "acurracy": [0.7322656512260437, 0.8978906273841858, 0.8835155963897705, 0.9027343988418579, 0.9423437714576721, 0.931640625], "val_loss": [2.0299062728881836, 2.1661217212677, 2.7144055366516113, 3.1280558109283447, 3.246781587600708, 3.425238609313965], "val_acurracy": [0.12687499821186066, 0.14320312440395355, 0.13976562023162842, 0.1418749988079071, 0.1411718726158142, 0.13890625536441803]}