{"loss": [0.588754415512085, 0.2959368824958801, 0.2991247773170471, 0.21220438182353973, 0.2538721561431885, 0.23638038337230682], "acurracy": [0.837890625, 0.9121875166893005, 0.8909375071525574, 0.9150000214576721, 0.893359363079071, 0.8965625166893005], "val_loss": [2.441688299179077, 3.441446542739868, 4.520015716552734, 4.940917491912842, 5.264886856079102, 5.4467244148254395], "val_acurracy": [0.17406250536441803, 0.16835936903953552, 0.16929687559604645, 0.1674218773841858, 0.17234374582767487, 0.1789843738079071]}