{"loss": [0.7033849358558655, 0.28907305002212524, 0.22422006726264954, 0.21989844739437103, 0.18673324584960938, 0.18240858614444733], "acurracy": [0.7768750190734863, 0.9067968726158142, 0.9205468893051147, 0.9150000214576721, 0.9255468845367432, 0.9247656464576721], "val_loss": [1.910872220993042, 2.554720401763916, 3.1551408767700195, 3.7992289066314697, 4.225635528564453, 4.183979511260986], "val_acurracy": [0.134765625, 0.1739843785762787, 0.17742186784744263, 0.13750000298023224, 0.13789062201976776, 0.1388281285762787]}