{"loss": [0.7964723706245422, 0.27862775325775146, 0.2250320017337799, 0.20136858522891998, 0.24415592849254608, 0.16490812599658966], "acurracy": [0.7446093559265137, 0.91015625, 0.9195312261581421, 0.9220312237739563, 0.9008593559265137, 0.932812511920929], "val_loss": [2.015968084335327, 2.4845244884490967, 2.880662202835083, 3.130967140197754, 3.5268115997314453, 3.7466156482696533], "val_acurracy": [0.12617187201976776, 0.13804687559604645, 0.14101561903953552, 0.1374218761920929, 0.13968749344348907, 0.14039061963558197]}