{"loss": [0.5716796517372131, 0.2760518491268158, 0.22837001085281372, 0.2763317823410034, 0.139170840382576, 0.11982341855764389, 0.14672431349754333, 0.14526838064193726, 0.15724949538707733, 0.18026043474674225, 0.23829811811447144, 0.19205066561698914, 0.16096144914627075, 0.21384775638580322, 0.11375421285629272, 0.09772311896085739, 0.16930848360061646, 0.1886667013168335, 0.20668143033981323, 0.16320015490055084, 0.17688988149166107, 0.2562010884284973, 0.18616309762001038, 0.1881508082151413, 0.1474440097808838, 0.22213327884674072, 0.15887810289859772, 0.20888179540634155, 0.13243091106414795, 0.10360602289438248, 0.16974514722824097, 0.13032923638820648], "acurracy": [0.8297656178474426, 0.915234386920929, 0.9182031154632568, 0.893359363079071, 0.9454687237739563, 0.9520312547683716, 0.9393749833106995, 0.9375781416893005, 0.9314844012260437, 0.9204687476158142, 0.8911718726158142, 0.9125781059265137, 0.9245312213897705, 0.8967187404632568, 0.9455468654632568, 0.9552343487739563, 0.9189062714576721, 0.9065625071525574, 0.8980468511581421, 0.9228125214576721, 0.9133594036102295, 0.8729687333106995, 0.907421886920929, 0.9064843654632568, 0.9271875023841858, 0.8865625262260437, 0.9189843535423279, 0.8963281512260437, 0.935546875, 0.948437511920929, 0.915234386920929, 0.932421863079071], "val_loss": [1.8899612426757812, 1.7357667684555054, 1.5093536376953125, 1.3968784809112549, 1.3942409753799438, 1.379775881767273, 1.3879324197769165, 1.382582187652588, 1.3753159046173096, 1.3803887367248535, 1.325302004814148, 1.3127281665802002, 1.3265624046325684, 1.2990291118621826, 1.3272172212600708, 1.3501899242401123, 1.2992002964019775, 1.289719581604004, 1.3001614809036255, 1.2827879190444946, 1.2663131952285767, 1.2717958688735962, 1.2711175680160522, 1.2862675189971924, 1.2977725267410278, 1.2626336812973022, 1.2546913623809814, 1.3116189241409302, 1.2640154361724854, 1.3029608726501465, 1.2950416803359985, 1.2891814708709717], "val_acurracy": [0.20234374701976776, 0.25101563334465027, 0.29570311307907104, 0.3060937523841858, 0.302734375, 0.29710936546325684, 0.29585936665534973, 0.30812498927116394, 0.31257811188697815, 0.31734374165534973, 0.3215624988079071, 0.3239062428474426, 0.31898438930511475, 0.3162499964237213, 0.2986718714237213, 0.31562501192092896, 0.3236718773841858, 0.30265626311302185, 0.30546873807907104, 0.3219531178474426, 0.3236718773841858, 0.3263281285762787, 0.32835936546325684, 0.32679688930511475, 0.32304686307907104, 0.32320311665534973, 0.3285156190395355, 0.32984375953674316, 0.32554686069488525, 0.3317187428474426, 0.3207031190395355, 0.32132813334465027]}