{"loss": [0.6274623274803162, 0.2472827285528183, 0.24930456280708313, 0.24822703003883362, 0.17989054322242737, 0.17661869525909424, 0.15892760455608368, 0.2129579335451126, 0.16488347947597504, 0.25591862201690674, 0.14564986526966095, 0.21049602329730988, 0.1267283856868744, 0.14455033838748932, 0.23331192135810852, 0.1830582618713379, 0.1624620109796524, 0.2186065912246704, 0.16162708401679993, 0.2177615761756897, 0.14812082052230835, 0.1972305178642273, 0.15619470179080963, 0.14032503962516785, 0.10444872081279755, 0.219957634806633, 0.1058349683880806, 0.11382456123828888], "acurracy": [0.8040624856948853, 0.9235156178474426, 0.907421886920929, 0.8990625143051147, 0.9260937571525574, 0.9235937595367432, 0.9313281178474426, 0.9053906202316284, 0.9260156154632568, 0.881640613079071, 0.9314062595367432, 0.9001562595367432, 0.9401562213897705, 0.9320312738418579, 0.8879687786102295, 0.9085937738418579, 0.9225780963897705, 0.8935937285423279, 0.9196093678474426, 0.8911718726158142, 0.9262499809265137, 0.901562511920929, 0.9217187762260437, 0.9307812452316284, 0.9474999904632568, 0.8910156488418579, 0.9464062452316284, 0.9427343606948853], "val_loss": [1.7744888067245483, 1.5922316312789917, 1.437690258026123, 1.3610007762908936, 1.333268642425537, 1.3232041597366333, 1.3037917613983154, 1.289785623550415, 1.2760422229766846, 1.2447431087493896, 1.2558505535125732, 1.252425193786621, 1.2668137550354004, 1.249516248703003, 1.233912706375122, 1.2423224449157715, 1.215413212776184, 1.2066130638122559, 1.224315881729126, 1.2147902250289917, 1.2168349027633667, 1.2065999507904053, 1.1905791759490967, 1.1981074810028076, 1.2315378189086914, 1.1939547061920166, 1.216623067855835, 1.2087815999984741], "val_acurracy": [0.23164062201976776, 0.2653124928474426, 0.29640623927116394, 0.3070312440395355, 0.3021875023841858, 0.3009375035762787, 0.30640625953674316, 0.30710938572883606, 0.3108593821525574, 0.3182031214237213, 0.31468749046325684, 0.3107031285762787, 0.3042968809604645, 0.3021875023841858, 0.31421875953674316, 0.3110937476158142, 0.3238281309604645, 0.32875001430511475, 0.333984375, 0.30960938334465027, 0.31273436546325684, 0.3199218809604645, 0.34453123807907104, 0.33656251430511475, 0.3284375071525574, 0.34382811188697815, 0.33296874165534973, 0.3204687535762787]}