{"loss": [0.6575350165367126, 0.5264760851860046, 0.5830180644989014, 0.5191337466239929, 0.5893695950508118, 0.5707613825798035], "acurracy": [0.8435156345367432, 0.9125000238418579, 0.891406238079071, 0.905468761920929, 0.8807031512260437, 0.8744531273841858], "val_loss": [2.453437566757202, 2.78489351272583, 3.202507734298706, 3.7392444610595703, 4.5867791175842285, 5.7742600440979], "val_acurracy": [0.16757813096046448, 0.15992186963558197, 0.10601562261581421, 0.05765625089406967, 0.026640625670552254, 0.014375000260770321]}