{"loss": [0.6608414649963379, 0.42303451895713806, 0.3220839202404022, 0.23200589418411255, 0.2473733127117157, 0.13684606552124023], "acurracy": [0.8092187643051147, 0.8648437261581421, 0.8787500262260437, 0.9087499976158142, 0.8949218988418579, 0.9431250095367432], "val_loss": [1.9618393182754517, 2.1505959033966064, 2.6068413257598877, 2.887080669403076, 2.8363797664642334, 3.112147331237793], "val_acurracy": [0.15437500178813934, 0.1583593785762787, 0.16648437082767487, 0.1661718785762787, 0.17070312798023224, 0.16468749940395355]}