{"loss": [0.647840142250061, 0.3106996715068817, 0.2050977200269699, 0.23217682540416718, 0.2033744603395462, 0.2310480922460556], "acurracy": [0.7935937643051147, 0.896484375, 0.926562488079071, 0.908203125, 0.9167187213897705, 0.9009374976158142], "val_loss": [2.050236463546753, 2.7003705501556396, 3.0271453857421875, 3.1542608737945557, 3.3274004459381104, 3.6971378326416016], "val_acurracy": [0.14726562798023224, 0.13179688155651093, 0.1372656226158142, 0.1354687511920929, 0.13750000298023224, 0.13859374821186066]}