{"loss": [0.6317590475082397, 0.256065309047699, 0.35986122488975525, 0.2462439090013504, 0.1914398968219757, 0.1832261085510254, 0.19657830893993378, 0.22357822954654694, 0.23252636194229126, 0.2628893554210663, 0.15159998834133148, 0.1786298304796219, 0.23375216126441956, 0.1192949116230011], "acurracy": [0.807812511920929, 0.9258593916893005, 0.8725781440734863, 0.9039062261581421, 0.922656238079071, 0.9264843463897705, 0.9176562428474426, 0.9035937786102295, 0.899609386920929, 0.8857812285423279, 0.9331250190734863, 0.9198437333106995, 0.8935937285423279, 0.9458593726158142], "val_loss": [2.0683979988098145, 1.8752354383468628, 1.5642907619476318, 1.499318242073059, 1.4532175064086914, 1.4675726890563965, 1.5107192993164062, 1.399502158164978, 1.3785279989242554, 1.4392199516296387, 1.4572159051895142, 1.43626070022583, 1.4218032360076904, 1.4707190990447998], "val_acurracy": [0.1803906261920929, 0.2357812523841858, 0.2879687547683716, 0.29468750953674316, 0.2952343821525574, 0.29273438453674316, 0.29289063811302185, 0.30781251192092896, 0.2953124940395355, 0.29984375834465027, 0.29023438692092896, 0.29195311665534973, 0.29554688930511475, 0.2901562452316284]}