{"loss": [0.7024427056312561, 0.2540784776210785, 0.21697276830673218, 0.24293804168701172, 0.23424305021762848, 0.1621948778629303], "acurracy": [0.7732812762260437, 0.9167187213897705, 0.9198437333106995, 0.9020312428474426, 0.9021093845367432, 0.9321874976158142], "val_loss": [1.9692754745483398, 2.366774082183838, 2.7630720138549805, 3.1900713443756104, 3.544590950012207, 3.745918035507202], "val_acurracy": [0.15617187321186066, 0.18250000476837158, 0.1385156214237213, 0.13750000298023224, 0.13757812976837158, 0.13671875]}