{"loss": [0.6211782693862915, 0.29482313990592957, 0.267898827791214, 0.23519910871982574, 0.22345037758350372, 0.14811524748802185], "acurracy": [0.803906261920929, 0.9071093797683716, 0.9012500047683716, 0.909375011920929, 0.9087499976158142, 0.9392969012260437], "val_loss": [2.174783229827881, 2.6455578804016113, 3.139408588409424, 3.4677822589874268, 3.7588367462158203, 3.902836799621582], "val_acurracy": [0.17460937798023224, 0.173828125, 0.15648438036441803, 0.15476562082767487, 0.1711718738079071, 0.13984374701976776]}