{"loss": [0.66469407081604, 0.46576306223869324, 0.1453435868024826, 0.06493594497442245, 0.018792975693941116, 0.0440441370010376, 0.037876617163419724, 0.025241263210773468, 0.024406788870692253, 0.028191478922963142, 0.057249750941991806, 0.03347890079021454, 0.03933320939540863, 0.05870423838496208, 0.015019983053207397, 0.043458491563797, 0.029165217652916908, 0.02562260441482067, 0.053046416491270065, 0.017069729045033455, 0.03126511722803116], "accuracy": [0.9754687547683716, 0.9723437428474426, 0.9828906059265137, 0.9800781011581421, 0.9961718916893005, 0.9837499856948853, 0.9857812523841858, 0.9907812476158142, 0.9903125166893005, 0.9888281226158142, 0.9742968678474426, 0.9860156178474426, 0.9828125238418579, 0.9711718559265137, 0.9935156106948853, 0.9787499904632568, 0.9861719012260437, 0.9874218702316284, 0.9764062762260437, 0.9928125143051147, 0.9856250286102295], "val_loss": [0.6256945133209229, 0.4166263937950134, 0.34249621629714966, 0.34313124418258667, 0.36395466327667236, 0.34171536564826965, 0.3558841645717621, 0.3516816794872284, 0.37697941064834595, 0.35361307859420776, 0.35415399074554443, 0.34966182708740234, 0.3551992177963257, 0.3458538055419922, 0.35342642664909363, 0.36628493666648865, 0.38686603307724, 0.38433051109313965, 0.3815086781978607, 0.39384210109710693, 0.38594305515289307], "val_accuracy": [0.8254687786102295, 0.8309375047683716, 0.8361718654632568, 0.8485937714576721, 0.8461718559265137, 0.8428124785423279, 0.8455469012260437, 0.8401562571525574, 0.8407031297683716, 0.8338281512260437, 0.8382031321525574, 0.8408593535423279, 0.8382031321525574, 0.8364062309265137, 0.8417187333106995, 0.8394531011581421, 0.8360156416893005, 0.8378124833106995, 0.8340625166893005, 0.8321874737739563, 0.8345312476158142]}