{"loss": [0.632502019405365, 0.4152502119541168, 0.16132451593875885, 0.04703314229846001, 0.06419429183006287, 0.034546174108982086, 0.023465286940336227, 0.03165125846862793, 0.028902146965265274, 0.04485350474715233, 0.026073668152093887, 0.018272196874022484, 0.060028325766325, 0.036050181835889816, 0.010160122066736221, 0.02331753447651863, 0.04935060814023018, 0.01399549562484026, 0.0156947523355484, 0.029367897659540176, 0.033174823969602585], "accuracy": [0.9508593678474426, 0.9783594012260437, 0.9701562523841858, 0.9903905987739563, 0.9750781059265137, 0.9864062666893005, 0.9917187690734863, 0.9869531393051147, 0.9892187714576721, 0.9833593964576721, 0.9888281226158142, 0.9918749928474426, 0.9721093773841858, 0.9839843511581421, 0.9964843988418579, 0.9885937571525574, 0.9765625, 0.9942187666893005, 0.992968738079071, 0.9866406321525574, 0.985546886920929], "val_loss": [0.6217798590660095, 0.44269126653671265, 0.35724151134490967, 0.3674306869506836, 0.3546666204929352, 0.34445759654045105, 0.35619786381721497, 0.3544381856918335, 0.35408416390419006, 0.3471863269805908, 0.35046136379241943, 0.3512563705444336, 0.3563556373119354, 0.3728376030921936, 0.3735373616218567, 0.38457393646240234, 0.3829191327095032, 0.3858855068683624, 0.3904738128185272, 0.4030626714229584, 0.41309618949890137], "val_accuracy": [0.8217187523841858, 0.8217187523841858, 0.8217187523841858, 0.8217187523841858, 0.8235156536102295, 0.8424218893051147, 0.8417187333106995, 0.8423437476158142, 0.8435937762260437, 0.8442187309265137, 0.8381249904632568, 0.8375781178474426, 0.8239062428474426, 0.8225781321525574, 0.8235937356948853, 0.8228906393051147, 0.8235937356948853, 0.8246093988418579, 0.8242968916893005, 0.8235156536102295, 0.8233593702316284]}