{"loss": [0.5590440630912781, 0.32383596897125244, 0.13747359812259674, 0.12314523756504059, 0.12341389805078506, 0.10739761590957642, 0.13397672772407532, 0.11623454093933105, 0.1025177389383316, 0.11699780821800232, 0.07430458068847656, 0.0740542858839035, 0.09926379472017288, 0.07876110821962357, 0.05108461529016495, 0.08341136574745178, 0.07950262725353241, 0.03479907289147377, 0.10707242786884308, 0.03233044221997261, 0.032171305269002914, 0.07117165625095367, 0.12092463672161102, 0.09166784584522247, 0.11398829519748688, 0.05083130672574043, 0.03438612446188927, 0.043618232011795044, 0.1597391963005066, 0.06700870394706726, 0.0499834381043911, 0.04975926876068115, 0.053412728011608124, 0.033676423132419586, 0.0632612407207489, 0.11953991651535034, 0.06926324963569641, 0.12974505126476288, 0.0341147743165493, 0.03262976557016373, 0.009599653072655201, 0.12097208201885223, 0.07645295560359955, 0.028632953763008118, 0.08844732493162155, 0.07162975519895554, 0.07691837847232819, 0.08621164411306381, 0.06451039016246796, 0.12884403765201569, 0.08049565553665161, 0.030250364914536476, 0.028823649510741234, 0.08097852021455765, 0.05776254087686539, 0.0725129023194313, 0.09936771541833878, 0.041097477078437805, 0.05664011463522911, 0.025217922404408455, 0.04012037813663483, 0.05920274183154106, 0.06050770357251167, 0.08696155250072479, 0.04788242653012276, 0.11258161813020706, 0.06987902522087097, 0.047901276499032974, 0.10045803338289261, 0.041900087147951126, 0.04540327936410904, 0.07532324641942978, 0.07105116546154022, 0.025732165202498436, 0.03522266075015068, 0.023884546011686325, 0.10337302833795547, 0.08605177700519562, 0.0626516118645668], "accuracy": [0.9057812690734863, 0.9803125262260437, 0.9950000047683716, 0.979296863079071, 0.9766406416893005, 0.9803906083106995, 0.9729687571525574, 0.9772655963897705, 0.98046875, 0.9769531488418579, 0.9876562356948853, 0.987109363079071, 0.98046875, 0.9858593940734863, 0.9921093583106995, 0.9846875071525574, 0.985156238079071, 0.9956250190734863, 0.9786718487739563, 0.9956250190734863, 0.9953906536102295, 0.9865624904632568, 0.9758594036102295, 0.9811718463897705, 0.9749218821525574, 0.9910937547683716, 0.9950000047683716, 0.9926562309265137, 0.9632812738418579, 0.9867187738418579, 0.9906250238418579, 0.9910937547683716, 0.9901562333106995, 0.9946093559265137, 0.9867968559265137, 0.9721093773841858, 0.9853125214576721, 0.9671875238418579, 0.9946874976158142, 0.9946093559265137, 1.0, 0.9722656011581421, 0.9817968606948853, 0.995312511920929, 0.9802343845367432, 0.9823437333106995, 0.981249988079071, 0.9787499904632568, 0.9853906035423279, 0.9651562571525574, 0.9807031154632568, 0.9957812428474426, 0.994921863079071, 0.9807812571525574, 0.9867968559265137, 0.9814062714576721, 0.9743750095367432, 0.9915624856948853, 0.9875781536102295, 0.9952343702316284, 0.9915624856948853, 0.986328125, 0.9852343797683716, 0.9787499904632568, 0.989453136920929, 0.9691406488418579, 0.9838281273841858, 0.9903125166893005, 0.9743750095367432, 0.991015613079071, 0.9908593893051147, 0.9821093678474426, 0.9826562404632568, 0.9955468773841858, 0.9936718940734863, 0.99609375, 0.973828136920929, 0.9792187213897705, 0.9857812523841858], "val_loss": [0.6367080211639404, 0.5731281638145447, 0.582375168800354, 0.6048089265823364, 0.6064146757125854, 0.6116151213645935, 0.5909892916679382, 0.5850033164024353, 0.5756446719169617, 0.5615715384483337, 0.5687354803085327, 0.574874758720398, 0.5615993142127991, 0.5555010437965393, 0.5685112476348877, 0.5528299808502197, 0.5448504686355591, 0.5568500757217407, 0.534715473651886, 0.5485648512840271, 0.5601179003715515, 0.5431845188140869, 0.5057142972946167, 0.4934547543525696, 0.4812827408313751, 0.47621384263038635, 0.4850764870643616, 0.48683953285217285, 0.43869397044181824, 0.4366922676563263, 0.44109633564949036, 0.4437647759914398, 0.4402979910373688, 0.44387590885162354, 0.4382777810096741, 0.4132646322250366, 0.4067681133747101, 0.3903428912162781, 0.39278560876846313, 0.39969420433044434, 0.41181373596191406, 0.3929559290409088, 0.38041794300079346, 0.38908931612968445, 0.37481632828712463, 0.37461620569229126, 0.37215301394462585, 0.3679819405078888, 0.37113338708877563, 0.358542799949646, 0.35940733551979065, 0.365829735994339, 0.3748035728931427, 0.37316250801086426, 0.3695050776004791, 0.3716781735420227, 0.3623408377170563, 0.36332908272743225, 0.36485832929611206, 0.3706422448158264, 0.3755117356777191, 0.37079760432243347, 0.3667161464691162, 0.3578607439994812, 0.3617534637451172, 0.3601619601249695, 0.36375313997268677, 0.3688635528087616, 0.36975735425949097, 0.3761601746082306, 0.37744438648223877, 0.37707245349884033, 0.3771832287311554, 0.3834960460662842, 0.3873167932033539, 0.3928872346878052, 0.39071547985076904, 0.3933335840702057, 0.39382755756378174], "val_accuracy": [0.8217187523841858, 0.8217187523841858, 0.8217187523841858, 0.8217187523841858, 0.8217187523841858, 0.8217187523841858, 0.8217187523841858, 0.8217187523841858, 0.8217187523841858, 0.8217187523841858, 0.8217187523841858, 0.8217187523841858, 0.8217187523841858, 0.8217187523841858, 0.8217187523841858, 0.8217187523841858, 0.8217187523841858, 0.8217187523841858, 0.8217187523841858, 0.8217187523841858, 0.8217187523841858, 0.8217187523841858, 0.8217187523841858, 0.8217187523841858, 0.8217187523841858, 0.8217187523841858, 0.8217187523841858, 0.8217187523841858, 0.8217187523841858, 0.8217187523841858, 0.8217187523841858, 0.8217187523841858, 0.8217187523841858, 0.8217187523841858, 0.8217187523841858, 0.8217187523841858, 0.8217187523841858, 0.8217187523841858, 0.8217187523841858, 0.8217187523841858, 0.8217187523841858, 0.8217187523841858, 0.8217187523841858, 0.8217187523841858, 0.8217187523841858, 0.8217187523841858, 0.8217187523841858, 0.8217187523841858, 0.8217187523841858, 0.8145312666893005, 0.8177343606948853, 0.8162500262260437, 0.815625011920929, 0.8162500262260437, 0.8149218559265137, 0.8137500286102295, 0.8002343773841858, 0.8003906011581421, 0.8020312786102295, 0.8021875023841858, 0.8024218678474426, 0.7978125214576721, 0.8037499785423279, 0.8062499761581421, 0.8064844012260437, 0.8048437237739563, 0.8042187690734863, 0.8050000071525574, 0.8020312786102295, 0.8033593893051147, 0.8032031059265137, 0.8021875023841858, 0.8017968535423279, 0.8036718964576721, 0.8035937547683716, 0.8046875, 0.8023437261581421, 0.8014062643051147, 0.8010156154632568]}