{"loss": [0.5434772968292236, 0.3112485408782959, 0.1809309422969818, 0.07355073094367981, 0.07003117352724075, 0.07629098743200302, 0.18306921422481537, 0.04744371026754379, 0.07925262302160263, 0.08361686766147614, 0.060300055891275406, 0.14344201982021332, 0.14341384172439575, 0.06686364114284515, 0.12593911588191986, 0.11578866839408875, 0.1527969241142273, 0.10683345049619675, 0.06663871556520462], "accuracy": [0.9041406512260437, 0.9771093726158142, 0.9759374856948853, 0.9954687356948853, 0.9903125166893005, 0.9886718988418579, 0.9639843702316284, 0.9951562285423279, 0.9867968559265137, 0.9861719012260437, 0.9908593893051147, 0.9728906154632568, 0.9716406464576721, 0.9898437261581421, 0.9763281345367432, 0.9778125286102295, 0.9684374928474426, 0.9800781011581421, 0.9897656440734863], "val_loss": [0.6380183696746826, 0.5534127354621887, 0.5082486867904663, 0.4954261779785156, 0.5040090084075928, 0.5095058679580688, 0.499894917011261, 0.508018434047699, 0.5124454498291016, 0.5165099501609802, 0.5186439752578735, 0.5090105533599854, 0.5077192187309265, 0.5123125314712524, 0.5106664299964905, 0.5116556286811829, 0.5086976289749146, 0.5115907192230225, 0.5157878398895264], "val_accuracy": [0.8217187523841858, 0.8217187523841858, 0.8217187523841858, 0.8217187523841858, 0.8217187523841858, 0.8217187523841858, 0.8217187523841858, 0.8217187523841858, 0.8217187523841858, 0.8217187523841858, 0.8217187523841858, 0.8217187523841858, 0.8217187523841858, 0.8217187523841858, 0.8217187523841858, 0.8217187523841858, 0.8217187523841858, 0.8217187523841858, 0.8217187523841858]}