{"loss": [0.5822704434394836, 0.2304524928331375, 0.0450306311249733, 0.08974139392375946, 0.03884952887892723, 0.044383928179740906, 0.0707244798541069, 0.05196135491132736, 0.02410987578332424, 0.048164114356040955, 0.01932530850172043, 0.03199858218431473, 0.02527719736099243, 0.042878326028585434, 0.029405789449810982, 0.022754186764359474, 0.03163466975092888, 0.039056506007909775, 0.03587944060564041, 0.04860642924904823, 0.013882210478186607, 0.03627002611756325, 0.01776941493153572, 0.05118487775325775, 0.015532969497144222, 0.035376936197280884, 0.038810793310403824, 0.027355752885341644, 0.03789812698960304, 0.007957621477544308, 0.038765016943216324, 0.022681046277284622], "accuracy": [0.9645312428474426, 0.9710156321525574, 0.9952343702316284, 0.9715625047683716, 0.9870312213897705, 0.9820312261581421, 0.9664843678474426, 0.98046875, 0.9903125166893005, 0.9775781035423279, 0.9938281178474426, 0.9861719012260437, 0.9896093606948853, 0.9811718463897705, 0.9874218702316284, 0.9905468821525574, 0.9860156178474426, 0.981640636920929, 0.9842187762260437, 0.9772655963897705, 0.993359386920929, 0.9833593964576721, 0.9930468797683716, 0.9771875143051147, 0.994140625, 0.9835156202316284, 0.9832812547683716, 0.9883593916893005, 0.9821093678474426, 0.996874988079071, 0.9820312261581421, 0.9903125166893005], "val_loss": [0.5924554467201233, 0.4854374825954437, 0.487321138381958, 0.4093266427516937, 0.38515204191207886, 0.3655112087726593, 0.33680790662765503, 0.3236722946166992, 0.32279953360557556, 0.3152449131011963, 0.31186047196388245, 0.3112257122993469, 0.3121817409992218, 0.3055171072483063, 0.3048325479030609, 0.3047986328601837, 0.3005110025405884, 0.3018144369125366, 0.30675414204597473, 0.3076415956020355, 0.31297388672828674, 0.31198522448539734, 0.3062172830104828, 0.310994029045105, 0.30774980783462524, 0.3119959533214569, 0.3130140006542206, 0.31561681628227234, 0.30968737602233887, 0.3102610111236572, 0.31736502051353455, 0.3168024718761444], "val_accuracy": [0.8217187523841858, 0.8212500214576721, 0.8196094036102295, 0.8279687762260437, 0.83203125, 0.8332812786102295, 0.8467187285423279, 0.8499218821525574, 0.8506249785423279, 0.84765625, 0.8475781083106995, 0.8436718583106995, 0.8428124785423279, 0.8419530987739563, 0.8414843678474426, 0.8382031321525574, 0.8396875262260437, 0.8431249856948853, 0.8428906202316284, 0.837890625, 0.8374999761581421, 0.8403906226158142, 0.8434374928474426, 0.8399999737739563, 0.8436718583106995, 0.8434374928474426, 0.8432812690734863, 0.8470312356948853, 0.8466406464576721, 0.8478906154632568, 0.845703125, 0.8467187285423279]}