{"loss": [0.10654514282941818, 0.029127473011612892, 0.06969524174928665, 0.03401722013950348, 0.027186470106244087, 0.03279273211956024, 0.04080263152718544, 0.020920589566230774, 0.007518960162997246, 0.022443260997533798, 0.011137902736663818], "accuracy": [0.9643750190734863, 0.9946874976158142, 0.9759374856948853, 0.9862499833106995, 0.9868749976158142, 0.9837499856948853, 0.9759374856948853, 0.989062488079071, 0.9975000023841858, 0.9878125190734863, 0.9940624833106995], "val_loss": [0.6954953074455261, 0.5790264010429382, 0.539257824420929, 0.5813228487968445, 0.40999385714530945, 0.3792298138141632, 0.6675158739089966, 0.5629888772964478, 0.6776480674743652, 1.0278291702270508, 0.8732355237007141], "val_accuracy": [0.9068750143051147, 0.9068750143051147, 0.8971874713897705, 0.8837500214576721, 0.8956249952316284, 0.8990625143051147, 0.8912500143051147, 0.8987500071525574, 0.8865625262260437, 0.171875, 0.20656250417232513]}