{"loss": [0.10842136293649673, 0.012527858838438988, 0.008360701613128185, 0.018900780007243156, 0.014837839640676975, 0.02878703363239765, 0.005563467741012573, 0.008821147494018078, 0.02644917741417885, 0.014527954161167145, 0.013983432203531265], "accuracy": [0.9721875190734863, 0.996874988079071, 0.9975000023841858, 0.9921875, 0.9931250214576721, 0.9865624904632568, 0.9971874952316284, 0.9959375262260437, 0.9865624904632568, 0.9937499761581421, 0.9918749928474426], "val_loss": [0.6252418756484985, 0.5485767126083374, 0.4955264925956726, 0.34719112515449524, 0.3302198052406311, 0.2830866277217865, 0.318095326423645, 0.3364126682281494, 0.4992583096027374, 1.0658533573150635, 1.375032901763916], "val_accuracy": [0.9059374928474426, 0.9046875238418579, 0.8968750238418579, 0.8778125047683716, 0.8962500095367432, 0.8746874928474426, 0.8909375071525574, 0.8803125023841858, 0.8943750262260437, 0.18656249344348907, 0.19843749701976776]}