{"loss": [0.07757394015789032, 0.0744187980890274, 0.0993882343173027, 0.07677730172872543, 0.05275692418217659, 0.036415763199329376, 0.08324980735778809, 0.06603427976369858], "accuracy": [0.9815624952316284, 0.9906250238418579, 0.984375, 0.987500011920929, 0.9934375286102295, 0.9956250190734863, 0.9871875047683716, 0.9903125166893005], "val_loss": [1.042287826538086, 0.9026308655738831, 0.8542497158050537, 0.8898276686668396, 0.9477055072784424, 1.0447278022766113, 0.9106075763702393, 1.108911156654358], "val_accuracy": [0.2068749964237213, 0.2068749964237213, 0.2068749964237213, 0.9068750143051147, 0.2068749964237213, 0.2068749964237213, 0.2068749964237213, 0.2068749964237213]}