{"loss": [0.07237119972705841, 0.027555357664823532, 0.019655443727970123, 0.05777086690068245, 0.022085625678300858, 0.04288235306739807, 0.009510982781648636, 0.022104058414697647, 0.019199883565306664, 0.027407126501202583, 0.019055679440498352, 0.00803922675549984, 0.026250535622239113, 0.02045772224664688, 0.006568775046616793, 0.026987260207533836, 0.03027210384607315], "accuracy": [0.9709374904632568, 0.9950000047683716, 0.9965624809265137, 0.9768750071525574, 0.9896875023841858, 0.9809374809265137, 0.9965624809265137, 0.9884374737739563, 0.9900000095367432, 0.9856250286102295, 0.9915624856948853, 0.9950000047683716, 0.987500011920929, 0.9906250238418579, 0.9978125095367432, 0.9887499809265137, 0.9865624904632568], "val_loss": [1.190935492515564, 1.0726197957992554, 1.0251439809799194, 0.9025717377662659, 0.6626817584037781, 1.0434203147888184, 0.8331925868988037, 0.6623978614807129, 0.6772746443748474, 0.5891526937484741, 0.5515218377113342, 0.5372135639190674, 1.033952236175537, 0.7842991352081299, 0.7459736466407776, 0.7722128033638, 0.708340585231781], "val_accuracy": [0.2068749964237213, 0.2068749964237213, 0.20593750476837158, 0.17249999940395355, 0.9068750143051147, 0.20000000298023224, 0.19343750178813934, 0.895312488079071, 0.8887500166893005, 0.9053124785423279, 0.8871874809265137, 0.8887500166893005, 0.20624999701976776, 0.2068749964237213, 0.9068750143051147, 0.20624999701976776, 0.20156249403953552]}