{"loss": [0.06643258780241013, 0.0023616121616214514, 0.04730275645852089, 0.1261695921421051, 0.07176496833562851, 0.08538614213466644, 0.08212804794311523, 0.06437650322914124, 0.07395865768194199, 0.10099492222070694, 0.05055990815162659], "accuracy": [0.9806249737739563, 1.0, 0.9950000047683716, 0.9834374785423279, 0.989062488079071, 0.9862499833106995, 0.9881250262260437, 0.9893749952316284, 0.9884374737739563, 0.9831249713897705, 0.9925000071525574], "val_loss": [0.901441216468811, 0.9933792352676392, 0.7625779509544373, 0.5472064018249512, 0.6183318495750427, 0.5362768769264221, 0.554280161857605, 0.5479245185852051, 0.5513266921043396, 0.5569058060646057, 0.5784807801246643], "val_accuracy": [0.9068750143051147, 0.9068750143051147, 0.9068750143051147, 0.9068750143051147, 0.9068750143051147, 0.9068750143051147, 0.9068750143051147, 0.9068750143051147, 0.9068750143051147, 0.9068750143051147, 0.9068750143051147]}