{"loss": [0.05522332713007927, 0.040300942957401276, 0.009256967343389988, 0.009291096590459347, 0.023836128413677216, 0.020647944882512093, 0.017426559701561928, 0.02175292558968067, 0.016374841332435608, 0.006247325334697962, 0.03480920195579529, 0.0433112196624279, 0.04129450395703316, 0.038809169083833694], "accuracy": [0.9803125262260437, 0.9915624856948853, 0.9975000023841858, 0.9975000023841858, 0.9896875023841858, 0.9921875, 0.9915624856948853, 0.9881250262260437, 0.9906250238418579, 0.9971874952316284, 0.9815624952316284, 0.9753124713897705, 0.9806249737739563, 0.9790624976158142], "val_loss": [0.9004751443862915, 0.7696306109428406, 0.793541669845581, 0.7248829007148743, 0.5569373965263367, 0.3965074121952057, 0.3796643018722534, 0.4543361961841583, 0.3291133642196655, 0.34983882308006287, 0.3882564902305603, 0.5907521843910217, 0.7016404867172241, 0.6956434845924377], "val_accuracy": [0.9068750143051147, 0.9068750143051147, 0.9053124785423279, 0.8971874713897705, 0.9049999713897705, 0.8996875286102295, 0.8853124976158142, 0.8940625190734863, 0.8921874761581421, 0.9018750190734863, 0.8956249952316284, 0.8956249952316284, 0.8787500262260437, 0.903124988079071]}