{"loss": [0.11664131283760071, 0.025966975837945938, 0.07139560580253601, 0.05366791784763336, 0.10222963988780975, 0.07045061141252518, 0.13163761794567108, 0.07164619863033295, 0.010500729084014893, 0.13039693236351013, 0.11582247912883759, 0.03554869815707207, 0.049597855657339096, 0.11210625618696213, 0.02692742645740509], "accuracy": [0.981249988079071, 0.9975000023841858, 0.989062488079071, 0.9928125143051147, 0.9831249713897705, 0.9893749952316284, 0.9762499928474426, 0.9906250238418579, 0.9987499713897705, 0.979687511920929, 0.979687511920929, 0.9950000047683716, 0.9925000071525574, 0.9787499904632568, 0.9962499737739563], "val_loss": [0.7058135271072388, 0.7981007099151611, 0.701911449432373, 0.7724175453186035, 0.6164229512214661, 0.6682115197181702, 0.5923343896865845, 0.7282472252845764, 0.796903669834137, 0.5663275718688965, 0.584289014339447, 0.741467297077179, 0.6496202349662781, 0.5859411358833313, 0.7775205969810486], "val_accuracy": [0.9068750143051147, 0.9068750143051147, 0.9068750143051147, 0.9068750143051147, 0.9068750143051147, 0.9068750143051147, 0.9068750143051147, 0.9068750143051147, 0.9068750143051147, 0.9068750143051147, 0.9068750143051147, 0.9068750143051147, 0.9068750143051147, 0.9068750143051147, 0.9068750143051147]}