{"loss": [0.06632891297340393, 0.05801570042967796, 0.019415609538555145, 0.009583338163793087, 0.04841448739171028, 0.039672430604696274, 0.02155321091413498, 0.020045911893248558], "accuracy": [0.9803125262260437, 0.9859374761581421, 0.9921875, 0.996874988079071, 0.9775000214576721, 0.9815624952316284, 0.9893749952316284, 0.9909374713897705], "val_loss": [0.4599164128303528, 0.34466278553009033, 0.3407634496688843, 0.41612347960472107, 0.49150550365448, 0.3532226085662842, 0.35725700855255127, 0.560314953327179], "val_accuracy": [0.9068750143051147, 0.9059374928474426, 0.9059374928474426, 0.9049999713897705, 0.9034374952316284, 0.9068750143051147, 0.9068750143051147, 0.8974999785423279]}