{"loss": [0.1232396587729454, 0.12732970714569092, 0.05487241595983505, 0.0814594104886055, 0.06887520104646683, 0.04159461334347725, 0.06343574821949005, 0.003364125732332468, 0.0420810841023922, 0.0712503045797348], "accuracy": [0.9649999737739563, 0.9790624976158142, 0.9928125143051147, 0.9893749952316284, 0.9887499809265137, 0.9943749904632568, 0.9906250238418579, 1.0, 0.995312511920929, 0.989062488079071], "val_loss": [0.5529294610023499, 0.4415665566921234, 0.5800371170043945, 0.5020487904548645, 0.4127439558506012, 0.45455145835876465, 0.4775821268558502, 0.6466225385665894, 0.4825248420238495, 0.4204750061035156], "val_accuracy": [0.9068750143051147, 0.9068750143051147, 0.9068750143051147, 0.9068750143051147, 0.9068750143051147, 0.9068750143051147, 0.9068750143051147, 0.9068750143051147, 0.9068750143051147, 0.9068750143051147]}