{"loss": [0.04641272500157356, 0.04633346199989319, 0.010382278822362423, 0.021150557324290276, 0.04165387153625488, 0.000984623096883297, 0.042316779494285583, 0.024613119661808014, 0.021281398832798004, 0.01957431435585022, 0.01547085028141737], "accuracy": [0.9915624856948853, 0.9900000095367432, 0.996874988079071, 0.9896875023841858, 0.9803125262260437, 1.0, 0.9787499904632568, 0.9884374737739563, 0.987500011920929, 0.9918749928474426, 0.9918749928474426], "val_loss": [0.5907370448112488, 0.45817384123802185, 0.5323734283447266, 0.44158920645713806, 0.38252338767051697, 0.3724317252635956, 0.38177597522735596, 0.4219151735305786, 0.4020765721797943, 0.5438560247421265, 0.5084536075592041], "val_accuracy": [0.9068750143051147, 0.9059374928474426, 0.8909375071525574, 0.870312511920929, 0.8871874809265137, 0.8909375071525574, 0.8884375095367432, 0.8928124904632568, 0.9037500023841858, 0.879687488079071, 0.9043750166893005]}