{"loss": [0.0754525437951088, 0.04680439457297325, 0.009890335611999035, 0.050462692975997925, 0.00864771381020546, 0.015292319469153881, 0.032718248665332794, 0.0204703900963068, 0.021132221445441246, 0.02964370884001255, 0.02533538267016411, 0.019929470494389534, 0.014765563420951366], "accuracy": [0.9762499928474426, 0.9868749976158142, 0.9965624809265137, 0.9771875143051147, 0.9971874952316284, 0.9921875, 0.9834374785423279, 0.9909374713897705, 0.9912499785423279, 0.9868749976158142, 0.9887499809265137, 0.9906250238418579, 0.9915624856948853], "val_loss": [0.7683978080749512, 0.5719979405403137, 0.5538515448570251, 0.5595091581344604, 0.45080357789993286, 0.4403521418571472, 0.3578668534755707, 0.35575345158576965, 0.48185575008392334, 0.4669089615345001, 0.5538640022277832, 0.7800257802009583, 0.5899114608764648], "val_accuracy": [0.9065625071525574, 0.8943750262260437, 0.8962500095367432, 0.885937511920929, 0.8965625166893005, 0.901562511920929, 0.8909375071525574, 0.8924999833106995, 0.9006249904632568, 0.8853124976158142, 0.9043750166893005, 0.20593750476837158, 0.9034374952316284]}