{"loss": [0.07445503771305084, 0.055581215769052505, 0.03347151726484299, 0.03715606778860092, 0.008962283842265606, 0.025659777224063873, 0.007489809766411781, 0.02279824949800968, 0.03230763226747513, 0.02010098658502102, 0.015827324241399765], "accuracy": [0.971875011920929, 0.989062488079071, 0.9900000095367432, 0.9865624904632568, 0.9962499737739563, 0.9859374761581421, 0.9975000023841858, 0.9896875023841858, 0.9831249713897705, 0.9893749952316284, 0.9906250238418579], "val_loss": [0.6985196471214294, 0.7575129866600037, 0.7262874841690063, 0.4936317205429077, 0.5019962191581726, 0.3413434624671936, 0.35395967960357666, 0.38840019702911377, 0.4877083897590637, 0.5054129362106323, 0.3469829559326172], "val_accuracy": [0.9068750143051147, 0.20250000059604645, 0.8931249976158142, 0.8993750214576721, 0.8915625214576721, 0.8968750238418579, 0.9009374976158142, 0.8884375095367432, 0.8700000047683716, 0.885937511920929, 0.8940625190734863]}