{"loss": [0.05978880822658539, 0.22663536667823792, 0.1484012007713318, 0.09144653379917145, 0.0891701951622963, 0.10308395326137543, 0.0378936231136322, 0.11616768687963486], "accuracy": [0.9922656416893005, 0.9574999809265137, 0.9721875190734863, 0.9845312237739563, 0.9853125214576721, 0.9820312261581421, 0.9955468773841858, 0.979687511920929], "val_loss": [0.8436270952224731, 0.8072956204414368, 0.8068082332611084, 0.8280217051506042, 0.829924464225769, 0.8357037305831909, 0.866649866104126, 0.8088991045951843], "val_accuracy": [0.20468750596046448, 0.20414061844348907, 0.19718749821186066, 0.19968749582767487, 0.19843749701976776, 0.19234375655651093, 0.19484375417232513, 0.18992187082767487]}