{"loss": [0.18720532953739166, 0.13300396502017975, 0.08336371183395386, 0.1502295285463333, 0.06796619296073914, 0.0823342502117157], "accuracy": [0.9466406106948853, 0.9766406416893005, 0.9858593940734863, 0.9711718559265137, 0.9896093606948853, 0.9864062666893005], "val_loss": [0.6427314877510071, 0.662282407283783, 0.6761890649795532, 0.6786078810691833, 0.6769959926605225, 0.6787528991699219], "val_accuracy": [0.8217187523841858, 0.8217187523841858, 0.8217187523841858, 0.8217187523841858, 0.8217187523841858, 0.8217187523841858]}