{"loss": [0.1449713557958603, 0.056855808943510056, 0.13166570663452148, 0.11744575202465057, 0.06969483196735382, 0.06917125731706619, 0.05740940943360329, 0.07323967665433884, 0.0514005571603775, 0.04546895995736122, 0.06683961302042007, 0.05967356264591217, 0.04354013875126839, 0.0828624740242958, 0.029441673308610916, 0.05792510136961937, 0.0729619488120079, 0.038433898240327835, 0.025994090363383293, 0.014892262406647205, 0.035883303731679916, 0.026225199922919273], "accuracy": [0.9649999737739563, 0.9907031059265137, 0.9730468988418579, 0.9752343893051147, 0.9861719012260437, 0.9859374761581421, 0.9875781536102295, 0.981640636920929, 0.9878906011581421, 0.9897656440734863, 0.9809374809265137, 0.9817187786102295, 0.9871875047683716, 0.9710156321525574, 0.9908593893051147, 0.9797656536102295, 0.9724218845367432, 0.9867187738418579, 0.9917968511581421, 0.9962499737739563, 0.9875781536102295, 0.990234375], "val_loss": [0.8225059509277344, 0.7367076277732849, 0.6706529259681702, 0.6057887077331543, 0.5805821418762207, 0.5383312106132507, 0.5502865314483643, 0.5154305696487427, 0.5210872292518616, 0.5034704804420471, 0.48626381158828735, 0.47629645466804504, 0.46661055088043213, 0.46250760555267334, 0.4733578562736511, 0.46892815828323364, 0.4615623354911804, 0.4884238541126251, 0.5267679691314697, 0.5409055948257446, 0.5798353552818298, 0.5892015695571899], "val_accuracy": [0.14812499284744263, 0.1569531261920929, 0.8143749833106995, 0.8163281083106995, 0.8180468678474426, 0.8167187571525574, 0.8153906464576721, 0.8161718845367432, 0.8140624761581421, 0.8133593797683716, 0.8177343606948853, 0.8160937428474426, 0.8221094012260437, 0.8303906321525574, 0.8307031393051147, 0.8349218964576721, 0.8412500023841858, 0.8421093821525574, 0.8391406536102295, 0.8380468487739563, 0.8393750190734863, 0.8399218916893005]}