{"loss": [0.1999390572309494, 0.06276543438434601, 0.06208101287484169, 0.06501900404691696, 0.08682680130004883, 0.06891515105962753], "accuracy": [0.9319531321525574, 0.9907031059265137, 0.9904687404632568, 0.9898437261581421, 0.9859374761581421, 0.9888281226158142], "val_loss": [0.5000108480453491, 0.5005217790603638, 0.5087155699729919, 0.5097851157188416, 0.5079903602600098, 0.5137799978256226], "val_accuracy": [0.8224999904632568, 0.8221874833106995, 0.8217187523841858, 0.8217187523841858, 0.8211718797683716, 0.8220312595367432]}