{"loss": [0.2674010992050171, 0.07521826773881912, 0.07280507683753967, 0.04998649284243584, 0.006963022518903017, 0.019322605803608894, 0.07059367001056671, 0.05369153618812561, 0.09683838486671448, 0.09028066694736481, 0.03519876301288605, 0.05810968950390816, 0.08347354084253311, 0.046106088906526566, 0.05782384052872658, 0.025042669847607613, 0.07508045434951782, 0.027907419949769974], "accuracy": [0.8836718797683716, 0.9860156178474426, 0.9852343797683716, 0.9913281202316284, 1.0, 0.9970312714576721, 0.985546886920929, 0.98828125, 0.9725000262260437, 0.9703906178474426, 0.9905468821525574, 0.9803125262260437, 0.9667187333106995, 0.983203113079071, 0.9760156273841858, 0.9907031059265137, 0.9673437476158142, 0.9887499809265137], "val_loss": [0.6843016147613525, 0.723480224609375, 0.811892569065094, 0.7110574841499329, 0.6232887506484985, 0.6434480547904968, 0.7234060764312744, 0.6656640768051147, 0.5628740787506104, 0.4907289743423462, 0.4755799174308777, 0.4657337963581085, 0.4600648581981659, 0.47213706374168396, 0.4865531623363495, 0.5201357007026672, 0.5042704343795776, 0.5374029278755188], "val_accuracy": [0.8148437738418579, 0.8110937476158142, 0.15687499940395355, 0.8134375214576721, 0.8146093487739563, 0.8128906488418579, 0.8083593845367432, 0.8103906512260437, 0.8128125071525574, 0.8178906440734863, 0.817578136920929, 0.8197656273841858, 0.8260937333106995, 0.8316406011581421, 0.8318750262260437, 0.8297656178474426, 0.838671863079071, 0.8367968797683716]}