{"loss": [0.2089516818523407, 0.09429299086332321, 0.09888753294944763, 0.08974441885948181, 0.07134559750556946, 0.09777619689702988, 0.09782811999320984, 0.09198365360498428, 0.03757910802960396, 0.08575639873743057, 0.05646788701415062, 0.037785425782203674], "accuracy": [0.9420312643051147, 0.982421875, 0.9802343845367432, 0.9823437333106995, 0.9857812523841858, 0.9772655963897705, 0.974609375, 0.9729687571525574, 0.9908593893051147, 0.9703124761581421, 0.9805468916893005, 0.9876562356948853], "val_loss": [0.6369282603263855, 0.5925326943397522, 0.5400698781013489, 0.5092571377754211, 0.4966414272785187, 0.46665382385253906, 0.46600577235221863, 0.4767000675201416, 0.549837052822113, 0.6075035333633423, 0.7028761506080627, 0.6637803912162781], "val_accuracy": [0.8205468654632568, 0.8214062452316284, 0.8223437666893005, 0.8218749761581421, 0.8242968916893005, 0.830078125, 0.8258593678474426, 0.8236718773841858, 0.8133593797683716, 0.8213281035423279, 0.8182812333106995, 0.8167968988418579]}