{"loss": [0.3239254355430603, 0.08244045078754425, 0.08227593451738358, 0.08315112441778183, 0.06391462683677673, 0.06016140803694725], "accuracy": [0.8650781512260437, 0.9867968559265137, 0.9865624904632568, 0.9861719012260437, 0.9899218678474426, 0.9909374713897705], "val_loss": [1.0792319774627686, 1.1969035863876343, 1.2385929822921753, 1.2480562925338745, 1.2822765111923218, 1.3137598037719727], "val_accuracy": [0.1653124988079071, 0.16554687917232513, 0.16062499582767487, 0.15898437798023224, 0.15437500178813934, 0.15562500059604645]}