{"loss": [0.09641827642917633, 0.038387756794691086, 0.11198540031909943, 0.14643707871437073, 0.08931675553321838, 0.08371156454086304, 0.15004883706569672, 0.09072941541671753, 0.09920388460159302, 0.06281964480876923, 0.13513778150081635, 0.14387962222099304, 0.05622348189353943, 0.16099956631660461, 0.12110155075788498, 0.01265689730644226, 0.20020343363285065, 0.09788606315851212, 0.074677474796772, 0.10832841694355011, 0.13793502748012543, 0.1338537335395813, 0.04690344259142876], "accuracy": [0.9837499856948853, 0.9951562285423279, 0.9813281297683716, 0.97265625, 0.9850000143051147, 0.9856250286102295, 0.9709374904632568, 0.9850780963897705, 0.9818750023841858, 0.9897656440734863, 0.9735937714576721, 0.9706249833106995, 0.991015613079071, 0.9670312404632568, 0.9759374856948853, 1.0, 0.9592968821525574, 0.9811718463897705, 0.986328125, 0.9786718487739563, 0.9706249833106995, 0.971484363079071, 0.9932031035423279], "val_loss": [0.5623786449432373, 0.5353904366493225, 0.5248131155967712, 0.5333801507949829, 0.5330769419670105, 0.5255018472671509, 0.5179561376571655, 0.5164751410484314, 0.520677387714386, 0.5143163204193115, 0.519153892993927, 0.5145331621170044, 0.513156533241272, 0.5077531933784485, 0.4975789785385132, 0.508188009262085, 0.49451008439064026, 0.4940612316131592, 0.5019376277923584, 0.5180267095565796, 0.5214018821716309, 0.509041428565979, 0.5133806467056274], "val_accuracy": [0.8213281035423279, 0.8213281035423279, 0.8189062476158142, 0.817187488079071, 0.8165624737739563, 0.8153125047683716, 0.8128906488418579, 0.8099218606948853, 0.8073437213897705, 0.8064844012260437, 0.8046093583106995, 0.8051562309265137, 0.805468738079071, 0.8053125143051147, 0.8025781512260437, 0.8042187690734863, 0.8028905987739563, 0.8018749952316284, 0.8020312786102295, 0.7995312213897705, 0.7965624928474426, 0.7945312261581421, 0.794921875]}