{"loss": [0.2151423841714859, 0.08629018813371658, 0.1313183307647705, 0.1317504495382309, 0.10413692146539688, 0.06407104432582855], "accuracy": [0.9401562213897705, 0.9853125214576721, 0.9760937690734863, 0.9761718511581421, 0.9815624952316284, 0.9900781512260437], "val_loss": [0.8429049849510193, 0.8634163737297058, 0.9229885935783386, 1.0478031635284424, 1.138196587562561, 1.2784758806228638], "val_accuracy": [0.22187499701976776, 0.2096875011920929, 0.19226562976837158, 0.18687500059604645, 0.1850000023841858, 0.1828906238079071]}