{"loss": [0.577282190322876, 0.19882242381572723, 0.051304686814546585, 0.010290026664733887, 0.06609848141670227, 0.056652892380952835, 0.06892764568328857, 0.006621830631047487, 0.05602691322565079, 0.004944020416587591, 0.03654857352375984, 0.05305754765868187, 0.0458521842956543, 0.027946941554546356, 0.05270090699195862, 0.022969238460063934, 0.07896590232849121, 0.09377994388341904, 0.05359244346618652, 0.01892678439617157, 0.004372128285467625, 0.035772088915109634, 0.01365357544273138, 0.024953272193670273, 0.09845579415559769, 0.04213256761431694, 0.033688511699438095, 0.03408486396074295, 0.010978959500789642, 0.03751002624630928, 0.013448820449411869, 0.023478109389543533, 0.033445071429014206, 0.06660348176956177, 0.050127673894166946, 0.030627787113189697, 0.024181757122278214, 0.01609557308256626, 0.03957661986351013, 0.012722219340503216, 0.02605265937745571, 0.01925758644938469, 0.010618550702929497, 0.018254738301038742, 0.017243579030036926, 0.020689915865659714, 0.00576012721285224, 0.030573353171348572, 0.0019133839523419738, 0.06135137006640434, 0.027922820299863815, 0.0020758826285600662, 0.031231142580509186, 0.020579999312758446, 0.0013862170744687319, 0.030784597620368004, 0.02951776422560215, 0.008949442766606808, 0.00723462738096714, 0.006945533212274313, 0.025061115622520447, 0.0441625602543354, 0.011170495301485062, 0.02810826525092125, 0.02378816343843937, 0.021964024752378464, 0.029220741242170334, 0.018309589475393295, 0.013400890864431858, 0.01357442419975996, 0.02670244686305523, 0.01570906862616539, 0.023474274203181267, 0.006154009141027927, 0.000847893999889493, 0.0104916300624609, 0.012336880899965763], "accuracy": [0.989062488079071, 0.9946874976158142, 0.9940624833106995, 1.0, 0.9871875047683716, 0.9881250262260437, 0.9865624904632568, 1.0, 0.9887499809265137, 1.0, 0.9925000071525574, 0.9884374737739563, 0.9887499809265137, 0.9965624809265137, 0.9884374737739563, 0.9946874976158142, 0.9806249737739563, 0.9750000238418579, 0.9868749976158142, 0.9965624809265137, 1.0, 0.9906250238418579, 0.996874988079071, 0.9934375286102295, 0.9690625071525574, 0.9887499809265137, 0.9906250238418579, 0.9900000095367432, 0.9975000023841858, 0.9865624904632568, 0.9956250190734863, 0.9956250190734863, 0.9896875023841858, 0.973437488079071, 0.9846875071525574, 0.9906250238418579, 0.9909374713897705, 0.995312511920929, 0.989062488079071, 0.9962499737739563, 0.989062488079071, 0.9928125143051147, 0.995312511920929, 0.9943749904632568, 0.9928125143051147, 0.9946874976158142, 0.9981250166893005, 0.9903125166893005, 1.0, 0.9743750095367432, 0.989062488079071, 1.0, 0.9884374737739563, 0.9915624856948853, 1.0, 0.9865624904632568, 0.9887499809265137, 0.9971874952316284, 0.9975000023841858, 0.996874988079071, 0.9921875, 0.9846875071525574, 0.9971874952316284, 0.9871875047683716, 0.9912499785423279, 0.9906250238418579, 0.9884374737739563, 0.9931250214576721, 0.9950000047683716, 0.9931250214576721, 0.9878125190734863, 0.9940624833106995, 0.9903125166893005, 0.9975000023841858, 1.0, 0.9946874976158142, 0.9956250190734863], "val_loss": [0.5595324039459229, 0.4250272512435913, 0.4413360357284546, 0.4717163145542145, 0.44986552000045776, 0.44677773118019104, 0.42204704880714417, 0.4449266791343689, 0.4291994869709015, 0.44910693168640137, 0.440682977437973, 0.41661974787712097, 0.40948936343193054, 0.41280272603034973, 0.4000786542892456, 0.4139951765537262, 0.3767443001270294, 0.35684195160865784, 0.35532382130622864, 0.36840781569480896, 0.38791969418525696, 0.38157522678375244, 0.3874932527542114, 0.3850363492965698, 0.3411597013473511, 0.3442701995372772, 0.34918373823165894, 0.34978920221328735, 0.36386749148368835, 0.3537725806236267, 0.3638828694820404, 0.36200767755508423, 0.35542115569114685, 0.3334800601005554, 0.3271917402744293, 0.3266662359237671, 0.33635929226875305, 0.3470013737678528, 0.3332218527793884, 0.33860206604003906, 0.33619624376296997, 0.337627112865448, 0.34857064485549927, 0.34811660647392273, 0.3475596606731415, 0.3462277948856354, 0.36096110939979553, 0.35870644450187683, 0.34591180086135864, 0.313164621591568, 0.3216042220592499, 0.3406555950641632, 0.33119866251945496, 0.3334956467151642, 0.34856316447257996, 0.33685192465782166, 0.33083903789520264, 0.3385803699493408, 0.3502401113510132, 0.3558006286621094, 0.3391161262989044, 0.3034457862377167, 0.3218265175819397, 0.31385231018066406, 0.31219059228897095, 0.31102505326271057, 0.3068164885044098, 0.31591424345970154, 0.3272556960582733, 0.33454251289367676, 0.3093903064727783, 0.3168202340602875, 0.3140709102153778, 0.3244798183441162, 0.3376266360282898, 0.3410048186779022, 0.3365466296672821], "val_accuracy": [0.9059374928474426, 0.9068750143051147, 0.9068750143051147, 0.9068750143051147, 0.9068750143051147, 0.9068750143051147, 0.9068750143051147, 0.9068750143051147, 0.9068750143051147, 0.9068750143051147, 0.9068750143051147, 0.9068750143051147, 0.9068750143051147, 0.9068750143051147, 0.9068750143051147, 0.9068750143051147, 0.9068750143051147, 0.9068750143051147, 0.9068750143051147, 0.9068750143051147, 0.9068750143051147, 0.9068750143051147, 0.9068750143051147, 0.9068750143051147, 0.90625, 0.90625, 0.9059374928474426, 0.9049999713897705, 0.9059374928474426, 0.9043750166893005, 0.9037500023841858, 0.903124988079071, 0.903124988079071, 0.9018750190734863, 0.9018750190734863, 0.9012500047683716, 0.9006249904632568, 0.9034374952316284, 0.8996875286102295, 0.9012500047683716, 0.9006249904632568, 0.9003124833106995, 0.8993750214576721, 0.8996875286102295, 0.9012500047683716, 0.8996875286102295, 0.8987500071525574, 0.8996875286102295, 0.8981249928474426, 0.8896874785423279, 0.8890625238418579, 0.8909375071525574, 0.8887500166893005, 0.8909375071525574, 0.890625, 0.8881250023841858, 0.8890625238418579, 0.8899999856948853, 0.8893749713897705, 0.8887500166893005, 0.8896874785423279, 0.8893749713897705, 0.8884375095367432, 0.887499988079071, 0.8896874785423279, 0.8918750286102295, 0.890625, 0.8896874785423279, 0.8912500143051147, 0.8890625238418579, 0.8871874809265137, 0.8862500190734863, 0.8846874833106995, 0.885937511920929, 0.8868749737739563, 0.8843749761581421, 0.8856250047683716]}