{"loss": [0.6394679546356201, 0.4291090667247772, 0.1184394434094429, 0.04682287573814392, 0.04581398516893387, 0.029613174498081207, 0.0431462824344635, 0.0200460497289896, 0.030522145330905914, 0.017265938222408295, 0.05424707755446434, 0.02648123726248741, 0.018414001911878586, 0.05687673017382622, 0.04442518576979637, 0.030818507075309753, 0.04422670230269432, 0.013566268607974052], "accuracy": [0.973437488079071, 0.9781249761581421, 0.9950000047683716, 0.9928125143051147, 0.9921875, 0.995312511920929, 0.9915624856948853, 0.9962499737739563, 0.9940624833106995, 0.996874988079071, 0.9881250262260437, 0.9946874976158142, 0.996874988079071, 0.9846875071525574, 0.9887499809265137, 0.9928125143051147, 0.9878125190734863, 0.9971874952316284], "val_loss": [0.5887840390205383, 0.3579729497432709, 0.32330870628356934, 0.36471351981163025, 0.3769823908805847, 0.39684727787971497, 0.39447021484375, 0.4126708507537842, 0.4223577380180359, 0.4103064239025116, 0.38160523772239685, 0.3865673840045929, 0.39291441440582275, 0.370700865983963, 0.34379661083221436, 0.3512837588787079, 0.33777156472206116, 0.35483604669570923], "val_accuracy": [0.9068750143051147, 0.9068750143051147, 0.9068750143051147, 0.9068750143051147, 0.9068750143051147, 0.9068750143051147, 0.9068750143051147, 0.9068750143051147, 0.9068750143051147, 0.9068750143051147, 0.9068750143051147, 0.9068750143051147, 0.9068750143051147, 0.9071875214576721, 0.9078124761581421, 0.9078124761581421, 0.9084374904632568, 0.9084374904632568]}