{"loss": [0.5042135119438171, 0.10441767424345016, 0.0423196442425251, 0.012978297658264637, 0.002803315408527851, 0.06166163831949234, 0.05548974499106407, 0.06303015351295471, 0.009622383862733841, 0.01659863255918026, 0.036188360303640366, 0.03359798341989517, 0.016063006594777107, 0.028832625597715378, 0.0011386257829144597, 0.025558380410075188, 0.021736416965723038, 0.013508767820894718, 0.02393578365445137, 0.009076137095689774, 0.023241883143782616, 0.0241903904825449, 0.04168714955449104, 0.012704184278845787, 0.024405110627412796, 0.022821025922894478, 0.013078945688903332, 0.006080431863665581, 0.016003044322133064, 0.02897617593407631], "accuracy": [0.9612500071525574, 0.9981250166893005, 0.9884374737739563, 0.996874988079071, 1.0, 0.9765625, 0.9787499904632568, 0.9750000238418579, 0.996874988079071, 0.9946874976158142, 0.9862499833106995, 0.9878125190734863, 0.9940624833106995, 0.989062488079071, 1.0, 0.9896875023841858, 0.9903125166893005, 0.9950000047683716, 0.9912499785423279, 0.9971874952316284, 0.9893749952316284, 0.9887499809265137, 0.984375, 0.9943749904632568, 0.9896875023841858, 0.9893749952316284, 0.9962499737739563, 0.9971874952316284, 0.9940624833106995, 0.9868749976158142], "val_loss": [0.6164607405662537, 0.5247142314910889, 0.4977094531059265, 0.4851497411727905, 0.4759368896484375, 0.4805992543697357, 0.481212317943573, 0.48496297001838684, 0.48072105646133423, 0.4746875762939453, 0.4845739006996155, 0.48765724897384644, 0.4826037883758545, 0.4820273518562317, 0.47460833191871643, 0.48295536637306213, 0.49152323603630066, 0.4862250089645386, 0.49319449067115784, 0.4902522563934326, 0.49652087688446045, 0.5027613639831543, 0.5177160501480103, 0.5092835426330566, 0.5212333798408508, 0.5234411358833313, 0.5191199779510498, 0.5117183923721313, 0.5158098340034485, 0.525989294052124], "val_accuracy": [0.9053124785423279, 0.9065625071525574, 0.9068750143051147, 0.9068750143051147, 0.9068750143051147, 0.9068750143051147, 0.9068750143051147, 0.9068750143051147, 0.9068750143051147, 0.9068750143051147, 0.9068750143051147, 0.9068750143051147, 0.9068750143051147, 0.9068750143051147, 0.9068750143051147, 0.9068750143051147, 0.9068750143051147, 0.9068750143051147, 0.9068750143051147, 0.9068750143051147, 0.9068750143051147, 0.9068750143051147, 0.9068750143051147, 0.9068750143051147, 0.9068750143051147, 0.9068750143051147, 0.9068750143051147, 0.9068750143051147, 0.9068750143051147, 0.9068750143051147]}