{"loss": [0.607585072517395, 0.34002044796943665, 0.17589573562145233, 0.08363686501979828, 0.0735541507601738, 0.07001837342977524, 0.07229313999414444, 0.0427822582423687, 0.0584283210337162, 0.059643134474754333, 0.07504356652498245, 0.076531782746315, 0.04693293198943138, 0.07126876711845398, 0.029179805889725685, 0.009600285440683365, 0.04278134927153587, 0.007040501106530428, 0.022229256108403206, 0.016259808093309402, 0.05124407634139061, 0.005744914524257183, 0.032713666558265686, 0.031927384436130524, 0.058184027671813965], "accuracy": [0.7631250023841858, 0.9934375286102295, 0.9850000143051147, 0.9937499761581421, 0.9893749952316284, 0.987500011920929, 0.9865624904632568, 0.9934375286102295, 0.989062488079071, 0.9893749952316284, 0.984375, 0.9834374785423279, 0.9915624856948853, 0.9840624928474426, 0.9956250190734863, 1.0, 0.9921875, 1.0, 0.9965624809265137, 0.9978125095367432, 0.9903125166893005, 1.0, 0.9940624833106995, 0.9946874976158142, 0.9884374737739563], "val_loss": [0.6320624947547913, 0.5259735584259033, 0.4350753128528595, 0.38087037205696106, 0.36321499943733215, 0.3534484803676605, 0.35142457485198975, 0.34741950035095215, 0.3471086919307709, 0.34686824679374695, 0.3485810160636902, 0.349101185798645, 0.34746479988098145, 0.3486280143260956, 0.34716057777404785, 0.34693431854248047, 0.34788334369659424, 0.350198894739151, 0.3517374098300934, 0.35354289412498474, 0.35032138228416443, 0.3540295660495758, 0.3539523184299469, 0.35358336567878723, 0.35126060247421265], "val_accuracy": [0.9068750143051147, 0.9068750143051147, 0.9068750143051147, 0.9068750143051147, 0.9068750143051147, 0.9068750143051147, 0.9068750143051147, 0.9068750143051147, 0.9068750143051147, 0.9068750143051147, 0.9068750143051147, 0.9068750143051147, 0.9068750143051147, 0.9068750143051147, 0.9068750143051147, 0.9068750143051147, 0.9068750143051147, 0.9068750143051147, 0.9068750143051147, 0.9068750143051147, 0.9068750143051147, 0.9068750143051147, 0.9068750143051147, 0.9068750143051147, 0.9068750143051147]}