{"loss": [0.6415243744850159, 0.35744598507881165, 0.0832291767001152, 0.035878244787454605, 0.07355137169361115, 0.04493001848459244, 0.006371022667735815, 0.035851359367370605, 0.05282733589410782, 0.03427533805370331, 0.004426832310855389, 0.002996531082317233, 0.02049129456281662, 0.0576210543513298, 0.019367394968867302, 0.039372518658638, 0.026671631261706352, 0.0567471981048584, 0.038009826093912125, 0.02386038936674595, 0.018752945587038994, 0.012036017142236233, 0.033014897257089615, 0.03207454830408096, 0.036483701318502426, 0.036836374551057816, 0.037069275975227356, 0.034655410796403885, 0.04511550813913345, 0.039274368435144424, 0.011060493998229504, 0.03354698047041893, 0.037123020738363266, 0.010305744595825672, 0.03395909443497658, 0.028465941548347473, 0.002137740608304739, 0.033655766397714615, 0.02733348309993744, 0.037567295134067535, 0.010516827926039696, 0.01758762076497078, 0.026667755097150803, 0.0063699460588395596], "accuracy": [0.9606249928474426, 0.9806249737739563, 0.9925000071525574, 0.9934375286102295, 0.9818750023841858, 0.9887499809265137, 1.0, 0.9931250214576721, 0.9906250238418579, 0.9931250214576721, 1.0, 1.0, 0.9965624809265137, 0.9862499833106995, 0.9940624833106995, 0.9884374737739563, 0.9950000047683716, 0.9846875071525574, 0.989062488079071, 0.9925000071525574, 0.9937499761581421, 0.9978125095367432, 0.9928125143051147, 0.9900000095367432, 0.9887499809265137, 0.9915624856948853, 0.987500011920929, 0.9909374713897705, 0.9862499833106995, 0.9846875071525574, 0.9978125095367432, 0.9856250286102295, 0.9850000143051147, 0.9981250166893005, 0.9896875023841858, 0.9878125190734863, 1.0, 0.9896875023841858, 0.9887499809265137, 0.9850000143051147, 0.9950000047683716, 0.9943749904632568, 0.9881250262260437, 0.9975000023841858], "val_loss": [0.6007787585258484, 0.39860087633132935, 0.38002800941467285, 0.4035498797893524, 0.3965083360671997, 0.4061964750289917, 0.43116217851638794, 0.4381588101387024, 0.40893420577049255, 0.4100547730922699, 0.4332256317138672, 0.4531257748603821, 0.44570159912109375, 0.4075513482093811, 0.4188660681247711, 0.4034365713596344, 0.40161654353141785, 0.3768279552459717, 0.36907899379730225, 0.3806362450122833, 0.39495599269866943, 0.3957229256629944, 0.3799394369125366, 0.37344813346862793, 0.3641985058784485, 0.3602104187011719, 0.361299604177475, 0.35325008630752563, 0.33753693103790283, 0.3380693793296814, 0.35036253929138184, 0.3470858335494995, 0.33801403641700745, 0.3503492474555969, 0.3437842130661011, 0.3479730486869812, 0.3575384020805359, 0.34608590602874756, 0.3452979624271393, 0.33753955364227295, 0.34423667192459106, 0.34727779030799866, 0.3381696939468384, 0.3499705195426941], "val_accuracy": [0.9068750143051147, 0.9056249856948853, 0.9046875238418579, 0.9028124809265137, 0.9065625071525574, 0.9059374928474426, 0.9059374928474426, 0.9056249856948853, 0.9065625071525574, 0.9065625071525574, 0.9065625071525574, 0.9065625071525574, 0.9065625071525574, 0.9056249856948853, 0.90625, 0.9056249856948853, 0.9059374928474426, 0.90625, 0.9056249856948853, 0.90625, 0.9053124785423279, 0.90625, 0.90625, 0.9056249856948853, 0.9053124785423279, 0.9053124785423279, 0.9056249856948853, 0.9046875238418579, 0.9059374928474426, 0.9068750143051147, 0.9075000286102295, 0.9059374928474426, 0.9024999737739563, 0.9021875262260437, 0.9049999713897705, 0.9043750166893005, 0.9040625095367432, 0.9053124785423279, 0.9046875238418579, 0.9056249856948853, 0.9046875238418579, 0.9059374928474426, 0.9043750166893005, 0.9043750166893005]}