{"loss": [0.6157715320587158, 0.2421799898147583, 0.08174306154251099, 0.06235712394118309, 0.08878309279680252, 0.03602791950106621, 0.03730325773358345, 0.03281555697321892, 0.05412720516324043, 0.009936213493347168, 0.04840335249900818, 0.060272205621004105, 0.03404577076435089, 0.01720951497554779, 0.01712799072265625, 0.02020656131207943, 0.04284270107746124, 0.061434224247932434, 0.031100625172257423, 0.012135890312492847, 0.021145252510905266, 0.05245266854763031, 0.021912088617682457, 0.002713135676458478, 0.026190822944045067, 0.0575200617313385, 0.013436634093523026, 0.024801693856716156, 0.03186364844441414, 0.008522535674273968, 0.02881774678826332, 0.022925205528736115, 0.03959553316235542, 0.010750382207334042, 0.00978001020848751, 0.024326227605342865, 0.032548725605010986, 0.043726712465286255, 0.02281023934483528, 0.014245402999222279, 0.011954285204410553, 0.022411491721868515, 0.005880847107619047, 0.020152520388364792, 0.016920506954193115, 0.025343602523207664, 0.011242181062698364, 0.015249392949044704, 0.024183794856071472, 0.007053971290588379, 0.008217637427151203, 0.03347277641296387, 0.028721971437335014, 0.006339658983051777, 0.026157336309552193, 0.0009803581051528454, 0.02762504294514656, 0.001013651373796165, 0.015788190066814423, 0.004562954884022474, 0.033654745668172836, 0.02840260975062847, 0.020042799413204193, 0.03629105165600777, 0.025313183665275574, 0.017106961458921432, 0.030874019488692284, 0.02578726038336754, 0.019601814448833466, 0.016333676874637604, 0.019564313814044, 0.026035470888018608, 0.024775562807917595, 0.005691118072718382, 0.024638738483190536, 0.012504428625106812, 0.023087680339813232, 0.014770111069083214, 0.012423246167600155, 0.01269900519400835, 0.013204723596572876, 0.02194175496697426, 0.009949116967618465, 0.015880202874541283, 0.03920110687613487, 0.010793168097734451, 0.011621944606304169, 0.0033099353313446045, 0.014292964711785316, 0.019439274445176125, 0.010202612727880478, 0.01353804487735033, 0.016760502010583878, 0.032967742532491684, 0.010698582977056503, 0.00417979434132576, 0.016548210754990578, 0.006313922815024853, 0.00978836975991726, 0.011549643240869045], "accuracy": [0.9800000190734863, 0.9965624809265137, 0.9853125214576721, 0.989062488079071, 0.981249988079071, 0.9934375286102295, 0.9903125166893005, 0.9921875, 0.9850000143051147, 0.9981250166893005, 0.9909374713897705, 0.987500011920929, 0.9928125143051147, 0.9965624809265137, 0.995312511920929, 0.9928125143051147, 0.9881250262260437, 0.9840624928474426, 0.9915624856948853, 0.996874988079071, 0.9928125143051147, 0.9850000143051147, 0.9937499761581421, 1.0, 0.9912499785423279, 0.9803125262260437, 0.9975000023841858, 0.9925000071525574, 0.9909374713897705, 0.9975000023841858, 0.9921875, 0.9896875023841858, 0.9881250262260437, 0.9971874952316284, 0.9965624809265137, 0.9928125143051147, 0.9893749952316284, 0.9815624952316284, 0.9900000095367432, 0.9928125143051147, 0.9946874976158142, 0.9893749952316284, 0.9975000023841858, 0.9925000071525574, 0.9925000071525574, 0.9909374713897705, 0.996874988079071, 0.9940624833106995, 0.9887499809265137, 0.9978125095367432, 0.996874988079071, 0.9846875071525574, 0.9900000095367432, 0.9978125095367432, 0.9912499785423279, 1.0, 0.9865624904632568, 1.0, 0.9934375286102295, 0.9978125095367432, 0.9884374737739563, 0.9868749976158142, 0.9915624856948853, 0.9859374761581421, 0.987500011920929, 0.9928125143051147, 0.9846875071525574, 0.9881250262260437, 0.9934375286102295, 0.9918749928474426, 0.9931250214576721, 0.9903125166893005, 0.9925000071525574, 0.9984375238418579, 0.9909374713897705, 0.995312511920929, 0.9906250238418579, 0.9921875, 0.995312511920929, 0.9950000047683716, 0.9931250214576721, 0.9881250262260437, 0.9959375262260437, 0.9959375262260437, 0.9837499856948853, 0.995312511920929, 0.9959375262260437, 0.9987499713897705, 0.9937499761581421, 0.9909374713897705, 0.9956250190734863, 0.9956250190734863, 0.9928125143051147, 0.9887499809265137, 0.9959375262260437, 0.9987499713897705, 0.9934375286102295, 0.996874988079071, 0.9959375262260437, 0.9940624833106995], "val_loss": [0.5829519629478455, 0.43878406286239624, 0.4425676465034485, 0.4482918679714203, 0.4286695122718811, 0.43694671988487244, 0.4381193518638611, 0.4397749602794647, 0.4257514178752899, 0.44115716218948364, 0.4236097037792206, 0.4025847613811493, 0.4018576145172119, 0.4103017747402191, 0.41942960023880005, 0.4227120280265808, 0.40286093950271606, 0.3843972384929657, 0.3874889612197876, 0.40080714225769043, 0.40405845642089844, 0.3827756643295288, 0.3905545473098755, 0.4038608968257904, 0.4037737250328064, 0.3726801574230194, 0.3779428005218506, 0.37705597281455994, 0.3731798827648163, 0.3785558342933655, 0.3670180141925812, 0.3703670799732208, 0.3541032373905182, 0.3651075065135956, 0.374840646982193, 0.36933040618896484, 0.36138489842414856, 0.3478107750415802, 0.35280853509902954, 0.3586646020412445, 0.3675866425037384, 0.36230018734931946, 0.3724440634250641, 0.37073439359664917, 0.3700556457042694, 0.3576948046684265, 0.36941251158714294, 0.3660556375980377, 0.3531230688095093, 0.3602624535560608, 0.3673926889896393, 0.33969876170158386, 0.32971176505088806, 0.3456416428089142, 0.34349071979522705, 0.35696643590927124, 0.345091313123703, 0.35842645168304443, 0.3538877069950104, 0.3659677505493164, 0.32789239287376404, 0.32551994919776917, 0.32905110716819763, 0.32848870754241943, 0.3298971951007843, 0.3320101797580719, 0.3284277021884918, 0.3257359564304352, 0.32776638865470886, 0.32645848393440247, 0.32543376088142395, 0.3163853585720062, 0.31299009919166565, 0.32800185680389404, 0.33205321431159973, 0.3224535286426544, 0.3174746334552765, 0.32863175868988037, 0.33428454399108887, 0.33094924688339233, 0.33885735273361206, 0.33970218896865845, 0.34091490507125854, 0.3332245349884033, 0.31143882870674133, 0.3238661289215088, 0.3332449793815613, 0.3440987765789032, 0.34151145815849304, 0.3300864100456238, 0.3318614065647125, 0.3355346918106079, 0.33401450514793396, 0.31442156434059143, 0.31683558225631714, 0.32784053683280945, 0.3220180571079254, 0.3336527645587921, 0.34171345829963684, 0.34992027282714844],