{"loss": [0.6351544857025146, 0.33598193526268005, 0.11997843533754349, 0.038925714790821075, 0.028950128704309464, 0.05510031059384346, 0.036570820957422256, 0.05982518196105957, 0.025690745562314987, 0.04025118798017502, 0.020259428769350052, 0.04365565627813339, 0.04929426312446594, 0.03903348743915558, 0.02480746991932392, 0.055692873895168304, 0.058767128735780716, 0.026349324733018875, 0.049004655331373215, 0.015737930312752724, 0.0443294420838356, 0.04710838943719864, 0.020445765927433968], "accuracy": [0.721875011920929, 0.9965624809265137, 0.9862499833106995, 0.9962499737739563, 0.995312511920929, 0.9865624904632568, 0.9915624856948853, 0.9853125214576721, 0.9943749904632568, 0.9918749928474426, 0.9950000047683716, 0.9878125190734863, 0.9865624904632568, 0.9903125166893005, 0.9943749904632568, 0.984375, 0.9853125214576721, 0.9937499761581421, 0.9868749976158142, 0.9962499737739563, 0.9893749952316284, 0.9871875047683716, 0.995312511920929], "val_loss": [0.633145272731781, 0.4937792122364044, 0.401680588722229, 0.3695918023586273, 0.36232537031173706, 0.36224663257598877, 0.36212509870529175, 0.3616994023323059, 0.3618530333042145, 0.3617970943450928, 0.36395153403282166, 0.3638240396976471, 0.36503827571868896, 0.3650858998298645, 0.36571452021598816, 0.36576053500175476, 0.3652983009815216, 0.365744948387146, 0.3672293722629547, 0.3681338429450989, 0.3686041533946991, 0.3691563308238983, 0.3707215487957001], "val_accuracy": [0.9075000286102295, 0.9068750143051147, 0.9068750143051147, 0.9068750143051147, 0.9068750143051147, 0.9068750143051147, 0.9068750143051147, 0.9068750143051147, 0.9068750143051147, 0.9068750143051147, 0.9068750143051147, 0.9068750143051147, 0.9068750143051147, 0.9068750143051147, 0.9068750143051147, 0.9068750143051147, 0.9068750143051147, 0.9068750143051147, 0.9068750143051147, 0.9068750143051147, 0.9068750143051147, 0.9068750143051147, 0.9068750143051147]}