{"loss": [0.5356122851371765, 0.1299910992383957, 0.04757106676697731, 0.04435497149825096, 0.02889103628695011, 0.03741719573736191, 0.007816661149263382, 0.019327936694025993, 0.037219028919935226, 0.01916337199509144, 0.0010483681689947844, 0.03303590416908264, 0.04847206175327301, 0.02369191125035286, 0.008653772063553333, 0.018903041258454323, 0.022441968321800232, 0.04128611087799072, 0.024388596415519714, 0.03253145515918732, 0.016541121527552605, 0.02271682769060135, 0.013952611945569515, 0.007036976981908083, 0.015170443803071976, 0.010725482366979122], "accuracy": [0.9481250047683716, 0.9921875, 0.9862499833106995, 0.9821875095367432, 0.9884374737739563, 0.9862499833106995, 0.9984375238418579, 0.9912499785423279, 0.9865624904632568, 0.9928125143051147, 1.0, 0.9865624904632568, 0.9828125238418579, 0.9915624856948853, 0.9971874952316284, 0.9931250214576721, 0.9906250238418579, 0.9818750023841858, 0.9887499809265137, 0.9856250286102295, 0.9934375286102295, 0.9909374713897705, 0.9950000047683716, 0.996874988079071, 0.9934375286102295, 0.9962499737739563], "val_loss": [0.6190329790115356, 0.5241363048553467, 0.49372997879981995, 0.4814212918281555, 0.47476300597190857, 0.47290706634521484, 0.4626803994178772, 0.4616641700267792, 0.46003445982933044, 0.4557507634162903, 0.4505501091480255, 0.45686474442481995, 0.4689205288887024, 0.46668383479118347, 0.4597350060939789, 0.45718005299568176, 0.4611622095108032, 0.47780176997184753, 0.47815313935279846, 0.4765118658542633, 0.4746563732624054, 0.4735835790634155, 0.46986621618270874, 0.46306857466697693, 0.45978543162345886, 0.4637819230556488], "val_accuracy": [0.9034374952316284, 0.90625, 0.9068750143051147, 0.9068750143051147, 0.9071875214576721, 0.9068750143051147, 0.9068750143051147, 0.9068750143051147, 0.9075000286102295, 0.9068750143051147, 0.9068750143051147, 0.9075000286102295, 0.9075000286102295, 0.9075000286102295, 0.9068750143051147, 0.9068750143051147, 0.9075000286102295, 0.9075000286102295, 0.9075000286102295, 0.9075000286102295, 0.9075000286102295, 0.9075000286102295, 0.9068750143051147, 0.9068750143051147, 0.9075000286102295, 0.9068750143051147]}