{"loss": [0.5570738911628723, 0.15503236651420593, 0.046883776783943176, 0.03629232943058014, 0.037910301238298416, 0.022425822913646698, 0.024900393560528755, 0.03495116904377937, 0.04746733605861664, 0.034387536346912384, 0.022666528820991516, 0.039569877088069916, 0.028614765033125877, 0.03535347431898117, 0.03989206999540329, 0.0035194274969398975, 0.06078379228711128, 0.02420455776154995, 0.0287613645195961, 0.029427869245409966, 0.05088164284825325, 0.03554157912731171, 0.013305309228599072, 0.002864614361897111, 0.019660072401165962, 0.02919883094727993, 0.027933750301599503, 0.012175197713077068, 0.03866089507937431, 0.014307264238595963, 0.01982920430600643], "accuracy": [0.8971874713897705, 0.9896875023841858, 0.9900000095367432, 0.9912499785423279, 0.9900000095367432, 0.995312511920929, 0.9940624833106995, 0.9912499785423279, 0.9871875047683716, 0.9900000095367432, 0.9940624833106995, 0.9887499809265137, 0.9925000071525574, 0.9903125166893005, 0.9896875023841858, 1.0, 0.9834374785423279, 0.9943749904632568, 0.9918749928474426, 0.9912499785423279, 0.9828125238418579, 0.9896875023841858, 0.995312511920929, 1.0, 0.9940624833106995, 0.9903125166893005, 0.9925000071525574, 0.995312511920929, 0.9865624904632568, 0.9959375262260437, 0.9959375262260437], "val_loss": [0.6173487901687622, 0.5135363340377808, 0.48352736234664917, 0.4730524718761444, 0.46912097930908203, 0.46510329842567444, 0.46123141050338745, 0.463657021522522, 0.47261056303977966, 0.4737852215766907, 0.46897250413894653, 0.47150009870529175, 0.4676058888435364, 0.4688723683357239, 0.4727587401866913, 0.4609030783176422, 0.4751051068305969, 0.47044095396995544, 0.46968069672584534, 0.4712866246700287, 0.4848143756389618, 0.48652517795562744, 0.4789532423019409, 0.46863019466400146, 0.4731673300266266, 0.48274460434913635, 0.4839039742946625, 0.4764355421066284, 0.491390198469162, 0.4869762659072876, 0.48411670327186584], "val_accuracy": [0.90625, 0.90625, 0.9053124785423279, 0.9053124785423279, 0.9059374928474426, 0.9059374928474426, 0.9068750143051147, 0.9068750143051147, 0.9068750143051147, 0.9068750143051147, 0.9068750143051147, 0.9068750143051147, 0.9068750143051147, 0.9068750143051147, 0.9068750143051147, 0.9068750143051147, 0.9068750143051147, 0.9068750143051147, 0.9068750143051147, 0.9068750143051147, 0.9068750143051147, 0.9068750143051147, 0.9068750143051147, 0.9068750143051147, 0.9068750143051147, 0.9068750143051147, 0.9068750143051147, 0.9068750143051147, 0.9068750143051147, 0.9068750143051147, 0.9068750143051147]}