{"loss": [1.1770861148834229, 0.40118348598480225, 0.30531254410743713, 0.2099083960056305, 0.17985965311527252, 0.13777166604995728, 0.2558613121509552, 0.15440981090068817, 0.20586444437503815, 0.1277414858341217, 0.2567457854747772, 0.09427326172590256, 0.11728227883577347, 0.2159436196088791, 0.18843036890029907, 0.1133444532752037], "acurracy": [0.7074999809265137, 0.8750781416893005, 0.8764062523841858, 0.91015625, 0.9225000143051147, 0.940625011920929, 0.8850781321525574, 0.930859386920929, 0.904296875, 0.9373437762260437, 0.8771093487739563, 0.9526562690734863, 0.9389843940734863, 0.8883593678474426, 0.903124988079071, 0.9421093463897705], "val_loss": [1.8127137422561646, 1.8666889667510986, 1.9306014776229858, 2.0031349658966064, 2.079897403717041, 2.158308506011963, 2.2982285022735596, 2.4589247703552246, 2.6886098384857178, 2.850609540939331, 3.155015468597412, 3.2546536922454834, 3.427886962890625, 3.6637134552001953, 3.855363130569458, 3.9431142807006836], "val_acurracy": [0.1736718714237213, 0.1658593714237213, 0.15007811784744263, 0.11812499910593033, 0.08375000208616257, 0.05882812663912773, 0.028046874329447746, 0.017500000074505806, 0.010078124701976776, 0.007968749850988388, 0.0064843748696148396, 0.005859375, 0.004921874962747097, 0.0042968750931322575, 0.0042968750931322575, 0.005546874832361937]}