{"loss": [1.7419462203979492, 1.405684471130371, 0.6635434627532959, 0.29259002208709717, 0.26142022013664246, 0.18961703777313232, 0.17496243119239807, 0.1811218410730362, 0.17229680716991425, 0.1926649808883667, 0.18604885041713715, 0.12774477899074554, 0.1650392860174179, 0.18763482570648193, 0.20965644717216492, 0.20155134797096252, 0.1817757487297058, 0.20329147577285767, 0.22732654213905334, 0.17213113605976105, 0.14737559854984283, 0.14986556768417358, 0.0973152369260788, 0.18347974121570587, 0.13549768924713135, 0.09554431587457657, 0.194701686501503, 0.16822516918182373, 0.109093576669693, 0.16306859254837036, 0.19190722703933716, 0.11679930984973907, 0.16543829441070557, 0.11902425438165665, 0.15508121252059937, 0.11568806320428848, 0.10553047806024551, 0.13935486972332, 0.1289234608411789, 0.07013483345508575, 0.11325322836637497, 0.20955263078212738, 0.0687921792268753, 0.13793160021305084, 0.10284865647554398, 0.09373059123754501, 0.16025474667549133, 0.10242776572704315, 0.11384830623865128, 0.23180679976940155, 0.1470155119895935, 0.1579028218984604, 0.12323486059904099, 0.1461252123117447, 0.13376833498477936, 0.13398855924606323, 0.08035673946142197, 0.18933123350143433, 0.1811266839504242, 0.16939246654510498, 0.0680704340338707, 0.11278049647808075, 0.1332019567489624, 0.19052211940288544, 0.10966749489307404, 0.132642924785614, 0.10919717699289322, 0.13318359851837158, 0.1016048789024353, 0.1199611946940422, 0.16516739130020142, 0.15257295966148376, 0.14585496485233307, 0.11933719366788864, 0.11889884620904922, 0.11047747731208801, 0.20781013369560242, 0.09852296859025955, 0.10927894711494446, 0.06479599326848984, 0.20613868534564972, 0.15361130237579346, 0.12143848091363907, 0.10871069878339767, 0.10762544721364975, 0.10628072917461395, 0.13075970113277435, 0.14085082709789276, 0.16388091444969177, 0.15178555250167847, 0.09729994088411331, 0.10640538483858109, 0.14055293798446655, 0.1310487687587738, 0.18027359247207642, 0.22848796844482422, 0.0953112319111824, 0.17192909121513367, 0.07509659975767136, 0.1517724245786667, 0.15093450248241425, 0.1807512789964676, 0.13903969526290894, 0.12823012471199036, 0.12634813785552979, 0.12730972468852997, 0.1575576215982437, 0.1582331359386444, 0.15928511321544647], "acurracy": [0.9030468463897705, 0.9162499904632568, 0.8914843797683716, 0.9225780963897705, 0.9100000262260437, 0.9329687356948853, 0.9341406226158142, 0.9271093606948853, 0.9273437261581421, 0.9141406416893005, 0.9149218797683716, 0.9424999952316284, 0.9235156178474426, 0.9082812666893005, 0.8939062356948853, 0.8973437547683716, 0.9078124761581421, 0.8981249928474426, 0.8831250071525574, 0.909375011920929, 0.9234374761581421, 0.9217968583106995, 0.9476562738418579, 0.9040625095367432, 0.9300781488418579, 0.9494531154632568, 0.8964062333106995, 0.9092187285423279, 0.9428906440734863, 0.9139062762260437, 0.8989843726158142, 0.9388281106948853, 0.912890613079071, 0.9384375214576721, 0.9145312309265137, 0.9381250143051147, 0.944531261920929, 0.9262499809265137, 0.9314844012260437, 0.9622656106948853, 0.9395312666893005, 0.8876562714576721, 0.9645312428474426, 0.9246875047683716, 0.9468749761581421, 0.9506250023841858, 0.9143750071525574, 0.9462500214576721, 0.9409375190734863, 0.8767187595367432, 0.9203906059265137, 0.9121875166893005, 0.9310937523841858, 0.919921875, 0.9278905987739563, 0.9273437261581421, 0.9571093916893005, 0.8966405987739563, 0.8999218940734863, 0.9069530963897705, 0.9645312428474426, 0.9407031536102295, 0.9292187690734863, 0.8961718678474426, 0.942187488079071, 0.9284374713897705, 0.9392187595367432, 0.9266406297683716, 0.9432031512260437, 0.9362499713897705, 0.9121875166893005, 0.9151562452316284, 0.9200780987739563, 0.9353125095367432, 0.9392969012260437, 0.9404687285423279, 0.8878124952316284, 0.94921875, 0.9407812356948853, 0.9659374952316284, 0.8876562714576721, 0.9169531464576721, 0.9344531297683716, 0.9411718845367432, 0.9447656273841858, 0.9400781393051147, 0.9292968511581421, 0.923046886920929, 0.9104687571525574, 0.9173437356948853, 0.9462500214576721, 0.9435155987739563, 0.9252343773841858, 0.9303905963897705, 0.9029687643051147, 0.8782812356948853, 0.9487500190734863, 0.9073437452316284, 0.960156261920929, 0.9182812571525574, 0.9194531440734863, 0.9038281440734863, 0.9261718988418579, 0.9307031035423279, 0.9313281178474426, 0.9334375262260437, 0.918749988079071, 0.9135937690734863, 0.9146093726158142], "val_loss": [1.7587308883666992, 1.7618989944458008, 1.905848503112793, 1.8546136617660522, 1.7352865934371948, 1.6529524326324463, 1.5949676036834717, 1.5224000215530396, 1.4392471313476562, 1.3831994533538818, 1.3438743352890015, 1.3306699991226196, 1.2909986972808838, 1.2637594938278198, 1.2482402324676514, 1.232213020324707, 1.2201937437057495, 1.2046995162963867, 1.1965945959091187, 1.1942652463912964, 1.1920307874679565, 1.1827479600906372, 1.1832579374313354, 1.1802440881729126, 1.179585337638855, 1.179375410079956, 1.173356056213379, 1.162291169166565, 1.1672172546386719, 1.167859673500061, 1.1584213972091675, 1.1624144315719604, 1.153761863708496, 1.1494834423065186, 1.1530444622039795, 1.1545814275741577, 1.1506363153457642, 1.1498072147369385, 1.1504191160202026, 1.1520370244979858, 1.155105710029602, 1.1492000818252563, 1.1467818021774292, 1.1458451747894287, 1.1479437351226807, 1.1458438634872437, 1.1388450860977173, 1.1388468742370605, 1.1336690187454224, 1.133307933807373, 1.1406803131103516, 1.1389553546905518, 1.1282354593276978, 1.1284863948822021, 1.1338168382644653, 1.1359093189239502, 1.1346399784088135, 1.1291718482971191, 1.125354290008545, 1.121987223625183, 1.131204605102539, 1.1322593688964844, 1.1293444633483887, 1.1217888593673706, 1.1248822212219238, 1.127210021018982, 1.1333739757537842, 1.1294697523117065, 1.1249042749404907, 1.129162311553955, 1.1230335235595703, 1.126578450202942, 1.1213055849075317, 1.1226962804794312, 1.1245427131652832, 1.124528408050537, 1.1204426288604736, 1.120883822441101, 1.1312346458435059, 1.1351532936096191, 1.1215794086456299, 1.1209297180175781, 1.1196502447128296, 1.1200284957885742, 1.1213854551315308, 1.1331969499588013, 1.1309161186218262, 1.1233277320861816, 1.1224939823150635, 1.1168797016143799, 1.1177985668182373, 1.1229546070098877, 1.1134757995605469, 1.1104249954223633, 1.1240506172180176, 1.1270661354064941, 1.1214925050735474, 1.1210471391677856, 1.1247220039367676, 1.122410774230957, 1.1189900636672974, 1.1228753328323364, 1.124611258506775, 1.1241059303283691, 1.126579999923706, 1.1205352544784546, 1.1299341917037964, 1.1222714185714722, 1.1250168085098267],