{"loss": [1.750831127166748, 1.6324245929718018, 1.4202682971954346, 1.2006306648254395, 0.9357962608337402, 0.7542689442634583, 0.7093169689178467, 0.7700490355491638, 0.6911705136299133, 0.6330684423446655, 0.6573777794837952, 0.7108755707740784, 0.6184363961219788, 0.5293698310852051, 0.5296159982681274, 0.675912618637085, 0.6681352257728577, 0.6257720589637756, 0.54017174243927, 0.6337225437164307, 0.615557074546814, 0.6370207071304321, 0.5411390662193298, 0.5501126646995544, 0.5069654583930969, 0.6573790907859802, 0.6366342902183533, 0.48518240451812744, 0.6290256977081299, 0.6749662160873413], "acurracy": [0.6409375071525574, 0.6743749976158142, 0.7049999833106995, 0.628125011920929, 0.6731250286102295, 0.6953125, 0.6809375286102295, 0.6290624737739563, 0.6678125262260437, 0.6812499761581421, 0.6715624928474426, 0.6331250071525574, 0.6890624761581421, 0.7225000262260437, 0.7321875095367432, 0.6449999809265137, 0.6443750262260437, 0.668749988079071, 0.7109375, 0.671875, 0.6712499856948853, 0.6625000238418579, 0.7053124904632568, 0.7099999785423279, 0.7253124713897705, 0.6496875286102295, 0.6546875238418579, 0.7340624928474426, 0.6509374976158142, 0.6324999928474426], "val_loss": [1.6912400722503662, 1.5196055173873901, 1.37347412109375, 1.3039623498916626, 1.2872490882873535, 1.2625477313995361, 1.2570518255233765, 1.2423105239868164, 1.2022769451141357, 1.1973994970321655, 1.1921855211257935, 1.1912498474121094, 1.1855601072311401, 1.1916298866271973, 1.195673942565918, 1.1798405647277832, 1.1782827377319336, 1.1633780002593994, 1.174781322479248, 1.1449580192565918, 1.1594901084899902, 1.160475254058838, 1.167456865310669, 1.1551483869552612, 1.1668403148651123, 1.151870608329773, 1.1453118324279785, 1.1603732109069824, 1.151455044746399, 1.1501156091690063], "val_acurracy": [0.30812498927116394, 0.34437501430511475, 0.3478125035762787, 0.34312498569488525, 0.3453125059604645, 0.35249999165534973, 0.35499998927116394, 0.359375, 0.3618749976158142, 0.3656249940395355, 0.3712500035762787, 0.36906251311302185, 0.3709374964237213, 0.3643749952316284, 0.36625000834465027, 0.3643749952316284, 0.36656248569488525, 0.3684374988079071, 0.3687500059604645, 0.37687501311302185, 0.3606249988079071, 0.36500000953674316, 0.35749998688697815, 0.36656248569488525, 0.37687501311302185, 0.36406248807907104, 0.3774999976158142, 0.37406250834465027, 0.3643749952316284, 0.36500000953674316]}