{"loss": [1.0010201930999756, 0.31070852279663086, 0.271813303232193, 0.2404734194278717, 0.3472364842891693, 0.21562950313091278, 0.21472099423408508, 0.18969354033470154, 0.1330249160528183, 0.09002070128917694, 0.1521708071231842, 0.13693827390670776, 0.12441489845514297, 0.15888096392154694, 0.18405281007289886, 0.12141434848308563], "acurracy": [0.7692968845367432, 0.9138281345367432, 0.8916406035423279, 0.8967968821525574, 0.8496875166893005, 0.905078113079071, 0.8990625143051147, 0.9085156321525574, 0.93359375, 0.9542187452316284, 0.9228125214576721, 0.9276562333106995, 0.9346874952316284, 0.9154687523841858, 0.8989062309265137, 0.9341406226158142], "val_loss": [1.7793012857437134, 1.820534348487854, 1.8886399269104004, 1.9871221780776978, 2.197716474533081, 2.375497579574585, 2.6556830406188965, 2.9258065223693848, 3.1033542156219482, 3.2402539253234863, 3.394930124282837, 3.579432487487793, 3.7164313793182373, 3.867171287536621, 4.004746913909912, 4.107839107513428], "val_acurracy": [0.16843749582767487, 0.1713281273841858, 0.15328125655651093, 0.11046875268220901, 0.04296875, 0.024062499403953552, 0.01328125037252903, 0.008671875111758709, 0.007578125223517418, 0.006562499795109034, 0.0064062499441206455, 0.006562499795109034, 0.005625000223517418, 0.005546874832361937, 0.006640625186264515, 0.0071875001303851604]}