{"loss": [0.9923027157783508, 0.30779093503952026, 0.2315463274717331, 0.2878037393093109, 0.13945716619491577, 0.1934962272644043, 0.12169384211301804, 0.2281147539615631, 0.20118193328380585, 0.15662388503551483, 0.15142229199409485, 0.16263197362422943, 0.13607046008110046, 0.13598273694515228, 0.15934480726718903, 0.15748703479766846], "acurracy": [0.8109375238418579, 0.9096093773841858, 0.907421886920929, 0.8760156035423279, 0.9410156011581421, 0.9169531464576721, 0.9485937356948853, 0.8941406011581421, 0.9038281440734863, 0.9217968583106995, 0.9240624904632568, 0.914843738079071, 0.9291406273841858, 0.92578125, 0.9163281321525574, 0.917187511920929], "val_loss": [1.7905224561691284, 1.8367923498153687, 1.9052722454071045, 2.018721103668213, 2.1079888343811035, 2.2576727867126465, 2.382051706314087, 2.6725900173187256, 2.987046718597412, 3.215986967086792, 3.433911085128784, 3.6543588638305664, 3.8221969604492188, 3.9753987789154053, 4.052353382110596, 4.2009782791137695], "val_acurracy": [0.17031249403953552, 0.16820313036441803, 0.15156249701976776, 0.10265625268220901, 0.06593749672174454, 0.029921874403953552, 0.020156249403953552, 0.00820312462747097, 0.0053906249813735485, 0.0036718749906867743, 0.003984374925494194, 0.003828125074505806, 0.003046874888241291, 0.004062499850988388, 0.0037499999161809683, 0.004765625111758709]}