{"loss": [0.8908862471580505, 0.3169924020767212, 0.16137121617794037, 0.20897305011749268, 0.24250832200050354, 0.27416253089904785, 0.122093565762043, 0.1758486032485962, 0.1939667910337448, 0.17693671584129333, 0.14487969875335693, 0.18049728870391846, 0.15190353989601135, 0.1525009274482727, 0.19948941469192505, 0.13904181122779846], "acurracy": [0.9060156345367432, 0.9092187285423279, 0.940625011920929, 0.9135156273841858, 0.9018750190734863, 0.8867968916893005, 0.9491406083106995, 0.9224218726158142, 0.9117968678474426, 0.9110937714576721, 0.927734375, 0.9078124761581421, 0.9229687452316284, 0.9209374785423279, 0.8958593606948853, 0.9253906011581421], "val_loss": [1.7657828330993652, 1.8568905591964722, 1.9064706563949585, 2.001823663711548, 2.1295671463012695, 2.3150980472564697, 2.4493913650512695, 2.6409695148468018, 2.86958384513855, 3.0732369422912598, 3.2788991928100586, 3.51564359664917, 3.7004082202911377, 3.8201262950897217, 3.9854183197021484, 4.0096025466918945], "val_acurracy": [0.17125000059604645, 0.16445311903953552, 0.15796874463558197, 0.10015624761581421, 0.043828126043081284, 0.02054687589406967, 0.014687499962747097, 0.009531250223517418, 0.007499999832361937, 0.0063281250186264515, 0.0063281250186264515, 0.0053125000558793545, 0.0053906249813735485, 0.0052343751303851604, 0.0063281250186264515, 0.0064062499441206455]}