{"loss": [1.0705968141555786, 0.3899739980697632, 0.2705148160457611, 0.29276198148727417, 0.16562527418136597, 0.17790016531944275, 0.2079358994960785, 0.20076629519462585, 0.2722119987010956, 0.32192978262901306, 0.2692198157310486, 0.21443694829940796, 0.1383044570684433, 0.20017555356025696, 0.14383497834205627, 0.1680731624364853, 0.1656903326511383, 0.18956193327903748, 0.16266952455043793, 0.17475272715091705, 0.1591230183839798, 0.12292740494012833, 0.2303209900856018, 0.10801024734973907, 0.10847634077072144, 0.2759630084037781, 0.11947083473205566, 0.12862429022789001, 0.15483778715133667, 0.1767813265323639, 0.15251828730106354, 0.07177449017763138, 0.15298980474472046, 0.2106000930070877, 0.1505354344844818, 0.09382657706737518], "acurracy": [0.76171875, 0.8608593940734863, 0.9008593559265137, 0.8826562762260437, 0.9349218606948853, 0.9254687428474426, 0.908984363079071, 0.9092187285423279, 0.8728906512260437, 0.8521875143051147, 0.8785937428474426, 0.8988281488418579, 0.9328906536102295, 0.8998437523841858, 0.9275781512260437, 0.9138281345367432, 0.9128124713897705, 0.901562511920929, 0.9143750071525574, 0.9075781106948853, 0.9153125286102295, 0.9333593845367432, 0.8785937428474426, 0.9426562786102295, 0.9430468678474426, 0.8520312309265137, 0.9359375238418579, 0.9330468773841858, 0.9154687523841858, 0.9075000286102295, 0.9182031154632568, 0.9608593583106995, 0.9183593988418579, 0.8901562690734863, 0.9183593988418579, 0.9500781297683716], "val_loss": [2.2004058361053467, 2.5872418880462646, 2.622708797454834, 2.4652528762817383, 2.5061261653900146, 2.4055042266845703, 2.296064853668213, 2.248199462890625, 1.9494540691375732, 1.8312294483184814, 1.7267872095108032, 1.6153925657272339, 1.601628065109253, 1.4715849161148071, 1.475014090538025, 1.4361178874969482, 1.4060207605361938, 1.3798935413360596, 1.377882480621338, 1.3895890712738037, 1.3402687311172485, 1.3825074434280396, 1.3692712783813477, 1.4172072410583496, 1.4375977516174316, 1.4050096273422241, 1.4731793403625488, 1.4958181381225586, 1.5278215408325195, 1.5135623216629028, 1.58876633644104, 1.575284481048584, 1.584862232208252, 1.6560696363449097, 1.578676700592041, 1.5879765748977661], "val_acurracy": [0.052031248807907104, 0.16718749701976776, 0.16859374940395355, 0.16898436844348907, 0.16828125715255737, 0.16734375059604645, 0.1674218773841858, 0.16898436844348907, 0.1717187464237213, 0.19968749582767487, 0.22179687023162842, 0.21687500178813934, 0.23109374940395355, 0.27031248807907104, 0.28343749046325684, 0.2857031226158142, 0.3042968809604645, 0.3084374964237213, 0.298828125, 0.2901562452316284, 0.31101563572883606, 0.3063281178474426, 0.3096874952316284, 0.30710938572883606, 0.3035937547683716, 0.3096874952316284, 0.30140626430511475, 0.3021875023841858, 0.29695311188697815, 0.3064843714237213, 0.29875001311302185, 0.2989843785762787, 0.29945313930511475, 0.29515624046325684, 0.2971875071525574, 0.28914061188697815]}