{"loss": [1.2118308544158936, 0.3651484549045563, 0.21840797364711761, 0.2640325725078583, 0.21559008955955505, 0.1724792718887329, 0.11683786660432816, 0.22154730558395386, 0.2369452714920044, 0.15506236255168915, 0.16553544998168945, 0.1344379186630249, 0.11927548050880432, 0.1437857747077942, 0.14204826951026917, 0.11615967750549316], "acurracy": [0.7352343797683716, 0.8985937237739563, 0.9168750047683716, 0.885546863079071, 0.9051562547683716, 0.9242187738418579, 0.9500781297683716, 0.9029687643051147, 0.8931249976158142, 0.9293749928474426, 0.9203125238418579, 0.9336718916893005, 0.940625011920929, 0.926953136920929, 0.9275781512260437, 0.939453125], "val_loss": [1.794744849205017, 1.8290276527404785, 1.8645505905151367, 1.9214067459106445, 1.981637716293335, 2.056049346923828, 2.1355223655700684, 2.3035824298858643, 2.5560224056243896, 2.7502362728118896, 2.9623818397521973, 3.140855073928833, 3.276029348373413, 3.413180351257324, 3.532327651977539, 3.623718023300171], "val_acurracy": [0.18546874821186066, 0.16640624403953552, 0.16078124940395355, 0.12968750298023224, 0.09234374761581421, 0.06328125298023224, 0.05039062350988388, 0.025390625, 0.011796874925494194, 0.008671875111758709, 0.005937499925494194, 0.0043750000186264515, 0.005156250204890966, 0.004140624776482582, 0.0036718749906867743, 0.004140624776482582]}