{"loss": [1.0658811330795288, 0.33930787444114685, 0.25331351161003113, 0.27886343002319336, 0.18402549624443054, 0.23490095138549805, 0.19680847227573395, 0.12981565296649933, 0.12492453306913376, 0.12422309815883636, 0.22466038167476654, 0.1171761006116867, 0.14111918210983276, 0.10278148949146271, 0.12952809035778046, 0.12697173655033112], "acurracy": [0.7617968916893005, 0.8907812237739563, 0.8967968821525574, 0.8837500214576721, 0.9229687452316284, 0.9000781178474426, 0.9106249809265137, 0.9382030963897705, 0.9410156011581421, 0.9385156035423279, 0.8872656226158142, 0.9415624737739563, 0.930468738079071, 0.9465625286102295, 0.9328906536102295, 0.9335156083106995], "val_loss": [1.8153914213180542, 1.871252179145813, 1.949570894241333, 2.06636118888855, 2.1525256633758545, 2.3117012977600098, 2.455899953842163, 2.5842154026031494, 2.7358031272888184, 2.8840887546539307, 3.120068073272705, 3.2680962085723877, 3.3926355838775635, 3.4881720542907715, 3.545632839202881, 3.6521003246307373], "val_acurracy": [0.16765624284744263, 0.1564062535762787, 0.10484375059604645, 0.050312500447034836, 0.03125, 0.01601562462747097, 0.011093749664723873, 0.007968749850988388, 0.0063281250186264515, 0.005703125149011612, 0.0044531249441206455, 0.0044531249441206455, 0.004218750167638063, 0.0036718749906867743, 0.003984374925494194, 0.0045312498696148396]}