{"loss": [1.058425784111023, 0.32630881667137146, 0.15769705176353455, 0.3422079086303711, 0.29597485065460205, 0.21438229084014893, 0.13242700695991516, 0.21001693606376648, 0.21445627510547638, 0.15826848149299622, 0.11821998655796051, 0.1893201321363449, 0.17864245176315308, 0.12413260340690613, 0.1745382696390152, 0.1645708978176117], "acurracy": [0.8289843797683716, 0.9106249809265137, 0.9430468678474426, 0.8586719036102295, 0.877734363079071, 0.9096093773841858, 0.942187488079071, 0.9021093845367432, 0.8959375023841858, 0.9211719036102295, 0.9396874904632568, 0.9032812714576721, 0.9100000262260437, 0.9348437786102295, 0.9081249833106995, 0.915234386920929], "val_loss": [1.7932136058807373, 1.832547664642334, 1.863467812538147, 1.9913557767868042, 2.1500911712646484, 2.334031343460083, 2.4666907787323, 2.7140913009643555, 2.9873242378234863, 3.171506643295288, 3.3013875484466553, 3.5235815048217773, 3.657930374145508, 3.753108024597168, 3.8637609481811523, 3.924557685852051], "val_acurracy": [0.16734375059604645, 0.16187499463558197, 0.15273436903953552, 0.04625000059604645, 0.01664062589406967, 0.00937500037252903, 0.00820312462747097, 0.0064843748696148396, 0.005937499925494194, 0.005781250074505806, 0.005078124813735485, 0.005078124813735485, 0.006171875167638063, 0.004687500186264515, 0.005156250204890966, 0.0063281250186264515]}