{"loss": [1.12760591506958, 0.3734440207481384, 0.30836915969848633, 0.12878723442554474, 0.26267901062965393, 0.3084142208099365, 0.11662428081035614, 0.15576200187206268, 0.10526818037033081, 0.20123343169689178, 0.26866891980171204, 0.11765863746404648, 0.11575715988874435, 0.1135111078619957, 0.10184969753026962, 0.10069072991609573, 0.1517316848039627, 0.16117602586746216, 0.18398535251617432, 0.12302302569150925, 0.16010229289531708, 0.1221003457903862, 0.19173070788383484, 0.1557500809431076, 0.1198897734284401, 0.1429409384727478, 0.14414958655834198, 0.17688912153244019, 0.16479143500328064, 0.20107807219028473, 0.117084801197052, 0.18486596643924713, 0.14242827892303467, 0.11452602595090866, 0.18445353209972382, 0.1373237520456314, 0.15093865990638733, 0.10488768666982651, 0.2394653558731079, 0.18172875046730042, 0.14745007455348969, 0.1367005854845047, 0.22786830365657806, 0.14778448641300201, 0.12606275081634521, 0.13377772271633148, 0.13574914634227753, 0.16789661347866058, 0.13591066002845764, 0.15828438103199005, 0.07829156517982483, 0.13544322550296783, 0.16602078080177307, 0.06594714522361755, 0.0892890989780426, 0.13457222282886505, 0.143800288438797, 0.18734386563301086, 0.13187704980373383, 0.12282494455575943, 0.11055133491754532, 0.12266356498003006, 0.14630070328712463, 0.1348521113395691, 0.16797517240047455, 0.1768479198217392, 0.18745023012161255, 0.2310817390680313, 0.13193415105342865, 0.08761711418628693, 0.11094710230827332], "acurracy": [0.8344531059265137, 0.890625, 0.8823437690734863, 0.9496874809265137, 0.8832812309265137, 0.8620312213897705, 0.9503124952316284, 0.9321874976158142, 0.9547656178474426, 0.9082812666893005, 0.8720312714576721, 0.9396874904632568, 0.942187488079071, 0.9419531226158142, 0.9449999928474426, 0.9486718773841858, 0.9196875095367432, 0.9169531464576721, 0.9059374928474426, 0.93359375, 0.9139843583106995, 0.9342187643051147, 0.8985156416893005, 0.9155468940734863, 0.9342968463897705, 0.9204687476158142, 0.9208593964576721, 0.9019531011581421, 0.9086718559265137, 0.890625, 0.9390624761581421, 0.9009374976158142, 0.9204687476158142, 0.9397656321525574, 0.8987500071525574, 0.9245312213897705, 0.9178125262260437, 0.9435937404632568, 0.8708593845367432, 0.9032031297683716, 0.9192187786102295, 0.9264843463897705, 0.875781238079071, 0.9196875095367432, 0.9312499761581421, 0.9278905987739563, 0.9275781512260437, 0.909375011920929, 0.9268749952316284, 0.9145312309265137, 0.9563281536102295, 0.9273437261581421, 0.9125000238418579, 0.9650781154632568, 0.9521874785423279, 0.9274218678474426, 0.923828125, 0.8974218964576721, 0.9296875, 0.9336718916893005, 0.9417968988418579, 0.9330468773841858, 0.9197656512260437, 0.9258593916893005, 0.9081249833106995, 0.903515636920929, 0.9002344012260437, 0.8773437738418579, 0.9278125166893005, 0.954296886920929, 0.9404687285423279], "val_loss": [2.005068302154541, 2.0946359634399414, 1.9629836082458496, 1.9468845129013062, 1.724465012550354, 1.6138856410980225, 1.5719648599624634, 1.4934494495391846, 1.4469865560531616, 1.3515713214874268, 1.2606773376464844, 1.240454077720642, 1.2210087776184082, 1.2037122249603271, 1.1954187154769897, 1.187026858329773, 1.1813690662384033, 1.1742585897445679, 1.167661428451538, 1.166221261024475, 1.1632329225540161, 1.1598777770996094, 1.155737042427063, 1.1547127962112427, 1.1520226001739502, 1.1528122425079346, 1.1491519212722778, 1.1486787796020508, 1.1471812725067139, 1.1461502313613892, 1.1424262523651123, 1.1436009407043457, 1.1430946588516235, 1.1386466026306152, 1.1384905576705933, 1.1365082263946533, 1.136458158493042, 1.1400517225265503, 1.1389623880386353, 1.1382075548171997, 1.1394046545028687, 1.141188383102417, 1.1313302516937256, 1.1269811391830444, 1.135083794593811, 1.134363055229187, 1.1293009519577026, 1.132811427116394, 1.1245461702346802, 1.1273761987686157, 1.127182960510254, 1.128310203552246, 1.1284066438674927, 1.128462553024292, 1.1250780820846558, 1.1243927478790283, 1.128696322441101, 1.1278653144836426, 1.124464511871338, 1.1258479356765747, 1.1369848251342773, 1.130707859992981, 1.1292719841003418, 1.1304205656051636, 1.1307607889175415, 1.1355767250061035, 1.128171682357788, 1.124555230140686, 1.1268582344055176, 1.1436388492584229, 1.1343986988067627], "val_acurracy": [0.14875000715255737, 0.15742187201976776, 0.1654687523841858, 0.16609375178813934, 0.2013281285762787, 0.2647656202316284, 0.28125, 0.3117968738079071, 0.32398438453674316, 0.34171876311302185, 0.3480468690395355, 0.35203126072883606, 0.3478125035762787, 0.33781251311302185, 0.34718748927116394, 0.34078124165534973, 0.34523436427116394, 0.34898436069488525, 0.34765625, 0.34812501072883606, 0.3510156273841858, 0.35078126192092896, 0.34843748807907104, 0.35820311307907104, 0.35648438334465027, 0.3597656190395355, 0.3614843785762787, 0.3577343821525574, 0.3556250035762787, 0.35734376311302185, 0.3664843738079071, 0.36015623807907104, 0.35749998688697815, 0.35640624165534973, 0.3577343821525574, 0.36140623688697815, 0.36320313811302185, 0.3695312440395355, 0.36656248569488525, 0.36210936307907104, 0.36125001311302185, 0.36125001311302185, 0.36851561069488525, 0.37226563692092896, 0.3714062571525574, 0.3664843738079071, 0.3764062523841858, 0.37203124165534973, 0.38523438572883606, 0.3842187523841858, 0.37437498569488525, 0.38382813334465027, 0.3735937476158142, 0.3753906190395355, 0.3843750059604645, 0.38148438930511475, 0.3826562464237213, 0.3883593678474426, 0.388671875, 0.3836718797683716, 0.37156251072883606, 0.37742188572883606, 0.38570311665534973, 0.38078126311302185, 0.38132813572883606, 0.3851562440395355, 0.3826562464237213, 0.3943749964237213, 0.3892187476158142, 0.373046875, 0.3817187547683716]}