{"loss": [1.2128905057907104, 0.33246341347694397, 0.20155294239521027, 0.2743445932865143, 0.3363279402256012, 0.15979748964309692, 0.2807331383228302, 0.16707868874073029, 0.24571536481380463, 0.1753939986228943, 0.20116977393627167, 0.2631312608718872, 0.15997470915317535, 0.18828094005584717, 0.1534700244665146, 0.1659153699874878], "acurracy": [0.741406261920929, 0.8899219036102295, 0.923046886920929, 0.8924999833106995, 0.8584374785423279, 0.9330468773841858, 0.8764062523841858, 0.9235937595367432, 0.8858593702316284, 0.9175000190734863, 0.9032812714576721, 0.8703906536102295, 0.9203125238418579, 0.9097656011581421, 0.928906261920929, 0.9196093678474426], "val_loss": [2.243166923522949, 3.2169952392578125, 3.4174606800079346, 3.2586474418640137, 3.0913448333740234, 3.3025825023651123, 2.9798073768615723, 3.099339485168457, 2.916243553161621, 2.9918224811553955, 2.995059013366699, 2.741448163986206, 2.946112871170044, 2.847714424133301, 2.9974515438079834, 2.893075942993164], "val_acurracy": [0.13117188215255737, 0.16804687678813934, 0.16843749582767487, 0.1697656214237213, 0.16757813096046448, 0.16914062201976776, 0.16843749582767487, 0.17078125476837158, 0.1686718761920929, 0.1661718785762787, 0.17000000178813934, 0.1763281226158142, 0.18390625715255737, 0.18773438036441803, 0.18953125178813934, 0.19164063036441803]}