{"loss": [1.635988473892212, 1.2135580778121948, 0.7126955389976501, 0.5165820717811584, 0.5273054242134094, 0.4095792770385742, 0.24057455360889435, 0.3060276508331299, 0.3103105425834656, 0.3101828098297119, 0.33783024549484253, 0.25155672430992126, 0.2427552342414856, 0.2850838899612427, 0.25594842433929443, 0.3436833620071411, 0.2370685189962387, 0.26691392064094543, 0.3065860867500305, 0.14585216343402863, 0.1384449452161789, 0.23727519810199738, 0.23283651471138, 0.18694300949573517, 0.13837000727653503, 0.23929399251937866, 0.22380803525447845, 0.17622041702270508, 0.21283170580863953, 0.19760099053382874, 0.23540754616260529, 0.2490331083536148, 0.18548358976840973, 0.17380277812480927, 0.20521476864814758, 0.1634165197610855, 0.17871783673763275, 0.2101285308599472, 0.13580256700515747, 0.1905389428138733, 0.2364288866519928, 0.2620190382003784, 0.16756126284599304, 0.19846101105213165, 0.2041361778974533, 0.1643495112657547, 0.1939452588558197, 0.18167810142040253, 0.16448163986206055, 0.18460208177566528, 0.22716960310935974, 0.15528982877731323, 0.14678998291492462, 0.17822150886058807, 0.25153762102127075, 0.22275081276893616, 0.2703508138656616, 0.19536373019218445, 0.1411249190568924, 0.18962737917900085, 0.14644679427146912, 0.18841205537319183, 0.22516411542892456, 0.22551408410072327, 0.1706893891096115, 0.19783556461334229, 0.22081512212753296, 0.11231331527233124, 0.25310057401657104, 0.2702961564064026, 0.19478990137577057, 0.15434937179088593, 0.17992495000362396, 0.09289923310279846, 0.21063028275966644, 0.19333119690418243, 0.19250184297561646, 0.19292524456977844, 0.17680788040161133, 0.179366797208786, 0.18746227025985718, 0.12494222819805145, 0.17262855172157288, 0.14638833701610565, 0.18779361248016357, 0.2078159898519516, 0.13321471214294434, 0.2426396906375885, 0.19803886115550995, 0.2853766679763794, 0.15314331650733948, 0.17076244950294495, 0.18733187019824982, 0.16112396121025085, 0.180086150765419, 0.11377701908349991, 0.23344407975673676, 0.1604326069355011, 0.16936323046684265, 0.21736885607242584, 0.11489664763212204, 0.17130059003829956, 0.2035096138715744, 0.23904584348201752, 0.08973050862550735, 0.11081371456384659, 0.13064974546432495, 0.1297464519739151, 0.12343191355466843, 0.16537903249263763, 0.18835029006004333, 0.1291578710079193, 0.21791094541549683, 0.12425365298986435, 0.18715986609458923], "acurracy": [0.6775000095367432, 0.8839062452316284, 0.9000781178474426, 0.9005468487739563, 0.8767969012260437, 0.9009374976158142, 0.9424218535423279, 0.917187511920929, 0.9107031226158142, 0.9064062237739563, 0.8964062333106995, 0.9267187714576721, 0.9278125166893005, 0.9079687595367432, 0.9169531464576721, 0.8788281083106995, 0.9180468916893005, 0.9045312404632568, 0.8866406083106995, 0.9520312547683716, 0.9542187452316284, 0.9142968654632568, 0.911328136920929, 0.9321874976158142, 0.9505468606948853, 0.9124218821525574, 0.9175000190734863, 0.9370312690734863, 0.9164843559265137, 0.9259374737739563, 0.9105468988418579, 0.9056249856948853, 0.928906261920929, 0.9327343702316284, 0.9203906059265137, 0.9388281106948853, 0.9296875, 0.9172656536102295, 0.9517968893051147, 0.9285937547683716, 0.9071875214576721, 0.8922656178474426, 0.9334375262260437, 0.9195312261581421, 0.9204687476158142, 0.9351562261581421, 0.9196093678474426, 0.9280468821525574, 0.9346093535423279, 0.924609363079071, 0.9046875238418579, 0.9385156035423279, 0.9400781393051147, 0.9288281202316284, 0.8963281512260437, 0.908203125, 0.8821874856948853, 0.9185156226158142, 0.9414843916893005, 0.9208593964576721, 0.9432031512260437, 0.9196093678474426, 0.9036718606948853, 0.9021875262260437, 0.9282031059265137, 0.9142187237739563, 0.903124988079071, 0.9538280963897705, 0.8863281011581421, 0.876171886920929, 0.9122655987739563, 0.9334375262260437, 0.9204687476158142, 0.9606249928474426, 0.9094531536102295, 0.9164843559265137, 0.9150781035423279, 0.9157812595367432, 0.9232812523841858, 0.9192968606948853, 0.9156249761581421, 0.9467968940734863, 0.9217968583106995, 0.9383593797683716, 0.9149218797683716, 0.9012500047683716, 0.942187488079071, 0.8901562690734863, 0.9102343916893005, 0.8655468821525574, 0.9284374713897705, 0.9224218726158142, 0.9150781035423279, 0.9263281226158142, 0.9155468940734863, 0.9476562738418579, 0.890625, 0.9287499785423279, 0.9222656488418579, 0.9003124833106995, 0.9493749737739563, 0.9214062690734863, 0.9033593535423279, 0.885937511920929, 0.9604687690734863, 0.9468749761581421, 0.9432031512260437, 0.9435155987739563, 0.9438281059265137, 0.9213281273841858, 0.9107812643051147, 0.9409375190734863, 0.9005468487739563, 0.9416406154632568, 0.9110937714576721], "val_loss": [1.7930041551589966, 2.0412142276763916, 2.656006097793579, 2.6817619800567627, 2.38423228263855, 2.2775771617889404, 2.283371925354004, 2.198617935180664, 2.0472311973571777, 1.9561004638671875, 1.8259646892547607, 1.7596725225448608, 1.6969691514968872, 1.6077522039413452, 1.530585527420044, 1.4371105432510376, 1.4230034351348877, 1.4095724821090698, 1.3679450750350952, 1.3975763320922852, 1.4200019836425781, 1.3747215270996094, 1.348421335220337, 1.3600605726242065, 1.3764256238937378, 1.3481031656265259, 1.3330674171447754, 1.3349080085754395, 1.3267946243286133, 1.3172601461410522, 1.306930661201477, 1.288252592086792, 1.3052865266799927, 1.3120611906051636, 1.3009082078933716, 1.3005859851837158, 1.305039644241333, 1.2920465469360352, 1.3067890405654907, 1.2889413833618164, 1.2685284614562988, 1.2624821662902832, 1.2741085290908813, 1.2696921825408936, 1.2665152549743652, 1.2762179374694824, 1.2746567726135254, 1.2617703676223755, 1.263800859451294, 1.25849187374115, 1.2462010383605957, 1.2544794082641602, 1.25649094581604, 1.250972867012024, 1.236789584159851, 1.2389637231826782, 1.2248157262802124, 1.2276889085769653, 1.235082745552063, 1.2295830249786377, 1.2355915307998657, 1.2222380638122559, 1.224572777748108, 1.2184629440307617, 1.2219401597976685, 1.2188608646392822, 1.2209736108779907, 1.2363721132278442, 1.2027548551559448, 1.1953322887420654, 1.2033740282058716, 1.2052687406539917, 1.2093076705932617, 1.2213233709335327, 1.2083044052124023, 1.19849693775177, 1.1946690082550049, 1.1965174674987793, 1.2027199268341064, 1.193660020828247, 1.1941182613372803, 1.1954259872436523, 1.2036415338516235, 1.1934895515441895, 1.1834228038787842, 1.1866436004638672, 1.195928931236267, 1.182599663734436, 1.178507924079895, 1.1817837953567505, 1.1929678916931152, 1.1911677122116089, 1.1867942810058594, 1.18209969997406, 1.177259922027588, 1.1979864835739136, 1.1849793195724487, 1.189100742340088, 1.1844810247421265, 1.1767083406448364, 1.1826515197753906, 1.1839126348495483, 1.1805648803710938, 1.1796317100524902, 1.1920355558395386, 1.1920491456985474, 1.1883107423782349, 1.1927484273910522, 1.1990665197372437, 1.1877634525299072, 1.184919834136963, 1.1843671798706055, 1.1792439222335815, 1.1891579627990723, 1.1818795204162598],