{"loss": [1.0886962413787842, 0.3816708028316498, 0.25032585859298706, 0.19419540464878082, 0.257500559091568, 0.2833912670612335, 0.16328823566436768, 0.1431543231010437, 0.09681204706430435, 0.1086035817861557, 0.16892023384571075, 0.21765495836734772, 0.1630912572145462, 0.15089212357997894, 0.11298391222953796, 0.16128671169281006], "acurracy": [0.7725781202316284, 0.8751562237739563, 0.9010156393051147, 0.9192187786102295, 0.8866406083106995, 0.8736718893051147, 0.9267968535423279, 0.9312499761581421, 0.9521874785423279, 0.9474999904632568, 0.9139843583106995, 0.8885156512260437, 0.9157031178474426, 0.9201562404632568, 0.9410156011581421, 0.9153125286102295], "val_loss": [1.8258247375488281, 1.882927417755127, 1.9485818147659302, 2.0276665687561035, 2.1717898845672607, 2.3957786560058594, 2.617974042892456, 2.7991580963134766, 2.9205117225646973, 3.0945708751678467, 3.3210153579711914, 3.5834403038024902, 3.7408840656280518, 3.869525194168091, 3.9351236820220947, 4.038968086242676], "val_acurracy": [0.17023438215255737, 0.16640624403953552, 0.15156249701976776, 0.11929687857627869, 0.06789062172174454, 0.02460937574505806, 0.016171874478459358, 0.009999999776482582, 0.009453125298023224, 0.0071875001303851604, 0.0053906249813735485, 0.0054687499068677425, 0.004140624776482582, 0.0054687499068677425, 0.005546874832361937, 0.005781250074505806]}