{"loss": [1.0323305130004883, 0.46351414918899536, 0.19006988406181335, 0.22420530021190643, 0.21074160933494568, 0.23429030179977417, 0.16139858961105347, 0.25638291239738464, 0.17329677939414978, 0.07181011140346527, 0.1935129016637802, 0.13616809248924255, 0.17324112355709076, 0.23248350620269775, 0.1291711926460266, 0.13947099447250366], "acurracy": [0.7770312428474426, 0.8361718654632568, 0.9282812476158142, 0.9044530987739563, 0.9111718535423279, 0.9028906226158142, 0.930859386920929, 0.8878124952316284, 0.9198437333106995, 0.9674999713897705, 0.9057812690734863, 0.9328906536102295, 0.9145312309265137, 0.8815624713897705, 0.9322656393051147, 0.9289844036102295], "val_loss": [1.7954490184783936, 1.854007363319397, 1.8926184177398682, 1.9400184154510498, 2.0100865364074707, 2.103437900543213, 2.2128684520721436, 2.4507529735565186, 2.6638567447662354, 2.761817693710327, 2.9861154556274414, 3.1286139488220215, 3.333805561065674, 3.5747995376586914, 3.7091121673583984, 3.8176093101501465], "val_acurracy": [0.16632813215255737, 0.15171875059604645, 0.12859374284744263, 0.09828124940395355, 0.05781250074505806, 0.03148437663912773, 0.01953125, 0.009843749925494194, 0.008359375409781933, 0.007499999832361937, 0.0062500000931322575, 0.006640625186264515, 0.007031249813735485, 0.006874999962747097, 0.007499999832361937, 0.007656250149011612]}