{"loss": [0.7276701927185059, 0.07692839950323105, 0.021716883406043053, 0.07743959873914719, 0.11900034546852112, 0.09693946689367294, 0.05521770939230919, 0.057618845254182816, 0.03924281522631645, 0.061129260808229446, 0.024859080091118813, 0.023902175948023796, 0.0276497770100832, 0.004911966621875763, 0.07165198028087616, 0.0290193110704422, 0.032048679888248444, 0.020024143159389496, 0.09733817726373672, 0.01569240540266037, 0.044825997203588486, 0.03134750947356224, 0.006056027486920357, 0.003166397800669074], "acurracy": [0.7440624833106995, 0.9937499761581421, 0.9987499713897705, 0.9903125166893005, 0.9850000143051147, 0.9862499833106995, 0.9921875, 0.9915624856948853, 0.995312511920929, 0.9921875, 0.9962499737739563, 0.996874988079071, 0.9965624809265137, 1.0, 0.9884374737739563, 0.995312511920929, 0.9937499761581421, 0.9965624809265137, 0.9784374833106995, 0.9984375238418579, 0.989062488079071, 0.9921875, 1.0, 1.0], "val_loss": [1.2407716512680054, 1.222503900527954, 1.279676079750061, 1.2060154676437378, 0.9687314033508301, 0.8466781377792358, 0.7945960164070129, 0.7240886688232422, 0.7465135455131531, 0.6698629856109619, 0.6531969308853149, 0.6434261202812195, 0.63336181640625, 0.6388805508613586, 0.5754380822181702, 0.5800672769546509, 0.5890547037124634, 0.5781121253967285, 0.5647624731063843, 0.579126238822937, 0.5915961265563965, 0.5977371335029602, 0.5906054973602295, 0.6072793006896973], "val_acurracy": [0.5556250214576721, 0.5696874856948853, 0.5778124928474426, 0.5681250095367432, 0.5699999928474426, 0.5824999809265137, 0.6240624785423279, 0.6978124976158142, 0.6806250214576721, 0.7984374761581421, 0.8146874904632568, 0.8178125023841858, 0.828125, 0.828125, 0.8456249833106995, 0.8493750095367432, 0.8465625047683716, 0.8487499952316284, 0.8424999713897705, 0.84375, 0.8306249976158142, 0.8362500071525574, 0.8412500023841858, 0.8412500023841858]}