{"loss": [0.38581931591033936, 0.06819386780261993, 0.013104316778481007, 0.02869211696088314, 0.09744791686534882, 0.030152354389429092, 0.04799986258149147, 0.028238346800208092, 0.004833529237657785, 0.04005648195743561, 0.03776507079601288, 0.01864888146519661, 0.0034923162311315536, 0.05308839678764343, 0.004262428730726242, 0.036628223955631256, 0.035240910947322845, 0.003680475987493992, 0.020545082166790962], "acurracy": [0.8737499713897705, 0.9918749928474426, 1.0, 0.996874988079071, 0.9850000143051147, 0.9956250190734863, 0.9921875, 0.9956250190734863, 1.0, 0.9925000071525574, 0.9928125143051147, 0.9962499737739563, 1.0, 0.989062488079071, 1.0, 0.9931250214576721, 0.9934375286102295, 0.9996874928474426, 0.9959375262260437], "val_loss": [0.8861972689628601, 0.844596803188324, 0.9046024084091187, 0.9236522912979126, 0.7878766655921936, 0.762586772441864, 0.6834556460380554, 0.6875689029693604, 0.7011832594871521, 0.6397214531898499, 0.602933406829834, 0.609906792640686, 0.6335061192512512, 0.5802409648895264, 0.6178112030029297, 0.5985784530639648, 0.6056190133094788, 0.6003074049949646, 0.5947582125663757], "val_acurracy": [0.7178124785423279, 0.703125, 0.651562511920929, 0.6434375047683716, 0.7112500071525574, 0.7243750095367432, 0.7749999761581421, 0.7787500023841858, 0.778124988079071, 0.809374988079071, 0.8296874761581421, 0.8296874761581421, 0.8199999928474426, 0.839062511920929, 0.8299999833106995, 0.8356249928474426, 0.8343750238418579, 0.8359375, 0.8412500023841858]}