{"loss": [0.3793712556362152, 0.1440824568271637, 0.03927861154079437, 0.0123179592192173, 0.006313273683190346, 0.004326553549617529], "acurracy": [0.8903124928474426, 0.9840624928474426, 0.9971874952316284, 0.9996874928474426, 1.0, 1.0], "val_loss": [1.5508124828338623, 1.6116547584533691, 1.6451878547668457, 1.6540629863739014, 1.653077244758606, 1.6541895866394043], "val_acurracy": [0.45625001192092896, 0.40281251072883606, 0.41343748569488525, 0.4481250047683716, 0.4831250011920929, 0.5]}