{"loss": [0.3937528729438782, 0.031213946640491486, 0.013022837229073048, 0.060175228863954544, 0.007262412458658218, 0.08702310919761658, 0.0599522739648819], "acurracy": [0.8868749737739563, 0.9993749856948853, 1.0, 0.9931250214576721, 1.0, 0.9896875023841858, 0.9934375286102295], "val_loss": [1.195825219154358, 1.1571271419525146, 1.1917328834533691, 1.2496833801269531, 1.2930868864059448, 1.3666893243789673, 1.4824638366699219], "val_acurracy": [0.5853124856948853, 0.5881249904632568, 0.5796874761581421, 0.5818750262260437, 0.5821874737739563, 0.5865625143051147, 0.5590624809265137]}