{"loss": [0.5784174799919128, 0.06457474827766418, 0.07953741401433945, 0.11914262175559998, 0.015123553574085236, 0.03844573348760605], "acurracy": [0.8168749809265137, 0.9940624833106995, 0.9909374713897705, 0.984375, 0.9987499713897705, 0.9956250190734863], "val_loss": [2.0125701427459717, 2.2649993896484375, 2.295762538909912, 2.057844638824463, 2.201204776763916, 2.207730770111084], "val_acurracy": [0.33000001311302185, 0.41499999165534973, 0.4584375023841858, 0.5106250047683716, 0.5196874737739563, 0.5243750214576721]}