{"loss": [0.27056872844696045, 0.10912816971540451, 0.08644921332597733, 0.04169964790344238, 0.02670501545071602, 0.05626484379172325, 0.05349879711866379, 0.006427171174436808, 0.004012092016637325, 0.09521188586950302, 0.006415403448045254, 0.042007941752672195, 0.041294824331998825, 0.03896785527467728, 0.025334877893328667, 0.02342132292687893, 0.04378943517804146, 0.005363569129258394, 0.02992708422243595, 0.024798007681965828, 0.015528226271271706], "acurracy": [0.9259374737739563, 0.987500011920929, 0.9906250238418579, 0.9956250190734863, 0.9971874952316284, 0.9928125143051147, 0.9925000071525574, 0.9996874928474426, 1.0, 0.9862499833106995, 1.0, 0.9931250214576721, 0.9928125143051147, 0.9918749928474426, 0.9962499737739563, 0.9956250190734863, 0.9900000095367432, 1.0, 0.9931250214576721, 0.9946874976158142, 0.9950000047683716], "val_loss": [1.4213796854019165, 1.427931308746338, 1.3352227210998535, 1.3360060453414917, 1.345158338546753, 1.1053085327148438, 1.0767292976379395, 0.9982697367668152, 1.0442050695419312, 0.7659233212471008, 0.8143253326416016, 0.7969447374343872, 0.7551633715629578, 0.6926602721214294, 0.6551744937896729, 0.6513374447822571, 0.6548659801483154, 0.6525447964668274, 0.6636074781417847, 0.6814629435539246, 0.6650710105895996], "val_acurracy": [0.5774999856948853, 0.582812488079071, 0.581250011920929, 0.582812488079071, 0.5793750286102295, 0.5849999785423279, 0.589062511920929, 0.6075000166893005, 0.6031249761581421, 0.7724999785423279, 0.7553125023841858, 0.7900000214576721, 0.8293750286102295, 0.8500000238418579, 0.854687511920929, 0.8534374833106995, 0.8568750023841858, 0.8634374737739563, 0.8609374761581421, 0.8553125262260437, 0.8587499856948853]}