{"loss": [0.4433000981807709, 0.08670271188020706, 0.03960102051496506, 0.10784909129142761, 0.03204295039176941, 0.008158420212566853], "acurracy": [0.8600000143051147, 0.9906250238418579, 0.9965624809265137, 0.9871875047683716, 0.996874988079071, 1.0], "val_loss": [1.3714410066604614, 1.3850576877593994, 1.4110969305038452, 1.4701042175292969, 1.5236544609069824, 1.548550009727478], "val_acurracy": [0.5790625214576721, 0.5762500166893005, 0.5759375095367432, 0.5806249976158142, 0.5799999833106995, 0.5756250023841858]}