{"loss": [0.4393986761569977, 0.06044069677591324, 0.046811409294605255, 0.07473666220903397, 0.038748644292354584, 0.038200896233320236], "acurracy": [0.871874988079071, 0.9956250190734863, 0.9956250190734863, 0.9918749928474426, 0.9962499737739563, 0.9962499737739563], "val_loss": [1.2953170537948608, 1.3125483989715576, 1.3474911451339722, 1.3786026239395142, 1.4162558317184448, 1.4542759656906128], "val_acurracy": [0.5824999809265137, 0.5837500095367432, 0.5846874713897705, 0.5846874713897705, 0.5778124928474426, 0.5759375095367432]}