{"loss": [0.6479700207710266, 0.10300077497959137, 0.106129951775074, 0.043380431830883026, 0.06389009207487106, 0.02750641666352749, 0.026465242728590965, 0.02382095530629158, 0.023971492424607277, 0.05129794776439667, 0.02553204819560051, 0.021526752039790154, 0.05781623348593712, 0.0058500333689153194, 0.029982250183820724, 0.03717201203107834, 0.02129175513982773, 0.00881090760231018, 0.033248186111450195, 0.011470080353319645, 0.016582073643803596, 0.005744913127273321, 0.009308011271059513, 0.018732834607362747, 0.012791408225893974, 0.007708447985351086, 0.0013358347350731492, 0.005194387398660183, 0.01572497934103012, 0.010843095369637012, 0.003894204506650567, 0.008403131738305092, 0.0008987913024611771, 0.017934657633304596, 0.009880881756544113, 0.017838463187217712, 0.0067107342183589935, 0.020957302302122116, 0.0009578200988471508, 0.010937701910734177, 0.0059846849180758, 0.0105732511729002, 0.0027769291773438454, 0.002605566056445241], "acurracy": [0.7740625143051147, 0.9900000095367432, 0.9856250286102295, 0.9959375262260437, 0.9918749928474426, 0.9962499737739563, 0.996874988079071, 0.9962499737739563, 0.9965624809265137, 0.9903125166893005, 0.9959375262260437, 0.9971874952316284, 0.9871875047683716, 1.0, 0.9937499761581421, 0.9896875023841858, 0.9946874976158142, 0.9984375238418579, 0.9940624833106995, 0.9981250166893005, 0.9959375262260437, 0.9993749856948853, 0.9981250166893005, 0.9959375262260437, 0.996874988079071, 0.9984375238418579, 1.0, 0.9990624785423279, 0.9965624809265137, 0.9984375238418579, 0.9990624785423279, 0.9975000023841858, 1.0, 0.9956250190734863, 0.9965624809265137, 0.9956250190734863, 0.9978125095367432, 0.9937499761581421, 1.0, 0.9971874952316284, 0.9975000023841858, 0.9975000023841858, 0.9990624785423279, 0.9993749856948853], "val_loss": [1.416511058807373, 1.4744054079055786, 1.2590051889419556, 1.4177578687667847, 1.2015117406845093, 1.3716357946395874, 1.1729892492294312, 1.0906169414520264, 1.0496941804885864, 0.6564338803291321, 0.6221728324890137, 0.653113842010498, 0.5188010334968567, 0.5634162425994873, 0.5204693078994751, 0.4935053884983063, 0.5051479339599609, 0.5161250829696655, 0.486812561750412, 0.5017638802528381, 0.48818397521972656, 0.5031746029853821, 0.5089884996414185, 0.47182002663612366, 0.4712458848953247, 0.49024203419685364, 0.49153316020965576, 0.4938463866710663, 0.460801899433136, 0.4473915100097656, 0.4394764006137848, 0.4447709918022156, 0.4607177674770355, 0.4395942687988281, 0.4780226945877075, 0.42638859152793884, 0.4363615810871124, 0.44162532687187195, 0.4142729640007019, 0.419345885515213, 0.4438502788543701, 0.447636216878891, 0.4479994475841522, 0.4504011273384094], "val_acurracy": [0.5831249952316284, 0.5762500166893005, 0.5868750214576721, 0.5796874761581421, 0.6050000190734863, 0.5818750262260437, 0.6146875023841858, 0.6456249952316284, 0.6684374809265137, 0.8090624809265137, 0.8190624713897705, 0.8118749856948853, 0.8696874976158142, 0.8618749976158142, 0.871874988079071, 0.8765624761581421, 0.8768749833106995, 0.8759375214576721, 0.8793749809265137, 0.8784375190734863, 0.8831250071525574, 0.8806250095367432, 0.8815624713897705, 0.887499988079071, 0.8912500143051147, 0.8881250023841858, 0.8878124952316284, 0.8856250047683716, 0.890625, 0.8899999856948853, 0.8946874737739563, 0.8903124928474426, 0.8899999856948853, 0.8912500143051147, 0.8871874809265137, 0.8871874809265137, 0.8884375095367432, 0.8843749761581421, 0.8871874809265137, 0.887499988079071, 0.8853124976158142, 0.8821874856948853, 0.8824999928474426, 0.8853124976158142]}