{"loss": [0.5955609679222107, 0.07897062599658966, 0.07442979514598846, 0.01428314670920372, 0.008982018567621708, 0.006006443407386541, 0.08058091998100281, 0.005809168331325054, 0.00391748920083046, 0.0028969808481633663, 0.14272236824035645, 0.007008619140833616, 0.06378281116485596, 0.006133201532065868, 0.03442830592393875, 0.057739000767469406, 0.0348101444542408, 0.05766331031918526, 0.045536112040281296, 0.06262890994548798, 0.0951320007443428, 0.02548937126994133, 0.02985202707350254, 0.05001470074057579, 0.06202704459428787, 0.03222621604800224], "acurracy": [0.800000011920929, 0.9928125143051147, 0.9921875, 1.0, 0.9996874928474426, 1.0, 0.9912499785423279, 1.0, 1.0, 1.0, 0.9834374785423279, 1.0, 0.9918749928474426, 1.0, 0.9962499737739563, 0.9912499785423279, 0.9959375262260437, 0.9921875, 0.9934375286102295, 0.9906250238418579, 0.9828125238418579, 0.9965624809265137, 0.9965624809265137, 0.9931250214576721, 0.9896875023841858, 0.9962499737739563], "val_loss": [1.4290844202041626, 1.4441654682159424, 1.3994084596633911, 1.4784780740737915, 1.5681055784225464, 1.668980598449707, 1.2966936826705933, 1.3764550685882568, 1.4700608253479004, 1.514623999595642, 0.8582622408866882, 1.0046287775039673, 0.7960045337677002, 0.8902709484100342, 0.9475858211517334, 0.6944715976715088, 0.8115795254707336, 0.6515985727310181, 0.7036925554275513, 0.621863842010498, 0.558307409286499, 0.6251503825187683, 0.6797799468040466, 0.6258169412612915, 0.6037863492965698, 0.5851073265075684], "val_acurracy": [0.5790625214576721, 0.5796874761581421, 0.5709375143051147, 0.582812488079071, 0.5834375023841858, 0.5743749737739563, 0.5790625214576721, 0.5834375023841858, 0.5753124952316284, 0.5793750286102295, 0.6237499713897705, 0.5918750166893005, 0.6800000071525574, 0.6331250071525574, 0.6181250214576721, 0.7681249976158142, 0.6968749761581421, 0.8125, 0.7846875190734863, 0.8184375166893005, 0.8493750095367432, 0.8118749856948853, 0.7971875071525574, 0.8184375166893005, 0.8374999761581421, 0.8368750214576721]}