{"loss": [0.38376492261886597, 0.03206274285912514, 0.05896926298737526, 0.06024657562375069, 0.0942823588848114, 0.05713794752955437], "acurracy": [0.8931249976158142, 0.9996874928474426, 0.9943749904632568, 0.9934375286102295, 0.9884374737739563, 0.9921875], "val_loss": [1.2479639053344727, 1.384567379951477, 1.569494366645813, 1.8166327476501465, 2.003995418548584, 2.1227424144744873], "val_acurracy": [0.5799999833106995, 0.5765625238418579, 0.5840625166893005, 0.5768749713897705, 0.5784375071525574, 0.5809375047683716]}