{"loss": [0.4462457299232483, 0.1522340625524521, 0.05924001708626747, 0.046038918197155, 0.0273103266954422, 0.006132149137556553], "acurracy": [0.8506249785423279, 0.9790624976158142, 0.9943749904632568, 0.9956250190734863, 0.996874988079071, 1.0], "val_loss": [1.3185436725616455, 1.509238839149475, 1.5654590129852295, 1.603775978088379, 1.6217563152313232, 1.6188770532608032], "val_acurracy": [0.49531251192092896, 0.20468750596046448, 0.19249999523162842, 0.1887499988079071, 0.19562500715255737, 0.20812499523162842]}