{"loss": [0.8690240979194641, 0.13693921267986298, 0.05231907218694687, 0.07209334522485733, 0.06978829205036163, 0.09389342367649078, 0.012926539406180382, 0.049516744911670685, 0.047776542603969574, 0.10422251373529434, 0.03374476730823517, 0.0830598920583725, 0.037522539496421814, 0.0428922213613987, 0.06532907485961914, 0.03382024168968201, 0.048189930617809296, 0.09758917987346649, 0.04952588677406311, 0.03979173302650452, 0.040251199156045914, 0.04499203339219093, 0.09254764765501022, 0.010379552841186523, 0.07640436291694641, 0.04992219805717468, 0.03393331915140152, 0.03424952179193497, 0.023743504658341408, 0.004594603553414345, 0.057615410536527634, 0.05346844717860222, 0.032221999019384384, 0.056612566113471985, 0.00555428909137845, 0.002808960620313883, 0.05752010643482208], "acurracy": [0.6859375238418579, 0.984375, 0.995312511920929, 0.9937499761581421, 0.9925000071525574, 0.9896875023841858, 0.9996874928474426, 0.9950000047683716, 0.9950000047683716, 0.9868749976158142, 0.9965624809265137, 0.9884374737739563, 0.995312511920929, 0.9946874976158142, 0.9909374713897705, 0.9965624809265137, 0.9928125143051147, 0.9837499856948853, 0.9928125143051147, 0.9950000047683716, 0.9946874976158142, 0.9940624833106995, 0.984375, 0.9996874928474426, 0.9868749976158142, 0.9931250214576721, 0.995312511920929, 0.9956250190734863, 0.9971874952316284, 1.0, 0.9912499785423279, 0.9900000095367432, 0.9950000047683716, 0.9896875023841858, 0.9996874928474426, 1.0, 0.9912499785423279], "val_loss": [1.5334830284118652, 1.3591547012329102, 1.2918962240219116, 1.1691787242889404, 1.078552007675171, 0.8702019453048706, 0.8945043087005615, 0.8414719104766846, 0.7839899659156799, 0.6450381278991699, 0.6763046979904175, 0.5701545476913452, 0.5885875225067139, 0.5772693753242493, 0.5480237007141113, 0.5733099579811096, 0.55794358253479, 0.5280269384384155, 0.540344774723053, 0.5589584708213806, 0.5601144433021545, 0.5391663312911987, 0.5214115381240845, 0.5519202351570129, 0.5394436120986938, 0.5388344526290894, 0.5302515625953674, 0.5152246952056885, 0.5321153998374939, 0.5361229181289673, 0.5103760957717896, 0.49105140566825867, 0.5152140259742737, 0.4957892596721649, 0.5163043737411499, 0.539827823638916, 0.4977080523967743], "val_acurracy": [0.4481250047683716, 0.5318750143051147, 0.5553125143051147, 0.5668749809265137, 0.5743749737739563, 0.6471874713897705, 0.6365625262260437, 0.6596875190734863, 0.6946874856948853, 0.7818750143051147, 0.7671874761581421, 0.8284375071525574, 0.8174999952316284, 0.8206250071525574, 0.8384374976158142, 0.8265625238418579, 0.8374999761581421, 0.8556249737739563, 0.8506249785423279, 0.8443750143051147, 0.8475000262260437, 0.8506249785423279, 0.8637499809265137, 0.8496875166893005, 0.8565624952316284, 0.8565624952316284, 0.8581249713897705, 0.8596875071525574, 0.8556249737739563, 0.8490625023841858, 0.8628125190734863, 0.8668749928474426, 0.8575000166893005, 0.864062488079071, 0.8596875071525574, 0.8475000262260437, 0.8675000071525574]}