{"loss": [1.041344404220581, 0.5435326099395752, 0.4994705319404602, 0.4314643442630768, 0.4189450442790985, 0.4876444339752197], "acurracy": [0.7074218988418579, 0.9017187356948853, 0.905078113079071, 0.9145312309265137, 0.9079687595367432, 0.8782031536102295], "val_loss": [2.4830780029296875, 3.126544237136841, 3.621978998184204, 4.0920186042785645, 4.877716541290283, 5.804840564727783], "val_acurracy": [0.16968749463558197, 0.16710937023162842, 0.16796875, 0.16117186844348907, 0.1346093714237213, 0.11312499642372131]}