{"loss": [0.7213387489318848, 0.5183894038200378, 0.24049513041973114, 0.3029722273349762, 0.2765374183654785, 0.2765961289405823], "acurracy": [0.7922656536102295, 0.8797656297683716, 0.9410156011581421, 0.9114843606948853, 0.9080469012260437, 0.9041406512260437], "val_loss": [2.8079445362091064, 3.103865146636963, 3.7379956245422363, 4.30706787109375, 4.9105963706970215, 5.357507228851318], "val_acurracy": [0.16789062321186066, 0.1381250023841858, 0.09789062291383743, 0.037109375, 0.020859375596046448, 0.013749999925494194]}