{"loss": [0.8262268900871277, 0.5156975984573364, 0.6923906803131104, 0.4648876190185547, 0.4546493887901306, 0.1951099932193756], "acurracy": [0.7777343988418579, 0.9046875238418579, 0.8465625047683716, 0.900390625, 0.8920312523841858, 0.9583593606948853], "val_loss": [2.388810157775879, 2.803692102432251, 3.3144431114196777, 3.679316520690918, 4.183443069458008, 4.483572959899902], "val_acurracy": [0.17000000178813934, 0.17101562023162842, 0.16593749821186066, 0.16374999284744263, 0.17195312678813934, 0.16257812082767487]}