{"loss": [0.7245872616767883, 0.8174123167991638, 0.4756322205066681, 0.4639354646205902, 0.8410770893096924, 0.4635179042816162, 0.7321605086326599], "acurracy": [0.8055468797683716, 0.8452343940734863, 0.9236719012260437, 0.9229687452316284, 0.8340625166893005, 0.9252343773841858, 0.8573437333106995], "val_loss": [2.586838483810425, 2.418337821960449, 2.9189634323120117, 3.056919813156128, 2.5761446952819824, 3.0013034343719482, 2.8507463932037354], "val_acurracy": [0.16789062321186066, 0.16906249523162842, 0.166015625, 0.1686718761920929, 0.1635156273841858, 0.16484375298023224, 0.16203124821186066]}