{"loss": [0.9189363718032837, 0.5316206216812134, 0.4542309045791626, 0.30750611424446106, 0.2862775921821594, 0.392024964094162, 0.40513283014297485, 0.3146185576915741, 0.1846267729997635, 0.29242125153541565, 0.2586688995361328, 0.11652174592018127, 0.1677471399307251, 0.12732282280921936, 0.10639847069978714, 0.20540429651737213, 0.24071936309337616, 0.22088705003261566, 0.24735349416732788, 0.2317960411310196, 0.2224438488483429, 0.20300954580307007, 0.21278777718544006, 0.1839117407798767, 0.19690178334712982, 0.19014230370521545, 0.17539314925670624, 0.16999968886375427, 0.15245813131332397, 0.10985712707042694, 0.15134091675281525, 0.13446126878261566, 0.2367209643125534], "acurracy": [0.7201562523841858, 0.8943750262260437, 0.8989062309265137, 0.9294531345367432, 0.9310937523841858, 0.8796093463897705, 0.8689844012260437, 0.8980468511581421, 0.9426562786102295, 0.8998437523841858, 0.9114062786102295, 0.9625781178474426, 0.9419531226158142, 0.9572656154632568, 0.9644531011581421, 0.9276562333106995, 0.9085937738418579, 0.9150781035423279, 0.903124988079071, 0.9075781106948853, 0.9098437428474426, 0.9171093702316284, 0.9100000262260437, 0.9240624904632568, 0.9180468916893005, 0.9189843535423279, 0.9225780963897705, 0.92578125, 0.9309375286102295, 0.9520312547683716, 0.9321093559265137, 0.9393749833106995, 0.8891406059265137], "val_loss": [2.3931045532226562, 2.0422255992889404, 1.7347357273101807, 1.5303590297698975, 1.464089035987854, 1.4986779689788818, 1.4506285190582275, 1.4430651664733887, 1.5041183233261108, 1.4433174133300781, 1.3841781616210938, 1.4026204347610474, 1.388273000717163, 1.4004522562026978, 1.443139672279358, 1.3461474180221558, 1.3206785917282104, 1.2969235181808472, 1.2947626113891602, 1.2757967710494995, 1.270250678062439, 1.268200397491455, 1.2482298612594604, 1.2707881927490234, 1.2757765054702759, 1.25080406665802, 1.2417320013046265, 1.2268273830413818, 1.227299690246582, 1.237796664237976, 1.241936206817627, 1.238591194152832, 1.2295717000961304], "val_acurracy": [0.17179687321186066, 0.26734375953674316, 0.2981249988079071, 0.30601561069488525, 0.3064843714237213, 0.3042968809604645, 0.31062498688697815, 0.3114062547683716, 0.30031248927116394, 0.31421875953674316, 0.3121093809604645, 0.3140625059604645, 0.3087500035762787, 0.30757811665534973, 0.31078124046325684, 0.3178125023841858, 0.3247656226158142, 0.32593750953674316, 0.32203125953674316, 0.3146093785762787, 0.31468749046325684, 0.3126562535762787, 0.32749998569488525, 0.31101563572883606, 0.3067968785762787, 0.3199999928474426, 0.3185156285762787, 0.3226562440395355, 0.3162499964237213, 0.32421875, 0.3260156214237213, 0.31882813572883606, 0.3116406202316284]}