{"loss": [0.643063485622406, 0.518604576587677, 0.27600470185279846, 0.35008320212364197, 0.20935243368148804, 0.3915706276893616], "acurracy": [0.8561718463897705, 0.8895312547683716, 0.9410937428474426, 0.9081249833106995, 0.9428125023841858, 0.8700781464576721], "val_loss": [2.5260226726531982, 2.6012933254241943, 2.838418960571289, 3.200871467590332, 3.6112825870513916, 4.409976005554199], "val_acurracy": [0.16890625655651093, 0.16539062559604645, 0.16664062440395355, 0.11851562559604645, 0.11101562529802322, 0.10398437827825546]}