{"loss": [0.8608276844024658, 0.6329812407493591, 0.5932258367538452, 0.2792258858680725, 0.32875606417655945, 0.38108643889427185, 0.3318108022212982, 0.2718006372451782], "acurracy": [0.741015613079071, 0.8721093535423279, 0.8632031083106995, 0.9410937428474426, 0.9194531440734863, 0.8924999833106995, 0.9010937213897705, 0.9205468893051147], "val_loss": [2.3972625732421875, 1.985730767250061, 1.573073387145996, 1.6038185358047485, 1.6437187194824219, 1.7219325304031372, 1.741549015045166, 1.740128755569458], "val_acurracy": [0.18726561963558197, 0.2699218690395355, 0.2750781178474426, 0.28242188692092896, 0.29054686427116394, 0.3013281226158142, 0.30195313692092896, 0.2952343821525574]}