{"loss": [0.8580471873283386, 0.5608073472976685, 0.6164817214012146, 0.7791465520858765, 0.42565321922302246, 0.4950106143951416, 0.5736403465270996, 0.4409489035606384, 0.7042064070701599, 0.5732767581939697, 0.5432760715484619, 0.4574415981769562, 0.5798254013061523, 0.5893806219100952, 0.5812439918518066, 0.4159029722213745, 0.691373884677887, 0.5121017098426819, 0.5473384261131287, 0.5796298980712891, 0.5608698129653931, 0.28340041637420654], "acurracy": [0.7670312523841858, 0.9037500023841858, 0.889453113079071, 0.8482812643051147, 0.9331250190734863, 0.9172656536102295, 0.8985937237739563, 0.9250781536102295, 0.8635937571525574, 0.8924999833106995, 0.8983593583106995, 0.9163281321525574, 0.8905468583106995, 0.8843749761581421, 0.8826562762260437, 0.924609363079071, 0.849609375, 0.8989843726158142, 0.8846874833106995, 0.8707031011581421, 0.8735937476158142, 0.9501562714576721], "val_loss": [2.447981357574463, 2.4064323902130127, 2.193120002746582, 2.0799970626831055, 2.2499217987060547, 2.145899534225464, 2.046837091445923, 2.1129767894744873, 1.8070025444030762, 1.8883371353149414, 1.7518644332885742, 1.8295767307281494, 1.786861777305603, 1.5444550514221191, 1.5287578105926514, 1.6051408052444458, 1.407943844795227, 1.4619498252868652, 1.4992457628250122, 1.5041954517364502, 1.5958168506622314, 1.5779305696487427], "val_acurracy": [0.16968749463558197, 0.1713281273841858, 0.1951562464237213, 0.22507812082767487, 0.23054687678813934, 0.248046875, 0.26429688930511475, 0.2659375071525574, 0.28132811188697815, 0.2855468690395355, 0.30015623569488525, 0.29304686188697815, 0.30296874046325684, 0.32023438811302185, 0.32234373688697815, 0.3239062428474426, 0.3272656202316284, 0.32093751430511475, 0.3221093714237213, 0.32570311427116394, 0.31593748927116394, 0.3185156285762787]}