{"loss": [1.0362863540649414, 0.441015362739563, 0.5838532447814941, 0.3622754216194153, 0.5254406332969666, 0.2826712727546692, 0.26411840319633484, 0.4019773006439209, 0.15000711381435394, 0.2862444818019867], "acurracy": [0.7111718654632568, 0.9217187762260437, 0.8746093511581421, 0.924609363079071, 0.8588281273841858, 0.925000011920929, 0.9248437285423279, 0.8698437213897705, 0.9577343463897705, 0.9025781154632568], "val_loss": [2.1410257816314697, 2.3923819065093994, 1.7763733863830566, 1.7742867469787598, 1.4587489366531372, 1.5025300979614258, 1.512691855430603, 1.4764611721038818, 1.4792091846466064, 1.5656113624572754], "val_acurracy": [0.2466406226158142, 0.26499998569488525, 0.30859375, 0.3147656321525574, 0.3077343702316284, 0.3100000023841858, 0.3176562488079071, 0.3233593702316284, 0.32132813334465027, 0.3258593678474426]}