{"loss": [0.8913770318031311, 0.4701802730560303, 0.4400491714477539, 0.3815009295940399, 0.2868502736091614, 0.35100510716438293, 0.3775314688682556, 0.25224703550338745, 0.28079497814178467, 0.20014655590057373, 0.23050153255462646], "acurracy": [0.7525781393051147, 0.9146093726158142, 0.9164062738418579, 0.9178125262260437, 0.9362499713897705, 0.9049999713897705, 0.8849999904632568, 0.9222656488418579, 0.9042187333106995, 0.9351562261581421, 0.9220312237739563], "val_loss": [2.4829659461975098, 2.2525131702423096, 2.018704414367676, 1.7535653114318848, 1.5993980169296265, 1.4654502868652344, 1.4911819696426392, 1.5164395570755005, 1.5115340948104858, 1.4816343784332275, 1.519425392150879], "val_acurracy": [0.16820313036441803, 0.17835937440395355, 0.26851561665534973, 0.3050000071525574, 0.3162499964237213, 0.31617188453674316, 0.3318749964237213, 0.3380468785762787, 0.33882811665534973, 0.3352343738079071, 0.34062498807907104]}