{"loss": [0.855201005935669, 0.973491907119751, 0.3959852159023285, 0.5209661722183228, 0.5099231600761414, 0.5646215677261353, 0.5661361813545227, 0.5269490480422974, 0.6659806966781616, 0.46222594380378723, 0.43247199058532715, 0.46341434121131897, 0.484027624130249, 0.3552955985069275], "acurracy": [0.7676562666893005, 0.7915624976158142, 0.9350000023841858, 0.9081249833106995, 0.9076562523841858, 0.891406238079071, 0.8835155963897705, 0.8897656202316284, 0.8392968773841858, 0.897265613079071, 0.8986718654632568, 0.8911718726158142, 0.8749218583106995, 0.9166406393051147], "val_loss": [2.5270566940307617, 2.0274527072906494, 2.5260400772094727, 2.202390670776367, 1.9430886507034302, 1.7762531042099, 1.6724717617034912, 1.5664669275283813, 1.4927423000335693, 1.5709022283554077, 1.6824225187301636, 1.813242793083191, 1.7579493522644043, 1.8605419397354126], "val_acurracy": [0.16914062201976776, 0.18398436903953552, 0.17749999463558197, 0.2127343714237213, 0.2549999952316284, 0.28171876072883606, 0.2989843785762787, 0.3067968785762787, 0.3126562535762787, 0.3077343702316284, 0.31101563572883606, 0.30531251430511475, 0.3135937452316284, 0.3197656273841858]}