{"loss": [0.7658218145370483, 0.4406348764896393, 0.3406680226325989, 0.26640596985816956, 0.2456601858139038, 0.3153643310070038], "acurracy": [0.7785937786102295, 0.8860937356948853, 0.897265613079071, 0.9157031178474426, 0.9174218773841858, 0.8803906440734863], "val_loss": [2.0930168628692627, 2.5386788845062256, 3.058497905731201, 3.5906002521514893, 4.037334442138672, 4.389639377593994], "val_acurracy": [0.169921875, 0.15015624463558197, 0.14265625178813934, 0.13898438215255737, 0.13781249523162842, 0.1404687464237213]}