{"loss": [0.7382690906524658, 0.5187217593193054, 0.40898674726486206, 0.5412147641181946, 0.3905155658721924, 0.15874972939491272, 0.2077677845954895, 0.3726347088813782, 0.3256346583366394], "acurracy": [0.8216406106948853, 0.8883593678474426, 0.9084374904632568, 0.8508594036102295, 0.8845312595367432, 0.9591405987739563, 0.9393749833106995, 0.8795312643051147, 0.888671875], "val_loss": [2.241882085800171, 2.3650388717651367, 2.2300570011138916, 2.0820043087005615, 2.2042922973632812, 2.435492515563965, 2.550773859024048, 2.236201763153076, 2.270017147064209], "val_acurracy": [0.2024218738079071, 0.2006250023841858, 0.21851561963558197, 0.22554688155651093, 0.22437499463558197, 0.20796875655651093, 0.21054688096046448, 0.23132812976837158, 0.22945313155651093]}