{"loss": [0.9699217081069946, 0.4281873404979706, 0.5489366054534912, 0.42368340492248535, 0.4385455250740051, 0.24468249082565308], "acurracy": [0.717968761920929, 0.910937488079071, 0.8500781059265137, 0.8740624785423279, 0.8514062762260437, 0.9229687452316284], "val_loss": [2.9800870418548584, 3.195040702819824, 3.5152060985565186, 4.079106330871582, 4.5339179039001465, 4.653553485870361], "val_acurracy": [0.16015625, 0.1628125011920929, 0.12414062768220901, 0.10640624910593033, 0.10070312768220901, 0.103515625]}