{"loss": [0.9023266434669495, 0.6018760800361633, 0.5517426133155823, 0.6355533599853516, 0.7491804361343384, 0.3600479066371918, 0.44555386900901794, 0.591447651386261, 0.5117199420928955, 0.3977842330932617], "acurracy": [0.7360156178474426, 0.8921093940734863, 0.8953906297683716, 0.8655468821525574, 0.8132030963897705, 0.9266406297683716, 0.8912500143051147, 0.8364062309265137, 0.8617187738418579, 0.8985937237739563], "val_loss": [2.4369640350341797, 2.1173508167266846, 1.9024877548217773, 1.6565284729003906, 1.4430854320526123, 1.5315699577331543, 1.571252703666687, 1.6212245225906372, 1.7123619318008423, 1.7074676752090454], "val_acurracy": [0.17234374582767487, 0.22468750178813934, 0.2709375023841858, 0.2901562452316284, 0.32359373569488525, 0.32078126072883606, 0.330078125, 0.3362500071525574, 0.33937498927116394, 0.33882811665534973]}