{"loss": [0.5680022239685059, 0.3743553161621094, 0.18628691136837006, 0.21328839659690857, 0.2630930244922638, 0.17470760643482208, 0.17037929594516754, 0.14064663648605347, 0.1540554165840149, 0.13726229965686798], "acurracy": [0.8301562666893005, 0.8837500214576721, 0.930859386920929, 0.9123437404632568, 0.8897656202316284, 0.9251562356948853, 0.9246875047683716, 0.9383593797683716, 0.93359375, 0.9392969012260437], "val_loss": [2.0191240310668945, 1.5463991165161133, 1.493151068687439, 1.4756890535354614, 1.4675885438919067, 1.5019476413726807, 1.484981894493103, 1.489781141281128, 1.5062142610549927, 1.5032627582550049], "val_acurracy": [0.2553125023841858, 0.31929686665534973, 0.3286718726158142, 0.33210936188697815, 0.3316406309604645, 0.3240624964237213, 0.3306249976158142, 0.32007813453674316, 0.31703126430511475, 0.32203125953674316]}