{"loss": [0.8597439527511597, 0.3714451193809509, 0.45987051725387573, 0.3251887857913971, 0.5004103183746338, 0.38135436177253723, 0.37629300355911255, 0.25996458530426025, 0.3157457411289215, 0.32880106568336487, 0.3608526587486267, 0.4356059730052948, 0.2388519048690796, 0.29049307107925415, 0.32554173469543457, 0.4070703387260437, 0.30828678607940674, 0.3514768183231354, 0.27186957001686096, 0.34187954664230347, 0.18691697716712952], "acurracy": [0.7485937476158142, 0.9228125214576721, 0.8841406106948853, 0.912890613079071, 0.8479687571525574, 0.8899219036102295, 0.8882812261581421, 0.9264843463897705, 0.9071875214576721, 0.9045312404632568, 0.8944531083106995, 0.8660937547683716, 0.9335156083106995, 0.9158594012260437, 0.9041406512260437, 0.8728125095367432, 0.9037500023841858, 0.8889062404632568, 0.9189843535423279, 0.8973437547683716, 0.9485156536102295], "val_loss": [1.918102741241455, 1.8692086935043335, 1.5950970649719238, 1.5970568656921387, 1.548903465270996, 1.527253270149231, 1.5184545516967773, 1.5739729404449463, 1.5267384052276611, 1.5068196058273315, 1.4668188095092773, 1.4622175693511963, 1.481499195098877, 1.464268684387207, 1.450258731842041, 1.4182394742965698, 1.4380382299423218, 1.4447892904281616, 1.4728089570999146, 1.4193329811096191, 1.4652416706085205], "val_acurracy": [0.2357812523841858, 0.24921874701976776, 0.2678906321525574, 0.2660156190395355, 0.28414061665534973, 0.2770312428474426, 0.28437501192092896, 0.2764843702316284, 0.28023436665534973, 0.28617188334465027, 0.28515625, 0.29945313930511475, 0.2935156226158142, 0.3004687428474426, 0.29906249046325684, 0.3064843714237213, 0.2963281273841858, 0.3034375011920929, 0.298828125, 0.306640625, 0.29539063572883606]}