{"loss": [0.8983600735664368, 0.5722297430038452, 0.5080129504203796, 0.6545059680938721, 0.47256314754486084, 0.48400241136550903, 0.5700294375419617, 0.4480469226837158, 0.4332638680934906, 0.4044014811515808, 0.48468026518821716, 0.40149906277656555], "acurracy": [0.7718750238418579, 0.8926562666893005, 0.9046093821525574, 0.864062488079071, 0.9022656083106995, 0.8949218988418579, 0.8615624904632568, 0.8955468535423279, 0.8952343463897705, 0.9037500023841858, 0.8763281106948853, 0.8980468511581421], "val_loss": [2.030526638031006, 2.1379497051239014, 2.0520856380462646, 1.6885626316070557, 1.6560029983520508, 1.6844645738601685, 1.5488057136535645, 1.560890555381775, 1.638724684715271, 1.6357712745666504, 1.6102032661437988, 1.6630064249038696], "val_acurracy": [0.25703126192092896, 0.2615624964237213, 0.26929688453674316, 0.2887499928474426, 0.2903124988079071, 0.2967187464237213, 0.30882811546325684, 0.3126562535762787, 0.31382811069488525, 0.31117188930511475, 0.3192187547683716, 0.3155468702316284]}