{"loss": [0.7979896068572998, 0.5338192582130432, 0.4327029287815094, 0.7074232697486877, 0.3390374779701233, 0.5611768364906311, 0.4639705717563629, 0.4548356235027313, 0.5334764719009399], "acurracy": [0.7817187309265137, 0.9079687595367432, 0.921093761920929, 0.8459374904632568, 0.9371874928474426, 0.8717187643051147, 0.8870312571525574, 0.8828125, 0.8559374809265137], "val_loss": [2.358571767807007, 2.1070282459259033, 2.3532063961029053, 1.5648739337921143, 1.7731060981750488, 1.6021754741668701, 1.6472842693328857, 1.635835886001587, 1.6534547805786133], "val_acurracy": [0.1681250035762787, 0.20734375715255737, 0.23671874403953552, 0.31328123807907104, 0.29906249046325684, 0.3256250023841858, 0.32914063334465027, 0.3323437571525574, 0.3327343761920929]}