{"loss": [1.6436861753463745, 1.4697062969207764, 1.2864577770233154, 1.1942487955093384, 1.096433162689209, 0.9154320359230042, 0.9944485425949097, 1.0198975801467896, 0.9100728034973145, 0.8714422583580017, 0.8991317749023438, 0.8768237233161926, 0.8871932029724121, 0.9867929220199585, 0.885610818862915, 0.8557069301605225, 0.7983144521713257, 0.7503271698951721, 0.7712970972061157, 0.814475953578949, 0.6301847100257874, 0.761939287185669, 0.7165787220001221, 0.6916459798812866, 0.6774905920028687, 0.7215785384178162, 0.826674222946167, 0.6523883938789368, 0.6103326678276062, 0.7554498314857483, 0.7193319201469421, 0.6954635381698608, 0.7109427452087402, 0.7280818223953247, 0.7250946760177612, 0.7804459929466248, 0.5952973365783691, 0.7779976725578308, 0.7241722345352173, 0.6151596307754517, 0.5915538668632507, 0.6612884998321533, 0.6741532683372498, 0.6596477031707764, 0.7128958702087402, 0.6890795230865479, 0.6553035974502563, 0.7762014269828796, 0.6692932844161987, 0.6468713283538818, 0.6856259703636169, 0.7469599843025208, 0.6655237674713135, 0.5942427515983582, 0.6204930543899536, 0.7463992238044739, 0.6540433764457703, 0.6549360752105713, 0.719113826751709, 0.7514895796775818, 0.62852543592453, 0.6177418231964111], "acurracy": [0.4546875059604645, 0.5074999928474426, 0.5668749809265137, 0.6003124713897705, 0.6171875, 0.6987500190734863, 0.6446874737739563, 0.6209375262260437, 0.6628124713897705, 0.6696875095367432, 0.6653125286102295, 0.6640625, 0.6418750286102295, 0.589062511920929, 0.6356250047683716, 0.6324999928474426, 0.6665624976158142, 0.6703125238418579, 0.6712499856948853, 0.6462500095367432, 0.7293750047683716, 0.6596875190734863, 0.6781250238418579, 0.6790624856948853, 0.6837499737739563, 0.6584374904632568, 0.6065624952316284, 0.6971874833106995, 0.7106249928474426, 0.6396874785423279, 0.6600000262260437, 0.6625000238418579, 0.6524999737739563, 0.6468750238418579, 0.6534374952316284, 0.6196874976158142, 0.707812488079071, 0.6137499809265137, 0.6399999856948853, 0.6978124976158142, 0.7081249952316284, 0.671875, 0.667187511920929, 0.6659374833106995, 0.6431249976158142, 0.6537500023841858, 0.6681249737739563, 0.6121875047683716, 0.6612499952316284, 0.6753125190734863, 0.6556249856948853, 0.625, 0.6521875262260437, 0.7009375095367432, 0.6825000047683716, 0.6187499761581421, 0.6653125286102295, 0.6650000214576721, 0.6312500238418579, 0.6106250286102295, 0.676562488079071, 0.6812499761581421], "val_loss": [1.840947151184082, 1.4820621013641357, 1.3497430086135864, 1.2962298393249512, 1.2975910902023315, 1.3760930299758911, 1.3002475500106812, 1.3467808961868286, 1.389785647392273, 1.3971524238586426, 1.353346824645996, 1.3606878519058228, 1.2937525510787964, 1.2816658020019531, 1.240739345550537, 1.2414859533309937, 1.2304644584655762, 1.223829984664917, 1.2180553674697876, 1.2093369960784912, 1.2347934246063232, 1.2507562637329102, 1.2163305282592773, 1.2231123447418213, 1.233452558517456, 1.2141213417053223, 1.1727814674377441, 1.1880687475204468, 1.182836651802063, 1.167360782623291, 1.1761977672576904, 1.1805412769317627, 1.1952807903289795, 1.166258692741394, 1.1601237058639526, 1.170343279838562, 1.1810318231582642, 1.1839690208435059, 1.1561473608016968, 1.1617679595947266, 1.1757607460021973, 1.1774954795837402, 1.1662578582763672, 1.172757863998413, 1.1513903141021729, 1.1687512397766113, 1.1455645561218262, 1.1781758069992065, 1.1537474393844604, 1.1580229997634888, 1.1543267965316772, 1.1398643255233765, 1.1545518636703491, 1.163256049156189, 1.1584124565124512, 1.1419148445129395, 1.146347165107727, 1.1488864421844482, 1.1506062746047974, 1.168535828590393, 1.1449497938156128, 1.1439003944396973], "val_acurracy": [0.20468750596046448, 0.2903124988079071, 0.2746874988079071, 0.30000001192092896, 0.3331249952316284, 0.3121874928474426, 0.32906249165534973, 0.3309375047683716, 0.32374998927116394, 0.32124999165534973, 0.33812499046325684, 0.31187498569488525, 0.31812500953674316, 0.33031249046325684, 0.32593750953674316, 0.33812499046325684, 0.3296875059604645, 0.33687499165534973, 0.34187498688697815, 0.33406248688697815, 0.32875001430511475, 0.3253124952316284, 0.3515625, 0.3421874940395355, 0.3228124976158142, 0.31937500834465027, 0.33906251192092896, 0.3268750011920929, 0.33500000834465027, 0.3387500047683716, 0.3499999940395355, 0.3465625047683716, 0.32343751192092896, 0.33906251192092896, 0.34187498688697815, 0.3478125035762787, 0.3556250035762787, 0.3309375047683716, 0.3503125011920929, 0.3499999940395355, 0.3334375023841858, 0.35249999165534973, 0.3531250059604645, 0.3568750023841858, 0.34937500953674316, 0.3553124964237213, 0.35874998569488525, 0.34593749046325684, 0.36250001192092896, 0.33687499165534973, 0.36531248688697815, 0.34718748927116394, 0.34687501192092896, 0.34312498569488525, 0.3621875047683716, 0.3725000023841858, 0.37062498927116394, 0.3518750071525574, 0.3568750023841858, 0.32875001430511475, 0.36156249046325684, 0.3462499976158142]}