{"loss": [0.793334424495697, 0.7742269039154053, 0.8249983191490173, 0.41941365599632263, 0.6132043600082397, 0.4866259694099426], "acurracy": [0.7868750095367432, 0.8518750071525574, 0.8283593654632568, 0.927734375, 0.8819531202316284, 0.9084374904632568], "val_loss": [2.514711380004883, 2.6356277465820312, 2.830333948135376, 3.4176998138427734, 3.5703117847442627, 4.036161422729492], "val_acurracy": [0.17148438096046448, 0.1478906273841858, 0.09351562708616257, 0.09023437649011612, 0.056328125298023224, 0.04695312678813934]}