{"loss": [0.6950936317443848, 0.5093184113502502, 0.5582420825958252, 0.4480734169483185, 0.6128957867622375, 0.6806225776672363, 0.6091855764389038, 0.3921818137168884, 0.6719810962677002, 0.4986748993396759, 0.7074435949325562, 0.6284193396568298, 0.567018449306488, 0.6564251780509949, 0.44146907329559326, 0.7032498717308044], "acurracy": [0.8122656345367432, 0.9129687547683716, 0.8952343463897705, 0.9221093654632568, 0.8807031512260437, 0.8512499928474426, 0.876953125, 0.9321874976158142, 0.8556249737739563, 0.9057031273841858, 0.8439843654632568, 0.8656250238418579, 0.8824218511581421, 0.8539843559265137, 0.9164062738418579, 0.8404687643051147], "val_loss": [2.69429874420166, 2.7892425060272217, 2.551870346069336, 2.630070686340332, 2.3711163997650146, 2.112663507461548, 2.242072820663452, 2.5790364742279053, 2.1158840656280518, 2.2521793842315674, 2.0612335205078125, 2.1819870471954346, 2.119077682495117, 2.155590534210205, 2.358455181121826, 2.110043525695801], "val_acurracy": [0.16789062321186066, 0.17335937917232513, 0.18710938096046448, 0.18140624463558197, 0.1789843738079071, 0.17804688215255737, 0.17093749344348907, 0.1674218773841858, 0.16859374940395355, 0.16773436963558197, 0.1693750023841858, 0.1686718761920929, 0.1692187488079071, 0.16804687678813934, 0.16773436963558197, 0.17156249284744263]}