{"loss": [0.9240854382514954, 0.21394068002700806, 0.48236456513404846, 0.3693234920501709, 0.34638941287994385, 0.3215995132923126], "acurracy": [0.7215625047683716, 0.9574218988418579, 0.8655468821525574, 0.8823437690734863, 0.883593738079071, 0.8838281035423279], "val_loss": [1.8738396167755127, 2.0323100090026855, 2.5641977787017822, 2.915107488632202, 2.9912164211273193, 3.0946688652038574], "val_acurracy": [0.25609374046325684, 0.22218750417232513, 0.18843750655651093, 0.1850000023841858, 0.1875, 0.18671874701976776]}