{"loss": [0.954697847366333, 0.6967775821685791, 0.49422961473464966, 0.4634507894515991, 0.36240020394325256, 0.5066205859184265], "acurracy": [0.6878125071525574, 0.8498437404632568, 0.8942187428474426, 0.9039843678474426, 0.9235156178474426, 0.8773437738418579], "val_loss": [3.141841411590576, 3.676276922225952, 3.924380302429199, 4.017927169799805, 4.0674662590026855, 3.999563217163086], "val_acurracy": [0.16804687678813934, 0.16249999403953552, 0.16429688036441803, 0.15281249582767487, 0.1642187535762787, 0.1614062488079071]}