{"loss": [0.8234483599662781, 0.6067211031913757, 0.43632152676582336, 0.41323673725128174, 0.45476898550987244, 0.4830634295940399, 0.5121855735778809], "acurracy": [0.7723437547683716, 0.86328125, 0.9053906202316284, 0.9121875166893005, 0.8977344036102295, 0.8880468606948853, 0.8749218583106995], "val_loss": [2.07074236869812, 1.9096853733062744, 2.2329492568969727, 2.2339234352111816, 2.256793260574341, 2.112635374069214, 2.0086588859558105], "val_acurracy": [0.21398437023162842, 0.28734374046325684, 0.22031250596046448, 0.22859375178813934, 0.23570312559604645, 0.2628124952316284, 0.29124999046325684]}