{"loss": [0.7183262705802917, 0.5404725074768066, 0.5117133259773254, 0.4000326097011566, 0.36006128787994385, 0.30254673957824707, 0.3748084604740143], "acurracy": [0.8185155987739563, 0.8740624785423279, 0.870312511920929, 0.8987500071525574, 0.9091406464576721, 0.9266406297683716, 0.9042187333106995], "val_loss": [2.1194541454315186, 1.9309799671173096, 1.9625462293624878, 2.0275211334228516, 2.0721869468688965, 2.168428897857666, 2.060683488845825], "val_acurracy": [0.1817968785762787, 0.2775000035762787, 0.29820311069488525, 0.29468750953674316, 0.29445311427116394, 0.28117188811302185, 0.29781249165534973]}