{"loss": [0.773479163646698, 0.5162305235862732, 0.620886504650116, 0.35418087244033813, 0.5284484624862671, 0.37879374623298645], "acurracy": [0.7990624904632568, 0.9000781178474426, 0.8622656464576721, 0.9353906512260437, 0.8795312643051147, 0.9149218797683716], "val_loss": [3.0153839588165283, 3.439622402191162, 3.5980639457702637, 3.797609329223633, 3.8621084690093994, 3.958627939224243], "val_acurracy": [0.1692187488079071, 0.16179686784744263, 0.14249999821186066, 0.1567968726158142, 0.12789063155651093, 0.14937500655651093]}