{"loss": [0.999601423740387, 0.7937943935394287, 0.45823970437049866, 0.5566933155059814, 0.6791841387748718, 0.3637559413909912], "acurracy": [0.7014843821525574, 0.8145312666893005, 0.9077343940734863, 0.8792968988418579, 0.822265625, 0.925000011920929], "val_loss": [2.9235825538635254, 3.1212995052337646, 3.497619867324829, 3.4802205562591553, 3.5492608547210693, 3.773207426071167], "val_acurracy": [0.16773436963558197, 0.15648438036441803, 0.16695313155651093, 0.15421874821186066, 0.1485937535762787, 0.16710937023162842]}