{"loss": [0.615006685256958, 0.40374934673309326, 0.316516637802124, 0.3717513978481293, 0.2854895293712616, 0.2396644949913025, 0.18978771567344666], "acurracy": [0.8078906536102295, 0.8806250095367432, 0.8883593678474426, 0.854687511920929, 0.8857812285423279, 0.901562511920929, 0.923046886920929], "val_loss": [1.964060664176941, 1.8271647691726685, 1.967443585395813, 2.1275768280029297, 2.1969528198242188, 2.244485378265381, 2.2704272270202637], "val_acurracy": [0.28023436665534973, 0.27296873927116394, 0.24671874940395355, 0.24265624582767487, 0.24156250059604645, 0.2356249988079071, 0.23210936784744263]}