{"loss": [0.8295691013336182, 0.5573941469192505, 0.7427242994308472, 0.5919190049171448, 0.660876452922821, 0.5102676749229431], "acurracy": [0.7682812213897705, 0.9028124809265137, 0.8559374809265137, 0.8848437666893005, 0.8649218678474426, 0.8971874713897705], "val_loss": [2.307202100753784, 2.6376800537109375, 2.7350292205810547, 3.3620553016662598, 3.869574546813965, 4.610869884490967], "val_acurracy": [0.17070312798023224, 0.16734375059604645, 0.1496874988079071, 0.13695313036441803, 0.10117187350988388, 0.08882812410593033]}