{"loss": [0.8706673383712769, 0.6566246747970581, 0.7377412915229797, 0.5158641338348389, 0.38503655791282654, 0.45510542392730713], "acurracy": [0.7685937285423279, 0.8813281059265137, 0.8525000214576721, 0.9059374928474426, 0.9339062571525574, 0.9134374856948853], "val_loss": [2.2367653846740723, 2.4190268516540527, 2.7405762672424316, 3.2124688625335693, 3.6864681243896484, 4.233261585235596], "val_acurracy": [0.16695313155651093, 0.15914063155651093, 0.1171875, 0.09460937231779099, 0.07703124731779099, 0.051484376192092896]}