{"loss": [1.0190900564193726, 0.4011691212654114, 0.5193257927894592, 0.4804876446723938, 0.4127795100212097, 0.46919259428977966], "acurracy": [0.68359375, 0.9263281226158142, 0.8953906297683716, 0.893750011920929, 0.9130468964576721, 0.8903906345367432], "val_loss": [2.643505334854126, 3.32135009765625, 3.589637517929077, 3.6820366382598877, 3.8784146308898926, 3.820765495300293], "val_acurracy": [0.16820313036441803, 0.16648437082767487, 0.15125000476837158, 0.13203124701976776, 0.1282031238079071, 0.14835937321186066]}