{"loss": [0.22748257219791412, 0.1457025557756424, 0.1122676208615303, 0.1050829142332077, 0.08064811676740646, 0.06253381073474884, 0.1136993020772934, 0.05901095271110535, 0.10683584213256836, 0.1054309755563736, 0.1692548543214798, 0.08071216940879822, 0.0736108273267746, 0.0611841045320034], "accuracy": [0.9122655987739563, 0.9727343916893005, 0.98046875, 0.9810937643051147, 0.9867968559265137, 0.9903125166893005, 0.9797656536102295, 0.9912499785423279, 0.9806249737739563, 0.9810156226158142, 0.9646875262260437, 0.9862499833106995, 0.9870312213897705, 0.9899218678474426], "val_loss": [1.0868626832962036, 1.1100672483444214, 1.1029325723648071, 1.0496805906295776, 1.0575168132781982, 1.0296499729156494, 1.0158902406692505, 0.9972994327545166, 0.9571283459663391, 0.9575222134590149, 0.996756374835968, 0.9937515258789062, 1.0149338245391846, 1.004469871520996], "val_accuracy": [0.2088281214237213, 0.19046874344348907, 0.1876562535762787, 0.1880468726158142, 0.19062499701976776, 0.19078125059604645, 0.18906250596046448, 0.1939062476158142, 0.1912499964237213, 0.19078125059604645, 0.18843750655651093, 0.1907031238079071, 0.19296875596046448, 0.19164063036441803]}