{"loss": [0.21322235465049744, 0.06589412689208984, 0.0842304602265358, 0.07429682463407516, 0.01007306668907404, 0.07189518958330154, 0.10650131851434708, 0.06816091388463974, 0.19812284409999847, 0.032238949090242386], "accuracy": [0.9282031059265137, 0.9907031059265137, 0.9860156178474426, 0.9883593916893005, 1.0, 0.9899218678474426, 0.981640636920929, 0.9897656440734863, 0.9618750214576721, 0.9974218606948853], "val_loss": [0.9331590533256531, 0.9442997574806213, 0.9141905307769775, 0.9221522808074951, 0.8832101225852966, 0.9086055159568787, 0.9464206695556641, 0.9483793377876282, 0.9699936509132385, 0.9370428323745728], "val_accuracy": [0.1954687535762787, 0.18664062023162842, 0.18312500417232513, 0.18367187678813934, 0.19234375655651093, 0.18476562201976776, 0.1770312488079071, 0.18242187798023224, 0.1674218773841858, 0.17624999582767487]}