{"loss": [0.26519307494163513, 0.041792403906583786, 0.1085628792643547, 0.07913903146982193, 0.14938457310199738, 0.06003544479608536, 0.0561327189207077, 0.07790431380271912, 0.09692924469709396, 0.060204535722732544, 0.07535654306411743, 0.07462580502033234, 0.07638909667730331, 0.12267769128084183, 0.05474073812365532, 0.09349284321069717], "accuracy": [0.89453125, 0.9954687356948853, 0.9810937643051147, 0.9872656464576721, 0.971484363079071, 0.9909374713897705, 0.9910937547683716, 0.9866406321525574, 0.9811718463897705, 0.9900781512260437, 0.9868749976158142, 0.986328125, 0.9854687452316284, 0.9713281393051147, 0.9904687404632568, 0.9775000214576721], "val_loss": [0.5203620195388794, 0.4962044954299927, 0.4755614399909973, 0.47936224937438965, 0.46495774388313293, 0.47218191623687744, 0.46930500864982605, 0.46095526218414307, 0.45303112268447876, 0.45253217220306396, 0.44929781556129456, 0.4494706094264984, 0.45633384585380554, 0.48899897933006287, 0.48705047369003296, 0.5332303047180176], "val_accuracy": [0.8202343583106995, 0.8209375143051147, 0.8216406106948853, 0.8217187523841858, 0.8211718797683716, 0.8212500214576721, 0.8217187523841858, 0.8221094012260437, 0.826953113079071, 0.8246874809265137, 0.8305468559265137, 0.8364843726158142, 0.8364062309265137, 0.8313281536102295, 0.8277343511581421, 0.8241406083106995]}