{"loss": [0.2672988474369049, 0.09686336666345596, 0.06840761005878448, 0.07966592162847519, 0.11254633218050003, 0.056180573999881744, 0.0826997458934784, 0.058202799409627914, 0.04303312674164772, 0.0054526561871171], "accuracy": [0.897265613079071, 0.9793750047683716, 0.9857812523841858, 0.9803125262260437, 0.9672656059265137, 0.9850000143051147, 0.974609375, 0.9826562404632568, 0.9860156178474426, 1.0], "val_loss": [0.7541800737380981, 0.7396592497825623, 0.7727574110031128, 0.7903344035148621, 0.7184814214706421, 0.7215241193771362, 0.7467756867408752, 0.7666074633598328, 0.7796908020973206, 0.8979764580726624], "val_accuracy": [0.17445312440395355, 0.8278906345367432, 0.8332812786102295, 0.8345312476158142, 0.8313281536102295, 0.8239062428474426, 0.8220312595367432, 0.8225781321525574, 0.8209375143051147, 0.1697656214237213]}