{"loss": [0.26207247376441956, 0.06180061027407646, 0.12611320614814758, 0.13492633402347565, 0.0653495192527771, 0.07964631170034409, 0.09633846580982208, 0.03851816803216934, 0.04992147907614708, 0.07388333231210709, 0.026765527203679085], "accuracy": [0.9105468988418579, 0.9901562333106995, 0.9729687571525574, 0.9682031273841858, 0.9853906035423279, 0.9811718463897705, 0.9720312356948853, 0.9901562333106995, 0.9859374761581421, 0.9750781059265137, 0.9924218654632568], "val_loss": [0.791017472743988, 0.6418576836585999, 0.536247730255127, 0.47522643208503723, 0.46827271580696106, 0.4596809148788452, 0.46067729592323303, 0.4741450250148773, 0.47842758893966675, 0.4762038290500641, 0.4982200264930725], "val_accuracy": [0.1544531285762787, 0.8181250095367432, 0.8150781393051147, 0.8126562237739563, 0.8132030963897705, 0.8119531273841858, 0.8127343654632568, 0.815234363079071, 0.8139843940734863, 0.8204687237739563, 0.8197656273841858]}