{"loss": [0.206313356757164, 0.12359169125556946, 0.12922468781471252, 0.10334689170122147, 0.056222978979349136, 0.08129101991653442, 0.0844811499118805, 0.10351994633674622, 0.10029809921979904, 0.10406036674976349, 0.17166240513324738, 0.09934929013252258, 0.07901440560817719, 0.0553184375166893, 0.059993185102939606, 0.059358157217502594, 0.0648350939154625, 0.08343008160591125, 0.1306804120540619], "accuracy": [0.9405468702316284, 0.9783594012260437, 0.9768750071525574, 0.9810156226158142, 0.991015613079071, 0.9861719012260437, 0.9862499833106995, 0.981249988079071, 0.9820312261581421, 0.9807812571525574, 0.9635937213897705, 0.983203113079071, 0.9864062666893005, 0.9911718964576721, 0.9898437261581421, 0.9898437261581421, 0.9889062643051147, 0.9849218726158142, 0.9728906154632568], "val_loss": [0.6693959832191467, 0.6521854996681213, 0.6363553404808044, 0.6181292533874512, 0.5908224582672119, 0.5839895009994507, 0.5743018388748169, 0.5879737734794617, 0.5687636733055115, 0.5578811764717102, 0.5492721796035767, 0.5755373239517212, 0.5494233965873718, 0.5450200438499451, 0.5613900423049927, 0.5784751772880554, 0.6262809634208679, 0.6225253939628601, 0.6352136731147766], "val_accuracy": [0.8241406083106995, 0.8235937356948853, 0.8203125, 0.819531261920929, 0.821484386920929, 0.821484386920929, 0.8210155963897705, 0.8204687237739563, 0.8198437690734863, 0.8189062476158142, 0.8127343654632568, 0.8120312690734863, 0.8128125071525574, 0.8132030963897705, 0.8121874928474426, 0.8126562237739563, 0.8080468773841858, 0.8042968511581421, 0.8025781512260437]}