{"loss": [0.1645064353942871, 0.029563792049884796, 0.02879182994365692, 0.11413595080375671, 0.028311412781476974, 0.04802843928337097, 0.03173459693789482, 0.05697038024663925, 0.028859561309218407, 0.06602773070335388, 0.07758257538080215, 0.042719852179288864, 0.033688999712467194, 0.024153850972652435, 0.031153276562690735, 0.04712596535682678, 0.056620921939611435, 0.028167642652988434, 0.05434985086321831, 0.025584762915968895, 0.05484413728117943], "accuracy": [0.9497656226158142, 0.9957031011581421, 0.9946093559265137, 0.9668750166893005, 0.9925781488418579, 0.985156238079071, 0.9903125166893005, 0.9787499904632568, 0.9900781512260437, 0.9716406464576721, 0.9650781154632568, 0.9820312261581421, 0.9858593940734863, 0.9892187714576721, 0.9864062666893005, 0.9772655963897705, 0.9724218845367432, 0.9862499833106995, 0.9733593463897705, 0.9879687428474426, 0.9742968678474426], "val_loss": [0.7629984021186829, 0.7604690790176392, 0.7055107355117798, 0.7055822014808655, 0.748546302318573, 0.6841571927070618, 0.7338016629219055, 0.6856043338775635, 0.7092541456222534, 0.6563007235527039, 0.5802472829818726, 0.5781172513961792, 0.5725256204605103, 0.5742854475975037, 0.5497277975082397, 0.5079406499862671, 0.5108832716941833, 0.5090051889419556, 0.5145255923271179, 0.5184999704360962, 0.5112098455429077], "val_accuracy": [0.1544531285762787, 0.8087499737739563, 0.815625011920929, 0.8189843893051147, 0.819531261920929, 0.817187488079071, 0.8139062523841858, 0.8173437714576721, 0.8166406154632568, 0.8211718797683716, 0.8249218463897705, 0.823046863079071, 0.8211718797683716, 0.821093738079071, 0.8214062452316284, 0.826171875, 0.8285156488418579, 0.8256250023841858, 0.8248437643051147, 0.8250781297683716, 0.8279687762260437]}