{"loss": [0.1596064567565918, 0.10313931107521057, 0.10780848562717438, 0.12932024896144867, 0.10476414859294891, 0.10446188598871231, 0.03642348200082779, 0.11526087671518326, 0.053969692438840866, 0.09090527892112732, 0.09059587121009827], "accuracy": [0.950390636920929, 0.9819531440734863, 0.9811718463897705, 0.9751562476158142, 0.9809374809265137, 0.9805468916893005, 0.9951562285423279, 0.9775781035423279, 0.9909374713897705, 0.981640636920929, 0.9815624952316284], "val_loss": [0.4984673261642456, 0.4870623052120209, 0.4805353581905365, 0.48203495144844055, 0.47467002272605896, 0.47267255187034607, 0.4764164984226227, 0.4754142463207245, 0.476769357919693, 0.4766922891139984, 0.47637939453125], "val_accuracy": [0.8217187523841858, 0.8217187523841858, 0.8217187523841858, 0.8217187523841858, 0.8217187523841858, 0.8217187523841858, 0.8217187523841858, 0.8207031488418579, 0.8201562762260437, 0.819531261920929, 0.8206250071525574]}