{"loss": [0.1103435531258583, 0.033092204481363297, 0.04869316518306732, 0.07616725564002991, 0.05970592051744461, 0.06700943410396576, 0.04377812519669533], "accuracy": [0.9802343845367432, 0.9948437213897705, 0.9900000095367432, 0.9810937643051147, 0.9829687476158142, 0.978515625, 0.9852343797683716], "val_loss": [0.6243172883987427, 0.5862559080123901, 0.5952328443527222, 0.6821054220199585, 0.727884829044342, 0.732282280921936, 0.7933864593505859], "val_accuracy": [0.8255468606948853, 0.8279687762260437, 0.8349218964576721, 0.8364062309265137, 0.8342968821525574, 0.8330468535423279, 0.8310156464576721]}