{"loss": [0.24571214616298676, 0.08644630759954453, 0.10334732383489609, 0.12346787750720978, 0.10804959386587143, 0.16407641768455505], "accuracy": [0.9172656536102295, 0.9858593940734863, 0.9817187786102295, 0.9782031178474426, 0.9809374809265137, 0.9677343964576721], "val_loss": [0.8689275979995728, 0.8767582774162292, 0.8836997151374817, 0.8827471137046814, 0.9027526378631592, 0.9127252101898193], "val_accuracy": [0.20039062201976776, 0.1939062476158142, 0.19304686784744263, 0.19062499701976776, 0.19101563096046448, 0.1912499964237213]}