{"loss": [0.14953328669071198, 0.10252631455659866, 0.10064156353473663, 0.055863652378320694, 0.1125774011015892, 0.08604492992162704, 0.0803566426038742], "accuracy": [0.9567187428474426, 0.9807812571525574, 0.9807031154632568, 0.9906250238418579, 0.975390613079071, 0.9808593988418579, 0.9805468916893005], "val_loss": [0.49845460057258606, 0.490960955619812, 0.5148758888244629, 0.5255678296089172, 0.5350528955459595, 0.5718892812728882, 0.6431972980499268], "val_accuracy": [0.8238281011581421, 0.8246874809265137, 0.8303906321525574, 0.8342187404632568, 0.8267187476158142, 0.8235156536102295, 0.8236718773841858]}