{"loss": [0.4501968026161194, 0.1836235225200653, 0.0664663165807724, 0.059090644121170044, 0.11352226883172989, 0.14784546196460724, 0.11071405559778214, 0.03685002774000168, 0.008397906087338924, 0.0963335782289505, 0.15644244849681854, 0.10137360543012619, 0.11359859257936478, 0.06046563759446144, 0.10448877513408661, 0.09870069473981857, 0.054685190320014954, 0.032116543501615524, 0.03286615014076233, 0.060358963906764984, 0.13625259697437286, 0.1097651869058609, 0.13406352698802948, 0.14237838983535767, 0.10347316414117813], "accuracy": [0.7972656488418579, 0.9643750190734863, 0.991015613079071, 0.9910937547683716, 0.9803906083106995, 0.9732812643051147, 0.9807031154632568, 0.9957031011581421, 1.0, 0.9849218726158142, 0.9716406464576721, 0.9820312261581421, 0.9796093702316284, 0.9912499785423279, 0.9815624952316284, 0.9827343821525574, 0.9925781488418579, 0.9959375262260437, 0.9956250190734863, 0.9908593893051147, 0.9760937690734863, 0.9798437356948853, 0.974609375, 0.9725781083106995, 0.9820312261581421], "val_loss": [0.7057830095291138, 0.6910520195960999, 0.6582330465316772, 0.6473152041435242, 0.6481303572654724, 0.6494914889335632, 0.6456277370452881, 0.6238986253738403, 0.605323851108551, 0.613720715045929, 0.6326892375946045, 0.6153729557991028, 0.6135361194610596, 0.600872278213501, 0.6036264896392822, 0.59763503074646, 0.5820109844207764, 0.5764262676239014, 0.5714401006698608, 0.5707290768623352, 0.5901411771774292, 0.5827018022537231, 0.5811716318130493, 0.5918201208114624, 0.5713047981262207], "val_accuracy": [0.1796875, 0.8257812261581421, 0.8217968940734863, 0.8217187523841858, 0.8217187523841858, 0.8218749761581421, 0.8217187523841858, 0.8217187523841858, 0.8217187523841858, 0.8217187523841858, 0.8217187523841858, 0.8217187523841858, 0.8217187523841858, 0.8217187523841858, 0.8217187523841858, 0.8217187523841858, 0.8217187523841858, 0.8217187523841858, 0.8217187523841858, 0.8217187523841858, 0.8217187523841858, 0.8217187523841858, 0.8217187523841858, 0.8217187523841858, 0.8217187523841858]}