{"loss": [0.19993381202220917, 0.08434700220823288, 0.09473283588886261, 0.1080787405371666, 0.06503182649612427, 0.08872105926275253, 0.08991630375385284, 0.03726319596171379, 0.15608841180801392, 0.10928823798894882, 0.08062484115362167, 0.09096717834472656, 0.08023135364055634, 0.11396251618862152, 0.1711907535791397, 0.1319909393787384, 0.10655871033668518, 0.10180625319480896, 0.08329734951257706, 0.06205682456493378], "accuracy": [0.9466406106948853, 0.9879687428474426, 0.9850000143051147, 0.9814843535423279, 0.9903905987739563, 0.9857031106948853, 0.9850780963897705, 0.9951562285423279, 0.9724218845367432, 0.9810156226158142, 0.9865624904632568, 0.9849218726158142, 0.9864843487739563, 0.9810156226158142, 0.965624988079071, 0.9764062762260437, 0.9811718463897705, 0.9815624952316284, 0.9858593940734863, 0.9905468821525574], "val_loss": [0.5690900683403015, 0.560899555683136, 0.5591582655906677, 0.5552664399147034, 0.560723066329956, 0.562669575214386, 0.5590064525604248, 0.56939697265625, 0.5549416542053223, 0.5531088709831238, 0.5585533976554871, 0.5603307485580444, 0.5658511519432068, 0.5556511282920837, 0.5420114994049072, 0.5458422303199768, 0.5470907688140869, 0.5441998243331909, 0.5512756705284119, 0.5589842796325684], "val_accuracy": [0.8217187523841858, 0.8217187523841858, 0.8217187523841858, 0.8217187523841858, 0.8217187523841858, 0.8217187523841858, 0.8217187523841858, 0.8217187523841858, 0.8217187523841858, 0.8217187523841858, 0.8217187523841858, 0.8217187523841858, 0.8217187523841858, 0.8217187523841858, 0.8217187523841858, 0.8217187523841858, 0.8217187523841858, 0.8217187523841858, 0.8217187523841858, 0.8217187523841858]}