{"loss": [0.29378509521484375, 0.15445220470428467, 0.1559489369392395, 0.09613680094480515, 0.08372638374567032, 0.13248012959957123, 0.15123210847377777, 0.09664911031723022, 0.04381909966468811, 0.07646185159683228, 0.13968583941459656, 0.12164214998483658, 0.10586552321910858, 0.16752292215824127, 0.10746299475431442], "accuracy": [0.8846874833106995, 0.9711718559265137, 0.9701562523841858, 0.9849218726158142, 0.9867968559265137, 0.9759374856948853, 0.9719531536102295, 0.9846875071525574, 0.9944531321525574, 0.9878906011581421, 0.9749218821525574, 0.9782031178474426, 0.9818750023841858, 0.9674218893051147, 0.9819531440734863], "val_loss": [0.7540007829666138, 0.6858164072036743, 0.6653268933296204, 0.6320178508758545, 0.6121534705162048, 0.6306167840957642, 0.6515699028968811, 0.6295085549354553, 0.6024686098098755, 0.5971280932426453, 0.6277668476104736, 0.6109230518341064, 0.6048247814178467, 0.656089723110199, 0.6249382495880127], "val_accuracy": [0.1438281238079071, 0.7975780963897705, 0.7947656512260437, 0.801562488079071, 0.8036718964576721, 0.7997656464576721, 0.7969531416893005, 0.8021875023841858, 0.8073437213897705, 0.8077343702316284, 0.8003125190734863, 0.8046093583106995, 0.8079687356948853, 0.7985156178474426, 0.8057812452316284]}