{"loss": [0.23605692386627197, 0.16031859815120697, 0.1670905500650406, 0.1019853949546814, 0.10697991400957108, 0.128624826669693, 0.056173939257860184, 0.03738442808389664], "accuracy": [0.9301562309265137, 0.9694530963897705, 0.9680469036102295, 0.9819531440734863, 0.9808593988418579, 0.9762499928474426, 0.9919531345367432, 0.9950781464576721], "val_loss": [0.6465712785720825, 0.6211922764778137, 0.6199464201927185, 0.6213589310646057, 0.6223257184028625, 0.6236076354980469, 0.6303447484970093, 0.6348353028297424], "val_accuracy": [0.8223437666893005, 0.8227343559265137, 0.8217187523841858, 0.8193749785423279, 0.8187500238418579, 0.8185937404632568, 0.8200781345367432, 0.8207031488418579]}