{"loss": [0.21016673743724823, 0.12021705508232117, 0.09874071180820465, 0.10845276713371277, 0.0963163822889328, 0.04973826929926872, 0.1158549040555954, 0.0809774398803711, 0.09581442922353745], "accuracy": [0.9400781393051147, 0.9765625, 0.9811718463897705, 0.9771875143051147, 0.9797656536102295, 0.9911718964576721, 0.9730468988418579, 0.9817187786102295, 0.9759374856948853], "val_loss": [0.6270983815193176, 0.6279886364936829, 0.6249881982803345, 0.6006369590759277, 0.6033222079277039, 0.6142340302467346, 0.6047315001487732, 0.6057973504066467, 0.6141761541366577], "val_accuracy": [0.8217187523841858, 0.8217187523841858, 0.8218749761581421, 0.821484386920929, 0.8226562738418579, 0.823437511920929, 0.82421875, 0.8292187452316284, 0.8311718702316284]}