{"loss": [0.19698183238506317, 0.15313905477523804, 0.11415597051382065, 0.1206570714712143, 0.14549006521701813, 0.08180002868175507], "accuracy": [0.9384375214576721, 0.9719531536102295, 0.979687511920929, 0.9795312285423279, 0.9725781083106995, 0.9864843487739563], "val_loss": [0.923546552658081, 0.9541558027267456, 0.9644839763641357, 0.9587296843528748, 0.9714469313621521, 0.9720958471298218], "val_accuracy": [0.16500000655651093, 0.1619531214237213, 0.15976563096046448, 0.16437500715255737, 0.1640625, 0.1646093726158142]}