{"loss": [0.16966275870800018, 0.10020926594734192, 0.03803478181362152, 0.13507682085037231, 0.09386104345321655, 0.03763474151492119, 0.049951959401369095, 0.08522924780845642, 0.09902631491422653, 0.09884262830018997, 0.07753074914216995, 0.05188596248626709, 0.05549488216638565, 0.07587145268917084, 0.12911774218082428, 0.10433204472064972, 0.05417857691645622, 0.030745334923267365, 0.03622477874159813, 0.08836408704519272, 0.08677205443382263, 0.03177783638238907, 0.04708312824368477, 0.11446218192577362, 0.06233012676239014, 0.0783306285738945, 0.07761930674314499, 0.02875366248190403, 0.029737509787082672], "accuracy": [0.9460155963897705, 0.9821875095367432, 0.9951562285423279, 0.9761718511581421, 0.9828906059265137, 0.994921863079071, 0.9921875, 0.9860937595367432, 0.9814843535423279, 0.9813281297683716, 0.9860937595367432, 0.991015613079071, 0.9905468821525574, 0.9860156178474426, 0.9717968702316284, 0.9770312309265137, 0.9903905987739563, 0.994921863079071, 0.9937499761581421, 0.9820312261581421, 0.9810156226158142, 0.9950781464576721, 0.9908593893051147, 0.9728124737739563, 0.9857812523841858, 0.9815624952316284, 0.9814843535423279, 0.9950000047683716, 0.9946874976158142], "val_loss": [0.5703189969062805, 0.5554353594779968, 0.5805423855781555, 0.5433730483055115, 0.5333331227302551, 0.5552865862846375, 0.5504714250564575, 0.5087721943855286, 0.48675402998924255, 0.47057095170021057, 0.46658381819725037, 0.4695970416069031, 0.4558795690536499, 0.4317534267902374, 0.4057641625404358, 0.39202284812927246, 0.39809444546699524, 0.4224641025066376, 0.4124528169631958, 0.379349023103714, 0.3717498779296875, 0.3854770362377167, 0.3866358697414398, 0.3647143244743347, 0.416171669960022, 0.3868895471096039, 0.3984103500843048, 0.4333512485027313, 0.43674859404563904], "val_accuracy": [0.8217187523841858, 0.8217187523841858, 0.8217187523841858, 0.8217187523841858, 0.8217187523841858, 0.8217187523841858, 0.8217187523841858, 0.8217187523841858, 0.8217187523841858, 0.8221874833106995, 0.8218749761581421, 0.8217187523841858, 0.8210155963897705, 0.8274999856948853, 0.8204687237739563, 0.8211718797683716, 0.814453125, 0.8168749809265137, 0.8160156011581421, 0.8194531202316284, 0.8196094036102295, 0.8166406154632568, 0.8167968988418579, 0.8217968940734863, 0.8036718964576721, 0.8159375190734863, 0.8114843964576721, 0.8051562309265137, 0.8085156083106995]}