{"loss": [0.268894761800766, 0.11475476622581482, 0.04311194270849228, 0.03437703847885132, 0.14162307977676392, 0.08417848497629166], "accuracy": [0.8832031488418579, 0.9799218773841858, 0.994921863079071, 0.9956250190734863, 0.9758594036102295, 0.9864062666893005], "val_loss": [0.6927027702331543, 0.7187265157699585, 0.725037693977356, 0.7259728908538818, 0.7187297940254211, 0.7265676259994507], "val_accuracy": [0.8255468606948853, 0.828125, 0.8271874785423279, 0.8256250023841858, 0.8267968893051147, 0.8271874785423279]}