{"loss": [0.28006845712661743, 0.03633284941315651, 0.11879190802574158, 0.1440054327249527, 0.08178931474685669, 0.061399172991514206], "accuracy": [0.8888280987739563, 0.9958593845367432, 0.9794531464576721, 0.9727343916893005, 0.9867968559265137, 0.9905468821525574], "val_loss": [0.7885870337486267, 0.789255678653717, 0.8154375553131104, 0.8488295674324036, 0.8560314178466797, 0.8665945529937744], "val_accuracy": [0.1431249976158142, 0.1432812511920929, 0.14562499523162842, 0.14390625059604645, 0.1413281261920929, 0.1393750011920929]}