{"loss": [0.21824806928634644, 0.14280293881893158, 0.12897129356861115, 0.08972439169883728, 0.12800204753875732, 0.039730265736579895, 0.08984953910112381], "accuracy": [0.9412500262260437, 0.9732031226158142, 0.9775000214576721, 0.9856250286102295, 0.9771875143051147, 0.9952343702316284, 0.985156238079071], "val_loss": [0.6452534198760986, 0.6400359869003296, 0.647339940071106, 0.6675330996513367, 0.6470251679420471, 0.6835696697235107, 0.6426380276679993], "val_accuracy": [0.8217187523841858, 0.8217187523841858, 0.8217187523841858, 0.8217187523841858, 0.8217187523841858, 0.8217187523841858, 0.8217187523841858]}