{"loss": [0.1599387526512146, 0.04273487627506256, 0.11533965170383453, 0.05904039740562439, 0.10915981978178024, 0.10760381072759628, 0.12678277492523193, 0.12857744097709656, 0.1000601127743721, 0.12335515767335892, 0.06352590769529343, 0.010175376199185848, 0.10680552572011948], "accuracy": [0.9578906297683716, 0.9950000047683716, 0.9805468916893005, 0.9915624856948853, 0.9808593988418579, 0.9819531440734863, 0.9760156273841858, 0.975781261920929, 0.9826562404632568, 0.9767968654632568, 0.9901562333106995, 1.0, 0.9821093678474426], "val_loss": [0.747988224029541, 0.7875467538833618, 0.7486921548843384, 0.765454113483429, 0.7323828339576721, 0.6991137862205505, 0.6975853443145752, 0.6642927527427673, 0.7216026782989502, 0.6958290934562683, 0.7199495434761047, 0.780149519443512, 0.7061633467674255], "val_accuracy": [0.8196094036102295, 0.8213281035423279, 0.8217187523841858, 0.8217187523841858, 0.8217187523841858, 0.8217187523841858, 0.8216406106948853, 0.8223437666893005, 0.8217187523841858, 0.8217187523841858, 0.8217187523841858, 0.8217187523841858, 0.8217968940734863]}