{"loss": [0.17684148252010345, 0.10204683989286423, 0.10588131099939346, 0.08987762778997421, 0.08564985543489456, 0.08422575145959854], "accuracy": [0.9342187643051147, 0.9821093678474426, 0.9805468916893005, 0.9838281273841858, 0.9848437309265137, 0.9850000143051147], "val_loss": [0.9099218249320984, 0.9517804980278015, 0.9601020812988281, 0.9554081559181213, 0.9675582051277161, 0.955456554889679], "val_accuracy": [0.17218750715255737, 0.17359374463558197, 0.17101562023162842, 0.16773436963558197, 0.16695313155651093, 0.16500000655651093]}