{"loss": [0.1002979651093483, 0.11210617423057556, 0.07851395756006241, 0.05987277626991272, 0.050206974148750305, 0.02692689187824726, 0.036464110016822815, 0.03769465163350105], "accuracy": [0.9853125214576721, 0.9818750023841858, 0.987500011920929, 0.9928125143051147, 0.9931250214576721, 0.9965624809265137, 0.9956250190734863, 0.9950000047683716], "val_loss": [0.6384814977645874, 0.5696141719818115, 0.5399847030639648, 0.5738969445228577, 0.6232801675796509, 0.5868125557899475, 0.5399937629699707, 0.5965862274169922], "val_accuracy": [0.9068750143051147, 0.9068750143051147, 0.9068750143051147, 0.9068750143051147, 0.9068750143051147, 0.9068750143051147, 0.9068750143051147, 0.9068750143051147]}