{"loss": [0.055455759167671204, 0.06503227353096008, 0.11887916922569275, 0.07548074424266815, 0.053652167320251465, 0.10104898363351822, 0.039761096239089966, 0.052863869816064835, 0.052059441804885864], "accuracy": [0.9728124737739563, 0.9921875, 0.981249988079071, 0.989062488079071, 0.9928125143051147, 0.9837499856948853, 0.9943749904632568, 0.9931250214576721, 0.9925000071525574], "val_loss": [0.9481360912322998, 0.7962660193443298, 0.6108065247535706, 0.5860646367073059, 0.6888776421546936, 0.6206426024436951, 0.6113812923431396, 0.595069944858551, 0.6186635494232178], "val_accuracy": [0.9068750143051147, 0.9068750143051147, 0.9068750143051147, 0.9068750143051147, 0.9068750143051147, 0.9068750143051147, 0.9068750143051147, 0.9068750143051147, 0.9068750143051147]}