{"loss": [0.1122649684548378, 0.03629499673843384, 0.04160917177796364, 0.04910295829176903, 0.04895869269967079, 0.021004028618335724], "accuracy": [0.9743750095367432, 0.995312511920929, 0.9943749904632568, 0.9940624833106995, 0.9934375286102295, 0.9975000023841858], "val_loss": [0.5521999597549438, 0.6607440114021301, 0.6464700102806091, 0.5545659065246582, 0.699806272983551, 0.6239411234855652], "val_accuracy": [0.9068750143051147, 0.9068750143051147, 0.9068750143051147, 0.9068750143051147, 0.9068750143051147, 0.9068750143051147]}