{"loss": [0.063716821372509, 0.001519169076345861, 0.03870772197842598, 0.023051489144563675, 0.030672164633870125, 0.015764834359288216, 0.030453432351350784, 0.007675130385905504, 0.0001774322590790689, 0.0522826686501503, 0.014826384373009205], "accuracy": [0.9831249713897705, 1.0, 0.9881250262260437, 0.9906250238418579, 0.9871875047683716, 0.9937499761581421, 0.9878125190734863, 0.996874988079071, 1.0, 0.9743750095367432, 0.9928125143051147], "val_loss": [0.6625177264213562, 0.6446122527122498, 0.5701354742050171, 0.4658014178276062, 0.45946866273880005, 0.4548121988773346, 0.48453062772750854, 0.5935137271881104, 0.6060466170310974, 0.499679297208786, 0.5846461057662964], "val_accuracy": [0.8999999761581421, 0.9006249904632568, 0.9049999713897705, 0.9068750143051147, 0.9068750143051147, 0.9068750143051147, 0.9068750143051147, 0.9068750143051147, 0.9003124833106995, 0.9068750143051147, 0.9068750143051147]}