{"loss": [0.060504622757434845, 0.05995544418692589, 0.024043595418334007, 0.04758656397461891, 0.03049413673579693, 0.028001317754387856, 0.009718324057757854, 0.040566228330135345, 0.011957312934100628, 0.018430383875966072, 0.03632231429219246, 0.015346318483352661, 0.02793947607278824, 0.03400822728872299, 0.0061059133149683475, 0.00012035814143018797, 0.014154418371617794, 0.00024487011251039803, 0.022505106404423714], "accuracy": [0.9837499856948853, 0.9837499856948853, 0.9931250214576721, 0.9803125262260437, 0.9871875047683716, 0.9878125190734863, 0.9956250190734863, 0.981249988079071, 0.9959375262260437, 0.9915624856948853, 0.9815624952316284, 0.9925000071525574, 0.9881250262260437, 0.9818750023841858, 0.9971874952316284, 1.0, 0.9940624833106995, 1.0, 0.9862499833106995], "val_loss": [0.6005357503890991, 0.5605342984199524, 0.5902734994888306, 0.5126563310623169, 0.3883703947067261, 0.4424773156642914, 0.3963697552680969, 0.309861958026886, 0.2906261682510376, 0.36786022782325745, 0.2790791392326355, 0.347426176071167, 0.34606441855430603, 0.2427988201379776, 0.2551761865615845, 0.25725090503692627, 0.2449050396680832, 0.24646508693695068, 0.28535887598991394], "val_accuracy": [0.9068750143051147, 0.8928124904632568, 0.870312511920929, 0.8818749785423279, 0.8928124904632568, 0.8687499761581421, 0.8968750238418579, 0.8896874785423279, 0.9021875262260437, 0.8603125214576721, 0.9037500023841858, 0.885937511920929, 0.9043750166893005, 0.9037500023841858, 0.9040625095367432, 0.9043750166893005, 0.8971874713897705, 0.9006249904632568, 0.8987500071525574]}