{"loss": [0.10121447592973709, 0.042887523770332336, 0.08604355901479721, 0.07006850838661194, 0.09935709834098816, 0.04795212671160698, 0.06634051352739334, 0.04771377518773079, 0.06637133657932281, 0.09437333047389984, 0.035072971135377884], "accuracy": [0.9800000190734863, 0.9946874976158142, 0.9856250286102295, 0.9896875023841858, 0.9831249713897705, 0.9934375286102295, 0.9887499809265137, 0.9934375286102295, 0.9900000095367432, 0.9840624928474426, 0.9946874976158142], "val_loss": [0.6063859462738037, 0.6423551440238953, 0.6209585666656494, 0.544398307800293, 0.5509624481201172, 0.4912128448486328, 0.5134040713310242, 0.5549744963645935, 0.6407892107963562, 0.7116763591766357, 0.9555065631866455], "val_accuracy": [0.9068750143051147, 0.9068750143051147, 0.9068750143051147, 0.9068750143051147, 0.9071875214576721, 0.9071875214576721, 0.90625, 0.90625, 0.90625, 0.9024999737739563, 0.20031249523162842]}