{"loss": [0.07609278708696365, 0.10314978659152985, 0.08816762268543243, 0.1238265410065651, 0.059092484414577484, 0.06412065774202347, 0.0208798386156559, 0.08724896609783173, 0.06607125699520111], "accuracy": [0.9881250262260437, 0.9831249713897705, 0.9868749976158142, 0.9800000190734863, 0.9915624856948853, 0.9893749952316284, 0.9971874952316284, 0.987500011920929, 0.9893749952316284], "val_loss": [0.6989250779151917, 0.48129981756210327, 0.534218966960907, 0.4498904049396515, 0.45429620146751404, 0.5354511141777039, 0.5699295401573181, 0.4537007212638855, 0.4540676772594452], "val_accuracy": [0.9068750143051147, 0.9068750143051147, 0.9068750143051147, 0.9068750143051147, 0.9068750143051147, 0.9068750143051147, 0.9068750143051147, 0.9068750143051147, 0.9068750143051147]}