{"loss": [0.08864837884902954, 0.09345709532499313, 0.053030986338853836, 0.1059810221195221, 0.0205423291772604, 0.06974153220653534, 0.06558280438184738], "accuracy": [0.9865624904632568, 0.9865624904632568, 0.9937499761581421, 0.9825000166893005, 0.9975000023841858, 0.9896875023841858, 0.9903125166893005], "val_loss": [0.589297354221344, 0.47964194416999817, 0.5431902408599854, 0.6404372453689575, 0.6395028829574585, 0.6712085604667664, 0.6587751507759094], "val_accuracy": [0.9068750143051147, 0.9068750143051147, 0.9068750143051147, 0.9068750143051147, 0.9068750143051147, 0.9068750143051147, 0.9068750143051147]}