{"loss": [0.0886351615190506, 0.07898762077093124, 0.05616120249032974, 0.06627941876649857, 0.05391186103224754, 0.07217521965503693, 0.10658416152000427, 0.019500210881233215, 0.05488947406411171], "accuracy": [0.9859374761581421, 0.989062488079071, 0.9931250214576721, 0.9893749952316284, 0.9918749928474426, 0.9887499809265137, 0.9821875095367432, 0.9975000023841858, 0.9925000071525574], "val_loss": [0.8464205265045166, 0.769256055355072, 0.7277726531028748, 0.5611231327056885, 0.7077231407165527, 0.6716840267181396, 0.5781555771827698, 0.6943493485450745, 0.6555184721946716], "val_accuracy": [0.9068750143051147, 0.9068750143051147, 0.9068750143051147, 0.9068750143051147, 0.9068750143051147, 0.9068750143051147, 0.9068750143051147, 0.9068750143051147, 0.9068750143051147]}