{"loss": [0.07006271183490753, 0.02588069438934326, 0.08148764818906784, 0.06793253123760223, 0.07055880129337311, 0.10646820813417435, 0.1035582646727562, 0.07455222308635712, 0.018757253885269165, 0.034080393612384796, 0.052689164876937866], "accuracy": [0.9715625047683716, 0.996874988079071, 0.987500011920929, 0.9896875023841858, 0.9903125166893005, 0.9825000166893005, 0.9831249713897705, 0.9887499809265137, 0.9981250166893005, 0.9956250190734863, 0.9925000071525574], "val_loss": [1.2662091255187988, 1.4217419624328613, 1.5061322450637817, 1.7720727920532227, 1.074558973312378, 0.7483375072479248, 0.835791826248169, 0.8701053857803345, 1.1291608810424805, 0.7778039574623108, 0.8782541751861572], "val_accuracy": [0.2068749964237213, 0.2068749964237213, 0.20656250417232513, 0.20656250417232513, 0.2068749964237213, 0.9068750143051147, 0.2068749964237213, 0.2068749964237213, 0.2068749964237213, 0.9068750143051147, 0.2068749964237213]}