{"loss": [0.05850265547633171, 0.05531079322099686, 0.028964124619960785, 0.0027598515152931213, 0.10428344458341599, 0.04183068126440048, 0.06789983063936234, 0.06802966445684433, 0.06868421286344528, 0.05346541106700897, 0.07158158719539642, 0.050451308488845825, 0.08506737649440765, 0.09508798271417618, 0.05730295553803444], "accuracy": [0.9884374737739563, 0.9940624833106995, 0.9962499737739563, 1.0, 0.9859374761581421, 0.9946874976158142, 0.9906250238418579, 0.9896875023841858, 0.9896875023841858, 0.9921875, 0.9900000095367432, 0.9918749928474426, 0.9856250286102295, 0.9821875095367432, 0.9912499785423279], "val_loss": [1.0268713235855103, 0.990368127822876, 0.8304860591888428, 0.9590643048286438, 0.9615470170974731, 0.6941885948181152, 0.9112597107887268, 0.5923944115638733, 0.5711312294006348, 0.49814698100090027, 0.7827625870704651, 0.7694105505943298, 0.5518060326576233, 0.5683835744857788, 0.5363014340400696], "val_accuracy": [0.9068750143051147, 0.2068749964237213, 0.9068750143051147, 0.9068750143051147, 0.9068750143051147, 0.9068750143051147, 0.9068750143051147, 0.9068750143051147, 0.9068750143051147, 0.9068750143051147, 0.9068750143051147, 0.9068750143051147, 0.9068750143051147, 0.9068750143051147, 0.9068750143051147]}