{"loss": [0.06304419785737991, 0.0010301049333065748, 0.11544732004404068, 0.06868340820074081, 0.04238133504986763, 0.025667592883110046, 0.06077542155981064, 0.05538780987262726], "accuracy": [0.9834374785423279, 1.0, 0.9821875095367432, 0.9906250238418579, 0.9931250214576721, 0.996874988079071, 0.9912499785423279, 0.9918749928474426], "val_loss": [0.6022869348526001, 0.5890403985977173, 0.4219089448451996, 0.42420369386672974, 0.47623100876808167, 0.49203166365623474, 0.45891138911247253, 0.45479851961135864], "val_accuracy": [0.9068750143051147, 0.9068750143051147, 0.9068750143051147, 0.9068750143051147, 0.9068750143051147, 0.9068750143051147, 0.9068750143051147, 0.9068750143051147]}