{"loss": [0.5658431053161621, 0.058297716081142426, 0.057202622294425964, 0.060063160955905914, 0.05898420885205269, 0.09056966751813889], "acurracy": [0.8106250166893005, 0.9943749904632568, 0.9934375286102295, 0.9934375286102295, 0.9937499761581421, 0.9884374737739563], "val_loss": [1.2216267585754395, 1.2366178035736084, 1.239866018295288, 1.299830436706543, 1.3291027545928955, 1.4184457063674927], "val_acurracy": [0.4946874976158142, 0.5090625286102295, 0.5240625143051147, 0.5209375023841858, 0.518750011920929, 0.4918749928474426]}