{"loss": [0.4864808917045593, 0.12424244731664658, 0.04521094262599945, 0.0272305179387331, 0.12434815615415573, 0.04662603884935379, 0.0066951122134923935, 0.005129506811499596, 0.00257336487993598, 0.07664774358272552, 0.022343382239341736, 0.04870040714740753, 0.016573917120695114, 0.0033598009031265974, 0.05883413180708885, 0.0040479921735823154, 0.05900551751255989, 0.061211246997117996, 0.02675211988389492, 0.00326632522046566, 0.030318140983581543, 0.04577631503343582, 0.049702033400535583, 0.030345560982823372, 0.03439895436167717, 0.003141676541417837, 0.05365302041172981, 0.03876885399222374, 0.04370085150003433, 0.05906893312931061, 0.03691212832927704, 0.0290466770529747], "acurracy": [0.8487499952316284, 0.9850000143051147, 0.995312511920929, 0.9975000023841858, 0.9821875095367432, 0.9940624833106995, 1.0, 1.0, 1.0, 0.9909374713897705, 0.9975000023841858, 0.9940624833106995, 0.9978125095367432, 1.0, 0.9918749928474426, 1.0, 0.9912499785423279, 0.9906250238418579, 0.9965624809265137, 1.0, 0.9959375262260437, 0.9918749928474426, 0.9909374713897705, 0.995312511920929, 0.9937499761581421, 1.0, 0.9884374737739563, 0.9918749928474426, 0.9896875023841858, 0.9846875071525574, 0.9921875, 0.9931250214576721], "val_loss": [1.8810551166534424, 1.6700383424758911, 1.6619422435760498, 1.6856987476348877, 1.3173202276229858, 1.2826303243637085, 1.3454829454421997, 1.4055711030960083, 1.4341974258422852, 1.1810424327850342, 1.167252779006958, 0.9932718873023987, 0.9918972849845886, 1.0509133338928223, 0.9658079743385315, 0.8990704417228699, 0.7591072916984558, 0.6841901540756226, 0.7177156805992126, 0.7452043294906616, 0.6777312755584717, 0.5949326157569885, 0.5696080923080444, 0.5897296667098999, 0.557135283946991, 0.5705482363700867, 0.5375872850418091, 0.5421498417854309, 0.5449050664901733, 0.5478867888450623, 0.5462238192558289, 0.5481811761856079], "val_acurracy": [0.25593748688697815, 0.3799999952316284, 0.41718751192092896, 0.43187499046325684, 0.49656251072883606, 0.5165625214576721, 0.520312488079071, 0.5218750238418579, 0.5190625190734863, 0.565625011920929, 0.5681250095367432, 0.6193749904632568, 0.6243749856948853, 0.6103125214576721, 0.6365625262260437, 0.6734374761581421, 0.7487499713897705, 0.7890625, 0.7649999856948853, 0.7487499713897705, 0.7806249856948853, 0.8343750238418579, 0.8500000238418579, 0.8371875286102295, 0.8465625047683716, 0.8409374952316284, 0.8496875166893005, 0.8509374856948853, 0.848437488079071, 0.8462499976158142, 0.8396875262260437, 0.8356249928474426]}