{"loss": [0.23758350312709808, 0.08067616820335388, 0.01274487841874361, 0.030927613377571106, 0.05259751155972481, 0.004960004705935717, 0.07070878148078918, 0.05848412960767746, 0.04685122147202492, 0.10196097195148468, 0.048717569559812546, 0.036398619413375854, 0.006078435108065605, 0.047121644020080566, 0.05171162635087967, 0.02007470838725567, 0.02525218576192856, 0.03498240187764168, 0.022152192890644073, 0.015269962139427662, 0.028308654204010963, 0.0026260355953127146, 0.001940299291163683, 0.03306044265627861, 0.0026075264904648066, 0.0016504309605807066, 0.018037017434835434, 0.035231322050094604, 0.022827601060271263, 0.027649233117699623, 0.029366254806518555, 0.006099256221204996, 0.00815600249916315, 0.0023600924760103226, 0.018419617787003517, 0.0013034917647019029, 0.021473748609423637], "acurracy": [0.9493749737739563, 0.9896875023841858, 1.0, 0.9959375262260437, 0.9925000071525574, 1.0, 0.9909374713897705, 0.9915624856948853, 0.9921875, 0.9790624976158142, 0.9887499809265137, 0.9928125143051147, 1.0, 0.9903125166893005, 0.9881250262260437, 0.9959375262260437, 0.9931250214576721, 0.9918749928474426, 0.9946874976158142, 0.9975000023841858, 0.9928125143051147, 1.0, 1.0, 0.9928125143051147, 0.9996874928474426, 1.0, 0.9959375262260437, 0.9884374737739563, 0.9950000047683716, 0.9912499785423279, 0.9925000071525574, 0.9981250166893005, 0.9971874952316284, 0.9993749856948853, 0.9946874976158142, 1.0, 0.9934375286102295], "val_loss": [1.428350806236267, 1.343381643295288, 1.5603312253952026, 1.6213281154632568, 1.3155357837677002, 1.4387831687927246, 0.9980534911155701, 0.8947432041168213, 0.778419017791748, 0.5325897336006165, 0.5007234811782837, 0.4844748377799988, 0.4968208372592926, 0.49169883131980896, 0.45682770013809204, 0.4477345943450928, 0.4477420449256897, 0.44040408730506897, 0.44696688652038574, 0.4315377175807953, 0.43712544441223145, 0.42955246567726135, 0.4255027770996094, 0.4278540015220642, 0.4105912148952484, 0.4186291992664337, 0.4072665870189667, 0.4254797399044037, 0.4203299283981323, 0.4043368399143219, 0.4199322462081909, 0.3910163938999176, 0.3918842077255249, 0.39674320816993713, 0.4080558121204376, 0.39793217182159424, 0.3934277594089508], "val_acurracy": [0.574999988079071, 0.5787500143051147, 0.5856249928474426, 0.5753124952316284, 0.5743749737739563, 0.573437511920929, 0.5809375047683716, 0.582812488079071, 0.6362500190734863, 0.8478124737739563, 0.875, 0.8784375190734863, 0.8768749833106995, 0.8824999928474426, 0.8893749713897705, 0.8909375071525574, 0.893750011920929, 0.8909375071525574, 0.8887500166893005, 0.8946874737739563, 0.8881250023841858, 0.8943750262260437, 0.8949999809265137, 0.893750011920929, 0.8962500095367432, 0.8962500095367432, 0.8984375, 0.890625, 0.8943750262260437, 0.8934375047683716, 0.8921874761581421, 0.8949999809265137, 0.8981249928474426, 0.8965625166893005, 0.8946874737739563, 0.8981249928474426, 0.8934375047683716]}