{"loss": [0.42211923003196716, 0.05481628328561783, 0.0662853941321373, 0.08068088442087173, 0.0477951318025589, 0.059157613664865494], "acurracy": [0.8715624809265137, 0.9962499737739563, 0.9921875, 0.9893749952316284, 0.9937499761581421, 0.9931250214576721], "val_loss": [1.4768694639205933, 1.552647590637207, 1.573516845703125, 1.5671195983886719, 1.5393266677856445, 1.4928004741668701], "val_acurracy": [0.39500001072883606, 0.35249999165534973, 0.3346875011920929, 0.3100000023841858, 0.3046875, 0.32374998927116394]}