{"loss": [0.9164556860923767, 0.10993199050426483, 0.049761395901441574, 0.06254599243402481, 0.05149862915277481, 0.029319005087018013, 0.03905009850859642, 0.007764899171888828, 0.049918461591005325, 0.041074808686971664, 0.0503883995115757, 0.008406514301896095, 0.005503438878804445, 0.06675802916288376, 0.06701409071683884, 0.027843374758958817, 0.028321988880634308, 0.030941130593419075, 0.04683677852153778, 0.02222355641424656], "acurracy": [0.6928125023841858, 0.9906250238418579, 0.9959375262260437, 0.9940624833106995, 0.9940624833106995, 0.9975000023841858, 0.9956250190734863, 0.9996874928474426, 0.9940624833106995, 0.9950000047683716, 0.9921875, 0.9996874928474426, 0.9996874928474426, 0.9900000095367432, 0.9896875023841858, 0.9965624809265137, 0.9962499737739563, 0.9959375262260437, 0.9921875, 0.9965624809265137], "val_loss": [1.3870201110839844, 1.265593409538269, 1.2334375381469727, 1.2314071655273438, 1.2136985063552856, 1.2051030397415161, 1.16698157787323, 1.1695127487182617, 1.1122723817825317, 1.0999740362167358, 1.0693210363388062, 1.0832414627075195, 1.0958435535430908, 1.0691843032836914, 1.068565845489502, 1.084579348564148, 1.124327540397644, 1.1097403764724731, 1.1096206903457642, 1.1018340587615967], "val_acurracy": [0.46656250953674316, 0.5037500262260437, 0.5143749713897705, 0.5196874737739563, 0.5215625166893005, 0.5262500047683716, 0.5325000286102295, 0.5309374928474426, 0.5387499928474426, 0.5387499928474426, 0.5612499713897705, 0.573437511920929, 0.5743749737739563, 0.6178125143051147, 0.6493750214576721, 0.6675000190734863, 0.6703125238418579, 0.6862499713897705, 0.7012500166893005, 0.7065625190734863]}