{"loss": [0.36292755603790283, 0.05641009658575058, 0.05175396800041199, 0.09369207173585892, 0.06223618984222412, 0.008280948735773563, 0.004744452424347401, 0.09985610097646713, 0.005435241386294365, 0.0036426924634724855, 0.05277246609330177, 0.05999184027314186, 0.00393193494528532, 0.04363458231091499, 0.032885558903217316, 0.050741855055093765, 0.10905704647302628, 0.05967962369322777, 0.006269548088312149, 0.028424955904483795, 0.042445894330739975, 0.022217324003577232, 0.04525186866521835, 0.0392875149846077, 0.01778397522866726, 0.040778759866952896, 0.024314556270837784, 0.024026816710829735, 0.03441241383552551, 0.012686144560575485, 0.03030502237379551, 0.0023470784071832895, 0.022965082898736, 0.0485185906291008, 0.003990052733570337, 0.009255615063011646, 0.01063464768230915, 0.0015536719001829624, 0.013376994989812374, 0.01652129366993904, 0.026962053030729294, 0.001929583726450801, 0.019753918051719666, 0.00839347206056118, 0.01028317492455244, 0.0014893630286678672], "acurracy": [0.8824999928474426, 0.9956250190734863, 0.9950000047683716, 0.987500011920929, 0.9921875, 1.0, 1.0, 0.987500011920929, 1.0, 1.0, 0.9937499761581421, 0.9921875, 1.0, 0.9943749904632568, 0.9959375262260437, 0.9925000071525574, 0.9806249737739563, 0.9896875023841858, 1.0, 0.9946874976158142, 0.9915624856948853, 0.9962499737739563, 0.9912499785423279, 0.9915624856948853, 0.996874988079071, 0.9915624856948853, 0.995312511920929, 0.9950000047683716, 0.9931250214576721, 0.9975000023841858, 0.9931250214576721, 1.0, 0.9946874976158142, 0.9878125190734863, 0.9996874928474426, 0.9975000023841858, 0.9978125095367432, 1.0, 0.9978125095367432, 0.996874988079071, 0.9946874976158142, 1.0, 0.9956250190734863, 0.9978125095367432, 0.9981250166893005, 1.0], "val_loss": [1.5446504354476929, 1.6110420227050781, 1.5769184827804565, 1.482580542564392, 1.4273227453231812, 1.3702396154403687, 1.3470666408538818, 1.2835595607757568, 1.2490767240524292, 1.2514294385910034, 1.204400897026062, 1.1700794696807861, 1.1508480310440063, 1.1220587491989136, 1.1260467767715454, 1.0986063480377197, 1.053768277168274, 1.0172852277755737, 1.0117125511169434, 1.0039979219436646, 0.982980489730835, 0.9784625768661499, 0.9604557156562805, 0.9331422448158264, 0.9390995502471924, 0.9191374778747559, 0.937283456325531, 0.9303661584854126, 0.9182264804840088, 0.9156298637390137, 0.9104114770889282, 0.9037315845489502, 0.9088404774665833, 0.8892339468002319, 0.9184858798980713, 0.8914189338684082, 0.8885141611099243, 0.8857817649841309, 0.9278221726417542, 0.9557858109474182, 0.8835500478744507, 0.9286479949951172, 0.9543874263763428, 0.9317076206207275, 0.9343605041503906, 0.9316011071205139], "val_acurracy": [0.46531251072883606, 0.43656250834465027, 0.45124998688697815, 0.4753125011920929, 0.4984374940395355, 0.5212500095367432, 0.5259374976158142, 0.5284374952316284, 0.5340625047683716, 0.5371875166893005, 0.5346875190734863, 0.5406249761581421, 0.5465624928474426, 0.5528125166893005, 0.550000011920929, 0.5537499785423279, 0.5712500214576721, 0.5996875166893005, 0.6009374856948853, 0.6050000190734863, 0.629687488079071, 0.651562511920929, 0.6681249737739563, 0.7046874761581421, 0.7146875262260437, 0.739062488079071, 0.7403125166893005, 0.7528125047683716, 0.7684375047683716, 0.7756249904632568, 0.7837499976158142, 0.7831249833106995, 0.7871875166893005, 0.7987499833106995, 0.7909374833106995, 0.7965624928474426, 0.7996875047683716, 0.7950000166893005, 0.7931249737739563, 0.7987499833106995, 0.8018749952316284, 0.7928125262260437, 0.7981250286102295, 0.7990624904632568, 0.796875, 0.7978125214576721]}