{"loss": [0.5628394484519958, 0.115304134786129, 0.05211915075778961, 0.01299669872969389, 0.06650794297456741, 0.007579948287457228], "acurracy": [0.8231250047683716, 0.9865624904632568, 0.995312511920929, 1.0, 0.9925000071525574, 0.9996874928474426], "val_loss": [1.497653603553772, 1.5074942111968994, 1.594537377357483, 1.636633038520813, 1.629518747329712, 1.6798913478851318], "val_acurracy": [0.5490624904632568, 0.5821874737739563, 0.574999988079071, 0.5765625238418579, 0.5799999833106995, 0.5756250023841858]}