{"loss": [1.3203767538070679, 0.745807945728302, 0.2782679796218872, 0.11353863030672073, 0.09464356303215027, 0.08624602109193802, 0.022238714620471, 0.09019539505243301, 0.05066394805908203, 0.09041037410497665, 0.0326971560716629, 0.028912551701068878, 0.03432638198137283, 0.043156638741493225, 0.1258348822593689, 0.09575415402650833, 0.029496468603610992], "acurracy": [0.7934374809265137, 0.9959375262260437, 0.9921875, 0.9956250190734863, 0.9918749928474426, 0.9925000071525574, 1.0, 0.9906250238418579, 0.9956250190734863, 0.9900000095367432, 0.9975000023841858, 0.9975000023841858, 0.9962499737739563, 0.995312511920929, 0.9821875095367432, 0.9856250286102295, 0.9971874952316284], "val_loss": [1.4314864873886108, 1.2262885570526123, 1.2724378108978271, 1.4014545679092407, 1.4818828105926514, 1.5816137790679932, 1.6657735109329224, 1.6909538507461548, 1.7690080404281616, 1.7527928352355957, 1.7949647903442383, 1.8774751424789429, 1.9385056495666504, 1.9928176403045654, 1.934227705001831, 1.923348069190979, 2.048786163330078], "val_acurracy": [0.5818750262260437, 0.5818750262260437, 0.5715625286102295, 0.5799999833106995, 0.5809375047683716, 0.578125, 0.5759375095367432, 0.5740625262260437, 0.5746874809265137, 0.5762500166893005, 0.582812488079071, 0.5824999809265137, 0.5790625214576721, 0.578125, 0.5799999833106995, 0.5793750286102295, 0.5768749713897705]}