{"loss": [1.4532052278518677, 0.5165629982948303, 0.04536861926317215, 0.009901842102408409, 0.017894554883241653, 0.019176555797457695, 0.013658367097377777, 0.018230248242616653, 0.015956612303853035, 0.0067153251729905605, 0.01409220416098833, 0.01492377370595932, 0.024592895060777664, 0.0018799261888489127, 0.005029036197811365, 0.0038271681405603886, 0.00998715776950121, 0.002049713395535946, 0.01826116256415844, 0.00664400402456522, 0.005539844743907452, 0.00017557540559209883, 0.004018072970211506, 0.005088320467621088, 0.0050282650627195835, 0.002777324290946126, 0.0032124388962984085, 0.009492361918091774, 0.0063682980835437775, 9.985716314986348e-05, 0.0036257964093238115, 0.0021443001460283995, 0.0043753753416240215, 0.0024393021594733, 0.0022179416846483946, 0.003905878635123372, 0.0017473369371145964, 0.002074464224278927, 0.0031798603013157845, 4.683200313593261e-05, 0.0063459561206400394, 0.004757822956889868, 3.454830221016891e-05, 0.006744610611349344, 4.057864498463459e-05, 0.004318265710026026, 2.7553878680919297e-05, 0.010674675926566124, 0.00462739635258913], "acurracy": [0.9737499952316284, 0.9931250214576721, 0.996874988079071, 1.0, 0.9956250190734863, 0.9934375286102295, 0.9946874976158142, 0.995312511920929, 0.9959375262260437, 0.9984375238418579, 0.9975000023841858, 0.9959375262260437, 0.995312511920929, 0.9996874928474426, 0.9987499713897705, 0.9990624785423279, 0.9978125095367432, 0.9996874928474426, 0.9943749904632568, 0.9981250166893005, 0.9981250166893005, 1.0, 0.9987499713897705, 0.9984375238418579, 0.9984375238418579, 0.9990624785423279, 0.9990624785423279, 0.9984375238418579, 0.9987499713897705, 1.0, 0.9990624785423279, 0.9993749856948853, 0.9987499713897705, 0.9993749856948853, 0.9990624785423279, 0.9987499713897705, 0.9993749856948853, 0.9993749856948853, 0.9987499713897705, 1.0, 0.9978125095367432, 0.9981250166893005, 1.0, 0.9984375238418579, 1.0, 0.9987499713897705, 1.0, 0.9971874952316284, 0.9981250166893005], "val_loss": [1.1221134662628174, 1.1800612211227417, 1.2832242250442505, 1.3240262269973755, 1.257999062538147, 1.1043075323104858, 1.0863245725631714, 0.9851445555686951, 0.8979217410087585, 0.8940575122833252, 0.8435848951339722, 0.837066650390625, 0.6995783448219299, 0.6977999806404114, 0.7018117308616638, 0.7081936597824097, 0.6767995953559875, 0.6838310956954956, 0.6812068223953247, 0.6614034175872803, 0.6830394864082336, 0.6708676218986511, 0.6557119488716125, 0.6910551190376282, 0.7056231498718262, 0.6644523739814758, 0.6847689151763916, 0.631605327129364, 0.6368106603622437, 0.6165323853492737, 0.6653302907943726, 0.6234046816825867, 0.6596116423606873, 0.600476861000061, 0.6426026821136475, 0.6644564867019653, 0.6363422870635986, 0.6696498990058899, 0.6780126094818115, 0.6572707891464233, 0.6532418727874756, 0.618802011013031, 0.6185052394866943, 0.6294465661048889, 0.6238893866539001, 0.6340183615684509, 0.601865828037262, 0.6630361080169678, 0.6299635767936707], "val_acurracy": [0.5837500095367432, 0.5790625214576721, 0.5771874785423279, 0.5843750238418579, 0.5790625214576721, 0.6243749856948853, 0.7965624928474426, 0.8803125023841858, 0.8899999856948853, 0.8968750238418579, 0.8965625166893005, 0.9021875262260437, 0.9056249856948853, 0.9090625047683716, 0.90625, 0.9059374928474426, 0.9068750143051147, 0.9068750143051147, 0.9078124761581421, 0.9140625, 0.9081249833106995, 0.9121875166893005, 0.9106249809265137, 0.9087499976158142, 0.9146875143051147, 0.9131249785423279, 0.9112499952316284, 0.9134374856948853, 0.9096875190734863, 0.9100000262260437, 0.9125000238418579, 0.9140625, 0.9121875166893005, 0.9137499928474426, 0.9125000238418579, 0.9118750095367432, 0.9153125286102295, 0.9131249785423279, 0.9081249833106995, 0.9143750071525574, 0.9156249761581421, 0.9143750071525574, 0.9137499928474426, 0.9162499904632568, 0.9128124713897705, 0.9165624976158142, 0.9175000190734863, 0.918749988079071, 0.9225000143051147]}