{"loss": [1.4841505289077759, 0.5793512463569641, 0.06929732859134674, 0.01331355795264244, 0.0064769042655825615, 0.05580500140786171, 0.0037747661117464304, 0.009531529620289803, 0.016170836985111237, 0.0058991312980651855, 0.0011923658894374967, 0.019808605313301086, 0.011467287316918373, 0.010802308097481728, 0.015265380032360554, 0.010527428239583969, 0.004950848873704672, 0.0016740892315283418, 0.001909672049805522, 0.0003575442242436111, 0.01039283350110054, 0.00711443368345499, 0.0030821398831903934, 0.009256948716938496, 0.013465850614011288, 0.0027506572660058737, 0.002219291403889656, 0.002750144572928548, 0.005125254392623901, 0.00675777904689312, 0.001661918475292623, 0.0070501817390322685, 0.0014840879011899233, 0.003564208745956421, 0.00025219027884304523, 0.004840847570449114, 0.0025697071105241776, 0.005011792294681072], "acurracy": [0.8765624761581421, 0.9975000023841858, 0.9928125143051147, 1.0, 1.0, 0.9931250214576721, 1.0, 0.9978125095367432, 0.9978125095367432, 0.9996874928474426, 1.0, 0.9975000023841858, 0.9984375238418579, 0.9987499713897705, 0.9965624809265137, 0.9978125095367432, 0.9990624785423279, 0.9996874928474426, 0.9996874928474426, 1.0, 0.996874988079071, 0.9984375238418579, 0.9990624785423279, 0.9975000023841858, 0.9962499737739563, 0.9990624785423279, 0.9993749856948853, 0.9993749856948853, 0.9987499713897705, 0.9981250166893005, 0.9996874928474426, 0.9984375238418579, 0.9996874928474426, 0.9987499713897705, 1.0, 0.9984375238418579, 0.9990624785423279, 0.9987499713897705], "val_loss": [1.1145321130752563, 1.0898065567016602, 1.2537100315093994, 1.2133986949920654, 1.2632052898406982, 0.9222899079322815, 0.938327968120575, 0.9339091777801514, 0.8647606372833252, 0.8626534938812256, 0.8732839226722717, 0.7538495659828186, 0.6987718939781189, 0.6826413869857788, 0.5854736566543579, 0.6251596212387085, 0.6108513474464417, 0.5713416934013367, 0.5902099013328552, 0.5710036158561707, 0.6130173206329346, 0.5458191633224487, 0.5416050553321838, 0.6079256534576416, 0.5843105912208557, 0.5631614327430725, 0.616335928440094, 0.5748529434204102, 0.6046779155731201, 0.5768799781799316, 0.5885540246963501, 0.6011190414428711, 0.5987745523452759, 0.570702075958252, 0.5527701377868652, 0.6211600303649902, 0.6345282196998596, 0.545722246170044], "val_acurracy": [0.7503125071525574, 0.8371875286102295, 0.8631250262260437, 0.8753125071525574, 0.878125011920929, 0.9021875262260437, 0.8974999785423279, 0.9006249904632568, 0.9068750143051147, 0.9049999713897705, 0.9046875238418579, 0.9103124737739563, 0.9100000262260437, 0.9181249737739563, 0.9206249713897705, 0.9143750071525574, 0.918749988079071, 0.9159374833106995, 0.9196875095367432, 0.9165624976158142, 0.9175000190734863, 0.9228125214576721, 0.9231250286102295, 0.9193750023841858, 0.9206249713897705, 0.9234374761581421, 0.9215624928474426, 0.9203125238418579, 0.9215624928474426, 0.9268749952316284, 0.921875, 0.9221875071525574, 0.9225000143051147, 0.925000011920929, 0.9278125166893005, 0.9253125190734863, 0.9212499856948853, 0.9284374713897705]}