{"loss": [1.417144775390625, 0.41659480333328247, 0.03752754628658295, 0.023253057152032852, 0.03338204696774483, 0.016459360718727112, 0.0028015628922730684, 0.010152540169656277, 0.0017704531783238053, 0.009009483270347118, 0.02103111520409584, 0.013185621239244938, 0.03213229030370712, 0.01210853736847639, 0.0007453879807144403, 0.005735859274864197, 0.016169818118214607, 0.0008784085512161255, 0.0051028309389948845, 0.00035241746809333563, 0.005113912746310234, 0.0003101910406257957, 0.006058904342353344, 0.015551724471151829, 0.005988297052681446, 0.009077236987650394, 0.005495097022503614, 0.00607282342389226, 0.006516995374113321, 0.005736412480473518, 0.003995074890553951, 0.0077501400373876095, 0.0019048888934776187, 0.0052569033578038216, 0.008667348884046078, 0.00020352475985419005, 0.0023803336080163717, 0.003728756681084633, 0.006369965150952339, 0.007278249133378267, 0.0029365152586251497, 3.05918074445799e-05, 0.00830619502812624, 7.715295942034572e-05, 0.006999376229941845, 0.007709822617471218, 0.004955058451741934, 0.005202668718993664, 0.004536131396889687, 0.004046331159770489, 0.0008759597549214959, 0.0011903734412044287, 0.00843979325145483, 0.0047014085575938225, 0.011802008375525475, 0.0023056345526129007, 0.0010369003284722567, 0.0038491543382406235, 1.5088780855876394e-05, 0.002535813255235553, 0.005270767025649548, 0.0032186037860810757, 1.1053663001803216e-05, 3.4899614547612146e-05, 0.008505812846124172, 0.008176608011126518, 0.0031821238808333874, 0.004625336732715368], "acurracy": [0.9140625, 1.0, 1.0, 0.995312511920929, 0.9928125143051147, 0.9965624809265137, 1.0, 0.9959375262260437, 1.0, 0.9965624809265137, 0.9931250214576721, 0.9978125095367432, 0.9940624833106995, 0.9962499737739563, 1.0, 0.9993749856948853, 0.9943749904632568, 1.0, 0.9990624785423279, 1.0, 0.9993749856948853, 1.0, 0.9984375238418579, 0.9981250166893005, 0.9990624785423279, 0.9971874952316284, 0.9981250166893005, 0.9978125095367432, 0.9981250166893005, 0.9981250166893005, 0.9993749856948853, 0.9981250166893005, 0.9993749856948853, 0.9987499713897705, 0.9975000023841858, 1.0, 0.9990624785423279, 0.9993749856948853, 0.9984375238418579, 0.9978125095367432, 0.9987499713897705, 1.0, 0.9971874952316284, 1.0, 0.9981250166893005, 0.9975000023841858, 0.9987499713897705, 0.9984375238418579, 0.9987499713897705, 0.9987499713897705, 1.0, 0.9996874928474426, 0.9981250166893005, 0.9990624785423279, 0.9959375262260437, 0.9993749856948853, 0.9996874928474426, 0.9987499713897705, 1.0, 0.9990624785423279, 0.9984375238418579, 0.9990624785423279, 1.0, 1.0, 0.9971874952316284, 0.996874988079071, 0.9987499713897705, 0.9984375238418579], "val_loss": [1.1905652284622192, 1.1588444709777832, 1.2849644422531128, 1.306525707244873, 1.1295267343521118, 1.0755680799484253, 1.0661020278930664, 1.0851038694381714, 1.08572256565094, 1.0494680404663086, 0.9655519723892212, 0.8365591168403625, 0.7964335083961487, 0.77569580078125, 0.7889207601547241, 0.7525433897972107, 0.7678440809249878, 0.7468608617782593, 0.7441915273666382, 0.7457880973815918, 0.7237947583198547, 0.732784628868103, 0.6866927146911621, 0.6497353315353394, 0.6098085641860962, 0.6165924072265625, 0.5892440676689148, 0.5767914652824402, 0.587631106376648, 0.5539892315864563, 0.6017200350761414, 0.5916990041732788, 0.5961524844169617, 0.6232001781463623, 0.5625819563865662, 0.5784132480621338, 0.619053065776825, 0.5544185638427734, 0.5695105195045471, 0.5661851763725281, 0.5654928088188171, 0.5504932999610901, 0.558998703956604, 0.5551659464836121, 0.5700127482414246, 0.5847263336181641, 0.5978454947471619, 0.6197326183319092, 0.5967426300048828, 0.5849847197532654, 0.6314041614532471, 0.5592635869979858, 0.5004701018333435, 0.5739193558692932, 0.5919775366783142, 0.6285526156425476, 0.6163632273674011, 0.6395783424377441, 0.6216305494308472, 0.6203749775886536, 0.6003339290618896, 0.5540085434913635, 0.5047628879547119, 0.5290223956108093, 0.5883616209030151, 0.5713038444519043, 0.5553017258644104, 0.5902431011199951], "val_acurracy": [0.5799999833106995, 0.5806249976158142, 0.5787500143051147, 0.5774999856948853, 0.5784375071525574, 0.5853124856948853, 0.5928124785423279, 0.6603124737739563, 0.7503125071525574, 0.8149999976158142, 0.8759375214576721, 0.9018750190734863, 0.9037500023841858, 0.9043750166893005, 0.9028124809265137, 0.90625, 0.9053124785423279, 0.9071875214576721, 0.9068750143051147, 0.9071875214576721, 0.9056249856948853, 0.9049999713897705, 0.9146875143051147, 0.9075000286102295, 0.9084374904632568, 0.9084374904632568, 0.9159374833106995, 0.9115625023841858, 0.910937488079071, 0.9150000214576721, 0.9128124713897705, 0.9193750023841858, 0.9143750071525574, 0.9159374833106995, 0.9162499904632568, 0.9140625, 0.9118750095367432, 0.9143750071525574, 0.9115625023841858, 0.9193750023841858, 0.9240624904632568, 0.9212499856948853, 0.925000011920929, 0.9243749976158142, 0.9234374761581421, 0.9212499856948853, 0.9275000095367432, 0.9268749952316284, 0.9293749928474426, 0.9240624904632568, 0.921875, 0.9268749952316284, 0.9284374713897705, 0.9256250262260437, 0.9309375286102295, 0.9268749952316284, 0.9253125190734863, 0.9256250262260437, 0.9287499785423279, 0.921875, 0.9212499856948853, 0.9228125214576721, 0.9253125190734863, 0.9253125190734863, 0.9262499809265137, 0.9256250262260437, 0.9275000095367432, 0.9296875]}