{"loss": [1.3783146142959595, 0.7244851589202881, 0.20321452617645264, 0.0808650404214859, 0.0628381073474884, 0.08919529616832733, 0.02982172742486, 0.03898118436336517, 0.08876798301935196, 0.055907778441905975, 0.011071261949837208, 0.03244183585047722, 0.08350391685962677, 0.018505411222577095, 0.04056527465581894, 0.032333508133888245, 0.05123099684715271, 0.021749155595898628], "acurracy": [0.6293749809265137, 0.9909374713897705, 1.0, 0.996874988079071, 0.995312511920929, 0.9881250262260437, 0.9978125095367432, 0.9950000047683716, 0.9850000143051147, 0.9912499785423279, 1.0, 0.9956250190734863, 0.9868749976158142, 0.9971874952316284, 0.9921875, 0.9950000047683716, 0.9903125166893005, 0.996874988079071], "val_loss": [1.4738868474960327, 1.2513083219528198, 1.1815067529678345, 1.2516977787017822, 1.3017780780792236, 1.2631595134735107, 1.3148188591003418, 1.3504191637039185, 1.2695480585098267, 1.2439895868301392, 1.281467080116272, 1.2963786125183105, 1.195005178451538, 1.2243813276290894, 1.2511225938796997, 1.2371699810028076, 1.200620174407959, 1.2149935960769653], "val_acurracy": [0.5868750214576721, 0.5790625214576721, 0.5787500143051147, 0.574999988079071, 0.5771874785423279, 0.5837500095367432, 0.5818750262260437, 0.5771874785423279, 0.5765625238418579, 0.5746874809265137, 0.574999988079071, 0.5784375071525574, 0.5821874737739563, 0.5815625190734863, 0.5743749737739563, 0.5756250023841858, 0.5790625214576721, 0.5796874761581421]}