{"loss": [1.2066577672958374, 0.24373342096805573, 0.02774045616388321, 0.02012309618294239, 0.030545402318239212, 0.0035696139093488455, 0.0023562803398817778, 0.04092256724834442, 0.0017520280089229345, 0.0012119724415242672, 0.0007820291211828589, 0.008778487332165241, 0.0006642012158408761, 0.0006584249204024673, 0.025141306221485138, 0.037719354033470154, 0.01596064306795597, 0.03355168178677559, 0.007596158888190985, 0.012000174261629581, 0.005166401155292988, 0.008196450769901276, 0.030962416902184486, 0.016330700367689133, 0.007579376921057701, 0.00028786613256670535, 0.007947377860546112, 0.015722742304205894, 0.005901189520955086, 0.013939657248556614, 0.0008297829190269113, 0.00987827405333519, 0.008647301234304905, 0.006064870860427618, 0.014065004885196686, 0.004967044107615948, 0.021357331424951553, 0.009701572358608246, 0.00379484286531806, 0.005099109373986721, 0.00010076211765408516, 0.0023978587705641985, 0.002867830451577902, 0.0031890410464257, 0.00764527078717947, 0.017872072756290436, 0.01461641862988472, 0.00047475192695856094, 0.016697140410542488, 0.006139233708381653, 8.873246406437829e-05, 0.0052991872653365135, 0.00440742913633585, 0.0020537343807518482, 4.1276933188783005e-05, 0.006426249165087938, 4.69597325718496e-05, 0.005887590814381838, 0.0119476905092597, 0.011534681543707848, 0.0002107099862769246, 0.0020848920103162527, 0.000831185607239604, 0.015713084489107132, 0.008031136356294155, 0.0030314072500914335, 0.00953544583171606], "acurracy": [0.7696874737739563, 0.9918749928474426, 1.0, 0.9962499737739563, 0.9909374713897705, 1.0, 1.0, 0.9893749952316284, 1.0, 1.0, 1.0, 0.9978125095367432, 1.0, 1.0, 0.9912499785423279, 0.9925000071525574, 0.9965624809265137, 0.9937499761581421, 0.9984375238418579, 0.9971874952316284, 0.9990624785423279, 0.9975000023841858, 0.9934375286102295, 0.9971874952316284, 0.9987499713897705, 1.0, 0.9981250166893005, 0.9965624809265137, 0.9984375238418579, 0.9975000023841858, 0.9996874928474426, 0.9975000023841858, 0.9981250166893005, 0.9987499713897705, 0.9962499737739563, 0.9990624785423279, 0.9937499761581421, 0.9971874952316284, 0.9990624785423279, 0.9990624785423279, 1.0, 0.9996874928474426, 0.9993749856948853, 0.9990624785423279, 0.9971874952316284, 0.9943749904632568, 0.9962499737739563, 0.9996874928474426, 0.9959375262260437, 0.9984375238418579, 1.0, 0.9987499713897705, 0.9987499713897705, 0.9993749856948853, 1.0, 0.9971874952316284, 1.0, 0.9978125095367432, 0.996874988079071, 0.9975000023841858, 1.0, 0.9990624785423279, 0.9996874928474426, 0.9956250190734863, 0.9981250166893005, 0.9990624785423279, 0.9971874952316284], "val_loss": [1.4047719240188599, 1.2338138818740845, 1.2288596630096436, 1.2289507389068604, 1.2212077379226685, 1.2122702598571777, 1.238826036453247, 1.159368872642517, 1.1680883169174194, 1.176287055015564, 1.2044379711151123, 1.2168335914611816, 1.1722571849822998, 1.1860944032669067, 1.099360466003418, 1.0036581754684448, 0.9509174227714539, 0.8890050649642944, 0.8424032330513, 0.8231292963027954, 0.8105188608169556, 0.7807227969169617, 0.7146615386009216, 0.6507043242454529, 0.6441821455955505, 0.6234472393989563, 0.6177067756652832, 0.6011003255844116, 0.5877819657325745, 0.5457460284233093, 0.5367342233657837, 0.5479817390441895, 0.5345516800880432, 0.5227950811386108, 0.5170271396636963, 0.5019935965538025, 0.49558010697364807, 0.49207165837287903, 0.4889635443687439, 0.4791146218776703, 0.4713578522205353, 0.4708472490310669, 0.4621465802192688, 0.48182517290115356, 0.46700188517570496, 0.4805510640144348, 0.46365684270858765, 0.4925593137741089, 0.4492204189300537, 0.43841344118118286, 0.43804988265037537, 0.4196769595146179, 0.43310633301734924, 0.434681236743927, 0.45928680896759033, 0.4556785821914673, 0.46297672390937805, 0.44197317957878113, 0.42548808455467224, 0.4241306781768799, 0.42490267753601074, 0.4380686283111572, 0.4477280378341675, 0.43754321336746216, 0.4552721679210663, 0.47137850522994995, 0.42036423087120056], "val_acurracy": [0.5803124904632568, 0.5790625214576721, 0.5840625166893005, 0.5837500095367432, 0.598437488079071, 0.6053125262260437, 0.6050000190734863, 0.659375011920929, 0.6603124737739563, 0.6618750095367432, 0.6587499976158142, 0.6968749761581421, 0.7065625190734863, 0.7015625238418579, 0.8106250166893005, 0.8343750238418579, 0.8575000166893005, 0.8709375262260437, 0.8746874928474426, 0.8787500262260437, 0.8834375143051147, 0.8862500190734863, 0.8824999928474426, 0.8849999904632568, 0.8809375166893005, 0.8856250047683716, 0.8853124976158142, 0.8834375143051147, 0.8868749737739563, 0.8887500166893005, 0.890625, 0.8884375095367432, 0.8915625214576721, 0.8931249976158142, 0.8915625214576721, 0.8918750286102295, 0.8924999833106995, 0.8909375071525574, 0.8899999856948853, 0.8931249976158142, 0.8949999809265137, 0.8987500071525574, 0.8946874737739563, 0.8946874737739563, 0.8965625166893005, 0.8931249976158142, 0.8999999761581421, 0.8971874713897705, 0.9012500047683716, 0.9034374952316284, 0.9021875262260437, 0.9053124785423279, 0.9059374928474426, 0.9068750143051147, 0.9024999737739563, 0.8990625143051147, 0.9018750190734863, 0.9053124785423279, 0.9059374928474426, 0.9046875238418579, 0.9034374952316284, 0.9006249904632568, 0.9021875262260437, 0.903124988079071, 0.8996875286102295, 0.8978124856948853, 0.9103124737739563]}