{"loss": [1.6064306497573853, 1.018659234046936, 0.36625781655311584, 0.09459015727043152, 0.04514363780617714, 0.045034293085336685, 0.052246756851673126, 0.06820856779813766, 0.05681264027953148, 0.0411422923207283, 0.04189865291118622, 0.06718797981739044, 0.03537676855921745, 0.04280056804418564, 0.050110045820474625, 0.030656762421131134, 0.05368528515100479], "acurracy": [0.2796874940395355, 0.9462500214576721, 0.9831249713897705, 1.0, 1.0, 0.996874988079071, 0.9956250190734863, 0.9921875, 0.9931250214576721, 0.9959375262260437, 0.9959375262260437, 0.9918749928474426, 0.996874988079071, 0.9950000047683716, 0.9937499761581421, 0.996874988079071, 0.9928125143051147], "val_loss": [1.4698981046676636, 1.2364096641540527, 1.322617530822754, 1.579298496246338, 1.8092113733291626, 1.9814703464508057, 2.110692024230957, 2.1599841117858887, 2.2969822883605957, 2.418876886367798, 2.530160903930664, 2.5740487575531006, 2.628960371017456, 2.7007558345794678, 2.815903663635254, 2.9372034072875977, 2.9974429607391357], "val_acurracy": [0.5612499713897705, 0.5774999856948853, 0.5803124904632568, 0.5809375047683716, 0.5821874737739563, 0.5790625214576721, 0.5718749761581421, 0.578125, 0.5765625238418579, 0.5774999856948853, 0.5778124928474426, 0.5784375071525574, 0.5862500071525574, 0.5843750238418579, 0.578125, 0.5793750286102295, 0.5728124976158142]}