{"loss": [0.6221582293510437, 0.09772658348083496, 0.025920424610376358, 0.012987500056624413, 0.007413721177726984, 0.06960532814264297, 0.06513028591871262, 0.035887304693460464, 0.05683248117566109], "acurracy": [0.7950000166893005, 0.9912499785423279, 0.9987499713897705, 0.9996874928474426, 1.0, 0.9912499785423279, 0.9925000071525574, 0.9962499737739563, 0.9931250214576721], "val_loss": [1.4347224235534668, 1.4395415782928467, 1.4102637767791748, 1.4038714170455933, 1.409720778465271, 1.4959962368011475, 1.5993167161941528, 1.6977441310882568, 1.7924400568008423], "val_acurracy": [0.4284375011920929, 0.4415625035762787, 0.5278124809265137, 0.5637500286102295, 0.5765625238418579, 0.5600000023841858, 0.5237500071525574, 0.48625001311302185, 0.4193750023841858]}