{"loss": [0.6209490299224854, 0.049435053020715714, 0.01867637038230896, 0.05717621371150017, 0.07706084847450256, 0.1278754472732544, 0.06369631737470627, 0.03591848537325859], "acurracy": [0.8012499809265137, 0.9990624785423279, 1.0, 0.9934375286102295, 0.9909374713897705, 0.9831249713897705, 0.9928125143051147, 0.9965624809265137], "val_loss": [1.2205772399902344, 1.1962709426879883, 1.17526113986969, 1.1971993446350098, 1.2355307340621948, 1.3393049240112305, 1.42236328125, 1.45855712890625], "val_acurracy": [0.5684375166893005, 0.5612499713897705, 0.5665624737739563, 0.5703125, 0.5684375166893005, 0.5521875023841858, 0.5406249761581421, 0.5528125166893005]}