{"loss": [1.1358600854873657, 0.0737619698047638, 0.04333603382110596, 0.03506401181221008, 0.036958180367946625, 0.022858627140522003, 0.005379705224186182, 0.04579022899270058, 0.004935884848237038, 0.04846826568245888, 0.017610305920243263, 0.020797288045287132, 0.03162562847137451, 0.02171262912452221, 0.008787323720753193, 0.00572885712608695, 0.02715958096086979, 0.011189487762749195, 0.008442209102213383, 0.013187062926590443, 0.023583494126796722, 0.005466954782605171, 0.02561974711716175, 0.001023756922222674, 0.0010085556423291564, 0.008434557355940342, 0.016774212941527367], "acurracy": [0.6365625262260437, 0.9934375286102295, 0.9943749904632568, 0.9946874976158142, 0.9921875, 0.995312511920929, 1.0, 0.9903125166893005, 1.0, 0.9871875047683716, 0.9959375262260437, 0.9940624833106995, 0.9912499785423279, 0.9934375286102295, 0.9975000023841858, 0.9984375238418579, 0.9928125143051147, 0.9975000023841858, 0.9984375238418579, 0.9965624809265137, 0.9931250214576721, 0.9981250166893005, 0.9928125143051147, 1.0, 1.0, 0.9978125095367432, 0.9965624809265137], "val_loss": [1.820639967918396, 1.698271632194519, 1.5576695203781128, 1.4572639465332031, 1.3349130153656006, 1.2903681993484497, 1.3170983791351318, 1.1804085969924927, 1.1560648679733276, 1.0461738109588623, 1.0259572267532349, 0.9393808245658875, 0.8952735066413879, 0.8488690257072449, 0.8520265817642212, 0.8443651795387268, 0.9037628769874573, 0.8842431902885437, 0.892925500869751, 0.8876779675483704, 0.8421469330787659, 0.8360492587089539, 0.890157163143158, 0.9012671113014221, 0.9056026935577393, 0.8711735010147095, 0.8915857672691345], "val_acurracy": [0.1850000023841858, 0.27531251311302185, 0.34718748927116394, 0.41593751311302185, 0.5009375214576721, 0.5224999785423279, 0.5271875262260437, 0.5946875214576721, 0.6043750047683716, 0.6534374952316284, 0.6693750023841858, 0.7118750214576721, 0.731249988079071, 0.7490624785423279, 0.753125011920929, 0.7565624713897705, 0.7425000071525574, 0.7465624809265137, 0.7509375214576721, 0.7528125047683716, 0.7671874761581421, 0.7746875286102295, 0.7603124976158142, 0.7621874809265137, 0.7599999904632568, 0.7712500095367432, 0.7628124952316284]}