{"loss": [0.3814384341239929, 0.07174144685268402, 0.04475079104304314, 0.036784976720809937, 0.04278377443552017, 0.018379682675004005, 0.012236792594194412, 0.002871341770514846, 0.02573007345199585, 0.01963741146028042, 0.02737174928188324, 0.0077422563917934895, 0.020275402814149857, 0.0013085752725601196, 0.0008265372598543763, 0.028156552463769913, 0.012963852845132351, 0.01728099398314953, 0.005156846717000008, 0.021287068724632263, 0.013706449419260025, 0.03270240128040314, 0.013430912047624588, 0.019602077081799507, 0.000598154729232192, 0.01878999173641205, 0.021492505446076393, 0.011846146546304226, 0.014679192565381527, 0.01296384446322918, 0.013731642626225948, 0.007979877293109894, 0.010381627827882767, 0.017311735078692436, 0.00045413561747409403, 0.0002313156728632748, 0.008967667818069458], "acurracy": [0.8815624713897705, 0.9871875047683716, 0.9900000095367432, 0.9921875, 0.9887499809265137, 0.995312511920929, 0.9965624809265137, 1.0, 0.9921875, 0.9943749904632568, 0.9909374713897705, 0.9981250166893005, 0.9934375286102295, 1.0, 1.0, 0.9921875, 0.9971874952316284, 0.9962499737739563, 0.9984375238418579, 0.9946874976158142, 0.996874988079071, 0.9915624856948853, 0.9965624809265137, 0.995312511920929, 1.0, 0.9956250190734863, 0.9937499761581421, 0.9965624809265137, 0.9956250190734863, 0.9965624809265137, 0.9965624809265137, 0.9978125095367432, 0.9978125095367432, 0.995312511920929, 1.0, 1.0, 0.996874988079071], "val_loss": [1.4063618183135986, 1.3890330791473389, 1.335351824760437, 1.2125667333602905, 1.0937507152557373, 1.110306978225708, 1.0951383113861084, 1.1279804706573486, 1.0606837272644043, 0.9807472229003906, 0.9374869465827942, 0.9380757808685303, 0.909498393535614, 0.916432797908783, 0.9384022355079651, 0.9301542043685913, 0.9011792540550232, 0.9015945196151733, 0.8961306810379028, 0.8456864356994629, 0.815935492515564, 0.7981824278831482, 0.8077751994132996, 0.8051010370254517, 0.7956635355949402, 0.7965572476387024, 0.7753303050994873, 0.7923798561096191, 0.7722156047821045, 0.7929697632789612, 0.7735532522201538, 0.7647498846054077, 0.7823278903961182, 0.7759811282157898, 0.789833664894104, 0.798311173915863, 0.7783099412918091], "val_acurracy": [0.4334374964237213, 0.49156248569488525, 0.5371875166893005, 0.5796874761581421, 0.6321874856948853, 0.6215624809265137, 0.6306250095367432, 0.614062488079071, 0.6503124833106995, 0.6837499737739563, 0.7149999737739563, 0.7137500047683716, 0.7278125286102295, 0.7265625, 0.7193750143051147, 0.731249988079071, 0.7425000071525574, 0.7487499713897705, 0.7578125, 0.7743750214576721, 0.7868750095367432, 0.7950000166893005, 0.7931249737739563, 0.793749988079071, 0.7956249713897705, 0.7965624928474426, 0.8056250214576721, 0.7981250286102295, 0.809374988079071, 0.8046875, 0.8131250143051147, 0.8131250143051147, 0.8062499761581421, 0.8090624809265137, 0.8068749904632568, 0.8053125143051147, 0.8125]}