{"loss": [0.454304039478302, 0.09489084035158157, 0.07336785644292831, 0.1491243839263916, 0.11737316101789474, 0.05689682438969612], "acurracy": [0.8565624952316284, 0.9909374713897705, 0.9925000071525574, 0.9806249737739563, 0.9837499856948853, 0.9934375286102295], "val_loss": [1.610514521598816, 1.6231745481491089, 1.6549415588378906, 1.8166966438293457, 2.0811567306518555, 2.238591194152832], "val_acurracy": [0.5059375166893005, 0.5412499904632568, 0.5550000071525574, 0.5325000286102295, 0.35062500834465027, 0.2731249928474426]}