{"loss": [0.4449414014816284, 0.04132842645049095, 0.015339870005846024, 0.037659257650375366, 0.022043637931346893, 0.00515781482681632], "acurracy": [0.8709375262260437, 0.9971874952316284, 0.9996874928474426, 0.9959375262260437, 0.9978125095367432, 1.0], "val_loss": [1.146172285079956, 1.3169801235198975, 1.5815991163253784, 1.6347607374191284, 1.7108172178268433, 1.8912733793258667], "val_acurracy": [0.5737500190734863, 0.5799999833106995, 0.5809375047683716, 0.5815625190734863, 0.5824999809265137, 0.5774999856948853]}