{"loss": [0.5109788775444031, 0.05252506583929062, 0.02964082732796669, 0.008886926807463169, 0.0643266960978508, 0.04371769353747368, 0.019595647230744362, 0.0037237501237541437, 0.011500443331897259, 0.02723587676882744, 0.014146166853606701, 0.0017229511868208647, 0.0015010476345196366, 0.0012274195905774832, 0.03235417976975441, 0.0016752921510487795, 0.028989776968955994, 0.013240770436823368, 0.019360637292265892, 0.019897853955626488, 0.008299420587718487, 0.007984690368175507, 0.014943919144570827, 0.0005205855704843998, 0.007019392214715481, 0.004146049730479717, 0.013187335804104805, 0.015141946263611317, 0.0051529016345739365, 0.009095471352338791, 0.008218738250434399, 0.012959621846675873, 0.011118782684206963, 0.000528341974131763, 0.020555902272462845, 0.01397829782217741, 0.007681130897253752, 0.00915770698338747, 0.00606031296774745, 0.00031288270838558674, 0.004390430171042681, 0.0041558872908353806, 0.0060597131960093975, 0.00715305982157588, 0.015386912040412426, 0.02173650451004505, 0.011259564198553562, 0.0036113231908529997, 0.003450702177360654], "acurracy": [0.8334375023841858, 0.9950000047683716, 0.9959375262260437, 1.0, 0.9878125190734863, 0.9903125166893005, 0.9965624809265137, 1.0, 0.9981250166893005, 0.9912499785423279, 0.996874988079071, 1.0, 1.0, 1.0, 0.9900000095367432, 1.0, 0.9918749928474426, 0.9965624809265137, 0.9946874976158142, 0.9962499737739563, 0.9990624785423279, 0.9975000023841858, 0.9965624809265137, 1.0, 0.9984375238418579, 0.9990624785423279, 0.9971874952316284, 0.9959375262260437, 0.9978125095367432, 0.9981250166893005, 0.9984375238418579, 0.9965624809265137, 0.9971874952316284, 1.0, 0.9959375262260437, 0.9956250190734863, 0.9981250166893005, 0.9959375262260437, 0.9978125095367432, 1.0, 0.9984375238418579, 0.9990624785423279, 0.9984375238418579, 0.9975000023841858, 0.9956250190734863, 0.9934375286102295, 0.9965624809265137, 0.9987499713897705, 0.9990624785423279], "val_loss": [1.8069484233856201, 1.7374253273010254, 1.6517164707183838, 1.6591675281524658, 1.4390029907226562, 1.2832434177398682, 1.255075216293335, 1.2636760473251343, 1.2311010360717773, 1.1370562314987183, 1.08748459815979, 1.0809460878372192, 1.093246340751648, 1.1167582273483276, 0.9876319766044617, 0.9939706921577454, 0.9609543681144714, 0.9176499843597412, 0.8493159413337708, 0.7949094176292419, 0.798862099647522, 0.7837944626808167, 0.7154788970947266, 0.7266609072685242, 0.7567274570465088, 0.7697361707687378, 0.7473145127296448, 0.7119383811950684, 0.6890959143638611, 0.6819923520088196, 0.7369949221611023, 0.7211625576019287, 0.7547503709793091, 0.7442402839660645, 0.645063042640686, 0.6396822929382324, 0.6379993557929993, 0.6350000500679016, 0.6169833540916443, 0.626563549041748, 0.633999764919281, 0.6216917037963867, 0.5992056727409363, 0.5919830203056335, 0.6233440041542053, 0.604050874710083, 0.6356695890426636, 0.6183332800865173, 0.6012940406799316], "val_acurracy": [0.17656250298023224, 0.2446874976158142, 0.31937500834465027, 0.36000001430511475, 0.44093748927116394, 0.5240625143051147, 0.5512499809265137, 0.5471875071525574, 0.5696874856948853, 0.6225000023841858, 0.6428124904632568, 0.6490625143051147, 0.6399999856948853, 0.6381250023841858, 0.6865624785423279, 0.6834375262260437, 0.6990625262260437, 0.7174999713897705, 0.739062488079071, 0.7562500238418579, 0.7578125, 0.7596874833106995, 0.7799999713897705, 0.7778124809265137, 0.7668750286102295, 0.7612500190734863, 0.7724999785423279, 0.7771875262260437, 0.7784374952316284, 0.7850000262260437, 0.7640625238418579, 0.7753124833106995, 0.7584375143051147, 0.762499988079071, 0.7881249785423279, 0.7903125286102295, 0.7915624976158142, 0.7950000166893005, 0.7975000143051147, 0.7934374809265137, 0.7956249713897705, 0.7946875095367432, 0.7984374761581421, 0.8068749904632568, 0.7987499833106995, 0.7978125214576721, 0.7856249809265137, 0.7906249761581421, 0.7971875071525574]}