{"loss": [0.5535370111465454, 0.05591036379337311, 0.0408562570810318, 0.034479282796382904, 0.06691288203001022, 0.0067733400501310825], "acurracy": [0.8196874856948853, 0.9959375262260437, 0.9965624809265137, 0.996874988079071, 0.9931250214576721, 1.0], "val_loss": [1.5187034606933594, 1.5914016962051392, 1.6521353721618652, 1.715303659439087, 1.7871099710464478, 1.8495961427688599], "val_acurracy": [0.5759375095367432, 0.5740625262260437, 0.5787500143051147, 0.5846874713897705, 0.5762500166893005, 0.5778124928474426]}