{"loss": [1.085689902305603, 0.1277841031551361, 0.03443937003612518, 0.01824849657714367, 0.04946880042552948, 0.057515949010849, 0.04488934203982353], "acurracy": [0.6334375143051147, 0.9878125190734863, 0.9990624785423279, 1.0, 0.995312511920929, 0.9931250214576721, 0.995312511920929], "val_loss": [1.3497925996780396, 1.2447806596755981, 1.4275708198547363, 1.6699520349502563, 1.6597723960876465, 1.577122688293457, 1.466295599937439], "val_acurracy": [0.5134375095367432, 0.5799999833106995, 0.5778124928474426, 0.578125, 0.5787500143051147, 0.578125, 0.5824999809265137]}