{"loss": [0.2407955527305603, 0.10936719179153442, 0.0852254182100296, 0.09521804004907608, 0.12769919633865356, 0.1510332077741623, 0.17991159856319427], "accuracy": [0.908984363079071, 0.9806249737739563, 0.9860937595367432, 0.9841406345367432, 0.9764062762260437, 0.9710937738418579, 0.9607031345367432], "val_loss": [0.5805121660232544, 0.5802932381629944, 0.5900460481643677, 0.593180775642395, 0.5987901091575623, 0.600600004196167, 0.6365616321563721], "val_accuracy": [0.8111718893051147, 0.8153125047683716, 0.8176562786102295, 0.8165624737739563, 0.8126562237739563, 0.811328113079071, 0.8069531321525574]}