{"loss": [0.13334967195987701, 0.08338180184364319, 0.11438637971878052, 0.07927258312702179, 0.1467871367931366, 0.10246892273426056, 0.05632690340280533, 0.125209778547287, 0.06698708236217499, 0.06524612754583359, 0.09532539546489716, 0.02838815748691559, 0.09049464017152786, 0.022578135132789612], "accuracy": [0.9590625166893005, 0.9861719012260437, 0.9783594012260437, 0.9861719012260437, 0.9697656035423279, 0.9798437356948853, 0.9901562333106995, 0.9710937738418579, 0.985546886920929, 0.9860156178474426, 0.9757031202316284, 0.9955468773841858, 0.9720312356948853, 0.9959375262260437], "val_loss": [0.5587997436523438, 0.5597444772720337, 0.5404326915740967, 0.5365697145462036, 0.5065052509307861, 0.4888191521167755, 0.48381277918815613, 0.4805861711502075, 0.47122466564178467, 0.47873401641845703, 0.5378755331039429, 0.5065402388572693, 0.6145359873771667, 0.5841761231422424], "val_accuracy": [0.8217187523841858, 0.8217187523841858, 0.8217187523841858, 0.8217187523841858, 0.8232031464576721, 0.8255468606948853, 0.82421875, 0.8454687595367432, 0.8525000214576721, 0.842968761920929, 0.8462499976158142, 0.8400781154632568, 0.8349218964576721, 0.8296093940734863]}