{"loss": [0.16957999765872955, 0.14524255692958832, 0.12559518218040466, 0.14633646607398987, 0.15251605212688446, 0.07074224203824997, 0.11219655722379684, 0.07207256555557251, 0.0755593478679657, 0.12190829962491989], "accuracy": [0.9502343535423279, 0.9713281393051147, 0.975390613079071, 0.9685156345367432, 0.9671093821525574, 0.9881250262260437, 0.9779687523841858, 0.9864062666893005, 0.9852343797683716, 0.9724218845367432], "val_loss": [0.5875371694564819, 0.5496929883956909, 0.5256125926971436, 0.5198675990104675, 0.5158929228782654, 0.5256799459457397, 0.5474196076393127, 0.5518760085105896, 0.5581413507461548, 0.5634862780570984], "val_accuracy": [0.8217187523841858, 0.8217187523841858, 0.8210155963897705, 0.8181250095367432, 0.8172656297683716, 0.8185155987739563, 0.8235937356948853, 0.8202343583106995, 0.8217187523841858, 0.826171875]}