{"loss": [0.12770402431488037, 0.16709911823272705, 0.13592487573623657, 0.08720792084932327, 0.06133084371685982, 0.058449581265449524, 0.0862535834312439, 0.106310173869133, 0.12675286829471588, 0.1536911278963089, 0.07912108302116394], "accuracy": [0.9742187261581421, 0.967578113079071, 0.9756249785423279, 0.985546886920929, 0.9908593893051147, 0.9912499785423279, 0.9854687452316284, 0.9821093678474426, 0.9766406416893005, 0.9696875214576721, 0.9877343773841858], "val_loss": [0.541801393032074, 0.5101454257965088, 0.5043481588363647, 0.5059460997581482, 0.5047808885574341, 0.5041269063949585, 0.5054475665092468, 0.5051770806312561, 0.5051555633544922, 0.5102357268333435, 0.5091758966445923], "val_accuracy": [0.8218749761581421, 0.8217968940734863, 0.8217187523841858, 0.8217187523841858, 0.8217187523841858, 0.8217187523841858, 0.8217187523841858, 0.8217187523841858, 0.8217187523841858, 0.8217187523841858, 0.8217187523841858]}