{"loss": [0.2565225064754486, 0.10879767686128616, 0.11646021157503128, 0.10433094203472137, 0.05981732904911041, 0.15713626146316528, 0.11335590481758118, 0.06588390469551086, 0.11289266496896744, 0.038859277963638306, 0.19680866599082947, 0.08179893344640732, 0.1098712757229805, 0.11694186925888062, 0.10441099107265472, 0.16624732315540314, 0.08473262190818787, 0.10229287296533585, 0.1286359578371048, 0.04490271583199501, 0.0994122326374054], "accuracy": [0.9112499952316284, 0.9818750023841858, 0.9800000190734863, 0.9823437333106995, 0.9909374713897705, 0.9714062213897705, 0.9803125262260437, 0.9901562333106995, 0.9808593988418579, 0.9951562285423279, 0.9624999761581421, 0.9873437285423279, 0.9807812571525574, 0.9784374833106995, 0.9819531440734863, 0.966015636920929, 0.9859374761581421, 0.9823437333106995, 0.9764843583106995, 0.9952343702316284, 0.9828125238418579], "val_loss": [0.6413686275482178, 0.6399208307266235, 0.6379591226577759, 0.6337674856185913, 0.628627598285675, 0.6260608434677124, 0.6236370205879211, 0.6181920170783997, 0.6143012046813965, 0.6132581233978271, 0.6017318964004517, 0.6013984084129333, 0.5995051264762878, 0.5952005982398987, 0.5889454483985901, 0.5825626850128174, 0.5849604606628418, 0.5834669470787048, 0.582965075969696, 0.5902406573295593, 0.5847907662391663], "val_accuracy": [0.8214062452316284, 0.8220312595367432, 0.8218749761581421, 0.8216406106948853, 0.8217187523841858, 0.8203125, 0.8207812309265137, 0.8217187523841858, 0.8217187523841858, 0.8217187523841858, 0.8217187523841858, 0.8217187523841858, 0.8217187523841858, 0.8217187523841858, 0.8217187523841858, 0.8217187523841858, 0.8217187523841858, 0.8217187523841858, 0.8217187523841858, 0.8217187523841858, 0.8217187523841858]}