{"loss": [0.22145555913448334, 0.17629732191562653, 0.09085917472839355, 0.07468854635953903, 0.08618833869695663, 0.09587794542312622, 0.045976366847753525, 0.0436655730009079, 0.061630673706531525, 0.024196350947022438, 0.043487027287483215, 0.048778750002384186, 0.024584464728832245, 0.06069916859269142, 0.04950281232595444, 0.02870224229991436], "accuracy": [0.9256250262260437, 0.9619531035423279, 0.9831249713897705, 0.9861719012260437, 0.9820312261581421, 0.9779687523841858, 0.9904687404632568, 0.9901562333106995, 0.9828906059265137, 0.9943749904632568, 0.985546886920929, 0.9809374809265137, 0.991406261920929, 0.9725781083106995, 0.977343738079071, 0.9874218702316284], "val_loss": [0.6144299507141113, 0.5865905284881592, 0.597754716873169, 0.6080914735794067, 0.6114422082901001, 0.46660315990448, 0.47521278262138367, 0.5211325883865356, 0.45936185121536255, 0.43602272868156433, 0.36445799469947815, 0.38759326934814453, 0.5797621011734009, 0.5780824422836304, 1.4134132862091064, 1.2481151819229126], "val_accuracy": [0.8217187523841858, 0.8217187523841858, 0.8217187523841858, 0.8217187523841858, 0.8219531178474426, 0.8324999809265137, 0.8382812738418579, 0.8450781106948853, 0.8511718511581421, 0.849609375, 0.8439843654632568, 0.8246093988418579, 0.8174218535423279, 0.8129687309265137, 0.16359375417232513, 0.1599999964237213]}