{"loss": [0.37031233310699463, 0.15682275593280792, 0.08293435722589493, 0.04009860381484032, 0.10221951454877853, 0.07010151445865631, 0.1717720627784729, 0.06436857581138611, 0.06604105979204178, 0.009114518761634827, 0.15905949473381042], "accuracy": [0.8403124809265137, 0.9700781106948853, 0.9867187738418579, 0.995312511920929, 0.9826562404632568, 0.989062488079071, 0.9681249856948853, 0.990234375, 0.9897656440734863, 1.0, 0.9725000262260437], "val_loss": [0.5704762935638428, 0.5521337985992432, 0.5291747450828552, 0.5088468790054321, 0.5022507309913635, 0.5005013942718506, 0.5051794052124023, 0.5038397908210754, 0.5023136734962463, 0.5021746158599854, 0.5050796270370483], "val_accuracy": [0.8178125023841858, 0.8200781345367432, 0.8209375143051147, 0.8205468654632568, 0.8197656273841858, 0.8201562762260437, 0.8193749785423279, 0.8203125, 0.8207031488418579, 0.8215625286102295, 0.8199218511581421]}