{"loss": [0.17778627574443817, 0.10450553894042969, 0.10308445245027542, 0.14920377731323242, 0.11996879428625107, 0.061006344854831696, 0.05602292716503143, 0.10132503509521484, 0.1197509765625, 0.0389677993953228, 0.12336058914661407, 0.06295091658830643, 0.12356322258710861, 0.09689781814813614, 0.06149163842201233, 0.07643935829401016, 0.0876457691192627, 0.10086539387702942, 0.03568713739514351, 0.05875369533896446, 0.08187899738550186, 0.11208843439817429, 0.07196532934904099, 0.10341351479291916, 0.0463339127600193, 0.12226909399032593, 0.05305813252925873, 0.07548166066408157, 0.11084066331386566, 0.07539679855108261, 0.04728848487138748], "accuracy": [0.9467968940734863, 0.9822656512260437, 0.9817968606948853, 0.971875011920929, 0.9770312309265137, 0.9907031059265137, 0.9911718964576721, 0.9821093678474426, 0.9775781035423279, 0.9955468773841858, 0.9762499928474426, 0.9899218678474426, 0.9760156273841858, 0.9810156226158142, 0.9899218678474426, 0.9858593940734863, 0.9839062690734863, 0.9797656536102295, 0.9950781464576721, 0.9897656440734863, 0.9842187762260437, 0.9757031202316284, 0.9853125214576721, 0.9771875143051147, 0.9926562309265137, 0.9715625047683716, 0.9900000095367432, 0.9837499856948853, 0.971875011920929, 0.9840624928474426, 0.9910937547683716], "val_loss": [0.6295084953308105, 0.6012544631958008, 0.5879685878753662, 0.5481588840484619, 0.5566243529319763, 0.5633167028427124, 0.5624734163284302, 0.5429176092147827, 0.5086337924003601, 0.5428197979927063, 0.5070849657058716, 0.5174782276153564, 0.4954940676689148, 0.4787920117378235, 0.4884593188762665, 0.4771919548511505, 0.4514239430427551, 0.4371332824230194, 0.44502580165863037, 0.4302184283733368, 0.410190612077713, 0.39381787180900574, 0.37665432691574097, 0.3672884404659271, 0.36972060799598694, 0.351022332906723, 0.36925917863845825, 0.3571815490722656, 0.3531861901283264, 0.35994479060173035, 0.38842639327049255], "val_accuracy": [0.8212500214576721, 0.8217187523841858, 0.8217187523841858, 0.821484386920929, 0.8216406106948853, 0.8213281035423279, 0.8213281035423279, 0.8210155963897705, 0.8224218487739563, 0.8213281035423279, 0.8216406106948853, 0.8220312595367432, 0.8207812309265137, 0.8189062476158142, 0.8202343583106995, 0.8209375143051147, 0.8187500238418579, 0.8190624713897705, 0.8182031512260437, 0.8192968964576721, 0.8223437666893005, 0.8196094036102295, 0.8245312571525574, 0.8291406035423279, 0.8172656297683716, 0.8294531106948853, 0.8142187595367432, 0.8241406083106995, 0.8274219036102295, 0.8215625286102295, 0.8067968487739563]}