{"loss": [0.25740450620651245, 0.09020918607711792, 0.10618377476930618, 0.08454680442810059, 0.14517073333263397, 0.1481892168521881, 0.1047436073422432], "accuracy": [0.8964062333106995, 0.9842968583106995, 0.9817968606948853, 0.9853906035423279, 0.9709374904632568, 0.9664062261581421, 0.9785937666893005], "val_loss": [0.550741970539093, 0.5442713499069214, 0.5667888522148132, 0.6191772818565369, 0.6822007894515991, 0.7051011919975281, 0.755104660987854], "val_accuracy": [0.8239843845367432, 0.8217187523841858, 0.8205468654632568, 0.8197656273841858, 0.8228124976158142, 0.829296886920929, 0.18054687976837158]}