{"loss": [0.842061460018158, 0.6772229671478271, 0.49138885736465454, 0.45854637026786804, 0.7676287293434143, 0.4177645146846771], "acurracy": [0.7835937738418579, 0.8779687285423279, 0.9209374785423279, 0.9255468845367432, 0.8550000190734863, 0.9337499737739563], "val_loss": [2.4877681732177734, 2.5321733951568604, 2.882556200027466, 2.938633680343628, 2.7720589637756348, 2.9851856231689453], "val_acurracy": [0.169921875, 0.16734375059604645, 0.1674218773841858, 0.16515624523162842, 0.16898436844348907, 0.16757813096046448]}