{"loss": [0.9472511410713196, 0.6528342962265015, 0.347726434469223, 0.47596508264541626, 0.3861922323703766, 0.4265057444572449, 0.22651033103466034, 0.345816969871521, 0.2633032202720642], "acurracy": [0.709765613079071, 0.865234375, 0.9310156106948853, 0.8812500238418579, 0.8953906297683716, 0.867968738079071, 0.93359375, 0.8895312547683716, 0.9150781035423279], "val_loss": [2.172166347503662, 1.8842567205429077, 1.8705898523330688, 1.3496395349502563, 1.3988853693008423, 1.5156913995742798, 1.4805799722671509, 1.4744607210159302, 1.5086028575897217], "val_acurracy": [0.23992186784744263, 0.2837499976158142, 0.2979687452316284, 0.31882813572883606, 0.31937500834465027, 0.32304686307907104, 0.32249999046325684, 0.3148437440395355, 0.3128906190395355]}