{"loss": [0.8679660558700562, 0.588844895362854, 0.5981042385101318, 0.44923028349876404, 0.36940696835517883, 0.33247727155685425, 0.2956294119358063, 0.437117338180542, 0.3734391927719116, 0.33728834986686707], "acurracy": [0.7421093583106995, 0.8900781273841858, 0.8775781393051147, 0.9053906202316284, 0.918749988079071, 0.9188281297683716, 0.9253906011581421, 0.8745312690734863, 0.8924219012260437, 0.9025781154632568], "val_loss": [2.238095760345459, 2.065638542175293, 1.6641244888305664, 1.5146342515945435, 1.443596601486206, 1.4488835334777832, 1.5005890130996704, 1.5592586994171143, 1.608515739440918, 1.5656683444976807], "val_acurracy": [0.16820313036441803, 0.18335936963558197, 0.28953126072883606, 0.3055468797683716, 0.32109373807907104, 0.3186718821525574, 0.3204687535762787, 0.33335936069488525, 0.3197656273841858, 0.32554686069488525]}