{"loss": [0.7164375185966492, 0.42589259147644043, 0.3802441656589508, 0.22872380912303925, 0.28676891326904297, 0.2860843241214752], "acurracy": [0.7920312285423279, 0.9096875190734863, 0.9021875262260437, 0.9372656345367432, 0.9104687571525574, 0.9042187333106995], "val_loss": [3.1769859790802, 3.4452452659606934, 3.7016501426696777, 3.957740545272827, 4.057377815246582, 4.217410564422607], "val_acurracy": [0.16734375059604645, 0.1681250035762787, 0.17156249284744263, 0.16835936903953552, 0.1713281273841858, 0.16929687559604645]}