{"loss": [0.7731399536132812, 0.6180185079574585, 0.7017982006072998, 0.4859362840652466, 0.6010080575942993, 0.49120646715164185], "acurracy": [0.7946093678474426, 0.8899219036102295, 0.8695312738418579, 0.9110937714576721, 0.8828125, 0.8987500071525574], "val_loss": [2.427027940750122, 2.6245696544647217, 2.8873021602630615, 3.342573642730713, 3.580094575881958, 4.060192108154297], "val_acurracy": [0.16757813096046448, 0.16906249523162842, 0.1667187511920929, 0.16734375059604645, 0.16492187976837158, 0.16164062917232513]}