{"loss": [0.8273866772651672, 0.6710253357887268, 0.6615960597991943, 0.39296355843544006, 0.8165320754051208, 0.43484050035476685], "acurracy": [0.7815625071525574, 0.8795312643051147, 0.8803906440734863, 0.9403906464576721, 0.8413281440734863, 0.9307031035423279], "val_loss": [2.5257155895233154, 2.720796823501587, 2.7665624618530273, 3.1238067150115967, 2.8139193058013916, 3.2469632625579834], "val_acurracy": [0.16554687917232513, 0.16257812082767487, 0.16398437321186066, 0.16328124701976776, 0.15515625476837158, 0.15992186963558197]}