{"loss": [0.712860643863678, 0.6546837091445923, 0.4204042851924896, 0.31400197744369507, 0.3226962387561798, 0.46983253955841064], "acurracy": [0.7985156178474426, 0.8518750071525574, 0.899609386920929, 0.916796863079071, 0.904296875, 0.8396093845367432], "val_loss": [2.539390802383423, 3.096585988998413, 3.7664260864257812, 4.423892974853516, 5.168469429016113, 5.657710075378418], "val_acurracy": [0.16718749701976776, 0.1603125035762787, 0.1251562535762787, 0.11179687827825546, 0.10390625149011612, 0.09749999642372131]}