{"loss": [0.7755241394042969, 0.6883214712142944, 0.5446429252624512, 0.4800017476081848, 0.2789762318134308, 0.4420378804206848], "acurracy": [0.7889062762260437, 0.8533594012260437, 0.8804687261581421, 0.8826562762260437, 0.9342968463897705, 0.8752343654632568], "val_loss": [2.7937934398651123, 3.323213815689087, 3.8467252254486084, 4.644899368286133, 5.196718692779541, 6.0131330490112305], "val_acurracy": [0.1685156226158142, 0.16539062559604645, 0.1580468714237213, 0.1314062476158142, 0.11507812142372131, 0.10367187857627869]}