{"loss": [1.078576683998108, 0.42951664328575134, 0.43937572836875916, 0.5092953443527222, 0.4458605647087097, 0.39645156264305115], "acurracy": [0.6572656035423279, 0.919140636920929, 0.9129687547683716, 0.8784375190734863, 0.8896874785423279, 0.8880468606948853], "val_loss": [2.530654191970825, 2.783508539199829, 2.744544267654419, 2.782686233520508, 2.835017442703247, 2.9683961868286133], "val_acurracy": [0.16859374940395355, 0.16773436963558197, 0.14882811903953552, 0.14140625298023224, 0.15148437023162842, 0.1567968726158142]}