{"loss": [1.0707104206085205, 0.6208338737487793, 0.5080568790435791, 0.5743284821510315, 0.5430105328559875, 0.45116356015205383, 0.7631466388702393, 0.7076725959777832, 0.5039432644844055, 0.42507311701774597, 0.40626126527786255, 0.4698030948638916, 0.4855380952358246], "acurracy": [0.7117968797683716, 0.8881250023841858, 0.9118750095367432, 0.8989062309265137, 0.9057812690734863, 0.9237499833106995, 0.8393750190734863, 0.845703125, 0.895312488079071, 0.915234386920929, 0.9169531464576721, 0.8935156464576721, 0.8848437666893005], "val_loss": [2.095895767211914, 2.2538070678710938, 2.2598371505737305, 2.191786766052246, 1.935011863708496, 1.9170095920562744, 1.5930795669555664, 1.5838978290557861, 1.6949750185012817, 1.7601616382598877, 1.8521053791046143, 1.9484193325042725, 2.042086601257324], "val_acurracy": [0.18367187678813934, 0.19304686784744263, 0.21578125655651093, 0.24890625476837158, 0.28648436069488525, 0.2956250011920929, 0.3335937559604645, 0.33351561427116394, 0.33085936307907104, 0.3313281238079071, 0.33070313930511475, 0.33195313811302185, 0.3282812535762787]}