{"loss": [1.7357761859893799, 1.3900357484817505, 0.6090750694274902, 0.27802354097366333, 0.20716233551502228, 0.21831442415714264, 0.18540804088115692, 0.24956710636615753, 0.13598763942718506, 0.16169771552085876, 0.1930938959121704, 0.17849324643611908, 0.18675580620765686, 0.15730661153793335, 0.22073765099048615, 0.18785341084003448, 0.18687042593955994, 0.12811270356178284, 0.17474424839019775, 0.06520554423332214, 0.11098412424325943, 0.14518184959888458, 0.15896959602832794, 0.20512716472148895, 0.154534250497818, 0.16799476742744446, 0.21357446908950806, 0.15597349405288696, 0.13035492599010468, 0.21436992287635803, 0.20758815109729767, 0.20977024734020233, 0.12823283672332764, 0.16321304440498352, 0.16188286244869232, 0.14312422275543213, 0.14903688430786133, 0.06889044493436813, 0.17225252091884613, 0.09232384711503983, 0.14935308694839478, 0.21587596833705902, 0.1258518099784851, 0.09101150184869766, 0.1824338585138321, 0.14743565022945404, 0.1359051764011383, 0.12320924550294876, 0.1916578710079193, 0.13469278812408447, 0.1578543782234192, 0.15735530853271484, 0.110028475522995, 0.14873935282230377, 0.12290791422128677, 0.1256617307662964, 0.13165657222270966, 0.12349969148635864, 0.14743325114250183, 0.11983155459165573, 0.16502897441387177, 0.1578451693058014, 0.11113660037517548, 0.1533469408750534, 0.15352465212345123, 0.1199914962053299, 0.09927210211753845, 0.1866866499185562, 0.09831269085407257, 0.14142590761184692, 0.08676856756210327, 0.14326877892017365, 0.13039758801460266, 0.11950407922267914, 0.12220554053783417, 0.07717086374759674, 0.15323296189308167, 0.14041954278945923, 0.10794800519943237, 0.11759329587221146, 0.1295819729566574, 0.1299666166305542, 0.131428524851799, 0.1281852126121521, 0.13022267818450928, 0.19523708522319794, 0.12942107021808624, 0.11666002124547958, 0.1396060734987259, 0.13902463018894196, 0.16019479930400848], "acurracy": [0.8975781202316284, 0.9030468463897705, 0.9132031202316284, 0.9263281226158142, 0.9342968463897705, 0.9236719012260437, 0.9309375286102295, 0.896484375, 0.9407031536102295, 0.928515613079071, 0.9094531536102295, 0.9147655963897705, 0.9100000262260437, 0.9203125238418579, 0.8865625262260437, 0.9039843678474426, 0.9024999737739563, 0.934374988079071, 0.9120312333106995, 0.9671875238418579, 0.9405468702316284, 0.9247656464576721, 0.9157031178474426, 0.8897656202316284, 0.9225000143051147, 0.9120312333106995, 0.8874218463897705, 0.9156249761581421, 0.927734375, 0.8833593726158142, 0.8856250047683716, 0.8842968940734863, 0.9300000071525574, 0.9119531512260437, 0.9117187261581421, 0.922656238079071, 0.9214062690734863, 0.9638281464576721, 0.907031238079071, 0.9509375095367432, 0.9202343821525574, 0.882031261920929, 0.9323437213897705, 0.9500781297683716, 0.8971093893051147, 0.9192968606948853, 0.9255468845367432, 0.9331250190734863, 0.8969531059265137, 0.9264062643051147, 0.9120312333106995, 0.9132031202316284, 0.9397656321525574, 0.9197656512260437, 0.9335156083106995, 0.9307812452316284, 0.9291406273841858, 0.9344531297683716, 0.9194531440734863, 0.9366406202316284, 0.9098437428474426, 0.9155468940734863, 0.9392187595367432, 0.9178906083106995, 0.917187511920929, 0.9332812428474426, 0.9473437666893005, 0.8987500071525574, 0.9468749761581421, 0.9260937571525574, 0.953125, 0.9213281273841858, 0.9296093583106995, 0.9350781440734863, 0.9335156083106995, 0.9580468535423279, 0.9164062738418579, 0.9228906035423279, 0.9429687261581421, 0.9380468726158142, 0.9298437237739563, 0.9307031035423279, 0.9296093583106995, 0.9338281154632568, 0.9303905963897705, 0.8955468535423279, 0.9309375286102295, 0.9384375214576721, 0.9239062666893005, 0.9285937547683716, 0.9154687523841858], "val_loss": [1.748071551322937, 1.7396330833435059, 1.9302858114242554, 1.8283300399780273, 1.764631748199463, 1.6116034984588623, 1.5330172777175903, 1.4238884449005127, 1.389360785484314, 1.3407707214355469, 1.3043882846832275, 1.2861016988754272, 1.2488256692886353, 1.2430952787399292, 1.218551516532898, 1.2043243646621704, 1.2032713890075684, 1.1964969635009766, 1.1909277439117432, 1.1868999004364014, 1.1885913610458374, 1.1857352256774902, 1.1802769899368286, 1.1734617948532104, 1.1751351356506348, 1.1717402935028076, 1.1612659692764282, 1.1589843034744263, 1.154008388519287, 1.1511714458465576, 1.1480915546417236, 1.1490119695663452, 1.1523934602737427, 1.1488847732543945, 1.1479716300964355, 1.143601417541504, 1.1411406993865967, 1.142561674118042, 1.1434378623962402, 1.1441619396209717, 1.1481155157089233, 1.1353859901428223, 1.1393705606460571, 1.138441562652588, 1.1327707767486572, 1.1308281421661377, 1.1317883729934692, 1.1269780397415161, 1.127026915550232, 1.1265802383422852, 1.1292917728424072, 1.126206874847412, 1.1265350580215454, 1.126397967338562, 1.125066876411438, 1.1289350986480713, 1.132341742515564, 1.1264622211456299, 1.1249107122421265, 1.1234536170959473, 1.1224735975265503, 1.1203693151474, 1.1263314485549927, 1.1198228597640991, 1.1236662864685059, 1.129762887954712, 1.1236096620559692, 1.1176830530166626, 1.11960768699646, 1.1162422895431519, 1.121412754058838, 1.1156299114227295, 1.12294340133667, 1.116543173789978, 1.1182951927185059, 1.1091163158416748, 1.1124272346496582, 1.1212725639343262, 1.1183558702468872, 1.116947054862976, 1.1152870655059814, 1.1163415908813477, 1.115421175956726, 1.1131930351257324, 1.1151036024093628, 1.114847183227539, 1.1164690256118774, 1.1194086074829102, 1.1140036582946777, 1.1173392534255981, 1.113817572593689], "val_acurracy": [0.27734375, 0.2819531261920929, 0.29554688930511475, 0.33281248807907104, 0.33976563811302185, 0.3402343690395355, 0.33781251311302185, 0.34593749046325684, 0.3442968726158142, 0.34242188930511475, 0.34812501072883606, 0.35109373927116394, 0.3497656285762787, 0.3563281297683716, 0.3585156202316284, 0.35929688811302185, 0.3617187440395355, 0.35984376072883606, 0.36109375953674316, 0.3620312511920929, 0.36765626072883606, 0.369140625, 0.36265623569488525, 0.36195313930511475, 0.36031249165534973, 0.36976563930511475, 0.37156251072883606, 0.3746874928474426, 0.37062498927116394, 0.37671875953674316, 0.38039061427116394, 0.380859375, 0.37937501072883606, 0.3773437440395355, 0.37648436427116394, 0.3811718821525574, 0.3842187523841858, 0.3826562464237213, 0.37984374165534973, 0.3794531226158142, 0.37546876072883606, 0.3844531178474426, 0.384765625, 0.3882812559604645, 0.3881250023841858, 0.38749998807907104, 0.39039063453674316, 0.39109376072883606, 0.40046873688697815, 0.39281249046325684, 0.3903124928474426, 0.39085936546325684, 0.39109376072883606, 0.39406248927116394, 0.39554688334465027, 0.3949218690395355, 0.3927343785762787, 0.39445313811302185, 0.39320313930511475, 0.39695313572883606, 0.3971875011920929, 0.40031251311302185, 0.3967968821525574, 0.40601563453674316, 0.40062499046325684, 0.40257811546325684, 0.4002343714237213, 0.4046874940395355, 0.40312498807907104, 0.40476563572883606, 0.4000000059604645, 0.40187498927116394, 0.40046873688697815, 0.39890626072883606, 0.40171873569488525, 0.4096093773841858, 0.4055468738079071, 0.404296875, 0.4017968773841858, 0.4041406214237213, 0.40617188811302185, 0.41359373927116394, 0.40921875834465027, 0.41289061307907104, 0.4142187535762787, 0.4108593761920929, 0.4117187559604645, 0.41507813334465027, 0.40914061665534973, 0.40523436665534973, 0.40796875953674316]}