{"loss": [1.544885516166687, 0.8172263503074646, 0.5362122058868408, 0.31837916374206543, 0.38778385519981384, 0.3233433961868286, 0.428859144449234, 0.29892024397850037, 0.3710891306400299, 0.29632455110549927, 0.40240028500556946, 0.4115840494632721, 0.45726630091667175, 0.35945427417755127, 0.32944732904434204, 0.38045457005500793], "acurracy": [0.6120312213897705, 0.8667968511581421, 0.8585156202316284, 0.9242187738418579, 0.9018750190734863, 0.9155468940734863, 0.8846874833106995, 0.9256250262260437, 0.900390625, 0.9228125214576721, 0.8903906345367432, 0.8845312595367432, 0.8655468821525574, 0.9010156393051147, 0.9075000286102295, 0.8910937309265137], "val_loss": [1.8091496229171753, 2.7177257537841797, 3.3408169746398926, 3.8122472763061523, 3.840130090713501, 3.995206594467163, 3.8763015270233154, 4.120600700378418, 4.055421829223633, 4.339000701904297, 4.176562786102295, 4.368430137634277, 4.332373142242432, 4.625523567199707, 4.774789333343506, 4.787162780761719], "val_acurracy": [0.17125000059604645, 0.1681250035762787, 0.1654687523841858, 0.16875000298023224, 0.16718749701976776, 0.16835936903953552, 0.16835936903953552, 0.169921875, 0.1674218773841858, 0.16687500476837158, 0.16835936903953552, 0.1665624976158142, 0.1667187511920929, 0.16875000298023224, 0.16953125596046448, 0.16789062321186066]}