{"loss": [1.2722084522247314, 0.28210359811782837, 0.3092246949672699, 0.23554402589797974, 0.3550175726413727, 0.21536071598529816, 0.1906406432390213, 0.29012560844421387, 0.2267376184463501, 0.20269909501075745, 0.25771158933639526, 0.1841701716184616, 0.1484442502260208, 0.15984588861465454, 0.09869816899299622, 0.1544123739004135], "acurracy": [0.680859386920929, 0.9285937547683716, 0.8807031512260437, 0.9077343940734863, 0.8517187237739563, 0.9099218845367432, 0.9192968606948853, 0.8713281154632568, 0.8974999785423279, 0.9092187285423279, 0.8842968940734863, 0.9141406416893005, 0.9296875, 0.9248437285423279, 0.9555468559265137, 0.9257031083106995], "val_loss": [1.8031970262527466, 1.971612572669983, 1.9538787603378296, 1.9667754173278809, 1.9714192152023315, 2.0191657543182373, 2.0727388858795166, 2.1366775035858154, 2.2607431411743164, 2.3911123275756836, 2.546837091445923, 2.727803945541382, 2.8826258182525635, 3.0338709354400635, 3.1388051509857178, 3.2822654247283936], "val_acurracy": [0.22499999403953552, 0.18140624463558197, 0.17078125476837158, 0.16687500476837158, 0.1686718761920929, 0.16750000417232513, 0.16484375298023224, 0.1541406214237213, 0.13203124701976776, 0.10703124850988388, 0.06195312365889549, 0.06226562336087227, 0.04625000059604645, 0.03539062663912773, 0.03515625, 0.027499999850988388]}