{"loss": [1.714036464691162, 1.1999733448028564, 0.45725736021995544, 0.26863893866539, 0.2855367064476013, 0.2801991105079651, 0.22946685552597046, 0.19939900934696198, 0.20709200203418732, 0.2060178816318512, 0.11593781411647797, 0.23990820348262787, 0.16099809110164642, 0.18694868683815002, 0.07916498929262161, 0.15680181980133057, 0.15132540464401245, 0.17531055212020874, 0.20644201338291168, 0.12165828049182892, 0.15071924030780792, 0.1494566947221756, 0.18301336467266083, 0.14379897713661194, 0.10960368812084198, 0.1216173842549324, 0.20458276569843292, 0.20292600989341736, 0.16332204639911652, 0.13110490143299103, 0.1676626354455948, 0.16653676331043243, 0.07222054898738861, 0.15123561024665833, 0.17614105343818665, 0.14156216382980347, 0.1849941611289978, 0.16245897114276886, 0.12536408007144928, 0.2297198623418808, 0.055911585688591, 0.2063484936952591, 0.11389751732349396, 0.10434344410896301, 0.1349562406539917, 0.22832760214805603, 0.11457356810569763, 0.1933799684047699, 0.23581472039222717, 0.19101162254810333, 0.0784984901547432, 0.13604919612407684, 0.11328520625829697, 0.11397144943475723, 0.1602599322795868, 0.16893750429153442, 0.11317335814237595, 0.12134090065956116, 0.15481139719486237, 0.14730525016784668, 0.12154896557331085, 0.18537963926792145, 0.1436944454908371, 0.15680450201034546, 0.14287298917770386, 0.13247579336166382, 0.18700376152992249, 0.09941892325878143, 0.12215587496757507, 0.1430688500404358, 0.17453718185424805, 0.1317266821861267, 0.11024688929319382, 0.08814734220504761, 0.08887629210948944, 0.14288455247879028, 0.1748896986246109, 0.14126119017601013, 0.15299931168556213, 0.1295117735862732, 0.10843999683856964, 0.1709151417016983, 0.14031316339969635, 0.1402306854724884, 0.14074520766735077, 0.10997433960437775, 0.1731368452310562, 0.0634361058473587, 0.19357511401176453, 0.12704309821128845, 0.2247816026210785, 0.1378646343946457, 0.1275092363357544, 0.14799363911151886, 0.17767542600631714, 0.08310998976230621, 0.21443095803260803, 0.15771980583667755, 0.12572385370731354, 0.11801777780056, 0.20043009519577026, 0.07580293715000153, 0.10584817081689835, 0.11664146184921265, 0.1476306915283203, 0.12650591135025024, 0.084647037088871, 0.1567826122045517, 0.14620843529701233, 0.1446351855993271, 0.14715224504470825, 0.10427209734916687], "acurracy": [0.9078906178474426, 0.9478124976158142, 0.918749988079071, 0.9240624904632568, 0.9057812690734863, 0.8935937285423279, 0.9064062237739563, 0.9153125286102295, 0.9102343916893005, 0.9019531011581421, 0.9469531178474426, 0.8846874833106995, 0.9222656488418579, 0.9079687595367432, 0.9600781202316284, 0.9213281273841858, 0.9236719012260437, 0.9114062786102295, 0.8949999809265137, 0.936718761920929, 0.9217968583106995, 0.9239062666893005, 0.9010156393051147, 0.9257031083106995, 0.9431250095367432, 0.9382030963897705, 0.8942187428474426, 0.8950781226158142, 0.9138281345367432, 0.9290624856948853, 0.9110937714576721, 0.913281261920929, 0.9619531035423279, 0.9189062714576721, 0.9075781106948853, 0.9225780963897705, 0.9008593559265137, 0.9120312333106995, 0.9338281154632568, 0.8785156011581421, 0.9710937738418579, 0.8875781297683716, 0.9380468726158142, 0.9440624713897705, 0.92578125, 0.8782812356948853, 0.9388281106948853, 0.8964062333106995, 0.871874988079071, 0.8946874737739563, 0.9565625190734863, 0.9272656440734863, 0.9375781416893005, 0.9390624761581421, 0.9126562476158142, 0.9075000286102295, 0.9399999976158142, 0.9352343678474426, 0.9170312285423279, 0.916796863079071, 0.9352343678474426, 0.8982812762260437, 0.9219531416893005, 0.9122655987739563, 0.9227343797683716, 0.9292968511581421, 0.9001562595367432, 0.946484386920929, 0.9341406226158142, 0.9216406345367432, 0.9056249856948853, 0.9286718964576721, 0.9399999976158142, 0.9528124928474426, 0.9544531106948853, 0.9245312213897705, 0.9057031273841858, 0.924609363079071, 0.9171093702316284, 0.9300781488418579, 0.9392969012260437, 0.9089062213897705, 0.9236719012260437, 0.9245312213897705, 0.9246875047683716, 0.9403125047683716, 0.9060937762260437, 0.9668750166893005, 0.8962500095367432, 0.932812511920929, 0.8826562762260437, 0.9274218678474426, 0.9310937523841858, 0.9217187762260437, 0.9043750166893005, 0.955078125, 0.882031261920929, 0.9150781035423279, 0.9326562285423279, 0.9345312714576721, 0.8909375071525574, 0.9587500095367432, 0.9439062476158142, 0.9382030963897705, 0.9236719012260437, 0.93359375, 0.9555468559265137, 0.9157031178474426, 0.9205468893051147, 0.9214062690734863, 0.9240624904632568, 0.9456250071525574], "val_loss": [1.7396621704101562, 1.9000686407089233, 2.026496648788452, 1.9275861978530884, 1.7182965278625488, 1.5855222940444946, 1.4844776391983032, 1.4353268146514893, 1.3674612045288086, 1.335864543914795, 1.3147363662719727, 1.2751542329788208, 1.2522814273834229, 1.2386488914489746, 1.2418032884597778, 1.234226107597351, 1.2238051891326904, 1.2176417112350464, 1.2027544975280762, 1.2018275260925293, 1.1960629224777222, 1.193772315979004, 1.1846879720687866, 1.1796326637268066, 1.1829833984375, 1.1799421310424805, 1.1702449321746826, 1.1648403406143188, 1.1582612991333008, 1.1616265773773193, 1.1584702730178833, 1.1577180624008179, 1.1619312763214111, 1.1581065654754639, 1.1557034254074097, 1.1556775569915771, 1.1519845724105835, 1.1489477157592773, 1.1456090211868286, 1.1419659852981567, 1.1456876993179321, 1.1417968273162842, 1.1443672180175781, 1.1436948776245117, 1.1440434455871582, 1.1390399932861328, 1.1404175758361816, 1.135451316833496, 1.1342434883117676, 1.125900387763977, 1.1335378885269165, 1.1340147256851196, 1.1365761756896973, 1.1312228441238403, 1.1275722980499268, 1.1280959844589233, 1.1317027807235718, 1.13303804397583, 1.1265994310379028, 1.1294357776641846, 1.1287263631820679, 1.1312477588653564, 1.1247819662094116, 1.1258362531661987, 1.1189320087432861, 1.1286587715148926, 1.1230236291885376, 1.1261701583862305, 1.1183254718780518, 1.120223879814148, 1.122489094734192, 1.126165509223938, 1.1230756044387817, 1.1196871995925903, 1.118843674659729, 1.1194344758987427, 1.1166709661483765, 1.1144483089447021, 1.1137229204177856, 1.1201856136322021, 1.1202448606491089, 1.1151587963104248, 1.109849452972412, 1.1142592430114746, 1.113397479057312, 1.1173675060272217, 1.1154320240020752, 1.1136177778244019, 1.117251992225647, 1.11175537109375, 1.1087850332260132, 1.113433599472046, 1.1185364723205566, 1.113632082939148, 1.122695803642273, 1.11183500289917, 1.1086348295211792, 1.1171165704727173, 1.118188500404358, 1.1211857795715332, 1.1214679479599, 1.1214745044708252, 1.1175411939620972, 1.1164782047271729, 1.1236367225646973, 1.1145224571228027, 1.119551181793213, 1.1251522302627563, 1.1182622909545898, 1.125034213066101, 1.128832221031189, 1.1309309005737305],