{"loss": [1.2549556493759155, 0.43763312697410583, 0.12501290440559387, 0.33259284496307373, 0.15991921722888947, 0.23801539838314056, 0.29225048422813416, 0.28719401359558105, 0.22256900370121002, 0.14258863031864166, 0.3100756108760834, 0.21060770750045776, 0.27895084023475647, 0.11365573853254318, 0.22087900340557098, 0.2004842609167099], "acurracy": [0.8013281226158142, 0.8492968678474426, 0.957812488079071, 0.8743749856948853, 0.9416406154632568, 0.9078906178474426, 0.8822656273841858, 0.8817968964576721, 0.9075000286102295, 0.9407812356948853, 0.8668749928474426, 0.9087499976158142, 0.8754687309265137, 0.9502343535423279, 0.8992968797683716, 0.9114843606948853], "val_loss": [1.9163007736206055, 2.446500301361084, 2.711773157119751, 2.7041351795196533, 2.846264123916626, 2.87894344329834, 2.8872647285461426, 2.9383859634399414, 3.089223861694336, 3.3060269355773926, 3.2988312244415283, 3.5004706382751465, 3.581043004989624, 3.7680773735046387, 3.6375505924224854, 3.7793664932250977], "val_acurracy": [0.1686718761920929, 0.1693750023841858, 0.16929687559604645, 0.1692187488079071, 0.17015625536441803, 0.16945312917232513, 0.16773436963558197, 0.16820313036441803, 0.16796875, 0.1717187464237213, 0.17015625536441803, 0.16859374940395355, 0.1681250035762787, 0.16945312917232513, 0.16640624403953552, 0.1678124964237213]}