{"loss": [1.6373014450073242, 1.1662952899932861, 0.7744239568710327, 0.5952022075653076, 0.5821674466133118, 0.5325108170509338, 0.5918357968330383, 0.4610649347305298, 0.49224036931991577, 0.5673308968544006, 0.5310110449790955, 0.5612315535545349, 0.3840305805206299, 0.6828087568283081, 0.5799983739852905, 0.35563796758651733], "acurracy": [0.5987499952316284, 0.9154687523841858, 0.8752343654632568, 0.8928124904632568, 0.8913280963897705, 0.9009374976158142, 0.8824999928474426, 0.9173437356948853, 0.9094531536102295, 0.8901562690734863, 0.8977344036102295, 0.8900781273841858, 0.9342968463897705, 0.859375, 0.8839062452316284, 0.9424218535423279], "val_loss": [1.7894384860992432, 1.9934394359588623, 2.6017186641693115, 2.9571259021759033, 3.029325008392334, 3.092902421951294, 2.9968719482421875, 3.1974501609802246, 3.2580690383911133, 3.1413660049438477, 3.1945688724517822, 3.1016674041748047, 3.31539249420166, 3.0713515281677246, 3.004086971282959, 3.296478271484375], "val_acurracy": [0.16789062321186066, 0.16632813215255737, 0.16765624284744263, 0.16820313036441803, 0.17140625417232513, 0.16687500476837158, 0.16796875, 0.16968749463558197, 0.1693750023841858, 0.16718749701976776, 0.16914062201976776, 0.16750000417232513, 0.16687500476837158, 0.16843749582767487, 0.1700781285762787, 0.16718749701976776]}