{"loss": [1.0791985988616943, 0.30313578248023987, 0.220943883061409, 0.15143518149852753, 0.34582599997520447, 0.20321375131607056, 0.1809190809726715, 0.16180741786956787, 0.3053596615791321, 0.3164745569229126, 0.30989697575569153, 0.23573198914527893, 0.1608552485704422, 0.19417376816272736, 0.10802014172077179, 0.20325280725955963, 0.1376161426305771, 0.11868953704833984, 0.22859573364257812, 0.2240816056728363, 0.2208745777606964, 0.1263761967420578, 0.17112384736537933, 0.12149236351251602, 0.16780439019203186, 0.269247829914093, 0.16751857101917267, 0.25530144572257996, 0.28168943524360657, 0.20529058575630188, 0.14766234159469604, 0.22109536826610565, 0.2199620008468628, 0.1447422355413437, 0.18458272516727448, 0.24556389451026917, 0.24413566291332245, 0.1595434546470642, 0.19861909747123718, 0.1862129271030426, 0.19839094579219818, 0.24394893646240234, 0.15532536804676056], "acurracy": [0.7963281273841858, 0.9081249833106995, 0.9165624976158142, 0.9432812333106995, 0.8608593940734863, 0.9209374785423279, 0.9272656440734863, 0.9344531297683716, 0.8744531273841858, 0.8688281178474426, 0.8717187643051147, 0.9005468487739563, 0.9321874976158142, 0.9155468940734863, 0.954296886920929, 0.912890613079071, 0.9418749809265137, 0.94921875, 0.8990625143051147, 0.8989062309265137, 0.9007031321525574, 0.9423437714576721, 0.9211719036102295, 0.9464062452316284, 0.9247656464576721, 0.8737499713897705, 0.9197656512260437, 0.879687488079071, 0.8651562333106995, 0.9029687643051147, 0.9294531345367432, 0.8935937285423279, 0.8960937261581421, 0.9300781488418579, 0.9121875166893005, 0.8834375143051147, 0.8829687237739563, 0.9268749952316284, 0.9034374952316284, 0.9099218845367432, 0.9045312404632568, 0.8849999904632568, 0.9257031083106995], "val_loss": [1.9226317405700684, 2.194528341293335, 2.2908473014831543, 2.3520326614379883, 2.2737908363342285, 2.257876396179199, 2.252047061920166, 2.237598419189453, 2.120821475982666, 2.0539331436157227, 1.9608100652694702, 1.9464619159698486, 1.9066033363342285, 1.8682332038879395, 1.8752838373184204, 1.792655348777771, 1.7972620725631714, 1.765929102897644, 1.7068606615066528, 1.5986171960830688, 1.6002200841903687, 1.5800750255584717, 1.5725071430206299, 1.5692672729492188, 1.5478061437606812, 1.5059280395507812, 1.5118733644485474, 1.4854774475097656, 1.5015934705734253, 1.5058867931365967, 1.5295579433441162, 1.5065395832061768, 1.5038632154464722, 1.5044276714324951, 1.4933459758758545, 1.5034974813461304, 1.4958912134170532, 1.4980010986328125, 1.498476266860962, 1.4864602088928223, 1.4923878908157349, 1.487085223197937, 1.4963395595550537], "val_acurracy": [0.14820311963558197, 0.14445312321186066, 0.138671875, 0.1379687488079071, 0.13109375536441803, 0.12968750298023224, 0.12882812321186066, 0.12148437649011612, 0.11835937201976776, 0.11968749761581421, 0.12921875715255737, 0.13664062321186066, 0.1466406285762787, 0.15687499940395355, 0.15843750536441803, 0.16664062440395355, 0.16648437082767487, 0.17624999582767487, 0.19367188215255737, 0.23476561903953552, 0.23210936784744263, 0.24296875298023224, 0.2462500035762787, 0.2448437511920929, 0.2528125047683716, 0.2767968773841858, 0.2770312428474426, 0.2864062488079071, 0.2808593809604645, 0.2764843702316284, 0.2691406309604645, 0.2757031321525574, 0.27710938453674316, 0.2762500047683716, 0.2846093773841858, 0.2782031297683716, 0.2803906202316284, 0.2778906226158142, 0.27617186307907104, 0.2824999988079071, 0.28101563453674316, 0.28648436069488525, 0.28296875953674316]}