{"loss": [1.6321778297424316, 1.1231461763381958, 0.5710699558258057, 0.46314525604248047, 0.5021244883537292, 0.4405306279659271, 0.4303467571735382, 0.7303941249847412, 0.486964613199234, 0.5468939542770386, 0.48375165462493896, 0.4492627680301666, 0.5536326766014099, 0.5142418742179871, 0.5868614912033081, 0.6410982608795166], "acurracy": [0.5994531512260437, 0.92578125, 0.9408593773841858, 0.9244531393051147, 0.9088281393051147, 0.9242968559265137, 0.9255468845367432, 0.8500781059265137, 0.9097656011581421, 0.8943750262260437, 0.9099218845367432, 0.9175781011581421, 0.8926562666893005, 0.9017968773841858, 0.8832812309265137, 0.8690624833106995], "val_loss": [1.8383392095565796, 2.1267032623291016, 2.9581148624420166, 3.3936126232147217, 3.391972303390503, 3.5222625732421875, 3.5233314037323, 3.2384026050567627, 3.370742082595825, 3.394277334213257, 3.418074369430542, 3.4947943687438965, 3.346787214279175, 3.3997673988342285, 3.2397220134735107, 3.1664416790008545], "val_acurracy": [0.16664062440395355, 0.169921875, 0.16929687559604645, 0.1711718738079071, 0.17148438096046448, 0.16890625655651093, 0.16632813215255737, 0.169921875, 0.16437500715255737, 0.16953125596046448, 0.1646093726158142, 0.16968749463558197, 0.16843749582767487, 0.16820313036441803, 0.16703124344348907, 0.17000000178813934]}