{"loss": [1.7060672044754028, 1.2370340824127197, 0.5008590221405029, 0.3655458390712738, 0.28660067915916443, 0.30670154094696045, 0.25882819294929504, 0.2308640480041504, 0.2166942059993744, 0.18010538816452026, 0.20117297768592834, 0.1563778817653656, 0.2451869547367096, 0.1896599978208542, 0.16630011796951294, 0.13733695447444916, 0.07673163712024689, 0.1951647400856018, 0.08845747262239456, 0.1391594558954239, 0.1150735393166542, 0.16355150938034058, 0.20101961493492126, 0.12541109323501587, 0.16237883269786835, 0.17313311994075775, 0.1602121889591217, 0.10965363681316376, 0.15938624739646912, 0.15386374294757843, 0.19123758375644684, 0.19148948788642883, 0.14052781462669373, 0.1411256045103073, 0.16679568588733673, 0.10749714821577072, 0.09533071517944336, 0.12909594178199768, 0.1421632319688797, 0.13911248743534088, 0.14179043471813202, 0.10473142564296722, 0.1398877203464508, 0.17576687037944794, 0.13825301826000214, 0.16256919503211975, 0.11446128040552139, 0.14836320281028748, 0.19535532593727112, 0.12731008231639862, 0.18225660920143127, 0.12550649046897888, 0.21489767730236053, 0.18296627700328827, 0.17074276506900787, 0.12382596731185913, 0.14663922786712646, 0.13469462096691132, 0.1256469190120697, 0.12376319617033005, 0.1918894648551941, 0.14537476003170013, 0.11433158069849014, 0.1004873737692833, 0.08919566124677658, 0.13383430242538452, 0.10110381245613098, 0.17689630389213562, 0.12137667834758759, 0.15841792523860931, 0.11052190512418747, 0.11158861219882965, 0.08882901072502136, 0.1215980127453804, 0.1332102119922638, 0.13282810151576996, 0.1538883000612259, 0.08875448256731033, 0.17787069082260132, 0.16506673395633698, 0.1439097821712494, 0.09865175932645798, 0.17448779940605164, 0.13261432945728302, 0.15567868947982788, 0.19808198511600494, 0.15248911082744598, 0.17321500182151794, 0.16225461661815643, 0.13054317235946655, 0.14021098613739014, 0.10936886817216873, 0.1406320482492447, 0.17463059723377228, 0.1400529146194458, 0.12817363440990448, 0.1297636479139328, 0.15017476677894592, 0.23609575629234314, 0.13866056501865387, 0.15871798992156982, 0.2139301300048828, 0.1933804452419281, 0.08580593764781952, 0.147569939494133, 0.14994627237319946, 0.1586347073316574, 0.11708425730466843, 0.17034460604190826, 0.10535111278295517, 0.15985538065433502, 0.1583952158689499, 0.1270393580198288, 0.15028418600559235, 0.17830221354961395], "acurracy": [0.7835156321525574, 0.9121875166893005, 0.9103906154632568, 0.8969531059265137, 0.9100781083106995, 0.8903124928474426, 0.9014062285423279, 0.9084374904632568, 0.9096875190734863, 0.9232031106948853, 0.9081249833106995, 0.9282031059265137, 0.8833593726158142, 0.9084374904632568, 0.9200780987739563, 0.9350781440734863, 0.9632031321525574, 0.9057031273841858, 0.9574218988418579, 0.9270312786102295, 0.9428906440734863, 0.9166406393051147, 0.8982031345367432, 0.9360156059265137, 0.9171093702316284, 0.908984363079071, 0.9175000190734863, 0.9449218511581421, 0.9158594012260437, 0.918749988079071, 0.9030468463897705, 0.9003124833106995, 0.9258593916893005, 0.9245312213897705, 0.9144531488418579, 0.9409375190734863, 0.94921875, 0.9310937523841858, 0.9257031083106995, 0.9260156154632568, 0.9237499833106995, 0.9461718797683716, 0.9242968559265137, 0.9048437476158142, 0.9259374737739563, 0.9127343893051147, 0.9401562213897705, 0.9175000190734863, 0.8962500095367432, 0.932812511920929, 0.9005468487739563, 0.9325781464576721, 0.8827343583106995, 0.9001562595367432, 0.91015625, 0.9342187643051147, 0.9205468893051147, 0.9274218678474426, 0.9314844012260437, 0.935546875, 0.8956249952316284, 0.9195312261581421, 0.9383593797683716, 0.9465625286102295, 0.9507812261581421, 0.928515613079071, 0.9469531178474426, 0.9061718583106995, 0.9375, 0.9130468964576721, 0.9412500262260437, 0.9420312643051147, 0.9520312547683716, 0.934374988079071, 0.9271093606948853, 0.9258593916893005, 0.9175000190734863, 0.9510156512260437, 0.9066406488418579, 0.91015625, 0.9232812523841858, 0.9478124976158142, 0.9056249856948853, 0.9314844012260437, 0.914843738079071, 0.8938281536102295, 0.919140636920929, 0.9076562523841858, 0.9130468964576721, 0.9298437237739563, 0.9253125190734863, 0.9434375166893005, 0.9250781536102295, 0.903515636920929, 0.9250781536102295, 0.9334375262260437, 0.9315624833106995, 0.9184374809265137, 0.8746874928474426, 0.9271875023841858, 0.9142968654632568, 0.8831250071525574, 0.8978124856948853, 0.9551562666893005, 0.9222656488418579, 0.9185156226158142, 0.9162499904632568, 0.9374218583106995, 0.9079687595367432, 0.9446874856948853, 0.9157812595367432, 0.915234386920929, 0.9327343702316284, 0.9200780987739563, 0.9079687595367432], "val_loss": [1.7619681358337402, 1.9767533540725708, 2.1248319149017334, 1.9389735460281372, 1.7943644523620605, 1.670267939567566, 1.5411524772644043, 1.4580661058425903, 1.3991661071777344, 1.3804943561553955, 1.333701729774475, 1.3145092725753784, 1.2791231870651245, 1.257920742034912, 1.2488267421722412, 1.2378710508346558, 1.2393778562545776, 1.224389910697937, 1.233100175857544, 1.2176826000213623, 1.2144254446029663, 1.2036926746368408, 1.1943472623825073, 1.1950303316116333, 1.1871752738952637, 1.1812877655029297, 1.183738350868225, 1.177187442779541, 1.1745104789733887, 1.1751632690429688, 1.1677483320236206, 1.167050838470459, 1.1648863554000854, 1.1661880016326904, 1.163067102432251, 1.161668062210083, 1.1650710105895996, 1.1601735353469849, 1.1507450342178345, 1.1609784364700317, 1.1555038690567017, 1.1520638465881348, 1.1568851470947266, 1.151775598526001, 1.1479724645614624, 1.1511712074279785, 1.153685450553894, 1.1480064392089844, 1.1427077054977417, 1.142903208732605, 1.1379613876342773, 1.137986660003662, 1.1426466703414917, 1.1416372060775757, 1.1347342729568481, 1.137498140335083, 1.1341360807418823, 1.1380115747451782, 1.135291337966919, 1.136077642440796, 1.1331120729446411, 1.13336181640625, 1.1360914707183838, 1.1346752643585205, 1.136902928352356, 1.1334309577941895, 1.133784532546997, 1.1332457065582275, 1.132301688194275, 1.1251332759857178, 1.122786045074463, 1.123186469078064, 1.129805088043213, 1.1277066469192505, 1.1230874061584473, 1.124764323234558, 1.12386953830719, 1.125084638595581, 1.1238341331481934, 1.124543309211731, 1.1198214292526245, 1.1238832473754883, 1.1201683282852173, 1.1208305358886719, 1.1209882497787476, 1.118394374847412, 1.1213083267211914, 1.1228840351104736, 1.1192506551742554, 1.1212290525436401, 1.1248466968536377, 1.123450756072998, 1.124353289604187, 1.1193100214004517, 1.1208750009536743, 1.1220571994781494, 1.1207420825958252, 1.115434169769287, 1.1129703521728516, 1.1093829870224, 1.1123590469360352, 1.117919921875, 1.121368408203125, 1.124499797821045, 1.1192303895950317, 1.1170741319656372, 1.112798810005188, 1.1140443086624146, 1.114485740661621, 1.1181660890579224, 1.1138684749603271, 1.112017035484314, 1.1258233785629272, 1.1148709058761597, 1.1173309087753296],