{"loss": [0.5043034553527832, 0.1248224750161171, 0.04374071583151817, 0.05331675708293915, 0.08005080372095108, 0.06727660447359085, 0.020266713574528694, 0.05924246832728386, 0.05829344317317009, 0.04576686769723892, 0.03193119913339615, 0.06067250296473503, 0.013887813314795494, 0.04811292141675949, 0.011565514840185642, 0.047814492136240005, 0.020430071279406548, 0.044242359697818756, 0.05124717578291893, 0.0452541746199131, 0.03263850510120392, 0.01692759059369564, 0.054888930171728134, 0.01813022792339325, 0.02442406862974167, 0.022863369435071945, 0.037893153727054596, 0.030200472101569176, 0.04041440039873123, 0.038960203528404236, 0.03184110298752785, 0.0413530170917511, 0.008999716490507126, 0.02897127903997898, 0.04682714119553566, 0.014675107784569263, 0.028596965596079826, 0.013652713038027287, 0.03972556069493294, 0.013992921449244022, 0.03141374513506889, 0.020667707547545433, 0.019380362704396248, 0.030430743470788002, 0.0301686841994524, 0.04398548603057861, 0.03658241033554077, 0.0013928816188126802, 0.012448268011212349, 0.024989252910017967, 0.012342367321252823, 0.02160879783332348, 0.013705229386687279, 0.011554349213838577, 0.010476130060851574, 0.0385398305952549, 0.015901824459433556, 0.024276403710246086, 0.017078861594200134, 0.0348631851375103, 0.001014471403323114, 0.006928525399416685, 0.017484720796346664, 0.021677663549780846, 0.03241932764649391, 0.02204107493162155, 0.014953826554119587, 0.021703116595745087, 0.010163514874875546, 0.02517586760222912, 0.015459426678717136, 0.011367768049240112, 0.016598010435700417, 0.025636808946728706, 0.01763884350657463, 0.00426606135442853, 0.0297261793166399, 0.022378183901309967, 0.02101856656372547, 0.015616051852703094], "accuracy": [0.8870312571525574, 0.9794531464576721, 0.9898437261581421, 0.9846875071525574, 0.973437488079071, 0.9758594036102295, 0.9950000047683716, 0.9771093726158142, 0.9760156273841858, 0.9832812547683716, 0.9878125190734863, 0.9750781059265137, 0.9964062571525574, 0.9794531464576721, 0.9961718916893005, 0.979687511920929, 0.9918749928474426, 0.9803125262260437, 0.9764062762260437, 0.9784374833106995, 0.9866406321525574, 0.9925000071525574, 0.9733593463897705, 0.992968738079071, 0.9892187714576721, 0.9900781512260437, 0.9825780987739563, 0.9887499809265137, 0.9805468916893005, 0.9809374809265137, 0.985546886920929, 0.9809374809265137, 0.9964843988418579, 0.987500011920929, 0.9789062738418579, 0.9943749904632568, 0.9878125190734863, 0.9943749904632568, 0.9808593988418579, 0.9935156106948853, 0.9859374761581421, 0.9910937547683716, 0.9924218654632568, 0.9865624904632568, 0.9857031106948853, 0.9803125262260437, 0.9841406345367432, 0.9999218583106995, 0.9945312738418579, 0.989453136920929, 0.994921863079071, 0.9907031059265137, 0.9942968487739563, 0.9950781464576721, 0.9952343702316284, 0.9838281273841858, 0.9928905963897705, 0.9905468821525574, 0.9927343726158142, 0.985546886920929, 0.9999218583106995, 0.9973437786102295, 0.9932812452316284, 0.9917968511581421, 0.9865624904632568, 0.991406261920929, 0.9930468797683716, 0.991406261920929, 0.9957812428474426, 0.9900000095367432, 0.9935937523841858, 0.9957031011581421, 0.9937499761581421, 0.9883593916893005, 0.993359386920929, 0.998828113079071, 0.9876562356948853, 0.9917187690734863, 0.9925781488418579, 0.9935937523841858], "val_loss": [0.7145427465438843, 0.8479400873184204, 0.9129748344421387, 0.900590717792511, 0.843066394329071, 0.8146929144859314, 0.8403352499008179, 0.8097863793373108, 0.7769680619239807, 0.7753287553787231, 0.7689492702484131, 0.7299531698226929, 0.7486099004745483, 0.7185666561126709, 0.7414804697036743, 0.7020223140716553, 0.7096279859542847, 0.6876000165939331, 0.6591472029685974, 0.645673394203186, 0.6475042700767517, 0.6572512984275818, 0.6323978304862976, 0.6357862949371338, 0.6352925896644592, 0.6384451985359192, 0.6162340044975281, 0.6089033484458923, 0.5980843901634216, 0.5909925103187561, 0.5939546823501587, 0.5848789215087891, 0.5997558832168579, 0.6025863885879517, 0.5839367508888245, 0.5918607115745544, 0.5956284403800964, 0.6090651154518127, 0.6002731323242188, 0.6100784540176392, 0.5977926254272461, 0.5778467655181885, 0.5805465579032898, 0.5856763124465942, 0.5842779874801636, 0.5616002678871155, 0.5623216032981873, 0.5899841785430908, 0.5833706259727478, 0.5722997188568115, 0.5864158868789673, 0.5987036228179932, 0.6117706894874573, 0.6179490089416504, 0.6275491118431091, 0.5848901867866516, 0.5860774517059326, 0.570929765701294, 0.5741938948631287, 0.5606731176376343, 0.5936281681060791, 0.6025214195251465, 0.5796454548835754, 0.5654734373092651, 0.5576784014701843, 0.5643628239631653, 0.5839594006538391, 0.5814858078956604, 0.5993178486824036, 0.5794675946235657, 0.5828752517700195, 0.590909481048584, 0.5845464468002319, 0.5869632363319397, 0.588882565498352, 0.6085437536239624, 0.5902864933013916, 0.5839934349060059, 0.5912531018257141, 0.6073194742202759], "val_accuracy": [0.7948437333106995, 0.811718761920929, 0.8170312643051147, 0.8211718797683716, 0.8241406083106995, 0.8225781321525574, 0.8203125, 0.8224999904632568, 0.8173437714576721, 0.8188281059265137, 0.8180468678474426, 0.8221094012260437, 0.8207031488418579, 0.8260937333106995, 0.8242968916893005, 0.8337500095367432, 0.8349218964576721, 0.8396875262260437, 0.8435156345367432, 0.8462499976158142, 0.8431249856948853, 0.8418750166893005, 0.8441406488418579, 0.8485156297683716, 0.8490625023841858, 0.8511718511581421, 0.8407031297683716, 0.8440625071525574, 0.8502343893051147, 0.8521875143051147, 0.8521875143051147, 0.8516406416893005, 0.8495312333106995, 0.8455469012260437, 0.8428906202316284, 0.8432031273841858, 0.8436718583106995, 0.8465625047683716, 0.8388281464576721, 0.8346093893051147, 0.8378124833106995, 0.8423437476158142, 0.8435156345367432, 0.8423437476158142, 0.8442187309265137, 0.844531238079071, 0.846484363079071, 0.8444530963897705, 0.8475781083106995, 0.8461718559265137, 0.8475781083106995, 0.846484363079071, 0.8404687643051147, 0.8401562571525574, 0.8424999713897705, 0.8462499976158142, 0.8450781106948853, 0.8465625047683716, 0.8422656059265137, 0.8471093773841858, 0.845703125, 0.8465625047683716, 0.8466406464576721, 0.8472656011581421, 0.8471875190734863, 0.8431249856948853, 0.8456249833106995, 0.844921886920929, 0.845703125, 0.8477343916893005, 0.846875011920929, 0.8479687571525574, 0.8491406440734863, 0.8502343893051147, 0.8512499928474426, 0.8480468988418579, 0.8508594036102295, 0.853515625, 0.8532812595367432, 0.852734386920929]}