{"loss": [0.521893322467804, 0.19788692891597748, 0.07803879678249359, 0.08231190592050552, 0.03153153136372566, 0.09776797890663147, 0.07721493393182755, 0.07765541970729828, 0.056666310876607895, 0.0853167250752449, 0.07893449068069458, 0.02582506090402603, 0.07242272049188614, 0.04135146737098694, 0.08996224403381348, 0.05323806777596474, 0.12201976776123047, 0.05369383469223976, 0.05563955381512642, 0.05468830093741417], "accuracy": [0.8817187547683716, 0.9628124833106995, 0.9833593964576721, 0.9802343845367432, 0.994921863079071, 0.9752343893051147, 0.9807031154632568, 0.9810156226158142, 0.9869531393051147, 0.9780468940734863, 0.9810156226158142, 0.9955468773841858, 0.9820312261581421, 0.9907812476158142, 0.9764062762260437, 0.9878125190734863, 0.96484375, 0.9868749976158142, 0.9860937595367432, 0.9864843487739563], "val_loss": [0.6266511678695679, 0.5667259693145752, 0.5584527850151062, 0.5579785704612732, 0.5558878183364868, 0.5605376362800598, 0.5617107152938843, 0.562807023525238, 0.5614253878593445, 0.5625960230827332, 0.567594587802887, 0.5632079839706421, 0.5655707716941833, 0.5637181997299194, 0.5727975964546204, 0.5696966052055359, 0.5807653665542603, 0.5742146968841553, 0.5709975957870483, 0.5696040391921997], "val_accuracy": [0.8217187523841858, 0.8217187523841858, 0.8217187523841858, 0.8217187523841858, 0.8217187523841858, 0.8217187523841858, 0.8217187523841858, 0.8217187523841858, 0.8219531178474426, 0.8224218487739563, 0.8235156536102295, 0.8247656226158142, 0.8248437643051147, 0.824999988079071, 0.8257812261581421, 0.8263280987739563, 0.828906238079071, 0.8328906297683716, 0.8338281512260437, 0.8349218964576721]}