{"loss": [0.6450611352920532, 0.40841594338417053, 0.10923675447702408, 0.045652132481336594, 0.01795925386250019, 0.05227721109986305, 0.03651079162955284, 0.04620073735713959, 0.010922807268798351, 0.0182865709066391, 0.04917153716087341, 0.017632223665714264, 0.024499084800481796, 0.024387262761592865, 0.03312356770038605, 0.043005842715501785, 0.010550077073276043, 0.023288125172257423, 0.0334504134953022, 0.02245492860674858, 0.03331764042377472, 0.03125891089439392, 0.021860219538211823, 0.028944047167897224, 0.022892363369464874, 0.015507113188505173, 0.044644493609666824, 0.016814615577459335, 0.025839583948254585, 0.024932442232966423, 0.021581819280982018], "accuracy": [0.893359363079071, 0.9803906083106995, 0.9860937595367432, 0.9878125190734863, 0.9962499737739563, 0.9810156226158142, 0.9854687452316284, 0.9802343845367432, 0.9963281154632568, 0.991406261920929, 0.9778906106948853, 0.9918749928474426, 0.9880468845367432, 0.9892968535423279, 0.9849218726158142, 0.9822656512260437, 0.9966406226158142, 0.9906250238418579, 0.9844531416893005, 0.9893749952316284, 0.9860937595367432, 0.9849218726158142, 0.9892968535423279, 0.9859374761581421, 0.989453136920929, 0.994140625, 0.977734386920929, 0.9925781488418579, 0.9854687452316284, 0.987109363079071, 0.989453136920929], "val_loss": [0.6218182444572449, 0.41301360726356506, 0.37138283252716064, 0.37306609749794006, 0.39538896083831787, 0.3770318627357483, 0.3727504014968872, 0.36428654193878174, 0.38418155908584595, 0.38290268182754517, 0.3880513310432434, 0.3902646601200104, 0.37754300236701965, 0.38082078099250793, 0.37088683247566223, 0.35786980390548706, 0.3597402572631836, 0.3775234520435333, 0.379487007856369, 0.40120571851730347, 0.3769764006137848, 0.38725772500038147, 0.3814009726047516, 0.37968024611473083, 0.40329787135124207, 0.4137159585952759, 0.3757024109363556, 0.37499672174453735, 0.3779453933238983, 0.40745723247528076, 0.4116172790527344], "val_accuracy": [0.8217187523841858, 0.8209375143051147, 0.827343761920929, 0.8415625095367432, 0.844921886920929, 0.8290625214576721, 0.8264062404632568, 0.8285156488418579, 0.8274219036102295, 0.8297656178474426, 0.8294531106948853, 0.8289843797683716, 0.8307812213897705, 0.8288280963897705, 0.826953113079071, 0.8277343511581421, 0.8295312523841858, 0.8272656202316284, 0.8262500166893005, 0.822265625, 0.8263280987739563, 0.824999988079071, 0.8274219036102295, 0.8278124928474426, 0.8267968893051147, 0.8280468583106995, 0.8326562643051147, 0.8333593606948853, 0.8332812786102295, 0.8322656154632568, 0.8326562643051147]}