{"loss": [0.6390653848648071, 0.4517354667186737, 0.22593741118907928, 0.09899919480085373, 0.07640960812568665, 0.11371850967407227, 0.033906418830156326, 0.02873220667243004, 0.058704737573862076, 0.03639133274555206, 0.03284252807497978, 0.015392012894153595, 0.03481505811214447, 0.034494489431381226, 0.06626439839601517, 0.011975321918725967, 0.027837207540869713, 0.03950774297118187, 0.025336628779768944, 0.043350428342819214, 0.025068096816539764, 0.05326492711901665, 0.05279459059238434, 0.053446121513843536, 0.07548179477453232, 0.04311908781528473, 0.018914034590125084, 0.010961576364934444, 0.05647478997707367, 0.01808369718492031], "accuracy": [0.8364843726158142, 0.9757031202316284, 0.9725000262260437, 0.9817968606948853, 0.9790624976158142, 0.9578906297683716, 0.990234375, 0.9907812476158142, 0.9795312285423279, 0.9878906011581421, 0.9887499809265137, 0.9955468773841858, 0.9878906011581421, 0.9865624904632568, 0.9715625047683716, 0.9961718916893005, 0.9896875023841858, 0.9817968606948853, 0.9896875023841858, 0.98046875, 0.9896875023841858, 0.9772655963897705, 0.9772655963897705, 0.9757031202316284, 0.9646093845367432, 0.9814062714576721, 0.9917968511581421, 0.9958593845367432, 0.9733593463897705, 0.9924218654632568], "val_loss": [0.635604977607727, 0.5232671499252319, 0.4487740993499756, 0.434486985206604, 0.3926963806152344, 0.3542199730873108, 0.36681362986564636, 0.3756415545940399, 0.36235296726226807, 0.3646971583366394, 0.3736070990562439, 0.3830103278160095, 0.36962568759918213, 0.36602547764778137, 0.351008802652359, 0.3624650537967682, 0.373090922832489, 0.36585062742233276, 0.37270817160606384, 0.37766003608703613, 0.3780420422554016, 0.3793763220310211, 0.3738071024417877, 0.3658248782157898, 0.3621143698692322, 0.3637138307094574, 0.37462523579597473, 0.3908423185348511, 0.3825116753578186, 0.39180704951286316], "val_accuracy": [0.8217187523841858, 0.8217187523841858, 0.8217187523841858, 0.8217187523841858, 0.8217187523841858, 0.8278906345367432, 0.8296093940734863, 0.833203136920929, 0.8451562523841858, 0.8382812738418579, 0.8338281512260437, 0.8323437571525574, 0.830859363079071, 0.8303124904632568, 0.8242968916893005, 0.8235156536102295, 0.8231250047683716, 0.8212500214576721, 0.8207812309265137, 0.8182031512260437, 0.8179687261581421, 0.8176562786102295, 0.8185937404632568, 0.8190624713897705, 0.8182812333106995, 0.8167187571525574, 0.8181250095367432, 0.8171093463897705, 0.8153125047683716, 0.8158593773841858]}