{"loss": [0.48649823665618896, 0.10349591076374054, 0.037447378039360046, 0.06290128827095032, 0.05392061173915863, 0.028668660670518875, 0.03547259047627449, 0.06575413048267365, 0.05964691564440727, 0.05777045711874962, 0.05018477514386177, 0.061926886439323425, 0.01066720113158226, 0.037142664194107056, 0.019610391929745674, 0.03038872219622135, 0.01369956973940134, 0.031246846541762352, 0.022009264677762985, 0.009719088673591614, 0.02931246906518936, 0.012290727347135544, 0.053322020918130875, 0.028656525537371635, 0.02831793949007988, 0.025722239166498184, 0.025032756850123405, 0.018711552023887634, 0.027654506266117096, 0.034613024443387985, 0.00048808116116560996, 0.019181108102202415, 0.017624307423830032, 0.006413229275494814, 0.021557938307523727, 0.020622476935386658, 0.01591169275343418, 0.023826053366065025], "accuracy": [0.9727343916893005, 0.9899218678474426, 0.9911718964576721, 0.9819531440734863, 0.9807812571525574, 0.9911718964576721, 0.9871875047683716, 0.9739843606948853, 0.973828136920929, 0.9732031226158142, 0.977734386920929, 0.9730468988418579, 0.9957031011581421, 0.9830468893051147, 0.9916406273841858, 0.9869531393051147, 0.9940624833106995, 0.9876562356948853, 0.9898437261581421, 0.9967187643051147, 0.987109363079071, 0.9940624833106995, 0.9744531512260437, 0.987109363079071, 0.986328125, 0.9882031083106995, 0.9877343773841858, 0.9914844036102295, 0.9874218702316284, 0.9817187786102295, 1.0, 0.9908593893051147, 0.9914844036102295, 0.997265636920929, 0.9899218678474426, 0.9896875023841858, 0.9922656416893005, 0.9886718988418579], "val_loss": [0.6979576945304871, 0.8485558032989502, 0.9049157500267029, 0.8528785109519958, 0.8285012245178223, 0.8470928072929382, 0.8212241530418396, 0.7617353796958923, 0.7305060029029846, 0.7001753449440002, 0.6893162727355957, 0.6613589525222778, 0.6784246563911438, 0.6683495044708252, 0.6617060899734497, 0.6517331004142761, 0.6624696850776672, 0.6382782459259033, 0.6425178647041321, 0.6489514708518982, 0.6245794296264648, 0.6402745842933655, 0.6119194626808167, 0.61427903175354, 0.6181256771087646, 0.6242889165878296, 0.6311119198799133, 0.6321441531181335, 0.6412147283554077, 0.6314269304275513, 0.6484372615814209, 0.6442148089408875, 0.6420911550521851, 0.6467279195785522, 0.6559245586395264, 0.6677353382110596, 0.6476570963859558, 0.6434416770935059], "val_accuracy": [0.8217187523841858, 0.8217187523841858, 0.8217187523841858, 0.8233593702316284, 0.8262500166893005, 0.8278124928474426, 0.8313281536102295, 0.8338281512260437, 0.8319531083106995, 0.8305468559265137, 0.8286718726158142, 0.8310156464576721, 0.8298437595367432, 0.8315625190734863, 0.8349999785423279, 0.8316406011581421, 0.8270312547683716, 0.8264062404632568, 0.8299219012260437, 0.8289843797683716, 0.8346093893051147, 0.829296886920929, 0.8265625238418579, 0.8243749737739563, 0.8345312476158142, 0.8359375, 0.8385156393051147, 0.8368750214576721, 0.8314062356948853, 0.8392968773841858, 0.8382812738418579, 0.8399218916893005, 0.8379687666893005, 0.8377344012260437, 0.8378124833106995, 0.837109386920929, 0.8408593535423279, 0.8435156345367432]}