{"loss": [0.5561225414276123, 0.3282027542591095, 0.17353300750255585, 0.1644025593996048, 0.07857362926006317, 0.06526841968297958, 0.13735374808311462, 0.06525423377752304, 0.05886855721473694, 0.10109903663396835, 0.1351233273744583, 0.08059678226709366, 0.11598534882068634, 0.06655006855726242, 0.13810159265995026, 0.07261493057012558, 0.0532979778945446, 0.09045509994029999, 0.07529053092002869, 0.10978525876998901, 0.10939418524503708, 0.12649473547935486, 0.06300561130046844, 0.06871118396520615, 0.04907660558819771, 0.10059516876935959, 0.021056614816188812, 0.051345404237508774, 0.14972910284996033, 0.08310269564390182, 0.07871788740158081, 0.030317384749650955, 0.08135087043046951, 0.045970622450113297, 0.09872821718454361, 0.10217280685901642, 0.07748639583587646, 0.09174608439207077, 0.10762572288513184, 0.07220741361379623, 0.06441866606473923, 0.028015075251460075, 0.09447052329778671, 0.07561872154474258, 0.06121280789375305, 0.06551653146743774, 0.028892571106553078, 0.08091777563095093, 0.0258454792201519, 0.1660042554140091, 0.031468022614717484, 0.10171723365783691, 0.07690859586000443, 0.06531019508838654, 0.05753812938928604, 0.07395020127296448, 0.04909951239824295, 0.05528642609715462, 0.07429084181785583, 0.03688457980751991, 0.08021805435419083, 0.09936407953500748, 0.05382275581359863, 0.06215308606624603, 0.0530444011092186], "accuracy": [0.9261718988418579, 0.9867968559265137, 0.9819531440734863, 0.9671093821525574, 0.9907812476158142, 0.9909374713897705, 0.9725781083106995, 0.9900781512260437, 0.9907031059265137, 0.98046875, 0.9712499976158142, 0.9849218726158142, 0.9760937690734863, 0.9883593916893005, 0.9701562523841858, 0.9868749976158142, 0.991406261920929, 0.9815624952316284, 0.985156238079071, 0.9762499928474426, 0.9764062762260437, 0.9708593487739563, 0.987500011920929, 0.9860156178474426, 0.9909374713897705, 0.9775000214576721, 0.9983593821525574, 0.990234375, 0.9642187356948853, 0.981249988079071, 0.9823437333106995, 0.9954687356948853, 0.9808593988418579, 0.9907031059265137, 0.9764062762260437, 0.9735156297683716, 0.9803125262260437, 0.9767187237739563, 0.9704687595367432, 0.9811718463897705, 0.9857812523841858, 0.9957031011581421, 0.9765625, 0.9809374809265137, 0.9857031106948853, 0.9844531416893005, 0.9954687356948853, 0.9799218773841858, 0.9957812428474426, 0.9537500143051147, 0.9952343702316284, 0.973828136920929, 0.9808593988418579, 0.9840624928474426, 0.9861719012260437, 0.9829687476158142, 0.9896875023841858, 0.9860156178474426, 0.9821093678474426, 0.9930468797683716, 0.9787499904632568, 0.9742968678474426, 0.9871875047683716, 0.9838281273841858, 0.9873437285423279], "val_loss": [0.6454645395278931, 0.5721149444580078, 0.5543879270553589, 0.5637263655662537, 0.5903670191764832, 0.6252862811088562, 0.5847115516662598, 0.6130567789077759, 0.6229515671730042, 0.5989086031913757, 0.5772307515144348, 0.5721040964126587, 0.5480093955993652, 0.5366896986961365, 0.5113598704338074, 0.5152690410614014, 0.5220369100570679, 0.5115935802459717, 0.5024924278259277, 0.484904944896698, 0.46528518199920654, 0.45207345485687256, 0.4547012448310852, 0.45085299015045166, 0.4505435526371002, 0.4393799304962158, 0.44981300830841064, 0.45065081119537354, 0.40960487723350525, 0.4056580364704132, 0.40462204813957214, 0.40722760558128357, 0.4022230803966522, 0.40619492530822754, 0.3887284994125366, 0.3817709684371948, 0.3759274184703827, 0.36969849467277527, 0.3646707534790039, 0.3616780936717987, 0.36246737837791443, 0.3690324127674103, 0.3614312410354614, 0.3588554263114929, 0.3608643412590027, 0.359363317489624, 0.3643239736557007, 0.35946428775787354, 0.3680288791656494, 0.351630300283432, 0.357835590839386, 0.353593111038208, 0.35798442363739014, 0.3592102825641632, 0.36495891213417053, 0.3641253411769867, 0.3648141026496887, 0.3686726689338684, 0.36668139696121216, 0.3691038489341736, 0.36646410822868347, 0.3646668493747711, 0.36761364340782166, 0.37133607268333435, 0.3736655116081238], "val_accuracy": [0.8217187523841858, 0.8217187523841858, 0.8217187523841858, 0.8217187523841858, 0.8217187523841858, 0.8217187523841858, 0.8217187523841858, 0.8217187523841858, 0.8217187523841858, 0.8217187523841858, 0.8217187523841858, 0.8217187523841858, 0.8217187523841858, 0.8217187523841858, 0.8217187523841858, 0.8217187523841858, 0.8217187523841858, 0.8217187523841858, 0.8217187523841858, 0.8217187523841858, 0.8217187523841858, 0.8217187523841858, 0.8217187523841858, 0.8217187523841858, 0.8217187523841858, 0.8217187523841858, 0.8217187523841858, 0.8217187523841858, 0.8217187523841858, 0.8217187523841858, 0.8217187523841858, 0.8217187523841858, 0.8217187523841858, 0.8217187523841858, 0.8217187523841858, 0.8217187523841858, 0.8217187523841858, 0.8217187523841858, 0.8198437690734863, 0.8039844036102295, 0.798046886920929, 0.8028125166893005, 0.800000011920929, 0.8071874976158142, 0.8059375286102295, 0.8082031011581421, 0.8085156083106995, 0.8030468821525574, 0.8055468797683716, 0.8005468845367432, 0.8009374737739563, 0.802734375, 0.8025781512260437, 0.802734375, 0.8024218678474426, 0.8028905987739563, 0.8032031059265137, 0.8039844036102295, 0.8043749928474426, 0.805468738079071, 0.8062499761581421, 0.805468738079071, 0.8060937523841858, 0.8053905963897705, 0.8055468797683716]}