{"loss": [0.14521954953670502, 0.046837758272886276, 0.09180887043476105, 0.12310399115085602, 0.05556469038128853, 0.002320022089406848, 0.06259288638830185, 0.05031069740653038, 0.030772419646382332, 0.030509643256664276, 0.07985512167215347, 0.0576181523501873, 0.035507991909980774], "accuracy": [0.9615625143051147, 0.9928125143051147, 0.9840624928474426, 0.9775000214576721, 0.9906250238418579, 1.0, 0.9906250238418579, 0.9928125143051147, 0.9959375262260437, 0.995312511920929, 0.9862499833106995, 0.9909374713897705, 0.9943749904632568], "val_loss": [0.7537481784820557, 0.7403831481933594, 0.7185533046722412, 0.6769760251045227, 0.6756739616394043, 0.7429565191268921, 0.564445436000824, 0.5509498715400696, 0.5820311903953552, 0.6226034760475159, 0.6107754111289978, 0.6258513927459717, 0.6653180718421936], "val_accuracy": [0.9068750143051147, 0.9068750143051147, 0.9068750143051147, 0.9068750143051147, 0.9068750143051147, 0.9068750143051147, 0.9068750143051147, 0.9068750143051147, 0.9068750143051147, 0.9068750143051147, 0.9068750143051147, 0.9068750143051147, 0.9068750143051147]}