{"loss": [0.11350635439157486, 0.00338653358630836, 0.10105235129594803, 0.04765862599015236, 0.10613224655389786, 0.07295650988817215], "accuracy": [0.96875, 1.0, 0.9859374761581421, 0.9943749904632568, 0.9831249713897705, 0.9865624904632568], "val_loss": [0.748860776424408, 0.9028759002685547, 0.853059709072113, 0.8408227562904358, 0.9715873599052429, 0.9357743859291077], "val_accuracy": [0.9068750143051147, 0.9068750143051147, 0.2068749964237213, 0.9068750143051147, 0.2068749964237213, 0.9068750143051147]}