{"loss": [0.10253556072711945, 0.002982725389301777, 0.09608233720064163, 0.09068285673856735, 0.044721297919750214, 0.09686657041311264, 0.040168240666389465], "accuracy": [0.9728124737739563, 1.0, 0.9862499833106995, 0.9846875071525574, 0.9943749904632568, 0.9831249713897705, 0.9946874976158142], "val_loss": [0.3544398546218872, 0.32557761669158936, 0.4827447831630707, 0.386763334274292, 0.35422560572624207, 0.41092491149902344, 0.4449754059314728], "val_accuracy": [0.9068750143051147, 0.9068750143051147, 0.9068750143051147, 0.9068750143051147, 0.9068750143051147, 0.9068750143051147, 0.9068750143051147]}