{"loss": [0.18669496476650238, 0.03681778907775879, 0.03349912166595459, 0.09720899909734726, 0.14825335144996643, 0.02413066476583481, 0.02894073911011219, 0.058961715549230576, 0.05121161416172981, 0.06626459956169128], "accuracy": [0.940625011920929, 0.995312511920929, 0.9950000047683716, 0.9850000143051147, 0.971875011920929, 0.9975000023841858, 0.9962499737739563, 0.9912499785423279, 0.9931250214576721, 0.9912499785423279], "val_loss": [0.7481926083564758, 0.7982742786407471, 0.8158634901046753, 0.6631671190261841, 0.5412009358406067, 0.7081634402275085, 0.6915038228034973, 0.5911605954170227, 0.6606758832931519, 0.6445146203041077], "val_accuracy": [0.9068750143051147, 0.9068750143051147, 0.9068750143051147, 0.9068750143051147, 0.9068750143051147, 0.9068750143051147, 0.9068750143051147, 0.9068750143051147, 0.9068750143051147, 0.9068750143051147]}