{"loss": [0.15964703261852264, 0.01779075339436531, 0.0542697049677372, 0.07110513746738434, 0.038456156849861145, 0.022459235042333603], "accuracy": [0.9624999761581421, 0.9981250166893005, 0.9934375286102295, 0.9900000095367432, 0.9950000047683716, 0.9971874952316284], "val_loss": [0.6272653341293335, 0.7325475811958313, 0.6727328300476074, 0.9372005462646484, 0.9785674810409546, 1.164628505706787], "val_accuracy": [0.9068750143051147, 0.9068750143051147, 0.9068750143051147, 0.2068749964237213, 0.2068749964237213, 0.2068749964237213]}