{"loss": [0.06018972396850586, 0.05604339763522148, 0.0762697085738182, 0.07353512942790985, 0.003519045654684305, 0.06027940288186073, 0.04898780211806297, 0.06673655658960342], "accuracy": [0.979687511920929, 0.9928125143051147, 0.9884374737739563, 0.9884374737739563, 1.0, 0.9921875, 0.9931250214576721, 0.989062488079071], "val_loss": [0.661592960357666, 0.5893224477767944, 0.43761783838272095, 0.5279198288917542, 0.7187707424163818, 0.6130901575088501, 0.4447738528251648, 0.5428144335746765], "val_accuracy": [0.9068750143051147, 0.9068750143051147, 0.9068750143051147, 0.9068750143051147, 0.9068750143051147, 0.9068750143051147, 0.9068750143051147, 0.9068750143051147]}