{"loss": [0.09741256386041641, 0.08872011303901672, 0.08411039412021637, 0.07217878848314285, 0.07079891115427017, 0.05547146871685982, 0.08673101663589478, 0.09879476577043533, 0.08020840585231781, 0.10756024718284607, 0.05007295683026314, 0.05873534828424454, 0.08784922957420349, 0.05978253856301308], "accuracy": [0.9834374785423279, 0.9862499833106995, 0.9868749976158142, 0.9884374737739563, 0.9887499809265137, 0.9912499785423279, 0.9856250286102295, 0.9828125238418579, 0.9856250286102295, 0.9806249737739563, 0.9921875, 0.9909374713897705, 0.9846875071525574, 0.9896875023841858], "val_loss": [0.7014923691749573, 0.648081362247467, 0.5898526906967163, 0.5685031414031982, 0.5864561796188354, 0.6307631134986877, 0.4943056106567383, 0.548042356967926, 0.4574710428714752, 0.536653995513916, 0.6554259657859802, 0.64328932762146, 0.5606028437614441, 0.5666158199310303], "val_accuracy": [0.9068750143051147, 0.9068750143051147, 0.9068750143051147, 0.9068750143051147, 0.9068750143051147, 0.9068750143051147, 0.9068750143051147, 0.9068750143051147, 0.9068750143051147, 0.9068750143051147, 0.9068750143051147, 0.9068750143051147, 0.9068750143051147, 0.9068750143051147]}