{"loss": [0.018710922449827194, 0.0002451665641274303, 0.12278597056865692, 0.06369536370038986, 0.074372299015522, 0.03254357725381851, 0.09738694876432419, 0.06004742532968521, 0.059730321168899536, 0.08446435630321503, 0.043083637952804565, 0.04320256784558296, 0.056754931807518005, 0.034112349152565], "accuracy": [0.9934375286102295, 1.0, 0.9837499856948853, 0.9918749928474426, 0.9868749976158142, 0.9962499737739563, 0.9825000166893005, 0.989062488079071, 0.9912499785423279, 0.9856250286102295, 0.9940624833106995, 0.9931250214576721, 0.9906250238418579, 0.9946874976158142], "val_loss": [1.4965170621871948, 1.6758019924163818, 1.0597119331359863, 1.0171259641647339, 0.9662563800811768, 0.9716548323631287, 0.8652019500732422, 0.9369269609451294, 0.6707448363304138, 0.9267072081565857, 0.9190567135810852, 0.8358648419380188, 0.7047897577285767, 0.782053530216217], "val_accuracy": [0.2068749964237213, 0.2068749964237213, 0.2068749964237213, 0.2068749964237213, 0.2068749964237213, 0.2068749964237213, 0.2068749964237213, 0.9068750143051147, 0.9068750143051147, 0.2068749964237213, 0.2068749964237213, 0.9068750143051147, 0.9068750143051147, 0.9068750143051147]}