{"loss": [0.09020005166530609, 0.08389520645141602, 0.06377647072076797, 0.07467779517173767, 0.08433808386325836, 0.05432545766234398, 0.04415763542056084], "accuracy": [0.9750000238418579, 0.9884374737739563, 0.9915624856948853, 0.989062488079071, 0.9868749976158142, 0.9921875, 0.9937499761581421], "val_loss": [0.6783820390701294, 0.6248295903205872, 0.6550747752189636, 0.6602523326873779, 0.8804477453231812, 0.7870867848396301, 0.9522750377655029], "val_accuracy": [0.9068750143051147, 0.9068750143051147, 0.9068750143051147, 0.9068750143051147, 0.9068750143051147, 0.9068750143051147, 0.9068750143051147]}