{"loss": [0.5962366461753845, 0.6290467977523804, 0.45091181993484497, 0.6097754836082458, 0.35532107949256897, 0.301856130361557, 0.25970837473869324, 0.32582131028175354, 0.42270058393478394], "acurracy": [0.864453136920929, 0.8774218559265137, 0.9157031178474426, 0.8487499952316284, 0.9107031226158142, 0.9217968583106995, 0.9307812452316284, 0.9041406512260437, 0.8651562333106995], "val_loss": [2.4132347106933594, 2.032266855239868, 1.7513052225112915, 1.34059476852417, 1.4487663507461548, 1.4524682760238647, 1.466868281364441, 1.4808835983276367, 1.498510479927063], "val_acurracy": [0.19367188215255737, 0.2791406214237213, 0.30992186069488525, 0.3359375, 0.33210936188697815, 0.32875001430511475, 0.3355468809604645, 0.33031249046325684, 0.34031251072883606]}