{"loss": [0.9696440100669861, 0.3472881615161896, 0.48502087593078613, 0.5173646211624146, 0.3444712460041046, 0.4474615454673767], "acurracy": [0.7219531536102295, 0.9374218583106995, 0.8918750286102295, 0.8618749976158142, 0.9035937786102295, 0.8592968583106995], "val_loss": [2.286066770553589, 2.7381415367126465, 2.9012656211853027, 3.054217576980591, 3.4550392627716064, 3.4913458824157715], "val_acurracy": [0.1661718785762787, 0.16515624523162842, 0.13718749582767487, 0.14304687082767487, 0.1379687488079071, 0.14109374582767487]}