{"loss": [0.9481217861175537, 0.6542168259620667, 0.5327703952789307, 0.45100224018096924, 0.31942218542099, 0.3183883726596832], "acurracy": [0.7367187738418579, 0.8446875214576721, 0.859375, 0.864062488079071, 0.9021875262260437, 0.897265613079071], "val_loss": [2.1438519954681396, 2.203467607498169, 2.2977030277252197, 2.5651967525482178, 2.898097515106201, 2.97831654548645], "val_acurracy": [0.1731249988079071, 0.17484374344348907, 0.17054687440395355, 0.16796875, 0.16750000417232513, 0.16960936784744263]}