{"loss": [1.1041938066482544, 0.3661402463912964, 0.49378257989883423, 0.3729841709136963, 0.2520289421081543, 0.33278536796569824, 0.345043420791626, 0.4175339639186859, 0.3059322237968445, 0.2767050266265869, 0.3036567270755768, 0.2459113448858261, 0.2973809242248535, 0.337551474571228, 0.24288833141326904, 0.33163121342658997, 0.22930048406124115, 0.23802921175956726, 0.16655603051185608, 0.2760963439941406, 0.27545905113220215, 0.28550204634666443, 0.20263296365737915, 0.22470183670520782, 0.20943859219551086, 0.25488901138305664, 0.16830013692378998, 0.15127339959144592, 0.3349136412143707, 0.1649620085954666, 0.12122225761413574, 0.17617040872573853, 0.18512168526649475, 0.13379043340682983], "acurracy": [0.6528124809265137, 0.9366406202316284, 0.899218738079071, 0.9190624952316284, 0.9446874856948853, 0.9190624952316284, 0.9039843678474426, 0.8686718940734863, 0.9055469036102295, 0.9130468964576721, 0.8996875286102295, 0.919140636920929, 0.8977344036102295, 0.8784375190734863, 0.9129687547683716, 0.8732812404632568, 0.9117187261581421, 0.9095312356948853, 0.9377343654632568, 0.8885937333106995, 0.8879687786102295, 0.8788281083106995, 0.9142187237739563, 0.901562511920929, 0.9092968702316284, 0.8842187523841858, 0.9244531393051147, 0.9322656393051147, 0.8450781106948853, 0.9241406321525574, 0.9451562762260437, 0.9196875095367432, 0.9131249785423279, 0.9366406202316284], "val_loss": [2.192185878753662, 2.348210573196411, 2.0582969188690186, 1.8720381259918213, 1.7525830268859863, 1.4801380634307861, 1.486951470375061, 1.5174769163131714, 1.421218991279602, 1.4603545665740967, 1.4475091695785522, 1.4058024883270264, 1.403436541557312, 1.3541117906570435, 1.357041835784912, 1.3129140138626099, 1.2931779623031616, 1.296580195426941, 1.3303017616271973, 1.2622085809707642, 1.2795002460479736, 1.2669284343719482, 1.2524346113204956, 1.233980655670166, 1.2477633953094482, 1.23175048828125, 1.2168591022491455, 1.2358566522598267, 1.201972246170044, 1.2061052322387695, 1.2205801010131836, 1.2367515563964844, 1.2080166339874268, 1.2364310026168823], "val_acurracy": [0.2562499940395355, 0.2809374928474426, 0.3046875, 0.31351563334465027, 0.32624998688697815, 0.3171093761920929, 0.31914061307907104, 0.32039061188697815, 0.3264843821525574, 0.33585938811302185, 0.3338281214237213, 0.34312498569488525, 0.33406248688697815, 0.3453906178474426, 0.32984375953674316, 0.3471093773841858, 0.34828126430511475, 0.3412500023841858, 0.3425000011920929, 0.3453906178474426, 0.3529687523841858, 0.34382811188697815, 0.3551562428474426, 0.34632813930511475, 0.3462499976158142, 0.3327343761920929, 0.34226563572883606, 0.33101561665534973, 0.3396874964237213, 0.34789061546325684, 0.3392968773841858, 0.3375000059604645, 0.34937500953674316, 0.33882811665534973]}