{"loss": [1.0523265600204468, 0.39083728194236755, 0.6838469505310059, 0.39042481780052185, 0.5964516401290894, 0.3746410608291626], "acurracy": [0.7049219012260437, 0.9385937452316284, 0.8560156226158142, 0.9229687452316284, 0.8507031202316284, 0.8971874713897705], "val_loss": [2.3394205570220947, 2.8053231239318848, 2.9701972007751465, 3.4366564750671387, 4.386554718017578, 5.33456563949585], "val_acurracy": [0.1693750023841858, 0.17015625536441803, 0.1654687523841858, 0.16171875596046448, 0.12406250089406967, 0.11695312708616257]}