{"loss": [0.8330495953559875, 0.7678433060646057, 0.5132644772529602, 0.39511585235595703, 0.35996243357658386, 0.44176262617111206], "acurracy": [0.7554687261581421, 0.8375781178474426, 0.8861718773841858, 0.9083593487739563, 0.9046875238418579, 0.8620312213897705], "val_loss": [2.1454079151153564, 2.315180778503418, 3.063504695892334, 3.6793227195739746, 4.295889854431152, 5.066104888916016], "val_acurracy": [0.2013281285762787, 0.17015625536441803, 0.16374999284744263, 0.1296093761920929, 0.11578124761581421, 0.10773437470197678]}