{"loss": [0.9233145713806152, 0.537682056427002, 0.3207603096961975, 0.4881824553012848, 0.28114157915115356, 0.32254165410995483, 0.21665039658546448, 0.30498290061950684, 0.18531164526939392, 0.2844991981983185, 0.21408723294734955, 0.2550009489059448, 0.19243395328521729, 0.23860576748847961, 0.25485020875930786, 0.19627706706523895, 0.28059980273246765, 0.13891950249671936, 0.17959736287593842, 0.2606596350669861, 0.24050740897655487, 0.22969366610050201, 0.2052067220211029, 0.15427154302597046, 0.2545626163482666, 0.2868422269821167, 0.2354828268289566, 0.20615795254707336, 0.18795326352119446, 0.175828754901886, 0.24099229276180267], "acurracy": [0.7328125238418579, 0.8928906321525574, 0.9389062523841858, 0.8765624761581421, 0.9268749952316284, 0.8996875286102295, 0.932812511920929, 0.8971874713897705, 0.940234363079071, 0.8967968821525574, 0.9214843511581421, 0.90625, 0.9283593893051147, 0.9071093797683716, 0.8970312476158142, 0.9239843487739563, 0.8821094036102295, 0.9446094036102295, 0.9267187714576721, 0.8840625286102295, 0.8941406011581421, 0.8979687690734863, 0.9108593463897705, 0.932421863079071, 0.8843749761581421, 0.8686718940734863, 0.8939062356948853, 0.9046875238418579, 0.9140625, 0.9210156202316284, 0.8868749737739563], "val_loss": [2.4271891117095947, 2.2476415634155273, 2.226303815841675, 1.6047738790512085, 1.6412750482559204, 1.577528715133667, 1.6738362312316895, 1.548764944076538, 1.5020127296447754, 1.4716432094573975, 1.4679588079452515, 1.4054419994354248, 1.385500192642212, 1.3352209329605103, 1.3090662956237793, 1.2552310228347778, 1.2793211936950684, 1.2783823013305664, 1.2806634902954102, 1.2177708148956299, 1.2627713680267334, 1.2356104850769043, 1.2091480493545532, 1.2053308486938477, 1.2138862609863281, 1.1943525075912476, 1.1995844841003418, 1.2089189291000366, 1.2157632112503052, 1.2047408819198608, 1.2023180723190308], "val_acurracy": [0.16554687917232513, 0.1965624988079071, 0.2331250011920929, 0.2857031226158142, 0.2967187464237213, 0.3172656297683716, 0.32273438572883606, 0.3246093690395355, 0.3238281309604645, 0.32304686307907104, 0.33156248927116394, 0.3245312571525574, 0.3277343809604645, 0.3323437571525574, 0.3325781226158142, 0.32749998569488525, 0.3325781226158142, 0.33351561427116394, 0.3328906297683716, 0.3414062559604645, 0.3356249928474426, 0.3395312428474426, 0.3419531285762787, 0.33250001072883606, 0.3373437523841858, 0.33210936188697815, 0.33882811665534973, 0.3385937511920929, 0.3401562571525574, 0.33085936307907104, 0.3441406190395355]}