{"loss": [1.3320850133895874, 0.7879302501678467, 0.28498950600624084, 0.13478213548660278, 0.0659850537776947, 0.04440433531999588, 0.06879349052906036, 0.013746109791100025, 0.06324891746044159, 0.03379175812005997, 0.007601410616189241, 0.05457083880901337, 0.005931419786065817, 0.10291734337806702, 0.09419451653957367, 0.0731390118598938, 0.03453224524855614], "acurracy": [0.8543750047683716, 0.9965624809265137, 1.0, 0.9937499761581421, 0.996874988079071, 0.9971874952316284, 0.9925000071525574, 1.0, 0.9921875, 0.996874988079071, 1.0, 0.9940624833106995, 1.0, 0.9878125190734863, 0.9878125190734863, 0.9903125166893005, 0.9962499737739563], "val_loss": [1.4654890298843384, 1.4487104415893555, 1.8200035095214844, 2.164043426513672, 2.4658172130584717, 2.6944468021392822, 2.8001720905303955, 2.965977430343628, 2.9043827056884766, 2.9581809043884277, 3.123872995376587, 3.1765027046203613, 3.0541553497314453, 2.9080255031585693, 2.6532230377197266, 2.6936306953430176, 2.6298959255218506], "val_acurracy": [0.5737500190734863, 0.5778124928474426, 0.5746874809265137, 0.5743749737739563, 0.5765625238418579, 0.5778124928474426, 0.5721874833106995, 0.5815625190734863, 0.5784375071525574, 0.5815625190734863, 0.5809375047683716, 0.5731250047683716, 0.5887500047683716, 0.5799999833106995, 0.5840625166893005, 0.5674999952316284, 0.5818750262260437]}