{"loss": [1.4792627096176147, 0.8127901554107666, 0.12008369714021683, 0.037286002188920975, 0.0384109765291214, 0.006758859381079674, 0.01354089006781578, 0.01699267514050007, 0.018900517374277115, 0.0018423829460516572, 0.022448396310210228, 0.009783822111785412, 0.0072381990030407906, 0.0009387234458699822, 0.012737098149955273, 0.014703776687383652, 0.003709543729200959, 0.005939622409641743, 0.021345414221286774, 0.006994321476668119, 0.004773865919560194, 0.00027221700293011963, 0.011730771511793137, 0.00640111742541194, 0.0059640733525156975, 0.0023372601717710495, 0.003422180423513055, 0.0029481323435902596, 0.006684940308332443, 0.002326447982341051, 0.004394128452986479, 0.006033931393176317, 8.404075924772769e-05, 0.0012924678158015013, 0.004158493131399155, 0.004889179021120071, 7.443431968567893e-05, 6.793994543841109e-05, 0.002684769220650196, 0.0014237521681934595, 0.0024210521951317787, 0.004247225821018219, 0.001537036499939859, 0.0074865068309009075, 0.004744678735733032, 0.005006370600312948, 3.483803811832331e-05, 0.006527191027998924, 0.00217149849049747, 3.026657759619411e-05, 0.0013310604263097048, 2.3813841835362837e-05, 0.0014191747177392244, 0.0015531396493315697, 2.2991942387307063e-05, 0.004642304033041, 2.009564559557475e-05, 0.0015165938530117273, 1.8726224880083464e-05, 0.002763770753517747], "acurracy": [0.921875, 0.9956250190734863, 0.9962499737739563, 0.9950000047683716, 0.989062488079071, 1.0, 0.9943749904632568, 0.9937499761581421, 0.9940624833106995, 1.0, 0.9928125143051147, 0.9981250166893005, 0.9971874952316284, 1.0, 0.9965624809265137, 0.996874988079071, 0.9993749856948853, 0.9987499713897705, 0.9940624833106995, 0.9987499713897705, 0.9984375238418579, 1.0, 0.9975000023841858, 0.9987499713897705, 0.9987499713897705, 0.9996874928474426, 0.9990624785423279, 0.9993749856948853, 0.9978125095367432, 0.9993749856948853, 0.9993749856948853, 0.9981250166893005, 1.0, 0.9996874928474426, 0.9987499713897705, 0.9987499713897705, 1.0, 1.0, 0.9993749856948853, 0.9996874928474426, 0.9993749856948853, 0.9987499713897705, 0.9996874928474426, 0.9975000023841858, 0.9981250166893005, 0.9981250166893005, 1.0, 0.9978125095367432, 0.9996874928474426, 1.0, 0.9996874928474426, 1.0, 0.9996874928474426, 0.9993749856948853, 1.0, 0.9987499713897705, 1.0, 0.9996874928474426, 1.0, 0.9990624785423279], "val_loss": [1.3806545734405518, 1.3185542821884155, 1.2541782855987549, 1.0514423847198486, 0.8797975778579712, 0.886256992816925, 0.874015212059021, 0.8136675357818604, 0.7484555244445801, 0.7713364958763123, 0.7206688523292542, 0.696418046951294, 0.6476866006851196, 0.6689175367355347, 0.6146355271339417, 0.5916807055473328, 0.5944896936416626, 0.5724818110466003, 0.517824113368988, 0.5039913058280945, 0.4855078160762787, 0.4850711524486542, 0.44116413593292236, 0.43679332733154297, 0.40703511238098145, 0.41103652119636536, 0.40510761737823486, 0.4156457483768463, 0.4045788645744324, 0.4121595323085785, 0.3924180567264557, 0.41459137201309204, 0.3778604567050934, 0.3759607970714569, 0.39317747950553894, 0.36024871468544006, 0.3997798562049866, 0.3978315591812134, 0.3940633535385132, 0.3991936147212982, 0.3853493928909302, 0.3916083872318268, 0.4025377929210663, 0.3694600760936737, 0.3564149737358093, 0.3746809661388397, 0.3894827365875244, 0.3746863603591919, 0.39285117387771606, 0.3780488669872284, 0.4173678159713745, 0.40121856331825256, 0.37411224842071533, 0.41738322377204895, 0.4213204085826874, 0.43056419491767883, 0.43538108468055725, 0.3841545879840851, 0.435250848531723, 0.426874041557312], "val_acurracy": [0.5759375095367432, 0.5778124928474426, 0.5803124904632568, 0.578125, 0.5796874761581421, 0.5881249904632568, 0.6015625, 0.6865624785423279, 0.7543749809265137, 0.7487499713897705, 0.8453124761581421, 0.8700000047683716, 0.8821874856948853, 0.8812500238418579, 0.8959375023841858, 0.9068750143051147, 0.9034374952316284, 0.9087499976158142, 0.9153125286102295, 0.9143750071525574, 0.9140625, 0.9143750071525574, 0.9184374809265137, 0.9196875095367432, 0.9237499833106995, 0.921875, 0.9221875071525574, 0.9178125262260437, 0.9225000143051147, 0.9206249713897705, 0.9253125190734863, 0.9234374761581421, 0.9284374713897705, 0.9271875023841858, 0.9275000095367432, 0.9296875, 0.9281250238418579, 0.9296875, 0.9271875023841858, 0.9278125166893005, 0.9275000095367432, 0.9253125190734863, 0.9262499809265137, 0.9290624856948853, 0.9325000047683716, 0.9290624856948853, 0.926562488079071, 0.9284374713897705, 0.9287499785423279, 0.926562488079071, 0.9275000095367432, 0.9287499785423279, 0.9306250214576721, 0.926562488079071, 0.9262499809265137, 0.9268749952316284, 0.9278125166893005, 0.9309375286102295, 0.9262499809265137, 0.9293749928474426]}