{"loss": [1.263043999671936, 0.18529249727725983, 0.021049868315458298, 0.04163287207484245, 0.0068309372290968895, 0.07157321274280548, 0.09412837773561478, 0.033726371824741364, 0.03707829862833023, 0.0973471999168396, 0.028621606528759003, 0.041982993483543396, 0.025265980511903763, 0.06469061225652695, 0.006459925323724747, 0.003625622484833002, 0.0024827206507325172, 0.1084001362323761, 0.03118191659450531, 0.005089228972792625, 0.02448970079421997, 0.10350731015205383, 0.007269690744578838, 0.03746453672647476, 0.0572584867477417, 0.022777747362852097, 0.06220290809869766, 0.049240197986364365, 0.08526735007762909, 0.048020463436841965, 0.0999600887298584, 0.04513799771666527, 0.051017116755247116, 0.03031557984650135, 0.09417564421892166, 0.05897173285484314, 0.030295925214886665, 0.05416390299797058, 0.04144380986690521, 0.0049979169853031635, 0.029925033450126648, 0.037243328988552094, 0.021048886701464653, 0.03841908276081085, 0.048393215984106064, 0.06879554688930511, 0.05617451295256615, 0.0240623876452446, 0.10022173076868057, 0.037113551050424576, 0.039106808602809906, 0.030578117817640305, 0.029169945046305656, 0.0508764423429966, 0.04129323363304138, 0.05665801092982292, 0.039695337414741516, 0.09047409147024155, 0.08019402623176575, 0.028436845168471336, 0.04971354827284813, 0.04422188922762871, 0.058106254786252975, 0.006372954696416855, 0.08210999518632889, 0.006503478158265352, 0.03255137801170349, 0.03655922785401344, 0.0038117188960313797, 0.06285714358091354, 0.09292984008789062, 0.03676394373178482, 0.036613982170820236, 0.06941092759370804, 0.039337802678346634, 0.04293586686253548, 0.05332125723361969, 0.08995167911052704, 0.054846733808517456, 0.07800593972206116, 0.009484789334237576, 0.042390357702970505, 0.06764999032020569, 0.029651334509253502, 0.07248249650001526, 0.09259583801031113, 0.05701126530766487, 0.005818850826472044, 0.0029673120006918907, 0.0922757089138031, 0.11046698689460754, 0.039927300065755844, 0.00783249456435442, 0.05057511478662491, 0.06503891199827194, 0.007196283899247646, 0.05628054961562157, 0.0805332362651825, 0.008443005383014679, 0.004425628110766411, 0.0594194158911705, 0.027660634368658066, 0.10030215233564377, 0.055743832141160965, 0.00616711238399148, 0.09240740537643433, 0.053805965930223465, 0.02230072021484375, 0.03164277225732803, 0.004152144305408001, 0.002666797023266554, 0.04543871805071831, 0.07275953888893127], "acurracy": [0.7278125286102295, 0.995312511920929, 1.0, 0.9959375262260437, 1.0, 0.9921875, 0.9896875023841858, 0.9965624809265137, 0.9959375262260437, 0.9871875047683716, 0.996874988079071, 0.9943749904632568, 0.9971874952316284, 0.9928125143051147, 1.0, 1.0, 1.0, 0.9862499833106995, 0.9965624809265137, 1.0, 0.9971874952316284, 0.9862499833106995, 1.0, 0.9950000047683716, 0.9921875, 0.9975000023841858, 0.9918749928474426, 0.9928125143051147, 0.9896875023841858, 0.9940624833106995, 0.9856250286102295, 0.9950000047683716, 0.9937499761581421, 0.9965624809265137, 0.9850000143051147, 0.9918749928474426, 0.9965624809265137, 0.9931250214576721, 0.9956250190734863, 1.0, 0.9965624809265137, 0.9950000047683716, 0.9975000023841858, 0.995312511920929, 0.9934375286102295, 0.9909374713897705, 0.9921875, 0.9971874952316284, 0.9853125214576721, 0.9962499737739563, 0.9946874976158142, 0.9959375262260437, 0.996874988079071, 0.9928125143051147, 0.9946874976158142, 0.9925000071525574, 0.9950000047683716, 0.987500011920929, 0.9887499809265137, 0.9971874952316284, 0.9928125143051147, 0.9946874976158142, 0.9921875, 1.0, 0.989062488079071, 1.0, 0.9962499737739563, 0.9956250190734863, 1.0, 0.9921875, 0.9871875047683716, 0.9959375262260437, 0.995312511920929, 0.9900000095367432, 0.995312511920929, 0.9950000047683716, 0.9928125143051147, 0.9856250286102295, 0.9925000071525574, 0.9887499809265137, 1.0, 0.9943749904632568, 0.9912499785423279, 0.9962499737739563, 0.9893749952316284, 0.9859374761581421, 0.9925000071525574, 1.0, 1.0, 0.9871875047683716, 0.9821875095367432, 0.9946874976158142, 1.0, 0.9931250214576721, 0.9909374713897705, 1.0, 0.9909374713897705, 0.9878125190734863, 1.0, 1.0, 0.9915624856948853, 0.9965624809265137, 0.9862499833106995, 0.9928125143051147, 1.0, 0.9865624904632568, 0.9928125143051147, 0.9975000023841858, 0.9962499737739563, 1.0, 1.0, 0.9950000047683716, 0.989062488079071], "val_loss": [1.4871690273284912, 1.3914967775344849, 1.387670874595642, 1.3995438814163208, 1.3802741765975952, 1.3833330869674683, 1.3403047323226929, 1.3296796083450317, 1.3270094394683838, 1.31996488571167, 1.3235087394714355, 1.3225361108779907, 1.30963933467865, 1.2871648073196411, 1.3177382946014404, 1.3146722316741943, 1.3201020956039429, 1.2834614515304565, 1.2895874977111816, 1.2848217487335205, 1.2886183261871338, 1.2517677545547485, 1.2734215259552002, 1.2588858604431152, 1.232758641242981, 1.261034369468689, 1.2167233228683472, 1.2352664470672607, 1.2101706266403198, 1.2182220220565796, 1.1928631067276, 1.1900041103363037, 1.1810410022735596, 1.1858627796173096, 1.17922043800354, 1.155968189239502, 1.161651372909546, 1.139873743057251, 1.158409595489502, 1.164250373840332, 1.1570606231689453, 1.154332160949707, 1.1502461433410645, 1.1456613540649414, 1.1510201692581177, 1.1230143308639526, 1.1336007118225098, 1.1477078199386597, 1.1303397417068481, 1.1219682693481445, 1.116110920906067, 1.113979697227478, 1.137101411819458, 1.0986533164978027, 1.117254376411438, 1.1210222244262695, 1.1071546077728271, 1.1142146587371826, 1.1062757968902588, 1.0968478918075562, 1.0881714820861816, 1.1005430221557617, 1.104823350906372, 1.1162464618682861, 1.0924957990646362, 1.0905696153640747, 1.0992803573608398, 1.0974239110946655, 1.1185747385025024, 1.0812329053878784, 1.088399052619934, 1.0769779682159424, 1.085940957069397, 1.091345191001892, 1.0937509536743164, 1.094153642654419, 1.0867921113967896, 1.0600875616073608, 1.06976318359375, 1.0656706094741821, 1.0844395160675049, 1.0838934183120728, 1.0816477537155151, 1.0780030488967896, 1.0673469305038452, 1.0475363731384277, 1.0564607381820679, 1.0989760160446167, 1.1022975444793701, 1.0893034934997559, 1.051469326019287, 1.0579609870910645, 1.0679880380630493, 1.0671905279159546, 1.0535222291946411, 1.0675455331802368, 1.050704836845398, 1.0365921258926392, 1.060571312904358, 1.0769253969192505, 1.0746780633926392, 1.0891737937927246, 1.061907410621643, 1.0561408996582031, 1.0750640630722046, 1.0475811958312988, 1.050441026687622, 1.0505427122116089, 1.065515160560608, 1.0924259424209595, 1.1002849340438843, 1.0600939989089966, 1.0682518482208252],