{"loss": [1.2427846193313599, 0.32217937707901, 0.04495775327086449, 0.13609513640403748, 0.06895112991333008, 0.07511492073535919, 0.01441540103405714, 0.041541215032339096, 0.07260342687368393, 0.0687972903251648, 0.07079551368951797, 0.10588114708662033, 0.010873924940824509, 0.11119140684604645, 0.04735249653458595, 0.009487774223089218, 0.03859828785061836, 0.07756171375513077, 0.02951899543404579], "acurracy": [0.8553125262260437, 1.0, 1.0, 0.9840624928474426, 0.9934375286102295, 0.9921875, 1.0, 0.9962499737739563, 0.9925000071525574, 0.9925000071525574, 0.9915624856948853, 0.9881250262260437, 1.0, 0.9850000143051147, 0.9950000047683716, 1.0, 0.9956250190734863, 0.9915624856948853, 0.996874988079071], "val_loss": [1.3762762546539307, 1.1065723896026611, 1.0741822719573975, 1.0438460111618042, 1.053743839263916, 1.0583734512329102, 1.0585397481918335, 1.0667214393615723, 1.0677913427352905, 1.050238847732544, 1.0621771812438965, 1.048618197441101, 1.0716100931167603, 1.0629692077636719, 1.0671343803405762, 1.0908812284469604, 1.0803673267364502, 1.0797758102416992, 1.0797145366668701], "val_acurracy": [0.5790625214576721, 0.5834375023841858, 0.5815625190734863, 0.5840625166893005, 0.5762500166893005, 0.5771874785423279, 0.5809375047683716, 0.5793750286102295, 0.578125, 0.5815625190734863, 0.5821874737739563, 0.5837500095367432, 0.5821874737739563, 0.5806249976158142, 0.5790625214576721, 0.5731250047683716, 0.5762500166893005, 0.5743749737739563, 0.5774999856948853]}