{"loss": [1.3289011716842651, 0.6102680563926697, 0.16632284224033356, 0.051485829055309296, 0.12341535836458206, 0.05058049038052559, 0.04096135124564171, 0.06309240311384201, 0.07942095398902893, 0.04055427014827728, 0.10124876350164413, 0.012019301764667034, 0.007807002868503332, 0.040044866502285004, 0.061347588896751404, 0.007170193828642368, 0.041450757533311844], "acurracy": [0.7053124904632568, 0.9975000023841858, 0.9959375262260437, 1.0, 0.9871875047683716, 0.9959375262260437, 0.9971874952316284, 0.9928125143051147, 0.9906250238418579, 0.9959375262260437, 0.9871875047683716, 1.0, 1.0, 0.9962499737739563, 0.9931250214576721, 1.0, 0.9956250190734863], "val_loss": [1.395423173904419, 1.2139005661010742, 1.3945611715316772, 1.7635738849639893, 1.6775870323181152, 1.7301822900772095, 1.9517039060592651, 1.770815372467041, 1.6978262662887573, 1.733517050743103, 1.5639660358428955, 1.755041480064392, 1.8925487995147705, 1.9278342723846436, 1.7732850313186646, 1.9119926691055298, 1.872653603553772], "val_acurracy": [0.5837500095367432, 0.5840625166893005, 0.5868750214576721, 0.5778124928474426, 0.5778124928474426, 0.5824999809265137, 0.5793750286102295, 0.5771874785423279, 0.5787500143051147, 0.578125, 0.5809375047683716, 0.5799999833106995, 0.5821874737739563, 0.573437511920929, 0.578125, 0.5806249976158142, 0.5765625238418579]}