{"loss": [1.3386601209640503, 0.4805851876735687, 0.12049579620361328, 0.04719188064336777, 0.028052188456058502, 0.026627326384186745, 0.01879933476448059, 0.015463379211723804, 0.00495164142921567, 0.011297795921564102, 0.0024235742166638374, 0.008297445252537727, 0.012661691755056381, 0.015630299225449562, 0.013080369681119919, 0.01797671802341938, 0.001204762957058847, 0.011448830366134644, 0.0065484181977808475, 0.013437646441161633, 0.01461220532655716, 0.0007763507310301065, 0.000773965148255229, 0.005543329752981663, 0.000677749456372112, 0.013736706227064133, 0.009715668857097626, 0.004146869294345379, 0.011200354434549809, 0.01231800951063633, 0.016691599041223526, 0.002833001082763076, 0.0019892393611371517, 0.00024254221352748573, 0.003730150405317545, 0.0034045481588691473, 0.0035219723358750343, 0.0046125357039272785, 0.010929430834949017, 0.0036694840528070927, 0.00248558446764946, 0.002108015352860093, 0.0035321929026395082, 0.0001463735825382173, 0.005364642944186926, 0.0015273347962647676, 0.002268204465508461, 0.008319261483848095, 4.913866359856911e-05, 0.0002737932372838259, 6.0849743022117764e-05, 0.004442925099283457, 2.080979902530089e-05, 0.0026268851943314075, 0.001763386419042945, 0.003108435310423374, 0.001550337765365839, 0.0012633305741474032, 0.009853883646428585], "acurracy": [0.8921874761581421, 0.9915624856948853, 0.9928125143051147, 0.9965624809265137, 0.996874988079071, 0.9956250190734863, 0.9971874952316284, 0.9959375262260437, 1.0, 0.9965624809265137, 1.0, 0.9978125095367432, 0.9965624809265137, 0.9937499761581421, 0.9971874952316284, 0.9921875, 1.0, 0.9978125095367432, 0.9984375238418579, 0.9943749904632568, 0.9943749904632568, 1.0, 1.0, 0.9990624785423279, 1.0, 0.996874988079071, 0.9971874952316284, 0.9990624785423279, 0.996874988079071, 0.9975000023841858, 0.9959375262260437, 0.9993749856948853, 1.0, 1.0, 0.9996874928474426, 0.9993749856948853, 0.9987499713897705, 0.9990624785423279, 0.9971874952316284, 0.9987499713897705, 0.9996874928474426, 0.9996874928474426, 0.9987499713897705, 1.0, 0.9981250166893005, 0.9993749856948853, 0.9993749856948853, 0.9971874952316284, 1.0, 1.0, 1.0, 0.9984375238418579, 1.0, 0.9993749856948853, 0.9996874928474426, 0.9987499713897705, 0.9993749856948853, 0.9996874928474426, 0.9965624809265137], "val_loss": [1.116885781288147, 1.040880560874939, 1.095383882522583, 1.1166000366210938, 1.1897252798080444, 1.1381064653396606, 1.1694403886795044, 1.1273908615112305, 1.122441291809082, 1.1941139698028564, 1.161990761756897, 1.1584439277648926, 1.0653233528137207, 1.0556185245513916, 1.0067254304885864, 0.9730336666107178, 0.9581318497657776, 0.9633227586746216, 0.950774610042572, 0.901385486125946, 0.8471919298171997, 0.8684369921684265, 0.8872159719467163, 0.8556216955184937, 0.8548499345779419, 0.7934070825576782, 0.7819731831550598, 0.7522146105766296, 0.7099190354347229, 0.6451716423034668, 0.5973705649375916, 0.5692974328994751, 0.549979031085968, 0.585322380065918, 0.5409730672836304, 0.5234261155128479, 0.5123986601829529, 0.5182837247848511, 0.4668572247028351, 0.4731290340423584, 0.4764065444469452, 0.4696539640426636, 0.4657059907913208, 0.4458588659763336, 0.4479398727416992, 0.48859938979148865, 0.484613835811615, 0.47230589389801025, 0.45065903663635254, 0.4863072633743286, 0.4907666742801666, 0.48656296730041504, 0.4512016773223877, 0.4702349007129669, 0.4828496277332306, 0.4595273733139038, 0.4796605706214905, 0.4863690435886383, 0.4866548776626587], "val_acurracy": [0.5731250047683716, 0.5787500143051147, 0.5824999809265137, 0.5821874737739563, 0.5768749713897705, 0.5853124856948853, 0.5815625190734863, 0.5806249976158142, 0.5837500095367432, 0.5778124928474426, 0.5793750286102295, 0.5731250047683716, 0.5768749713897705, 0.5996875166893005, 0.653124988079071, 0.7337499856948853, 0.7368749976158142, 0.7396875023841858, 0.7506250143051147, 0.7699999809265137, 0.8365625143051147, 0.8365625143051147, 0.8237500190734863, 0.8365625143051147, 0.8340625166893005, 0.856249988079071, 0.8740624785423279, 0.8728125095367432, 0.887499988079071, 0.9021875262260437, 0.9071875214576721, 0.9065625071525574, 0.9118750095367432, 0.9037500023841858, 0.909375011920929, 0.9087499976158142, 0.910937488079071, 0.9087499976158142, 0.917187511920929, 0.9134374856948853, 0.9156249761581421, 0.9190624952316284, 0.9168750047683716, 0.9212499856948853, 0.9181249737739563, 0.9134374856948853, 0.9168750047683716, 0.9178125262260437, 0.9184374809265137, 0.9150000214576721, 0.9143750071525574, 0.9165624976158142, 0.9184374809265137, 0.9168750047683716, 0.9146875143051147, 0.9153125286102295, 0.917187511920929, 0.9146875143051147, 0.9162499904632568]}