{"loss": [1.526698112487793, 1.0042915344238281, 0.17320245504379272, 0.036285579204559326, 0.025716714560985565, 0.0380823127925396, 0.003962419461458921, 0.01105134841054678, 0.0018941028974950314, 0.008443874306976795, 0.008255800232291222, 0.013738780282437801, 0.005385859403759241, 0.013497751206159592, 0.007117431610822678, 0.0059814248234033585, 0.003913379739969969, 0.01599840074777603, 0.004470376297831535, 0.00028487760573625565, 0.00918014906346798, 0.000228945747949183, 0.00021971104433760047, 0.010502984747290611, 0.00017321707855444402, 0.009837946854531765, 0.00012620579218491912, 0.004035817459225655, 0.012391426600515842, 0.0001118163054343313, 0.0066499048843979836, 0.001513359253294766, 0.00239467597566545, 0.007557380013167858, 0.004267808049917221, 0.005337793380022049, 6.736089562764391e-05, 0.0023952999617904425, 0.0121227465569973, 0.006238708272576332, 0.007927834056317806, 0.005537343677133322, 0.005655624438077211, 3.791735434788279e-05, 3.2931973692029715e-05, 0.0037243342958390713, 0.0035097666550427675, 0.0028430544771254063, 0.0038712015375494957, 0.007496897131204605, 0.00373802799731493, 0.0016611041501164436, 2.259233770018909e-05, 0.011656676419079304, 0.008680791594088078, 2.169464460166637e-05, 0.004694113042205572, 0.004281441681087017, 0.004157660994678736, 0.002012214856222272, 1.5174979125731625e-05, 0.004374152049422264], "acurracy": [0.8734375238418579, 0.9915624856948853, 0.9971874952316284, 0.9943749904632568, 0.9931250214576721, 0.9850000143051147, 1.0, 0.996874988079071, 1.0, 0.9975000023841858, 0.9975000023841858, 0.9959375262260437, 0.9984375238418579, 0.9962499737739563, 0.9981250166893005, 0.9987499713897705, 0.9996874928474426, 0.9962499737739563, 0.9984375238418579, 1.0, 0.9987499713897705, 1.0, 1.0, 0.9987499713897705, 1.0, 0.9978125095367432, 1.0, 0.9987499713897705, 0.9975000023841858, 1.0, 0.9984375238418579, 1.0, 0.9993749856948853, 0.9987499713897705, 0.9987499713897705, 0.9984375238418579, 1.0, 0.9990624785423279, 0.9962499737739563, 0.9984375238418579, 0.9971874952316284, 0.9975000023841858, 0.9975000023841858, 1.0, 1.0, 0.9987499713897705, 0.9990624785423279, 0.9990624785423279, 0.9990624785423279, 0.9975000023841858, 0.9990624785423279, 0.9996874928474426, 1.0, 0.995312511920929, 0.9978125095367432, 1.0, 0.9987499713897705, 0.9987499713897705, 0.9984375238418579, 0.9990624785423279, 1.0, 0.9990624785423279], "val_loss": [1.4446258544921875, 1.0006521940231323, 1.012770652770996, 1.0517511367797852, 0.9290667772293091, 0.8565306663513184, 0.8624080419540405, 0.8444123268127441, 0.8596294522285461, 0.8680751919746399, 0.8245884776115417, 0.7917742729187012, 0.8241257667541504, 0.7371110320091248, 0.7840988039970398, 0.7552516460418701, 0.7358738780021667, 0.6848409175872803, 0.6861183643341064, 0.7097330689430237, 0.6535230875015259, 0.6624868512153625, 0.6526492238044739, 0.6056984066963196, 0.6126874685287476, 0.5796501040458679, 0.552574872970581, 0.5980213284492493, 0.5202935338020325, 0.5356309413909912, 0.5703352689743042, 0.5142825841903687, 0.5307319164276123, 0.48801493644714355, 0.5110889673233032, 0.4928635060787201, 0.4867183268070221, 0.5024561285972595, 0.47436532378196716, 0.5289758443832397, 0.5146074891090393, 0.5061615109443665, 0.5106022357940674, 0.49962806701660156, 0.5332143902778625, 0.5095595121383667, 0.47026896476745605, 0.5277987122535706, 0.5048423409461975, 0.49471503496170044, 0.5060492753982544, 0.5052745938301086, 0.4733501672744751, 0.5360740423202515, 0.5066107511520386, 0.5008781552314758, 0.5161619782447815, 0.5241010785102844, 0.49638980627059937, 0.5317867398262024, 0.5326111316680908, 0.49487701058387756], "val_acurracy": [0.5706250071525574, 0.5712500214576721, 0.5806249976158142, 0.5846874713897705, 0.5915625095367432, 0.7903125286102295, 0.7931249737739563, 0.8215625286102295, 0.8174999952316284, 0.8306249976158142, 0.8628125190734863, 0.8787500262260437, 0.8787500262260437, 0.8981249928474426, 0.8931249976158142, 0.8984375, 0.9046875238418579, 0.9100000262260437, 0.9112499952316284, 0.9103124737739563, 0.9078124761581421, 0.9075000286102295, 0.9046875238418579, 0.9137499928474426, 0.9100000262260437, 0.9137499928474426, 0.9153125286102295, 0.9112499952316284, 0.9121875166893005, 0.9090625047683716, 0.9143750071525574, 0.9168750047683716, 0.9175000190734863, 0.9118750095367432, 0.917187511920929, 0.9143750071525574, 0.9143750071525574, 0.9150000214576721, 0.9209374785423279, 0.9190624952316284, 0.9165624976158142, 0.921875, 0.9200000166893005, 0.9234374761581421, 0.9200000166893005, 0.9196875095367432, 0.925000011920929, 0.9203125238418579, 0.9228125214576721, 0.9225000143051147, 0.9203125238418579, 0.9228125214576721, 0.925000011920929, 0.9262499809265137, 0.9253125190734863, 0.9271875023841858, 0.9246875047683716, 0.9237499833106995, 0.9284374713897705, 0.9221875071525574, 0.9206249713897705, 0.9262499809265137]}