{"loss": [1.0444939136505127, 0.11229690909385681, 0.013214241713285446, 0.11417338252067566, 0.05975113436579704, 0.03650146722793579, 0.04157185181975365, 0.05359369143843651, 0.06068682670593262, 0.05616644024848938, 0.006511881481856108, 0.0834200382232666, 0.10002129524946213, 0.0910232812166214, 0.09338382631540298, 0.011030519381165504, 0.029256334528326988, 0.0038670641370117664, 0.046827372163534164, 0.003470701165497303, 0.002327147638425231, 0.042868342250585556, 0.0025210499297827482, 0.002014061203226447, 0.09548499435186386, 0.09780950844287872, 0.011091516353189945, 0.029606930911540985, 0.07648675888776779, 0.05790630355477333, 0.0287286639213562, 0.07972307503223419, 0.03417787328362465, 0.029721884056925774, 0.028395049273967743, 0.08017060160636902, 0.039091724902391434, 0.03140271455049515, 0.004756662528961897, 0.0026507722213864326, 0.036165446043014526, 0.06127941608428955, 0.0658365935087204, 0.03177601471543312, 0.0054384516552090645, 0.028205445036292076, 0.002734518377110362, 0.0440373457968235, 0.02658841572701931, 0.0707176923751831, 0.04121799394488335, 0.028183190152049065, 0.042096156626939774, 0.059131965041160583, 0.07295458018779755, 0.0370505265891552, 0.0057656290009617805, 0.003178306156769395, 0.05705700442194939, 0.11177384108304977, 0.055150628089904785, 0.03202405571937561, 0.03269572556018829, 0.003491487819701433, 0.0018870532512664795, 0.08877194672822952, 0.00570648442953825, 0.058295655995607376, 0.03353313356637955, 0.026868825778365135], "acurracy": [0.8918750286102295, 0.9962499737739563, 1.0, 0.9862499833106995, 0.9934375286102295, 0.9962499737739563, 0.9946874976158142, 0.9934375286102295, 0.9921875, 0.9931250214576721, 1.0, 0.9887499809265137, 0.9856250286102295, 0.9868749976158142, 0.9865624904632568, 1.0, 0.996874988079071, 1.0, 0.9940624833106995, 1.0, 1.0, 0.9946874976158142, 1.0, 1.0, 0.9881250262260437, 0.9859374761581421, 1.0, 0.9965624809265137, 0.9893749952316284, 0.9925000071525574, 0.996874988079071, 0.9887499809265137, 0.9959375262260437, 0.996874988079071, 0.9962499737739563, 0.989062488079071, 0.995312511920929, 0.9959375262260437, 1.0, 1.0, 0.9959375262260437, 0.9918749928474426, 0.9909374713897705, 0.9965624809265137, 1.0, 0.996874988079071, 1.0, 0.9950000047683716, 0.9965624809265137, 0.9903125166893005, 0.9950000047683716, 0.9965624809265137, 0.9959375262260437, 0.9918749928474426, 0.9903125166893005, 0.9962499737739563, 1.0, 1.0, 0.9931250214576721, 0.984375, 0.9921875, 0.9962499737739563, 0.9962499737739563, 1.0, 1.0, 0.989062488079071, 1.0, 0.9925000071525574, 0.9959375262260437, 0.9965624809265137], "val_loss": [1.3133867979049683, 1.2365988492965698, 1.2616991996765137, 1.2342592477798462, 1.2234504222869873, 1.25444757938385, 1.2223435640335083, 1.2352899312973022, 1.220402717590332, 1.2100551128387451, 1.2286947965621948, 1.2212427854537964, 1.2177213430404663, 1.197438359260559, 1.203137993812561, 1.2110655307769775, 1.22501802444458, 1.2511042356491089, 1.225484013557434, 1.2447404861450195, 1.2411543130874634, 1.2266536951065063, 1.246630072593689, 1.2738279104232788, 1.1954407691955566, 1.1978212594985962, 1.1926193237304688, 1.2067394256591797, 1.207219123840332, 1.1844408512115479, 1.1932384967803955, 1.1909955739974976, 1.188429832458496, 1.198066234588623, 1.190924048423767, 1.1879349946975708, 1.1950243711471558, 1.192797064781189, 1.1958783864974976, 1.2228779792785645, 1.1926013231277466, 1.177224040031433, 1.1756768226623535, 1.1691416501998901, 1.1878879070281982, 1.1975719928741455, 1.207746148109436, 1.2081153392791748, 1.1942826509475708, 1.1554011106491089, 1.1540924310684204, 1.1746020317077637, 1.1655958890914917, 1.157376766204834, 1.131476879119873, 1.1588966846466064, 1.1694481372833252, 1.1734719276428223, 1.179070234298706, 1.1439790725708008, 1.1516896486282349, 1.1564807891845703, 1.1333284378051758, 1.1757854223251343, 1.2017804384231567, 1.1478523015975952, 1.1431455612182617, 1.1511129140853882, 1.1495141983032227, 1.1472501754760742], "val_acurracy": [0.5962499976158142, 0.5978124737739563, 0.5909374952316284, 0.6009374856948853, 0.5981249809265137, 0.59375, 0.6025000214576721, 0.5978124737739563, 0.5971875190734863, 0.5996875166893005, 0.596875011920929, 0.5965625047683716, 0.5918750166893005, 0.5956249833106995, 0.5931249856948853, 0.5987499952316284, 0.598437488079071, 0.5884374976158142, 0.5918750166893005, 0.5849999785423279, 0.5896875262260437, 0.596875011920929, 0.5909374952316284, 0.5874999761581421, 0.5931249856948853, 0.5928124785423279, 0.5868750214576721, 0.5881249904632568, 0.5878124833106995, 0.5928124785423279, 0.5859375, 0.590624988079071, 0.5931249856948853, 0.5871875286102295, 0.589062511920929, 0.5859375, 0.5824999809265137, 0.589062511920929, 0.5899999737739563, 0.5821874737739563, 0.5878124833106995, 0.5884374976158142, 0.5837500095367432, 0.5878124833106995, 0.5837500095367432, 0.5818750262260437, 0.5796874761581421, 0.5809375047683716, 0.5878124833106995, 0.5909374952316284, 0.5884374976158142, 0.582812488079071, 0.5809375047683716, 0.5865625143051147, 0.5893750190734863, 0.582812488079071, 0.5806249976158142, 0.5853124856948853, 0.5746874809265137, 0.5790625214576721, 0.5787500143051147, 0.5784375071525574, 0.5824999809265137, 0.5840625166893005, 0.5824999809265137, 0.5849999785423279, 0.5840625166893005, 0.581250011920929, 0.5787500143051147, 0.5853124856948853]}