{"noise_loss": [2.6709845066070557, 2.2117908000946045, 2.135268211364746, 2.057044744491577, 2.0024826526641846, 1.9505707025527954, 1.9268767833709717, 1.9120376110076904, 1.8761330842971802, 1.8726991415023804, 1.8486207723617554, 1.8538299798965454, 1.8224434852600098, 1.824501633644104, 1.809644341468811, 1.795961856842041, 1.7627944946289062, 1.763818383216858, 1.7769955396652222, 1.775017261505127, 1.7490553855895996, 1.743062138557434, 1.7399001121520996, 1.732478141784668, 1.7173048257827759, 1.7131428718566895, 1.7206928730010986, 1.7219436168670654, 1.6980597972869873, 1.6957223415374756, 1.6997840404510498, 1.6813021898269653, 1.690299391746521, 1.676460862159729, 1.6972472667694092, 1.685132622718811, 1.674979567527771, 1.6589381694793701, 1.6643846035003662, 1.6640793085098267, 1.6662794351577759, 1.6708735227584839, 1.6339088678359985, 1.6563969850540161, 1.632462501525879, 1.642418622970581, 1.634666919708252, 1.636436104774475, 1.6486992835998535, 1.6367851495742798, 1.6223058700561523, 1.6271663904190063, 1.6292998790740967, 1.6214332580566406, 1.6307928562164307, 1.6218115091323853, 1.6103466749191284, 1.6154457330703735, 1.62449049949646, 1.605675220489502, 1.6272331476211548, 1.6100863218307495, 1.6026606559753418, 1.6052473783493042, 1.6103196144104004, 1.5995490550994873, 1.6005182266235352, 1.5847618579864502, 1.5835061073303223, 1.5952248573303223, 1.5905462503433228, 1.5890241861343384, 1.6052812337875366, 1.580491065979004, 1.5813220739364624, 1.587203860282898, 1.593639850616455, 1.5776034593582153, 1.582350492477417, 1.5853567123413086, 1.5813860893249512, 1.5707284212112427, 1.5572574138641357, 1.5727453231811523, 1.574529767036438, 1.5714545249938965, 1.5458593368530273, 1.5679033994674683, 1.5759022235870361, 1.5581570863723755, 1.549536108970642, 1.5592072010040283, 1.5480177402496338, 1.567457914352417, 1.5644110441207886, 1.553259015083313, 1.5434280633926392, 1.55106782913208, 1.5441789627075195, 1.5457522869110107], "signal_loss": [0.5489211082458496, 0.45424357056617737, 0.43667033314704895, 0.42121344804763794, 0.4094669222831726, 0.4020785093307495, 0.3978690207004547, 0.39207231998443604, 0.3866516351699829, 0.3838212490081787, 0.379698246717453, 0.3795868158340454, 0.37373214960098267, 0.37305527925491333, 0.36944007873535156, 0.36790141463279724, 0.3658375144004822, 0.36333534121513367, 0.3632769286632538, 0.36398687958717346, 0.35815945267677307, 0.35997796058654785, 0.356190949678421, 0.35565540194511414, 0.3550262749195099, 0.3536606729030609, 0.3537572920322418, 0.35290947556495667, 0.3518763780593872, 0.3492097556591034, 0.3494216203689575, 0.3467307984828949, 0.3464292585849762, 0.3458369970321655, 0.34621700644493103, 0.34533223509788513, 0.34261471033096313, 0.3436955511569977, 0.34276312589645386, 0.34218817949295044, 0.3407536745071411, 0.3379495143890381, 0.33846336603164673, 0.34004583954811096, 0.3382987678050995, 0.3400813043117523, 0.3361049294471741, 0.3372693359851837, 0.33704453706741333, 0.3346780836582184, 0.33494850993156433, 0.33372220396995544, 0.3352445363998413, 0.3340890109539032, 0.3341323435306549, 0.3336962163448334, 0.33120858669281006, 0.3339344263076782, 0.33349597454071045, 0.3303512930870056, 0.3304973244667053, 0.32927244901657104, 0.32756149768829346, 0.32930466532707214, 0.3297575116157532, 0.3278110921382904, 0.329285591840744, 0.32780036330223083, 0.3271506130695343, 0.32630905508995056, 0.32592639327049255, 0.32511478662490845, 0.3275996744632721, 0.3242172300815582, 0.32631832361221313, 0.32535311579704285, 0.3252018690109253, 0.32370296120643616, 0.32457175850868225, 0.3252097964286804, 0.3227660059928894, 0.3233954906463623, 0.3214525580406189, 0.32351958751678467, 0.3214380741119385, 0.3226250112056732, 0.3204708993434906, 0.32253849506378174, 0.3232109546661377, 0.32169046998023987, 0.3203744888305664, 0.3205684423446655, 0.3183591961860657, 0.32057198882102966, 0.31901270151138306, 0.31843301653862, 0.32033634185791016, 0.3200010061264038, 0.31826016306877136, 0.31923025846481323], "feature_loss": [0.0874798446893692, 0.07996057718992233, 0.07573698461055756, 0.07273837924003601, 0.07065112143754959, 0.06932451575994492, 0.06820545345544815, 0.06770245730876923, 0.06686583906412125, 0.06600328534841537, 0.06562335789203644, 0.06563916057348251, 0.06487870961427689, 0.06483794748783112, 0.06451074779033661, 0.0640396848320961, 0.06418029218912125, 0.06372154504060745, 0.06371413171291351, 0.06363380700349808, 0.06328826397657394, 0.06310848891735077, 0.0630074292421341, 0.06282138079404831, 0.0626683384180069, 0.06264651566743851, 0.06266766786575317, 0.06261938810348511, 0.06241326406598091, 0.06234833970665932, 0.062281668186187744, 0.06195312365889549, 0.06220993027091026, 0.06198398023843765, 0.06198734790086746, 0.06182762607932091, 0.06171657145023346, 0.061907753348350525, 0.06170578673481941, 0.061911337077617645, 0.06163281574845314, 0.061657026410102844, 0.06123240292072296, 0.06157947704195976, 0.061457835137844086, 0.06171170994639397, 0.06125549226999283, 0.06152620166540146, 0.06114166975021362, 0.06112666055560112, 0.06128092482686043, 0.061229269951581955, 0.06104256212711334, 0.06103789061307907, 0.06110905110836029, 0.060955870896577835, 0.06115064397454262, 0.06098409369587898, 0.06107821688055992, 0.060874879360198975, 0.060827068984508514, 0.060876283794641495, 0.06070581078529358, 0.06082143634557724, 0.060698673129081726, 0.06069543585181236, 0.060664039105176926, 0.06071498990058899, 0.06052171066403389, 0.06076894327998161, 0.06049488112330437, 0.060648951679468155, 0.06058858707547188, 0.060453616082668304, 0.06050487980246544, 0.060455724596977234, 0.060463424772024155, 0.06035589054226875, 0.060323093086481094, 0.06036040559411049, 0.06049331650137901, 0.060332417488098145, 0.06055780127644539, 0.06027709320187569, 0.06022954732179642, 0.060242943465709686, 0.060137875378131866, 0.060349252074956894, 0.06035719811916351, 0.060132358223199844, 0.06016171723604202, 0.0599079504609108, 0.060147155076265335, 0.060267962515354156, 0.059975963085889816, 0.06011226028203964, 0.06020035222172737, 0.06001562997698784, 0.06004675105214119, 0.06006798520684242],