{"loss": [0.05409063398838043, 0.0595582015812397, 0.003290936117991805, 0.09575800597667694, 0.04230824112892151, 0.07774331420660019, 0.038344115018844604, 0.029935259371995926, 0.02643606625497341, 0.026347540318965912, 0.03838494420051575, 0.027574630454182625, 0.062402382493019104, 0.0277259424328804, 0.04751558601856232, 0.0023927956353873014, 0.039054371416568756, 0.02637619897723198, 0.021344177424907684, 0.04340454190969467, 0.028293218463659286, 0.05842777341604233, 0.05154592543840408, 0.01931089349091053, 0.03838763013482094], "accuracy": [0.9931250214576721, 0.9906250238418579, 1.0, 0.9818750023841858, 0.9900000095367432, 0.9728124737739563, 0.9915624856948853, 0.9915624856948853, 0.9931250214576721, 0.9928125143051147, 0.9884374737739563, 0.9915624856948853, 0.9800000190734863, 0.9940624833106995, 0.9837499856948853, 1.0, 0.9881250262260437, 0.9900000095367432, 0.9934375286102295, 0.9856250286102295, 0.9931250214576721, 0.9806249737739563, 0.9818750023841858, 0.995312511920929, 0.9856250286102295], "val_loss": [0.6543638706207275, 0.4686446487903595, 0.4361208975315094, 0.6885334253311157, 0.6234748363494873, 0.5163938999176025, 0.38984444737434387, 0.3968747854232788, 0.3703770339488983, 0.4338352680206299, 0.4534507393836975, 0.3481484353542328, 0.3586861789226532, 0.3495233654975891, 0.3718448281288147, 0.34800460934638977, 0.3838444650173187, 0.35127145051956177, 0.34544315934181213, 0.32279908657073975, 0.35316190123558044, 0.6812228560447693, 0.6478736400604248, 0.4352848529815674, 0.37010258436203003], "val_accuracy": [0.9068750143051147, 0.9071875214576721, 0.9068750143051147, 0.8609374761581421, 0.8934375047683716, 0.9034374952316284, 0.9059374928474426, 0.909375011920929, 0.9084374904632568, 0.90625, 0.9043750166893005, 0.9084374904632568, 0.9081249833106995, 0.9059374928474426, 0.9059374928474426, 0.9071875214576721, 0.9065625071525574, 0.9068750143051147, 0.9081249833106995, 0.9068750143051147, 0.9068750143051147, 0.878125011920929, 0.8784375190734863, 0.9056249856948853, 0.9068750143051147]}