{"loss": [0.08099699020385742, 0.0680246576666832, 0.09474237263202667, 0.04408128187060356, 0.08007639646530151, 0.0745997205376625, 0.03457401692867279, 0.05199563875794411, 0.04821021109819412, 0.03349127247929573, 0.0497458316385746, 0.031007491052150726, 0.04984588548541069, 0.03785144165158272], "accuracy": [0.9868749976158142, 0.9900000095367432, 0.9846875071525574, 0.9943749904632568, 0.9884374737739563, 0.9868749976158142, 0.9940624833106995, 0.9921875, 0.9909374713897705, 0.9928125143051147, 0.9896875023841858, 0.9931250214576721, 0.984375, 0.9859374761581421], "val_loss": [0.7045801281929016, 0.5941169857978821, 0.6599483489990234, 0.5932338833808899, 0.598861813545227, 0.500053882598877, 0.609122097492218, 0.6597469449043274, 0.4042186737060547, 0.4847627878189087, 0.7600476741790771, 1.4270482063293457, 0.8290035128593445, 0.536090075969696], "val_accuracy": [0.9068750143051147, 0.9068750143051147, 0.9068750143051147, 0.9068750143051147, 0.9068750143051147, 0.9068750143051147, 0.9068750143051147, 0.9068750143051147, 0.9040625095367432, 0.9049999713897705, 0.1862500011920929, 0.1693750023841858, 0.1756249964237213, 0.8753125071525574]}