{"loss": [0.08215078711509705, 0.07818637043237686, 0.07206166535615921, 0.09854350984096527, 0.09471574425697327, 0.020017575472593307, 0.05426473543047905, 0.011114806868135929, 0.0009609082480892539, 0.0005039162351749837], "accuracy": [0.9803125262260437, 0.987500011920929, 0.9900000095367432, 0.9809374809265137, 0.979687511920929, 0.9971874952316284, 0.989062488079071, 0.9981250166893005, 1.0, 1.0], "val_loss": [0.7151235342025757, 0.5836145281791687, 0.5674904584884644, 0.5056296586990356, 0.49026569724082947, 0.5100560188293457, 0.5379003286361694, 0.554373562335968, 0.6242146492004395, 0.6646469235420227], "val_accuracy": [0.9068750143051147, 0.9068750143051147, 0.9068750143051147, 0.9068750143051147, 0.9068750143051147, 0.9068750143051147, 0.9065625071525574, 0.9068750143051147, 0.9068750143051147, 0.9068750143051147]}