{"loss": [0.11972566694021225, 0.061329156160354614, 0.044370416551828384, 0.03612136468291283, 0.03666354715824127, 0.02497611567378044, 0.024836217984557152], "accuracy": [0.9662500023841858, 0.9896875023841858, 0.9934375286102295, 0.9940624833106995, 0.9921875, 0.9950000047683716, 0.995312511920929], "val_loss": [0.7083534002304077, 0.6397706866264343, 0.6512020230293274, 0.6739092469215393, 0.7935296893119812, 0.7898674011230469, 0.6411710381507874], "val_accuracy": [0.9068750143051147, 0.9068750143051147, 0.9068750143051147, 0.8968750238418579, 0.8762500286102295, 0.8868749737739563, 0.8818749785423279]}