{"loss": [0.08606662601232529, 0.06655199080705643, 0.04266837239265442, 0.04383578151464462, 0.04832848533987999, 0.07860135287046432, 0.03575783595442772], "accuracy": [0.9821875095367432, 0.9906250238418579, 0.9940624833106995, 0.9937499761581421, 0.9934375286102295, 0.9881250262260437, 0.9959375262260437], "val_loss": [0.6414300799369812, 0.6285731792449951, 0.6636363863945007, 0.7658130526542664, 0.6744657754898071, 0.6872303485870361, 0.7118892073631287], "val_accuracy": [0.9068750143051147, 0.9068750143051147, 0.9068750143051147, 0.9068750143051147, 0.9068750143051147, 0.9068750143051147, 0.9068750143051147]}