{"loss": [0.06622285395860672, 0.03871598094701767, 0.07876241207122803, 0.07072089612483978, 0.12930580973625183, 0.05993649363517761, 0.054332584142684937, 0.06414066255092621, 0.0051095811650156975, 0.0772465318441391, 0.05880579352378845], "accuracy": [0.9925000071525574, 0.9946874976158142, 0.9893749952316284, 0.9900000095367432, 0.9790624976158142, 0.9912499785423279, 0.9925000071525574, 0.9906250238418579, 1.0, 0.9900000095367432, 0.9906250238418579], "val_loss": [0.6207187175750732, 0.6987258195877075, 0.5388534665107727, 0.6544923186302185, 0.5554149150848389, 0.5179592370986938, 0.565592348575592, 0.5645114779472351, 0.7148755788803101, 0.5366413593292236, 0.6039153933525085], "val_accuracy": [0.9068750143051147, 0.9068750143051147, 0.9068750143051147, 0.9068750143051147, 0.9068750143051147, 0.9068750143051147, 0.9068750143051147, 0.9068750143051147, 0.9068750143051147, 0.9068750143051147, 0.9068750143051147]}