{"loss": [0.12712673842906952, 0.05623660981655121, 0.05444995313882828, 0.0399261899292469, 0.13053303956985474, 0.08450575172901154, 0.0883093848824501], "accuracy": [0.9603124856948853, 0.9928125143051147, 0.9925000071525574, 0.9943749904632568, 0.979687511920929, 0.9865624904632568, 0.9856250286102295], "val_loss": [0.5669037699699402, 0.5435919761657715, 0.6109815239906311, 0.6650474071502686, 0.6725664734840393, 0.5853040218353271, 0.5528252124786377], "val_accuracy": [0.9068750143051147, 0.9068750143051147, 0.9068750143051147, 0.9068750143051147, 0.9068750143051147, 0.9068750143051147, 0.9068750143051147]}