{"loss": [0.0774398148059845, 0.04465869441628456, 0.0012934935512021184, 0.05573166534304619, 0.04828035831451416, 0.028446421027183533, 0.02658459171652794, 0.031552065163850784, 0.023544779047369957, 0.027183013036847115, 0.06640580296516418, 0.033560167998075485, 0.03591267764568329, 0.02352951094508171, 0.0276914332062006, 0.04984954744577408, 0.012628712691366673], "accuracy": [0.9906250238418579, 0.9931250214576721, 1.0, 0.9903125166893005, 0.9868749976158142, 0.9934375286102295, 0.9918749928474426, 0.9928125143051147, 0.9925000071525574, 0.9925000071525574, 0.979687511920929, 0.9909374713897705, 0.987500011920929, 0.9946874976158142, 0.9918749928474426, 0.9856250286102295, 0.9962499737739563], "val_loss": [0.6204542517662048, 0.6261774897575378, 0.6364433765411377, 0.6090288162231445, 0.6037529110908508, 0.7002063989639282, 0.5163900256156921, 0.5306039452552795, 0.49432286620140076, 0.5254127979278564, 0.5009526610374451, 0.46334588527679443, 0.7437054514884949, 0.5240793228149414, 0.5502731204032898, 0.4808943271636963, 0.5200181603431702], "val_accuracy": [0.9068750143051147, 0.9068750143051147, 0.9068750143051147, 0.8893749713897705, 0.8818749785423279, 0.8743749856948853, 0.8824999928474426, 0.8740624785423279, 0.8787500262260437, 0.879687488079071, 0.8974999785423279, 0.9068750143051147, 0.8659374713897705, 0.8824999928474426, 0.8881250023841858, 0.8787500262260437, 0.8774999976158142]}