{"loss": [0.056849755346775055, 0.11250361800193787, 0.06866839528083801, 0.0242469385266304, 0.043633874505758286, 0.04211373254656792, 0.0392400398850441, 0.01629331149160862, 0.0009793714853003621, 0.03613728657364845, 0.048034850507974625], "accuracy": [0.9865624904632568, 0.9809374809265137, 0.9887499809265137, 0.996874988079071, 0.9934375286102295, 0.9934375286102295, 0.9940624833106995, 0.9978125095367432, 1.0, 0.9946874976158142, 0.9912499785423279], "val_loss": [0.6849002838134766, 0.4887677729129791, 0.5421913266181946, 0.5456419587135315, 0.5563878417015076, 0.39666125178337097, 0.4497736096382141, 0.5531909465789795, 0.641450822353363, 0.42138177156448364, 0.5403690934181213], "val_accuracy": [0.9068750143051147, 0.9068750143051147, 0.9068750143051147, 0.9068750143051147, 0.9068750143051147, 0.9068750143051147, 0.9068750143051147, 0.9068750143051147, 0.9068750143051147, 0.9068750143051147, 0.9068750143051147]}