{"loss": [0.05896646901965141, 0.036782074719667435, 0.10695677995681763, 0.002402234822511673, 0.10169807076454163, 0.02210736833512783, 0.06095312163233757, 0.07586195319890976], "accuracy": [0.9915624856948853, 0.9946874976158142, 0.9825000166893005, 1.0, 0.9834374785423279, 0.995312511920929, 0.9896875023841858, 0.9821875095367432], "val_loss": [0.6816214919090271, 0.6034784913063049, 0.41217052936553955, 0.6347811222076416, 0.4713866710662842, 0.5342620611190796, 0.4571055471897125, 0.4438968300819397], "val_accuracy": [0.9068750143051147, 0.9068750143051147, 0.9068750143051147, 0.9068750143051147, 0.8940625190734863, 0.8990625143051147, 0.8728125095367432, 0.8737499713897705]}