{"loss": [0.5410900712013245, 0.2171955704689026, 0.11055783927440643, 0.10997720807790756, 0.10074776411056519, 0.017068127170205116, 0.14158685505390167, 0.016297902911901474, 0.05307517573237419, 0.10682844370603561, 0.07138952612876892, 0.025357402861118317, 0.06594207137823105, 0.0745832696557045, 0.07953422516584396, 0.047635432332754135, 0.046991296112537384, 0.07709883153438568, 0.048263657838106155, 0.041848476976156235, 0.05365839600563049, 0.019045647233724594, 0.07633944600820541, 0.061375465244054794, 0.03977035731077194, 0.038341768085956573, 0.03507297858595848, 0.07359207421541214, 0.06886551529169083, 0.09024784713983536, 0.04612278565764427, 0.02871844917535782, 0.04045513644814491, 0.034833505749702454, 0.014962171204388142, 0.036460090428590775, 0.11663818359375, 0.060682233422994614, 0.06998244673013687, 0.025313828140497208, 0.027305543422698975, 0.016115250065922737, 0.0711539015173912, 0.07178636640310287, 0.04081885889172554, 0.08291306346654892, 0.009342685341835022, 0.05161521956324577, 0.028308281674981117, 0.061760932207107544, 0.04472747817635536, 0.03528915345668793], "accuracy": [0.9430468678474426, 0.9830468893051147, 0.9862499833106995, 0.9821093678474426, 0.981249988079071, 1.0, 0.9673437476158142, 1.0, 0.9881250262260437, 0.9702343940734863, 0.9809374809265137, 0.9954687356948853, 0.9814062714576721, 0.978515625, 0.977734386920929, 0.9871875047683716, 0.9878906011581421, 0.9771875143051147, 0.9893749952316284, 0.9891406297683716, 0.9852343797683716, 0.9963281154632568, 0.9786718487739563, 0.9837499856948853, 0.9888281226158142, 0.9896093606948853, 0.9912499785423279, 0.979296863079071, 0.9796093702316284, 0.9714062213897705, 0.9887499809265137, 0.9932031035423279, 0.9896093606948853, 0.9920312762260437, 0.9966406226158142, 0.9900000095367432, 0.9627344012260437, 0.9827343821525574, 0.9791406393051147, 0.9943749904632568, 0.9928905963897705, 0.9965624809265137, 0.9779687523841858, 0.9774218797683716, 0.9893749952316284, 0.9747655987739563, 0.9999218583106995, 0.986328125, 0.9937499761581421, 0.9820312261581421, 0.9878125190734863, 0.9896093606948853], "val_loss": [0.677578866481781, 0.7638015151023865, 0.8097947835922241, 0.775382399559021, 0.7460267543792725, 0.7846677303314209, 0.6426965594291687, 0.693798303604126, 0.6682537198066711, 0.5742838382720947, 0.55124831199646, 0.5904245972633362, 0.5640773177146912, 0.5333081483840942, 0.5230425000190735, 0.5255566239356995, 0.5361675024032593, 0.481255441904068, 0.5116313695907593, 0.5224879384040833, 0.5140727162361145, 0.5424954891204834, 0.49622824788093567, 0.494571715593338, 0.5059413313865662, 0.5013970732688904, 0.508938193321228, 0.47984087467193604, 0.47804030776023865, 0.4551962912082672, 0.47408661246299744, 0.5005365610122681, 0.49482783675193787, 0.4876837134361267, 0.5128551721572876, 0.5019273161888123, 0.4319641590118408, 0.45071083307266235, 0.43948042392730713, 0.46993401646614075, 0.48291340470314026, 0.49435651302337646, 0.4630354642868042, 0.4437006711959839, 0.46696922183036804, 0.4390149712562561, 0.4830194115638733, 0.4822234809398651, 0.4749242663383484, 0.4615857005119324, 0.47588950395584106, 0.4868720769882202], "val_accuracy": [0.8217187523841858, 0.8217187523841858, 0.8217187523841858, 0.8217187523841858, 0.8217187523841858, 0.8217187523841858, 0.8217187523841858, 0.8217187523841858, 0.8217187523841858, 0.8217187523841858, 0.8217187523841858, 0.8218749761581421, 0.8235156536102295, 0.8170312643051147, 0.8135156035423279, 0.8094531297683716, 0.8089062571525574, 0.8186718821525574, 0.8072656393051147, 0.8088281154632568, 0.8082812428474426, 0.8068749904632568, 0.8173437714576721, 0.8193749785423279, 0.8133593797683716, 0.8179687261581421, 0.8192187547683716, 0.8203906416893005, 0.8202343583106995, 0.828125, 0.8201562762260437, 0.8201562762260437, 0.8277343511581421, 0.8248437643051147, 0.8253124952316284, 0.8246874809265137, 0.8286718726158142, 0.8274999856948853, 0.8321093916893005, 0.8288280963897705, 0.8278906345367432, 0.8296093940734863, 0.8282812237739563, 0.8303124904632568, 0.8314843773841858, 0.8317187428474426, 0.8250781297683716, 0.8293750286102295, 0.8314062356948853, 0.8296093940734863, 0.8280468583106995, 0.828125]}