{"loss": [0.6338111758232117, 0.29538434743881226, 0.10051824897527695, 0.05853134021162987, 0.06619173288345337, 0.09617485105991364, 0.06795760244131088, 0.04992321878671646, 0.04815869405865669, 0.04197019711136818, 0.03385642543435097, 0.020862026140093803, 0.03939567878842354, 0.052423786371946335, 0.04663240537047386, 0.029490090906620026, 0.05033305659890175, 0.03423447906970978, 0.03546122834086418, 0.019745299592614174, 0.011041820049285889, 0.02674005553126335, 0.02738165855407715, 0.03648226708173752, 0.010882432572543621, 0.018505554646253586, 0.018193645402789116, 0.06422840803861618, 0.016922026872634888, 0.037893544882535934, 0.01909724436700344, 0.04742633178830147, 0.027753565460443497, 0.029944010078907013, 0.040396951138973236, 0.014334790408611298, 0.03897394239902496, 0.031232163310050964, 0.04195268452167511, 0.04358205944299698, 0.008510487154126167, 0.023460907861590385, 0.021373257040977478], "accuracy": [0.9491406083106995, 0.991406261920929, 0.9859374761581421, 0.9905468821525574, 0.9867187738418579, 0.973828136920929, 0.979296863079071, 0.9831249713897705, 0.9831249713897705, 0.9846093654632568, 0.9878906011581421, 0.9921875, 0.983593761920929, 0.9782031178474426, 0.9810937643051147, 0.9885937571525574, 0.977343738079071, 0.9845312237739563, 0.9832812547683716, 0.9917968511581421, 0.9960156083106995, 0.9892187714576721, 0.9883593916893005, 0.9845312237739563, 0.9950781464576721, 0.9927343726158142, 0.9921875, 0.9724218845367432, 0.9940624833106995, 0.9811718463897705, 0.9914844036102295, 0.9781249761581421, 0.987500011920929, 0.986328125, 0.981249988079071, 0.9932812452316284, 0.9806249737739563, 0.9853125214576721, 0.9789062738418579, 0.9814843535423279, 0.9964843988418579, 0.9906250238418579, 0.9897656440734863], "val_loss": [0.6279016733169556, 0.723080039024353, 0.6773593425750732, 0.6429852247238159, 0.5682718753814697, 0.5031087398529053, 0.473480224609375, 0.47011005878448486, 0.4740740656852722, 0.47988346219062805, 0.48778143525123596, 0.48519596457481384, 0.47342872619628906, 0.44119423627853394, 0.43682539463043213, 0.42944422364234924, 0.4195273220539093, 0.4267304539680481, 0.42909786105155945, 0.4302949607372284, 0.44078269600868225, 0.4358210861682892, 0.4320478141307831, 0.42681464552879333, 0.43292006850242615, 0.4294791519641876, 0.426274836063385, 0.40472695231437683, 0.43336284160614014, 0.42830026149749756, 0.42869919538497925, 0.406209796667099, 0.4105392396450043, 0.41739556193351746, 0.4116360545158386, 0.42043524980545044, 0.4259374737739563, 0.41283032298088074, 0.41409340500831604, 0.42244309186935425, 0.4353856146335602, 0.44138672947883606, 0.45141732692718506], "val_accuracy": [0.8185937404632568, 0.8235156536102295, 0.8194531202316284, 0.8233593702316284, 0.8286718726158142, 0.8317187428474426, 0.8414843678474426, 0.8366405963897705, 0.8391406536102295, 0.839062511920929, 0.8384374976158142, 0.8357031345367432, 0.8335156440734863, 0.831250011920929, 0.8307812213897705, 0.8293750286102295, 0.8321093916893005, 0.8297656178474426, 0.8310156464576721, 0.8302343487739563, 0.8309375047683716, 0.8307031393051147, 0.8298437595367432, 0.8280468583106995, 0.8280468583106995, 0.8267968893051147, 0.8271874785423279, 0.828125, 0.8279687762260437, 0.8296093940734863, 0.8310937285423279, 0.8307031393051147, 0.8307812213897705, 0.830078125, 0.8292187452316284, 0.8317187428474426, 0.8293750286102295, 0.8335937261581421, 0.8292187452316284, 0.8279687762260437, 0.8309375047683716, 0.8285156488418579, 0.8279687762260437]}