{"loss": [0.6076034307479858, 0.26508551836013794, 0.09727348387241364, 0.035753559321165085, 0.049185611307621, 0.06451813131570816, 0.04350392520427704, 0.06735232472419739, 0.06254297494888306, 0.030446607619524002, 0.0055991047993302345, 0.0592583566904068, 0.03242010250687599, 0.011910268105566502, 0.06253797560930252, 0.02576664462685585, 0.03602851554751396, 0.03800050914287567, 0.05098864063620567, 0.040681563317775726, 0.08091900497674942, 0.04145647957921028, 0.048168908804655075, 0.07136627286672592, 0.004477888811379671, 0.02720821462571621, 0.021012188866734505, 0.03909074887633324, 0.05227942764759064, 0.056664761155843735, 0.014529367908835411, 0.038114048540592194, 0.021965451538562775, 0.034549400210380554, 0.04664609953761101, 0.04524516686797142, 0.02065647765994072, 0.04084858298301697, 0.01084199920296669, 0.046279244124889374, 0.03380175307393074, 0.03873978182673454, 0.011943604797124863, 0.03446779027581215, 0.03476940467953682, 0.0130243431776762, 0.02352394349873066, 0.01754424162209034, 0.0011613385286182165, 0.029176652431488037, 0.017383011057972908], "accuracy": [0.9424999952316284, 0.9786718487739563, 0.9848437309265137, 0.9957812428474426, 0.9914844036102295, 0.9878906011581421, 0.9911718964576721, 0.9839062690734863, 0.9831249713897705, 0.9921093583106995, 1.0, 0.9814843535423279, 0.9896093606948853, 0.9974218606948853, 0.978515625, 0.9916406273841858, 0.9885937571525574, 0.9856250286102295, 0.9826562404632568, 0.9853125214576721, 0.96875, 0.9838281273841858, 0.9817187786102295, 0.9728906154632568, 1.0, 0.9905468821525574, 0.9923437237739563, 0.9860156178474426, 0.9790624976158142, 0.9788281321525574, 0.9961718916893005, 0.9870312213897705, 0.9928125143051147, 0.9866406321525574, 0.9810156226158142, 0.982421875, 0.9923437237739563, 0.9847656488418579, 0.9971093535423279, 0.9823437333106995, 0.9876562356948853, 0.9854687452316284, 0.9963281154632568, 0.987500011920929, 0.9862499833106995, 0.9961718916893005, 0.991015613079071, 0.9939844012260437, 1.0, 0.991015613079071, 0.9934375286102295], "val_loss": [0.6585670709609985, 0.7558408379554749, 0.759976863861084, 0.8227617144584656, 0.778817892074585, 0.7013759613037109, 0.6601058840751648, 0.6007640957832336, 0.5568060278892517, 0.5566108822822571, 0.5805121064186096, 0.5318294763565063, 0.5250718593597412, 0.5459491610527039, 0.5040283203125, 0.509994626045227, 0.4911123514175415, 0.4775340259075165, 0.4741661846637726, 0.480223149061203, 0.45186325907707214, 0.45701420307159424, 0.453464150428772, 0.4383937120437622, 0.46053704619407654, 0.462503582239151, 0.44927769899368286, 0.44560402631759644, 0.43203145265579224, 0.43809908628463745, 0.4443994462490082, 0.43442797660827637, 0.4403552711009979, 0.43928536772727966, 0.427981972694397, 0.41695770621299744, 0.43516460061073303, 0.43893682956695557, 0.45090416073799133, 0.41996246576309204, 0.4276854693889618, 0.4273441731929779, 0.44229599833488464, 0.4407792389392853, 0.4318171739578247, 0.43409499526023865, 0.4381672143936157, 0.44577574729919434, 0.45848944783210754, 0.43516749143600464, 0.4383805990219116], "val_accuracy": [0.8196094036102295, 0.8036718964576721, 0.8083593845367432, 0.8101562261581421, 0.810546875, 0.809374988079071, 0.8056250214576721, 0.8090624809265137, 0.8196874856948853, 0.8231250047683716, 0.8206250071525574, 0.8248437643051147, 0.8257031440734863, 0.8244531154632568, 0.8278906345367432, 0.8272656202316284, 0.8295312523841858, 0.8296093940734863, 0.830078125, 0.8285156488418579, 0.8325781226158142, 0.8295312523841858, 0.8310937285423279, 0.8319531083106995, 0.8266406059265137, 0.8274219036102295, 0.8315625190734863, 0.8324218988418579, 0.83203125, 0.8307812213897705, 0.8290625214576721, 0.8310156464576721, 0.8293750286102295, 0.8302343487739563, 0.8303124904632568, 0.8336718678474426, 0.8285937309265137, 0.8276562690734863, 0.8282812237739563, 0.832812488079071, 0.8315625190734863, 0.831250011920929, 0.8304687738418579, 0.8292187452316284, 0.8322656154632568, 0.8299999833106995, 0.829296886920929, 0.8278124928474426, 0.8278124928474426, 0.8285937309265137, 0.8271093964576721]}