{"loss": [0.6218633055686951, 0.37448447942733765, 0.2383906990289688, 0.16239921748638153, 0.18542741239070892, 0.11119399219751358, 0.10138072818517685, 0.08533994853496552, 0.06560227274894714, 0.05154383182525635, 0.10458662360906601, 0.04661652073264122, 0.030016567558050156, 0.0711645632982254, 0.05442241206765175, 0.048942822962999344, 0.05001953989267349, 0.05195067450404167, 0.07617063820362091, 0.058683715760707855, 0.06019475311040878, 0.03384780138731003, 0.09953901171684265, 0.03353247046470642, 0.04247777909040451, 0.04326017200946808, 0.06657566875219345, 0.02807224914431572, 0.0817534476518631, 0.04419689625501633, 0.02006220817565918, 0.07951077818870544, 0.08332875370979309, 0.04323345795273781, 0.05366351082921028, 0.051443424075841904, 0.05130907520651817, 0.05047362670302391, 0.03635736182332039, 0.04924353212118149, 0.03412593528628349, 0.07345915585756302, 0.0686805471777916, 0.028182975947856903, 0.044965580105781555, 0.048805709928274155, 0.050514064729213715, 0.07077886909246445, 0.05235091224312782, 0.04524300619959831, 0.04743059724569321, 0.0646805688738823, 0.04788888990879059, 0.06350230425596237, 0.05027785897254944, 0.04028712213039398, 0.043646443635225296, 0.02647235244512558, 0.03165415674448013, 0.06342042237520218, 0.04056724160909653, 0.048758115619421005, 0.016278119757771492], "accuracy": [0.8995312452316284, 0.977734386920929, 0.9674999713897705, 0.9768750071525574, 0.9667187333106995, 0.9814843535423279, 0.9818750023841858, 0.9837499856948853, 0.9876562356948853, 0.9908593893051147, 0.9728124737739563, 0.9892968535423279, 0.9948437213897705, 0.9805468916893005, 0.9844531416893005, 0.9867187738418579, 0.9857812523841858, 0.9854687452316284, 0.9758594036102295, 0.9819531440734863, 0.9831249713897705, 0.9918749928474426, 0.9678906202316284, 0.9918749928474426, 0.9882031083106995, 0.9889843463897705, 0.9818750023841858, 0.9935156106948853, 0.9765625, 0.9883593916893005, 0.9962499737739563, 0.9766406416893005, 0.9757031202316284, 0.9892968535423279, 0.9859374761581421, 0.9865624904632568, 0.9864062666893005, 0.9857812523841858, 0.9896093606948853, 0.9868749976158142, 0.9923437237739563, 0.9795312285423279, 0.98046875, 0.9935937523841858, 0.9893749952316284, 0.9871875047683716, 0.9870312213897705, 0.9805468916893005, 0.9849218726158142, 0.9885937571525574, 0.9875781536102295, 0.9828906059265137, 0.987109363079071, 0.9836719036102295, 0.987109363079071, 0.9896875023841858, 0.9887499809265137, 0.9938281178474426, 0.9928125143051147, 0.9825000166893005, 0.9896875023841858, 0.9870312213897705, 0.9966406226158142], "val_loss": [0.6494704484939575, 0.7166965007781982, 0.7851581573486328, 0.8020833730697632, 0.7308648824691772, 0.7406755089759827, 0.717296302318573, 0.6931660175323486, 0.7106380462646484, 0.7031089663505554, 0.5989715456962585, 0.6222707629203796, 0.6569980382919312, 0.5876994132995605, 0.5979586243629456, 0.5595819354057312, 0.5595565438270569, 0.572278618812561, 0.5270491242408752, 0.5179398655891418, 0.5155535340309143, 0.5541964173316956, 0.4806596040725708, 0.5191196799278259, 0.5175403356552124, 0.5267371535301208, 0.5033516883850098, 0.5414631366729736, 0.47461673617362976, 0.4938350319862366, 0.5378590226173401, 0.486970990896225, 0.4646179974079132, 0.4693921208381653, 0.484208881855011, 0.47575679421424866, 0.4893123507499695, 0.4921945631504059, 0.5072108507156372, 0.48692381381988525, 0.5051059126853943, 0.4690912663936615, 0.48013997077941895, 0.5019086599349976, 0.5041325092315674, 0.4905400574207306, 0.4909609258174896, 0.46282875537872314, 0.4914229214191437, 0.49005913734436035, 0.4805296063423157, 0.47718003392219543, 0.47880128026008606, 0.4642047882080078, 0.4736573398113251, 0.4801204800605774, 0.4938180446624756, 0.5123163461685181, 0.5053936839103699, 0.4737733006477356, 0.488694965839386, 0.4737170338630676, 0.5256720185279846], "val_accuracy": [0.8217187523841858, 0.8217187523841858, 0.8217187523841858, 0.8217187523841858, 0.8217187523841858, 0.8217187523841858, 0.8217187523841858, 0.8217187523841858, 0.8217187523841858, 0.8217187523841858, 0.8217187523841858, 0.8217187523841858, 0.8217187523841858, 0.8217187523841858, 0.8217187523841858, 0.8207031488418579, 0.8186718821525574, 0.8196094036102295, 0.8186718821525574, 0.8220312595367432, 0.8193749785423279, 0.8186718821525574, 0.8243749737739563, 0.82421875, 0.8237500190734863, 0.8212500214576721, 0.8221874833106995, 0.823046863079071, 0.8303906321525574, 0.82421875, 0.8217187523841858, 0.8268749713897705, 0.8306249976158142, 0.8279687762260437, 0.8243749737739563, 0.8307031393051147, 0.8283593654632568, 0.826171875, 0.8277343511581421, 0.8325781226158142, 0.8279687762260437, 0.8336718678474426, 0.8310156464576721, 0.8287500143051147, 0.8294531106948853, 0.8286718726158142, 0.8310937285423279, 0.8362500071525574, 0.8333593606948853, 0.8330468535423279, 0.8340625166893005, 0.8349218964576721, 0.8342968821525574, 0.8366405963897705, 0.8364062309265137, 0.8402343988418579, 0.8371875286102295, 0.829296886920929, 0.8324218988418579, 0.8363281488418579, 0.8338281512260437, 0.8375781178474426, 0.8293750286102295]}