{"loss": [0.5626429915428162, 0.25660398602485657, 0.09907428920269012, 0.1489817500114441, 0.12442424893379211, 0.09634891152381897, 0.13178083300590515, 0.0758756473660469, 0.10884599387645721, 0.11560442298650742, 0.04540490731596947, 0.06193576008081436, 0.08293171972036362, 0.1024104654788971, 0.10993235558271408, 0.059564366936683655, 0.04963380843400955, 0.0735739916563034, 0.10986603051424026, 0.0440397746860981, 0.05808086693286896, 0.09227754920721054, 0.0641392394900322, 0.057050671428442, 0.08420740813016891, 0.04842112585902214, 0.06568246334791183, 0.04162074252963066, 0.04521174356341362, 0.06451835483312607, 0.06389595568180084, 0.029533179476857185, 0.06076408550143242, 0.039872463792562485], "accuracy": [0.9713281393051147, 0.9957812428474426, 0.9957031011581421, 0.981640636920929, 0.9836719036102295, 0.9859374761581421, 0.975390613079071, 0.9867968559265137, 0.9751562476158142, 0.9696093797683716, 0.990234375, 0.9842187762260437, 0.9750781059265137, 0.9674999713897705, 0.9651562571525574, 0.9835156202316284, 0.987500011920929, 0.978515625, 0.9657812714576721, 0.9892187714576721, 0.9835156202316284, 0.9736718535423279, 0.9821875095367432, 0.983593761920929, 0.9762499928474426, 0.9869531393051147, 0.9815624952316284, 0.989453136920929, 0.9885156154632568, 0.9815624952316284, 0.9821093678474426, 0.9926562309265137, 0.9841406345367432, 0.9888281226158142], "val_loss": [0.7150396108627319, 0.9795635342597961, 1.1959660053253174, 1.117856502532959, 1.0004668235778809, 0.9362961053848267, 0.7749775648117065, 0.7450397610664368, 0.6528220176696777, 0.5760865211486816, 0.5918266773223877, 0.5691730380058289, 0.4998384714126587, 0.46751418709754944, 0.4399193525314331, 0.4542771875858307, 0.4674298167228699, 0.4531717300415039, 0.4204936623573303, 0.45086655020713806, 0.44972094893455505, 0.4232613742351532, 0.4383299946784973, 0.44400349259376526, 0.426845908164978, 0.44519269466400146, 0.43232837319374084, 0.44893184304237366, 0.4600788354873657, 0.44658729434013367, 0.455494225025177, 0.4701566696166992, 0.45876652002334595, 0.4553641378879547], "val_accuracy": [0.8217187523841858, 0.8217187523841858, 0.8217187523841858, 0.8217187523841858, 0.8217187523841858, 0.8217187523841858, 0.8217187523841858, 0.8217187523841858, 0.8217187523841858, 0.8217187523841858, 0.8217187523841858, 0.8205468654632568, 0.8180468678474426, 0.821484386920929, 0.8197656273841858, 0.8206250071525574, 0.8174999952316284, 0.8194531202316284, 0.8221874833106995, 0.8153125047683716, 0.8158593773841858, 0.8154687285423279, 0.8108593821525574, 0.8124218583106995, 0.8110156059265137, 0.8100781440734863, 0.8100781440734863, 0.8084375262260437, 0.8052343726158142, 0.809374988079071, 0.8035937547683716, 0.8012499809265137, 0.8028905987739563, 0.8032031059265137]}