{"loss": [0.6206779479980469, 0.30988213419914246, 0.12263830006122589, 0.0931151956319809, 0.040966715663671494, 0.05102014169096947, 0.16981449723243713, 0.11769695580005646, 0.1036778911948204, 0.10462700575590134, 0.14486423134803772, 0.09127116203308105, 0.09471580386161804, 0.16889724135398865, 0.11783147603273392, 0.08301376551389694, 0.102681465446949], "accuracy": [0.7186718583106995, 0.9800000190734863, 0.9867187738418579, 0.9853906035423279, 0.9955468773841858, 0.9924218654632568, 0.9672656059265137, 0.9774218797683716, 0.9814062714576721, 0.9807812571525574, 0.9713281393051147, 0.9841406345367432, 0.9823437333106995, 0.9645312428474426, 0.977343738079071, 0.9858593940734863, 0.9811718463897705], "val_loss": [0.6629924774169922, 0.6287488341331482, 0.6290006041526794, 0.6377749443054199, 0.6527582406997681, 0.6608892679214478, 0.6378832459449768, 0.637971818447113, 0.6416917443275452, 0.637706995010376, 0.6339196562767029, 0.6409758925437927, 0.645485520362854, 0.6335050463676453, 0.6322734951972961, 0.6402391195297241, 0.6406478881835938], "val_accuracy": [0.8217187523841858, 0.8217187523841858, 0.8217187523841858, 0.8217187523841858, 0.8217187523841858, 0.8217187523841858, 0.8217187523841858, 0.8217187523841858, 0.8217187523841858, 0.8217187523841858, 0.8217187523841858, 0.8217187523841858, 0.8217187523841858, 0.8217187523841858, 0.8217187523841858, 0.8217187523841858, 0.8217187523841858]}