{"loss": [0.5864785313606262, 0.28212887048721313, 0.09861773252487183, 0.17033915221691132, 0.07743830233812332, 0.09619414061307907, 0.11554250121116638, 0.1102929562330246, 0.0721307247877121, 0.07335790246725082, 0.07872192561626434, 0.06589565426111221, 0.09997675567865372, 0.10760650783777237, 0.057245559990406036, 0.061323247849941254, 0.05161141976714134, 0.023344624787569046, 0.03863867372274399, 0.03605625033378601, 0.04456949234008789, 0.018316062167286873, 0.046893585473299026, 0.12307605892419815, 0.06503772735595703, 0.042808789759874344, 0.07222393900156021, 0.022054074332118034, 0.06294906139373779, 0.04729890450835228, 0.0622754842042923, 0.0444105826318264, 0.04792024567723274, 0.02838127687573433, 0.06635898351669312, 0.03934980183839798, 0.05261702463030815, 0.0324578657746315, 0.08902910351753235, 0.019364042207598686, 0.06047526001930237, 0.05635331943631172, 0.030824387446045876, 0.017084412276744843, 0.061506811529397964, 0.06605213135480881, 0.03932473063468933, 0.056414004415273666, 0.054271746426820755, 0.03245198354125023, 0.05846180021762848, 0.02706906758248806, 0.07684798538684845, 0.07804181426763535, 0.05718338117003441, 0.04070903733372688, 0.06171202287077904, 0.046100303530693054, 0.05655566230416298, 0.05416899546980858, 0.022985022515058517], "accuracy": [0.9413281083106995, 0.9857031106948853, 0.9954687356948853, 0.9747655987739563, 0.9911718964576721, 0.9862499833106995, 0.9814843535423279, 0.9806249737739563, 0.9872656464576721, 0.9865624904632568, 0.984375, 0.9858593940734863, 0.9755468964576721, 0.9698437452316284, 0.9861719012260437, 0.9829687476158142, 0.9862499833106995, 0.9960156083106995, 0.9906250238418579, 0.9909374713897705, 0.987109363079071, 0.9969531297683716, 0.9862499833106995, 0.9645312428474426, 0.9821093678474426, 0.9903125166893005, 0.9803906083106995, 0.9959375262260437, 0.9811718463897705, 0.9886718988418579, 0.9809374809265137, 0.9889062643051147, 0.9876562356948853, 0.9938281178474426, 0.9813281297683716, 0.9900000095367432, 0.9858593940734863, 0.9925000071525574, 0.9768750071525574, 0.9959375262260437, 0.9844531416893005, 0.9857031106948853, 0.9934375286102295, 0.9965624809265137, 0.9853125214576721, 0.9821875095367432, 0.9921875, 0.9869531393051147, 0.9846875071525574, 0.9921875, 0.985546886920929, 0.9934375286102295, 0.9788281321525574, 0.9772655963897705, 0.9850780963897705, 0.989453136920929, 0.9821875095367432, 0.9892968535423279, 0.9856250286102295, 0.9864062666893005, 0.994921863079071], "val_loss": [0.6729889512062073, 0.8635658025741577, 1.0877177715301514, 1.0303854942321777, 1.035231590270996, 1.026110291481018, 0.9667447805404663, 0.8518630266189575, 0.844816267490387, 0.8050790429115295, 0.7656096816062927, 0.7493728399276733, 0.6479122638702393, 0.5481507778167725, 0.5685250759124756, 0.5603336691856384, 0.5550256967544556, 0.6018321514129639, 0.5890060067176819, 0.5847508907318115, 0.5827111601829529, 0.6094817519187927, 0.5720914602279663, 0.46429091691970825, 0.4765281677246094, 0.49816104769706726, 0.47756510972976685, 0.516385555267334, 0.49163269996643066, 0.4948355555534363, 0.46765393018722534, 0.4911316931247711, 0.501519501209259, 0.508084237575531, 0.47450029850006104, 0.49762722849845886, 0.47499507665634155, 0.516950786113739, 0.46113190054893494, 0.5050010085105896, 0.47354626655578613, 0.4589982330799103, 0.4805188477039337, 0.516343891620636, 0.4851444363594055, 0.4562651515007019, 0.48138678073883057, 0.4795447587966919, 0.47145989537239075, 0.4941023290157318, 0.45690280199050903, 0.4891457259654999, 0.47397223114967346, 0.4747233986854553, 0.45823657512664795, 0.4862193167209625, 0.459705650806427, 0.46518024802207947, 0.4807451367378235, 0.4706907272338867, 0.49771013855934143], "val_accuracy": [0.8217187523841858, 0.8217187523841858, 0.8217187523841858, 0.8217187523841858, 0.8217187523841858, 0.8217187523841858, 0.8217187523841858, 0.8217187523841858, 0.8217187523841858, 0.8217187523841858, 0.8217187523841858, 0.8217187523841858, 0.8217187523841858, 0.8239062428474426, 0.823437511920929, 0.82421875, 0.8218749761581421, 0.8208593726158142, 0.8185937404632568, 0.8174218535423279, 0.8167968988418579, 0.8165624737739563, 0.8149218559265137, 0.8037499785423279, 0.8042968511581421, 0.8030468821525574, 0.8006250262260437, 0.80078125, 0.8042187690734863, 0.8002343773841858, 0.801953136920929, 0.799609363079071, 0.7967968583106995, 0.7953906059265137, 0.8089062571525574, 0.7966406345367432, 0.7989062666893005, 0.7920312285423279, 0.799609363079071, 0.7914843559265137, 0.7971875071525574, 0.7984374761581421, 0.7942187786102295, 0.7907812595367432, 0.7953125238418579, 0.803906261920929, 0.798828125, 0.7928125262260437, 0.7985156178474426, 0.793749988079071, 0.811328113079071, 0.7971093654632568, 0.7998437285423279, 0.7985937595367432, 0.8005468845367432, 0.7974218726158142, 0.805859386920929, 0.8055468797683716, 0.8013281226158142, 0.8053905963897705, 0.8003906011581421]}