{"loss": [1.1824361085891724, 0.33082079887390137, 0.281061053276062, 0.24881573021411896, 0.280049592256546, 0.2010219693183899, 0.1895790547132492, 0.19505804777145386, 0.18687468767166138, 0.1504131555557251, 0.1239483654499054, 0.19875769317150116, 0.11805704236030579, 0.1932603269815445, 0.1549927443265915, 0.10268095880746841], "acurracy": [0.7405468821525574, 0.9337499737739563, 0.893750011920929, 0.8981249928474426, 0.8834375143051147, 0.9170312285423279, 0.9172656536102295, 0.9126562476158142, 0.9125781059265137, 0.9281250238418579, 0.9380468726158142, 0.901562511920929, 0.9390624761581421, 0.9030468463897705, 0.9213281273841858, 0.9463281035423279], "val_loss": [1.8048797845840454, 1.8287228345870972, 1.878502607345581, 1.9316949844360352, 2.0322556495666504, 2.147242784500122, 2.3070013523101807, 2.510932683944702, 2.7395670413970947, 2.967677593231201, 3.1082422733306885, 3.328458309173584, 3.4797797203063965, 3.6490256786346436, 3.792386531829834, 3.880683183670044], "val_acurracy": [0.1717187464237213, 0.16554687917232513, 0.13898438215255737, 0.10273437201976776, 0.053828123956918716, 0.03125, 0.01835937425494194, 0.011874999850988388, 0.009765625, 0.008281249552965164, 0.007578125223517418, 0.0073437499813735485, 0.006953124888241291, 0.0074218749068677425, 0.0062500000931322575, 0.0063281250186264515]}