{"loss": [1.0996516942977905, 0.30225634574890137, 0.22782385349273682, 0.17124973237514496, 0.3261672556400299, 0.25803622603416443, 0.2107786387205124, 0.12027169018983841, 0.30450451374053955, 0.19367407262325287, 0.18328654766082764, 0.1633768528699875, 0.12967844307422638, 0.2164619117975235, 0.16301904618740082, 0.17485776543617249, 0.15829971432685852, 0.13418637216091156, 0.1497301161289215, 0.19387002289295197, 0.19278183579444885, 0.14322885870933533, 0.08432048559188843, 0.16601121425628662, 0.060244254767894745, 0.1558108925819397, 0.17846347391605377, 0.20209196209907532, 0.12778976559638977, 0.131791353225708, 0.11789237707853317, 0.18699225783348083, 0.10573727637529373, 0.2093348652124405, 0.1630590856075287, 0.09377643465995789, 0.1525893360376358, 0.1614578813314438, 0.14810028672218323, 0.13829576969146729, 0.13675245642662048, 0.1127195656299591, 0.10275817662477493, 0.13763505220413208, 0.13476435840129852, 0.14837461709976196, 0.1598973125219345, 0.16868923604488373, 0.06718325614929199, 0.145642951130867, 0.04475665092468262, 0.15652799606323242, 0.17790815234184265, 0.11442512273788452, 0.14616797864437103, 0.1237906664609909, 0.06772614270448685, 0.17039281129837036], "acurracy": [0.7973437309265137, 0.9047656059265137, 0.9161718487739563, 0.9335156083106995, 0.8609374761581421, 0.8831250071525574, 0.905468761920929, 0.9464062452316284, 0.8656250238418579, 0.9130468964576721, 0.9135937690734863, 0.9185937643051147, 0.9375, 0.8877343535423279, 0.9149218797683716, 0.9038281440734863, 0.9174218773841858, 0.9285937547683716, 0.9189843535423279, 0.8956249952316284, 0.8964062333106995, 0.9261718988418579, 0.9538280963897705, 0.908984363079071, 0.967578113079071, 0.9158594012260437, 0.9021875262260437, 0.8918750286102295, 0.930468738079071, 0.9266406297683716, 0.9360156059265137, 0.8997656106948853, 0.9397656321525574, 0.8841406106948853, 0.9126562476158142, 0.9488281011581421, 0.9156249761581421, 0.912109375, 0.9197656512260437, 0.9267187714576721, 0.925000011920929, 0.9393749833106995, 0.9439843893051147, 0.9232031106948853, 0.9267968535423279, 0.921093761920929, 0.9114062786102295, 0.908203125, 0.9642968773841858, 0.9204687476158142, 0.9761718511581421, 0.9126562476158142, 0.9032031297683716, 0.9383593797683716, 0.9217968583106995, 0.9330468773841858, 0.9639062285423279, 0.9057031273841858], "val_loss": [2.0012049674987793, 2.1945788860321045, 2.084272623062134, 2.019181728363037, 1.8480092287063599, 1.7615830898284912, 1.7149113416671753, 1.6696056127548218, 1.5215526819229126, 1.4294041395187378, 1.342252492904663, 1.279868721961975, 1.2490763664245605, 1.216935157775879, 1.200554370880127, 1.1945327520370483, 1.1867492198944092, 1.1794848442077637, 1.178247332572937, 1.1753488779067993, 1.172548532485962, 1.1748929023742676, 1.1732197999954224, 1.1680808067321777, 1.1711682081222534, 1.167063593864441, 1.172642707824707, 1.1719719171524048, 1.1705631017684937, 1.1605536937713623, 1.161575198173523, 1.1614203453063965, 1.1551650762557983, 1.1587872505187988, 1.157486915588379, 1.1534982919692993, 1.1556830406188965, 1.1549369096755981, 1.155409336090088, 1.1510998010635376, 1.1497021913528442, 1.147040605545044, 1.1455954313278198, 1.1550407409667969, 1.1463814973831177, 1.1532844305038452, 1.159831166267395, 1.147284746170044, 1.1476318836212158, 1.165270209312439, 1.1636921167373657, 1.1518701314926147, 1.1677569150924683, 1.1547926664352417, 1.1522541046142578, 1.1560986042022705, 1.1580005884170532, 1.163784146308899], "val_acurracy": [0.13429687917232513, 0.15406249463558197, 0.16374999284744263, 0.16640624403953552, 0.16804687678813934, 0.1782812476158142, 0.19273437559604645, 0.21351562440395355, 0.27546873688697815, 0.30953124165534973, 0.3316406309604645, 0.34085938334465027, 0.3434374928474426, 0.3512499928474426, 0.3400000035762787, 0.34156250953674316, 0.3439062535762787, 0.3400000035762787, 0.33890625834465027, 0.35007813572883606, 0.3391406238079071, 0.34671875834465027, 0.353515625, 0.3375781178474426, 0.349609375, 0.3567187488079071, 0.3494531214237213, 0.3465625047683716, 0.3448437452316284, 0.357421875, 0.3521093726158142, 0.35539063811302185, 0.3609375059604645, 0.35914063453674316, 0.3618749976158142, 0.3627343773841858, 0.3631249964237213, 0.36429688334465027, 0.3629687428474426, 0.37101563811302185, 0.36656248569488525, 0.36546874046325684, 0.37421876192092896, 0.36812499165534973, 0.3776562511920929, 0.36921873688697815, 0.3673437535762787, 0.37367188930511475, 0.3766406178474426, 0.3635937571525574, 0.36796873807907104, 0.36937499046325684, 0.36406248807907104, 0.3592187464237213, 0.36992186307907104, 0.37132811546325684, 0.3728906214237213, 0.3696874976158142]}