{"loss": [1.073471188545227, 0.38181716203689575, 0.19774547219276428, 0.30741801857948303, 0.25258001685142517, 0.29367995262145996, 0.26271626353263855, 0.15208834409713745, 0.2240370512008667, 0.12294521182775497, 0.14816215634346008, 0.1575598120689392, 0.1912085860967636, 0.18465477228164673, 0.09133324772119522, 0.20174440741539001, 0.1494709998369217, 0.12482088804244995, 0.17474691569805145, 0.1334950029850006, 0.12147550284862518, 0.061335086822509766, 0.15945525467395782, 0.1442677229642868, 0.10611889511346817, 0.13036847114562988, 0.17681598663330078, 0.13204923272132874, 0.17856283485889435, 0.10757943987846375, 0.16540418565273285, 0.141431525349617, 0.1868196427822113, 0.1283821165561676, 0.13904908299446106, 0.1762072890996933, 0.12649179995059967, 0.15129712224006653, 0.1378336101770401, 0.18461941182613373, 0.21821817755699158, 0.0927678793668747], "acurracy": [0.8232031464576721, 0.8671875, 0.9258593916893005, 0.8727343678474426, 0.893750011920929, 0.8689062595367432, 0.8755468726158142, 0.9288281202316284, 0.8965625166893005, 0.944140613079071, 0.9332031011581421, 0.9261718988418579, 0.9071875214576721, 0.9095312356948853, 0.9514062404632568, 0.8939843773841858, 0.9214843511581421, 0.9338281154632568, 0.9072656035423279, 0.9287499785423279, 0.9353906512260437, 0.9678906202316284, 0.9125000238418579, 0.9215624928474426, 0.9432031512260437, 0.9305468797683716, 0.9047656059265137, 0.9282812476158142, 0.9019531011581421, 0.9413281083106995, 0.9110156297683716, 0.9223437309265137, 0.8984375, 0.9314844012260437, 0.9249218702316284, 0.903124988079071, 0.9305468797683716, 0.9180468916893005, 0.9263281226158142, 0.8994531035423279, 0.8793749809265137, 0.9510937333106995], "val_loss": [2.1002423763275146, 2.4790456295013428, 2.5696847438812256, 2.4076733589172363, 2.237875461578369, 2.0890936851501465, 1.9950720071792603, 2.002472400665283, 1.9065874814987183, 1.9159590005874634, 1.7700397968292236, 1.7128844261169434, 1.543310523033142, 1.5439573526382446, 1.5611701011657715, 1.4917144775390625, 1.4754350185394287, 1.4636117219924927, 1.4188816547393799, 1.4195716381072998, 1.4270720481872559, 1.5014710426330566, 1.468948483467102, 1.4794065952301025, 1.4694201946258545, 1.4370298385620117, 1.3876733779907227, 1.4832797050476074, 1.5048394203186035, 1.5248932838439941, 1.5815373659133911, 1.5794521570205688, 1.620581030845642, 1.5876736640930176, 1.5274014472961426, 1.53456711769104, 1.5930789709091187, 1.6129837036132812, 1.7449145317077637, 1.8337204456329346, 1.730125904083252, 1.86100172996521], "val_acurracy": [0.16359375417232513, 0.1665624976158142, 0.16945312917232513, 0.16968749463558197, 0.1681250035762787, 0.16757813096046448, 0.17406250536441803, 0.1791406273841858, 0.19289062917232513, 0.20390625298023224, 0.22507812082767487, 0.2466406226158142, 0.26851561665534973, 0.27734375, 0.2775000035762787, 0.2896093726158142, 0.2897656261920929, 0.29078125953674316, 0.29929688572883606, 0.2848437428474426, 0.28999999165534973, 0.2815625071525574, 0.291015625, 0.29554688930511475, 0.30296874046325684, 0.3063281178474426, 0.3103906214237213, 0.2828906178474426, 0.2924218773841858, 0.26953125, 0.27742186188697815, 0.2867187559604645, 0.29765623807907104, 0.30953124165534973, 0.2918750047683716, 0.2867187559604645, 0.29093751311302185, 0.2746874988079071, 0.27085936069488525, 0.27125000953674316, 0.2796093821525574, 0.2734375]}