{"loss": [0.875406801700592, 0.3570305109024048, 0.24478140473365784, 0.18908552825450897, 0.12642738223075867, 0.17097590863704681, 0.22698350250720978, 0.16862358152866364, 0.3137344419956207, 0.23037609457969666, 0.17124992609024048, 0.19165238738059998, 0.07777541875839233, 0.21748530864715576, 0.10121650993824005, 0.16345669329166412], "acurracy": [0.8521093726158142, 0.8732812404632568, 0.9014062285423279, 0.9170312285423279, 0.9449999928474426, 0.926562488079071, 0.9021093845367432, 0.9287499785423279, 0.8550781011581421, 0.8900781273841858, 0.9130468964576721, 0.9020312428474426, 0.9602344036102295, 0.887890636920929, 0.9466406106948853, 0.9154687523841858], "val_loss": [1.8168760538101196, 1.8464246988296509, 1.8921023607254028, 1.9425482749938965, 1.988038182258606, 2.0801901817321777, 2.226863145828247, 2.3677854537963867, 2.7144603729248047, 3.014627456665039, 3.1516690254211426, 3.357124090194702, 3.451322317123413, 3.6026241779327393, 3.6738033294677734, 3.813140869140625], "val_acurracy": [0.16875000298023224, 0.17085938155651093, 0.15976563096046448, 0.13054686784744263, 0.09953124821186066, 0.05460937321186066, 0.02242187410593033, 0.013359375298023224, 0.006874999962747097, 0.0053125000558793545, 0.005781250074505806, 0.005781250074505806, 0.0064062499441206455, 0.006953124888241291, 0.0062500000931322575, 0.007031249813735485]}