{"loss": [1.428167700767517, 0.42280757427215576, 0.4247378408908844, 0.3786765933036804, 0.24728909134864807, 0.1650436520576477, 0.1955462396144867, 0.35052689909935, 0.2332620620727539, 0.22446992993354797, 0.16720125079154968, 0.2692185342311859, 0.17804297804832458, 0.18302997946739197, 0.3004714846611023, 0.171336829662323, 0.14166322350502014, 0.17929033935070038, 0.1774308830499649, 0.15249992907047272, 0.13761137425899506, 0.1354314386844635, 0.17557527124881744, 0.16219164431095123, 0.1735236495733261, 0.12395596504211426, 0.17078612744808197, 0.14496900141239166, 0.16865824162960052, 0.25193116068840027, 0.12957894802093506, 0.1206221953034401, 0.1312844604253769, 0.20225149393081665, 0.13140250742435455, 0.10628880560398102, 0.1443987339735031, 0.10497084259986877], "acurracy": [0.6285937428474426, 0.9060156345367432, 0.8424999713897705, 0.8519531488418579, 0.9024218916893005, 0.9326562285423279, 0.9171093702316284, 0.8421093821525574, 0.8946093916893005, 0.9007031321525574, 0.92578125, 0.8802343606948853, 0.9204687476158142, 0.9153125286102295, 0.8536718487739563, 0.9125781059265137, 0.9287499785423279, 0.9085937738418579, 0.9076562523841858, 0.9204687476158142, 0.927734375, 0.9309375286102295, 0.9083593487739563, 0.9146093726158142, 0.9059374928474426, 0.9350781440734863, 0.9096875190734863, 0.9235937595367432, 0.9089062213897705, 0.866015613079071, 0.9300781488418579, 0.9342968463897705, 0.928515613079071, 0.8905468583106995, 0.927734375, 0.9428906440734863, 0.9194531440734863, 0.9428125023841858], "val_loss": [1.9130688905715942, 2.4612209796905518, 2.394188165664673, 2.1988794803619385, 2.215080976486206, 2.201850175857544, 2.0930378437042236, 1.9802998304367065, 1.8587942123413086, 1.8249183893203735, 1.7917866706848145, 1.6306369304656982, 1.565834403038025, 1.4512977600097656, 1.3592720031738281, 1.320644497871399, 1.31907320022583, 1.3186405897140503, 1.2980163097381592, 1.3077598810195923, 1.2946699857711792, 1.2757067680358887, 1.2387734651565552, 1.2455517053604126, 1.3086302280426025, 1.3100398778915405, 1.27958345413208, 1.281954288482666, 1.2948435544967651, 1.3060011863708496, 1.2649593353271484, 1.2933911085128784, 1.3065285682678223, 1.2671482563018799, 1.311646580696106, 1.267311692237854, 1.2523529529571533, 1.2750192880630493], "val_acurracy": [0.09375, 0.15734374523162842, 0.16562500596046448, 0.16835936903953552, 0.17234374582767487, 0.16859374940395355, 0.16945312917232513, 0.17226561903953552, 0.19257812201976776, 0.21375000476837158, 0.2317187488079071, 0.2601562440395355, 0.2745312452316284, 0.2882031202316284, 0.30617186427116394, 0.3165625035762787, 0.31882813572883606, 0.31398436427116394, 0.3210156261920929, 0.3204687535762787, 0.3302343785762787, 0.32820311188697815, 0.34007811546325684, 0.34562501311302185, 0.33406248688697815, 0.3331249952316284, 0.3336718678474426, 0.3343749940395355, 0.3360937535762787, 0.33867186307907104, 0.3425000011920929, 0.33781251311302185, 0.3288281261920929, 0.3421874940395355, 0.3364843726158142, 0.3439062535762787, 0.33976563811302185, 0.3396874964237213]}