{"loss": [1.7152105569839478, 1.3205937147140503, 0.6643205881118774, 0.3315136730670929, 0.24998721480369568, 0.2681322991847992, 0.28664883971214294, 0.18375249207019806, 0.15710045397281647, 0.16706345975399017, 0.31106382608413696, 0.07772668451070786, 0.15665732324123383, 0.14046232402324677, 0.13180559873580933, 0.13649387657642365, 0.11674046516418457, 0.1056065633893013, 0.21787229180335999, 0.15636344254016876, 0.12499663233757019, 0.14119265973567963, 0.17727604508399963, 0.19283370673656464, 0.12521284818649292, 0.12200598418712616, 0.09919895231723785, 0.10815487056970596, 0.14809605479240417, 0.08522132784128189, 0.15931196510791779, 0.13154162466526031, 0.1435844898223877, 0.1197446659207344, 0.1418485939502716, 0.18588191270828247, 0.1640600711107254, 0.1278972178697586, 0.09497363120317459, 0.1740814447402954, 0.08252974599599838, 0.1525648534297943, 0.1067490354180336, 0.1411484181880951, 0.16148492693901062, 0.12971308827400208, 0.17128297686576843, 0.18336409330368042, 0.14921578764915466, 0.0918399915099144, 0.1250019073486328, 0.12725669145584106, 0.17005209624767303, 0.15997810661792755, 0.20867367088794708, 0.15931816399097443, 0.15753303468227386, 0.13578154146671295, 0.10347462445497513, 0.21586716175079346, 0.19118791818618774, 0.13543522357940674, 0.13591574132442474, 0.09929518401622772, 0.1357337087392807, 0.15763451159000397, 0.13592492043972015, 0.13493692874908447, 0.10060252994298935, 0.1445712298154831, 0.14493821561336517, 0.12318316102027893, 0.10145638138055801, 0.17826122045516968, 0.11211851984262466, 0.11080595850944519, 0.07720525562763214, 0.24221761524677277, 0.18870076537132263, 0.065371572971344, 0.1541181057691574, 0.15510530769824982, 0.07795450836420059, 0.1963280290365219, 0.15515266358852386, 0.16413693130016327, 0.1445191502571106, 0.2293863445520401, 0.17331655323505402, 0.1287360042333603, 0.13966110348701477, 0.14297421276569366, 0.11002173274755478, 0.14191871881484985, 0.1620708703994751, 0.1398644894361496, 0.06431493908166885, 0.0330151803791523, 0.11982490867376328, 0.16531410813331604, 0.10763438045978546, 0.18423204123973846, 0.14159725606441498, 0.141439288854599, 0.0782461166381836, 0.11778262257575989, 0.172337606549263, 0.15198852121829987, 0.12928292155265808, 0.1830558031797409, 0.16094158589839935, 0.16221916675567627, 0.16358812153339386, 0.17302453517913818, 0.14943301677703857, 0.1051243394613266, 0.1502322554588318, 0.13819777965545654, 0.11833857744932175], "acurracy": [0.6924218535423279, 0.8753906488418579, 0.8779687285423279, 0.9127343893051147, 0.9214843511581421, 0.9064843654632568, 0.8887500166893005, 0.9272656440734863, 0.934765636920929, 0.9278125166893005, 0.8577343821525574, 0.966796875, 0.9280468821525574, 0.9353906512260437, 0.9352343678474426, 0.9349218606948853, 0.9417187571525574, 0.9483593702316284, 0.8861718773841858, 0.9212499856948853, 0.9368749856948853, 0.9263281226158142, 0.9086718559265137, 0.8985156416893005, 0.9341406226158142, 0.9359375238418579, 0.9490625262260437, 0.9449999928474426, 0.9223437309265137, 0.9556249976158142, 0.915234386920929, 0.9295312762260437, 0.9228125214576721, 0.9360156059265137, 0.9249218702316284, 0.9022656083106995, 0.9134374856948853, 0.9310937523841858, 0.9506250023841858, 0.9090625047683716, 0.9563281536102295, 0.917187511920929, 0.9415624737739563, 0.9239062666893005, 0.9098437428474426, 0.9293749928474426, 0.907421886920929, 0.9029687643051147, 0.9178906083106995, 0.9498437643051147, 0.9321093559265137, 0.9300781488418579, 0.908203125, 0.913281261920929, 0.8890625238418579, 0.9127343893051147, 0.9146875143051147, 0.9258593916893005, 0.946093738079071, 0.884765625, 0.8981249928474426, 0.9254687428474426, 0.9271093606948853, 0.946484386920929, 0.9272656440734863, 0.9132031202316284, 0.9250781536102295, 0.9262499809265137, 0.9453906416893005, 0.9217968583106995, 0.9208593964576721, 0.9322656393051147, 0.9453125, 0.90234375, 0.9376562237739563, 0.9391406178474426, 0.9574218988418579, 0.8658593893051147, 0.8991405963897705, 0.9646093845367432, 0.9168750047683716, 0.9175781011581421, 0.9581249952316284, 0.8949218988418579, 0.9183593988418579, 0.9079687595367432, 0.9216406345367432, 0.8727343678474426, 0.9046093821525574, 0.9305468797683716, 0.9242187738418579, 0.9233593940734863, 0.9403906464576721, 0.9236719012260437, 0.9114843606948853, 0.9228906035423279, 0.9657031297683716, 0.9834374785423279, 0.9357812404632568, 0.9102343916893005, 0.9423437714576721, 0.9009374976158142, 0.9220312237739563, 0.9233593940734863, 0.95703125, 0.9378906488418579, 0.9038281440734863, 0.9171093702316284, 0.9314062595367432, 0.8999218940734863, 0.9138281345367432, 0.9107812643051147, 0.9107031226158142, 0.9034374952316284, 0.9184374809265137, 0.9443749785423279, 0.9196093678474426, 0.9272656440734863, 0.9366406202316284], "val_loss": [1.7341705560684204, 1.8172764778137207, 1.8805041313171387, 1.8766906261444092, 1.7709977626800537, 1.6059478521347046, 1.494620680809021, 1.4505425691604614, 1.422332763671875, 1.374645709991455, 1.3040410280227661, 1.3047795295715332, 1.2924869060516357, 1.2694075107574463, 1.2716469764709473, 1.2571170330047607, 1.2625267505645752, 1.2517834901809692, 1.2233057022094727, 1.214350700378418, 1.2092211246490479, 1.2110012769699097, 1.2030842304229736, 1.1923539638519287, 1.1923515796661377, 1.1932532787322998, 1.1951466798782349, 1.1916964054107666, 1.1838126182556152, 1.1909388303756714, 1.184920072555542, 1.1820584535598755, 1.1788129806518555, 1.1740387678146362, 1.1735026836395264, 1.1713923215866089, 1.1721287965774536, 1.170936107635498, 1.168362021446228, 1.1744226217269897, 1.1743347644805908, 1.1651076078414917, 1.1649510860443115, 1.1646573543548584, 1.1603515148162842, 1.161617636680603, 1.1585001945495605, 1.1586377620697021, 1.1559169292449951, 1.1545602083206177, 1.1517542600631714, 1.1540356874465942, 1.152401089668274, 1.1468451023101807, 1.1400469541549683, 1.1474545001983643, 1.1404547691345215, 1.1490397453308105, 1.1385473012924194, 1.139462947845459, 1.1301265954971313, 1.1356263160705566, 1.1373881101608276, 1.1373833417892456, 1.1379520893096924, 1.1353801488876343, 1.1365584135055542, 1.1346869468688965, 1.1395233869552612, 1.1330292224884033, 1.1327170133590698, 1.1333810091018677, 1.1299396753311157, 1.1320140361785889, 1.1352733373641968, 1.1373754739761353, 1.1424660682678223, 1.1326227188110352, 1.1309666633605957, 1.1367491483688354, 1.1432437896728516, 1.135585904121399, 1.1358765363693237, 1.1316351890563965, 1.1324352025985718, 1.1330984830856323, 1.1287531852722168, 1.1260120868682861, 1.1299949884414673, 1.130725622177124, 1.1273027658462524, 1.1339504718780518, 1.1306467056274414, 1.1321344375610352, 1.1317881345748901, 1.128471851348877, 1.1265895366668701, 1.1384941339492798, 1.1301311254501343, 1.1251896619796753, 1.1236945390701294, 1.1232178211212158, 1.1238198280334473, 1.1218457221984863, 1.1259491443634033, 1.1258145570755005, 1.1295851469039917, 1.1295199394226074, 1.1287459135055542, 1.1277896165847778, 1.1266791820526123, 1.1279867887496948, 1.1287987232208252, 1.1273841857910156, 1.1256994009017944, 1.1286900043487549, 1.12442946434021, 1.1327142715454102, 1.1313529014587402],