{"loss": [0.9982011914253235, 0.4489307105541229, 0.3010149598121643, 0.1832447052001953, 0.23067542910575867, 0.22395740449428558, 0.14370392262935638, 0.14981985092163086, 0.1830785572528839, 0.16544155776500702, 0.13953347504138947, 0.12661771476268768, 0.1494629979133606, 0.23280200362205505, 0.1354200392961502, 0.2433791607618332], "acurracy": [0.8360156416893005, 0.8595312237739563, 0.8799218535423279, 0.9244531393051147, 0.8983593583106995, 0.9002344012260437, 0.9314844012260437, 0.9263281226158142, 0.9086718559265137, 0.9154687523841858, 0.9271093606948853, 0.9325781464576721, 0.9211719036102295, 0.8765624761581421, 0.9275000095367432, 0.8702343702316284], "val_loss": [1.7995715141296387, 1.8579522371292114, 1.9351240396499634, 2.0288591384887695, 2.191253900527954, 2.433317184448242, 2.646578311920166, 2.858412504196167, 3.1005420684814453, 3.324816942214966, 3.4747681617736816, 3.5912396907806396, 3.682971239089966, 3.8893768787384033, 3.9959447383880615, 4.082696437835693], "val_acurracy": [0.17195312678813934, 0.16187499463558197, 0.13257811963558197, 0.07906249910593033, 0.04117187485098839, 0.021015625447034836, 0.014296875335276127, 0.010546875186264515, 0.007109375204890966, 0.006562499795109034, 0.005781250074505806, 0.005625000223517418, 0.005703125149011612, 0.005625000223517418, 0.005078124813735485, 0.0064062499441206455]}