{"loss": [1.3623154163360596, 0.3060664236545563, 0.3385598361492157, 0.28285738825798035, 0.26998889446258545, 0.25774651765823364, 0.2499692291021347, 0.2428143322467804, 0.1476624459028244, 0.2462974339723587, 0.17238114774227142, 0.18454287946224213, 0.24188721179962158, 0.20153626799583435, 0.20618514716625214, 0.156762957572937], "acurracy": [0.7401562333106995, 0.9326562285423279, 0.8745312690734863, 0.8918750286102295, 0.8930468559265137, 0.8928906321525574, 0.8915625214576721, 0.8900781273841858, 0.9327343702316284, 0.8828125, 0.9178906083106995, 0.9108593463897705, 0.8841406106948853, 0.9079687595367432, 0.905468761920929, 0.926562488079071], "val_loss": [2.0957980155944824, 3.2011585235595703, 3.2970590591430664, 3.2416207790374756, 3.208345651626587, 3.1829721927642822, 3.038959264755249, 2.9655344486236572, 3.1902968883514404, 2.896759033203125, 3.0170366764068604, 2.7847378253936768, 2.568070888519287, 2.8106930255889893, 2.754777193069458, 2.7895302772521973], "val_acurracy": [0.13062499463558197, 0.16101562976837158, 0.15976563096046448, 0.16500000655651093, 0.16843749582767487, 0.16750000417232513, 0.17226561903953552, 0.16789062321186066, 0.1700781285762787, 0.16929687559604645, 0.1692187488079071, 0.17023438215255737, 0.17976562678813934, 0.18632812798023224, 0.2088281214237213, 0.18546874821186066]}