{"loss": [1.0098223686218262, 0.3577924966812134, 0.2603532671928406, 0.21829769015312195, 0.18619775772094727, 0.16034601628780365, 0.25369149446487427, 0.10139169543981552, 0.16511140763759613, 0.1862143576145172, 0.11784056574106216, 0.12693220376968384, 0.2119492143392563, 0.149958997964859, 0.12231412529945374, 0.0865364521741867], "acurracy": [0.8155468702316284, 0.8814843893051147, 0.893359363079071, 0.9044530987739563, 0.9181249737739563, 0.9287499785423279, 0.885546863079071, 0.9542187452316284, 0.9225780963897705, 0.9080469012260437, 0.9399999976158142, 0.9337499737739563, 0.8910156488418579, 0.9213281273841858, 0.9353125095367432, 0.9553906321525574], "val_loss": [1.8020683526992798, 1.8530550003051758, 1.9297692775726318, 2.0268020629882812, 2.175678014755249, 2.336223840713501, 2.6077845096588135, 2.7579708099365234, 2.9661731719970703, 3.266563653945923, 3.412597894668579, 3.6059365272521973, 3.858367681503296, 3.9715683460235596, 4.075535774230957, 4.135411262512207], "val_acurracy": [0.16898436844348907, 0.166015625, 0.15851563215255737, 0.13375000655651093, 0.08617187291383743, 0.049921873956918716, 0.02054687589406967, 0.01664062589406967, 0.011953124776482582, 0.008359375409781933, 0.005859375, 0.005625000223517418, 0.004843750037252903, 0.0052343751303851604, 0.0052343751303851604, 0.005156250204890966]}