{"loss": [1.2880080938339233, 0.4983166456222534, 0.26543906331062317, 0.2937881350517273, 0.3190009593963623, 0.269468754529953, 0.35126152634620667, 0.19936949014663696, 0.15984489023685455, 0.17064593732357025, 0.22655799984931946, 0.23020143806934357, 0.14682447910308838, 0.16886916756629944, 0.13766375184059143, 0.25038522481918335, 0.20293685793876648, 0.1391807347536087, 0.15207940340042114, 0.18639406561851501, 0.15063798427581787, 0.18658369779586792, 0.1473768651485443, 0.16883538663387299, 0.20404070615768433, 0.1594955325126648, 0.18086694180965424, 0.14462077617645264, 0.1327270269393921, 0.13075435161590576, 0.15288810431957245, 0.12967754900455475, 0.10691772401332855, 0.15335698425769806, 0.18744981288909912], "acurracy": [0.753125011920929, 0.8321874737739563, 0.9004687666893005, 0.8853906393051147, 0.867968738079071, 0.8840625286102295, 0.8416406512260437, 0.9067187309265137, 0.924609363079071, 0.9209374785423279, 0.8932031393051147, 0.8949218988418579, 0.9311718940734863, 0.9175781011581421, 0.9327343702316284, 0.8737499713897705, 0.8974218964576721, 0.9290624856948853, 0.9200000166893005, 0.9038281440734863, 0.919921875, 0.9029687643051147, 0.9215624928474426, 0.9130468964576721, 0.8922656178474426, 0.9127343893051147, 0.905078113079071, 0.9205468893051147, 0.9289844036102295, 0.9321874976158142, 0.9196093678474426, 0.9309375286102295, 0.9424218535423279, 0.9193750023841858, 0.8992968797683716], "val_loss": [2.042428493499756, 2.6306324005126953, 2.936901330947876, 2.8430631160736084, 2.735687017440796, 2.7188591957092285, 2.4998586177825928, 2.673140048980713, 2.6040189266204834, 2.456099510192871, 2.369992733001709, 2.3844106197357178, 2.3172366619110107, 2.0448713302612305, 2.1500120162963867, 1.9673694372177124, 2.0895485877990723, 2.026534080505371, 2.1298298835754395, 1.9531201124191284, 2.0062475204467773, 2.0222911834716797, 2.06242036819458, 2.1166136264801025, 2.1102042198181152, 2.1045615673065186, 2.1325454711914062, 2.315782308578491, 2.4428279399871826, 2.4569010734558105, 2.578712224960327, 2.7569668292999268, 2.9249160289764404, 2.6416964530944824, 2.3259522914886475], "val_acurracy": [0.09015624970197678, 0.1411718726158142, 0.146484375, 0.1459375023841858, 0.14585937559604645, 0.14226561784744263, 0.14421874284744263, 0.14164061844348907, 0.14421874284744263, 0.15507812798023224, 0.1678124964237213, 0.1745312511920929, 0.19249999523162842, 0.2130468785762787, 0.23250000178813934, 0.22898437082767487, 0.23046875, 0.24265624582767487, 0.2501562535762787, 0.2742968797683716, 0.2503906190395355, 0.26929688453674316, 0.2606250047683716, 0.2583593726158142, 0.26976561546325684, 0.2579687535762787, 0.26039063930511475, 0.2535156309604645, 0.2487500011920929, 0.2574999928474426, 0.24500000476837158, 0.2423437535762787, 0.2228125035762787, 0.23976562917232513, 0.25062501430511475]}