{"loss": [1.7074573040008545, 1.3642698526382446, 0.8516623973846436, 0.5210461020469666, 0.426830530166626, 0.4830870032310486, 0.40479323267936707, 0.23149342834949493, 0.2960794270038605, 0.3481962978839874, 0.21694032847881317, 0.31534504890441895, 0.17187829315662384, 0.24292108416557312, 0.1423913985490799, 0.3125537931919098, 0.3263460397720337, 0.2138991355895996, 0.30625951290130615, 0.2756529152393341, 0.18845202028751373, 0.2704876661300659, 0.2340727597475052, 0.09743403643369675, 0.1788608431816101, 0.27417415380477905, 0.1728539615869522, 0.28516316413879395, 0.144263356924057, 0.22688382863998413, 0.17367494106292725, 0.11025538295507431, 0.2441951185464859, 0.19233527779579163, 0.16714853048324585, 0.21064622700214386, 0.19283661246299744, 0.12237507849931717, 0.12841328978538513, 0.19634830951690674, 0.11551032215356827, 0.22733601927757263, 0.3005555272102356, 0.24120645225048065, 0.22980520129203796, 0.23741891980171204, 0.18760615587234497, 0.2607422173023224, 0.16661080718040466, 0.12180650979280472, 0.20743390917778015, 0.24034205079078674, 0.23748533427715302, 0.22967064380645752, 0.20918771624565125, 0.14963781833648682, 0.14404097199440002, 0.16057805716991425, 0.22471535205841064, 0.1315213441848755, 0.3277606964111328, 0.24185976386070251, 0.1527280956506729, 0.23219141364097595, 0.22743478417396545, 0.1875411421060562, 0.1025259867310524, 0.23114843666553497, 0.15257984399795532, 0.20783731341362, 0.14815211296081543, 0.09362038969993591, 0.19714370369911194, 0.10793324559926987, 0.1901606023311615, 0.21561430394649506, 0.1613878607749939, 0.18093812465667725, 0.22774459421634674, 0.16511215269565582, 0.12099269032478333, 0.19081155955791473, 0.21899248659610748, 0.18322116136550903, 0.1351165622472763, 0.17154529690742493, 0.20273944735527039, 0.10540295392274857, 0.09124045073986053, 0.13106563687324524, 0.2174203097820282, 0.15854990482330322, 0.17863452434539795, 0.09927184879779816, 0.17060986161231995, 0.11568675935268402, 0.10541094094514847, 0.18017321825027466, 0.183271586894989, 0.18327128887176514, 0.18274348974227905, 0.1256551295518875, 0.13279786705970764, 0.16953285038471222, 0.15224772691726685, 0.17750965058803558, 0.11722486466169357, 0.19942006468772888, 0.12423080205917358, 0.09671153128147125, 0.1673760861158371, 0.1524803340435028, 0.13701096177101135, 0.07506846636533737, 0.16566018760204315], "acurracy": [0.5169531106948853, 0.8892187476158142, 0.8835155963897705, 0.9009374976158142, 0.9014062285423279, 0.8680468797683716, 0.8803906440734863, 0.9380468726158142, 0.9117968678474426, 0.8868749737739563, 0.9338281154632568, 0.8919531106948853, 0.9453125, 0.917187511920929, 0.9554687738418579, 0.8870312571525574, 0.8803125023841858, 0.9247656464576721, 0.8848437666893005, 0.8968750238418579, 0.9327343702316284, 0.8982812762260437, 0.9095312356948853, 0.965624988079071, 0.9326562285423279, 0.8978124856948853, 0.9392187595367432, 0.8872656226158142, 0.9465625286102295, 0.9107031226158142, 0.9327343702316284, 0.9602344036102295, 0.907031238079071, 0.9282031059265137, 0.9378125071525574, 0.9186718463897705, 0.9225000143051147, 0.9514062404632568, 0.9526562690734863, 0.9250781536102295, 0.9592968821525574, 0.9079687595367432, 0.8734375238418579, 0.9004687666893005, 0.9073437452316284, 0.9004687666893005, 0.9258593916893005, 0.8907812237739563, 0.9315624833106995, 0.9528906345367432, 0.9137499928474426, 0.8968750238418579, 0.8989843726158142, 0.9046093821525574, 0.9125000238418579, 0.9390624761581421, 0.9399999976158142, 0.9340624809265137, 0.9090625047683716, 0.9470312595367432, 0.8560156226158142, 0.8934375047683716, 0.9362499713897705, 0.8997656106948853, 0.9028124809265137, 0.9219531416893005, 0.9602344036102295, 0.90234375, 0.93359375, 0.9076562523841858, 0.9356250166893005, 0.9607031345367432, 0.9133594036102295, 0.9552343487739563, 0.9175781011581421, 0.9078124761581421, 0.9307812452316284, 0.923046886920929, 0.8946874737739563, 0.9283593893051147, 0.9482031464576721, 0.9151562452316284, 0.9009374976158142, 0.9156249761581421, 0.9421093463897705, 0.9239062666893005, 0.9083593487739563, 0.955859363079071, 0.9603124856948853, 0.939453125, 0.903124988079071, 0.9288281202316284, 0.9183593988418579, 0.9551562666893005, 0.9217968583106995, 0.9486718773841858, 0.9567968845367432, 0.916015625, 0.9140625, 0.9129687547683716, 0.9149218797683716, 0.9432812333106995, 0.9415624737739563, 0.9252343773841858, 0.9289844036102295, 0.9160937666893005, 0.9510937333106995, 0.9068750143051147, 0.9405468702316284, 0.9568750262260437, 0.9225780963897705, 0.9302343726158142, 0.9381250143051147, 0.9691406488418579, 0.9242968559265137], "val_loss": [1.781092643737793, 1.8957518339157104, 2.3815181255340576, 2.4993059635162354, 2.355729103088379, 2.0603389739990234, 1.9097703695297241, 1.8886528015136719, 1.7264915704727173, 1.596328854560852, 1.575962781906128, 1.4767444133758545, 1.5039269924163818, 1.4483230113983154, 1.4618754386901855, 1.4114168882369995, 1.3568304777145386, 1.3594621419906616, 1.3471004962921143, 1.3329185247421265, 1.3570137023925781, 1.3272088766098022, 1.3406411409378052, 1.382514238357544, 1.3659268617630005, 1.3151620626449585, 1.3338851928710938, 1.3128665685653687, 1.3398704528808594, 1.3207374811172485, 1.3276340961456299, 1.3502005338668823, 1.3151021003723145, 1.3130905628204346, 1.31392240524292, 1.300789475440979, 1.3061599731445312, 1.3228753805160522, 1.3228167295455933, 1.2931959629058838, 1.3110767602920532, 1.2855277061462402, 1.2648078203201294, 1.264888882637024, 1.2687262296676636, 1.2688381671905518, 1.2734055519104004, 1.2574712038040161, 1.2720741033554077, 1.2778613567352295, 1.2648714780807495, 1.254130482673645, 1.2406048774719238, 1.2354764938354492, 1.2464715242385864, 1.255525827407837, 1.2559986114501953, 1.2459421157836914, 1.2226417064666748, 1.2518088817596436, 1.214780330657959, 1.219192624092102, 1.2323883771896362, 1.2247679233551025, 1.2229292392730713, 1.2284636497497559, 1.2351449728012085, 1.2253623008728027, 1.2342227697372437, 1.2124544382095337, 1.2225148677825928, 1.237550973892212, 1.2131448984146118, 1.2204809188842773, 1.2153419256210327, 1.2123454809188843, 1.2115528583526611, 1.2055473327636719, 1.1978890895843506, 1.2002122402191162, 1.2091526985168457, 1.2058935165405273, 1.199158787727356, 1.2006325721740723, 1.208574652671814, 1.2002454996109009, 1.1958339214324951, 1.2007403373718262, 1.2103110551834106, 1.2012158632278442, 1.1890039443969727, 1.192211627960205, 1.199000597000122, 1.2085076570510864, 1.2025901079177856, 1.2064498662948608, 1.216555118560791, 1.196850299835205, 1.188257098197937, 1.1863588094711304, 1.1925300359725952, 1.1879297494888306, 1.19464111328125, 1.1882069110870361, 1.189281940460205, 1.186780333518982, 1.1893794536590576, 1.187630534172058, 1.193315029144287, 1.2025166749954224, 1.186638593673706, 1.1864938735961914, 1.1894888877868652, 1.2010219097137451, 1.196323037147522],