{"loss": [0.9703561663627625, 0.34903019666671753, 0.29736223816871643, 0.1676701158285141, 0.2699238955974579, 0.23648105561733246, 0.11997101455926895, 0.14444562792778015, 0.2743026316165924, 0.20730334520339966, 0.16619925200939178, 0.18905557692050934, 0.18738549947738647, 0.14922839403152466, 0.14637702703475952, 0.10859376192092896], "acurracy": [0.8497655987739563, 0.8907812237739563, 0.8774218559265137, 0.9282031059265137, 0.881640613079071, 0.8949999809265137, 0.9456250071525574, 0.9333593845367432, 0.8664844036102295, 0.8931249976158142, 0.9124218821525574, 0.9006249904632568, 0.8977344036102295, 0.9203906059265137, 0.9194531440734863, 0.9428125023841858], "val_loss": [1.8025481700897217, 1.8513888120651245, 1.921094536781311, 1.9944642782211304, 2.157099723815918, 2.3578693866729736, 2.5080771446228027, 2.694852352142334, 3.0451934337615967, 3.3507471084594727, 3.522169828414917, 3.7247719764709473, 3.9084908962249756, 4.0096635818481445, 4.0914764404296875, 4.211239814758301], "val_acurracy": [0.1667187511920929, 0.16562500596046448, 0.14929687976837158, 0.11664062738418579, 0.051874998956918716, 0.02828124910593033, 0.02054687589406967, 0.012421875260770321, 0.006093749776482582, 0.0053125000558793545, 0.004999999888241291, 0.0042968750931322575, 0.005078124813735485, 0.00390625, 0.00390625, 0.0045312498696148396]}