{"loss": [1.6015313863754272, 1.543894648551941, 0.932783842086792, 0.14410655200481415, 0.03780842572450638, 0.014607206918299198, 0.012579629197716713, 0.031050223857164383, 0.00983412005007267, 0.0019088797271251678, 0.016193481162190437, 0.006464064121246338, 0.010966832749545574, 0.005662345327436924, 0.008146243169903755, 0.0035584396682679653, 0.0036804156843572855, 0.00048155419062823057, 0.012779857032001019, 0.00032611191272735596, 0.005060749594122171, 0.00023665752087254077, 0.0030293590389192104, 0.008552979677915573, 0.008287163451313972, 0.002657240256667137, 0.010665831156075, 0.0022649383172392845, 0.007654997054487467, 0.00010479837510501966, 0.008268376812338829, 0.002546181669458747, 0.004517567344009876, 0.0018020441057160497, 0.00298371072858572, 7.16224021743983e-05, 0.00597403384745121, 0.006535789463669062, 0.0004184144490864128, 0.0061180563643574715, 0.001962072914466262, 0.0007667533354833722, 0.006231946870684624, 3.929574086214416e-05, 0.0024260710924863815, 3.788659887504764e-05, 0.013898249715566635], "acurracy": [1.0, 0.9821875095367432, 0.9959375262260437, 0.9846875071525574, 0.9937499761581421, 0.9978125095367432, 0.9978125095367432, 0.9950000047683716, 0.9981250166893005, 1.0, 0.9962499737739563, 0.9990624785423279, 0.9984375238418579, 0.9993749856948853, 0.9984375238418579, 0.9990624785423279, 0.9993749856948853, 1.0, 0.9965624809265137, 1.0, 0.9993749856948853, 1.0, 0.9990624785423279, 0.9975000023841858, 0.9971874952316284, 0.9993749856948853, 0.9971874952316284, 0.9993749856948853, 0.9984375238418579, 1.0, 0.9975000023841858, 0.9990624785423279, 0.9984375238418579, 0.9993749856948853, 0.9990624785423279, 1.0, 0.9981250166893005, 0.9981250166893005, 1.0, 0.9981250166893005, 0.9993749856948853, 0.9996874928474426, 0.9975000023841858, 1.0, 0.9993749856948853, 1.0, 0.995312511920929], "val_loss": [1.6593345403671265, 1.4996925592422485, 0.9056174755096436, 0.8772018551826477, 0.7963393330574036, 0.7989096641540527, 0.8036059737205505, 0.6969130635261536, 0.6706733107566833, 0.6907622814178467, 0.6410183906555176, 0.6276968121528625, 0.593279242515564, 0.5583357214927673, 0.5295584797859192, 0.5412779450416565, 0.5030163526535034, 0.510807454586029, 0.5057181119918823, 0.47995081543922424, 0.4814322292804718, 0.4799356162548065, 0.4853566288948059, 0.5003983974456787, 0.46447330713272095, 0.4393821060657501, 0.4515533149242401, 0.4679297208786011, 0.46339190006256104, 0.48824653029441833, 0.4672897458076477, 0.4241029620170593, 0.44996994733810425, 0.4706918001174927, 0.5104432106018066, 0.4860391318798065, 0.4780106246471405, 0.4752049744129181, 0.4406670331954956, 0.4664604663848877, 0.48741719126701355, 0.4587750732898712, 0.46311134099960327, 0.4614366888999939, 0.4950711131095886, 0.49901053309440613, 0.4430435597896576], "val_acurracy": [0.028750000521540642, 0.6084374785423279, 0.5743749737739563, 0.7121875286102295, 0.8459374904632568, 0.8528125286102295, 0.8600000143051147, 0.8931249976158142, 0.8990625143051147, 0.8940625190734863, 0.9003124833106995, 0.9006249904632568, 0.9034374952316284, 0.9075000286102295, 0.9028124809265137, 0.9021875262260437, 0.9081249833106995, 0.9053124785423279, 0.9090625047683716, 0.9112499952316284, 0.910937488079071, 0.9103124737739563, 0.9103124737739563, 0.9115625023841858, 0.9121875166893005, 0.9118750095367432, 0.9165624976158142, 0.9168750047683716, 0.9150000214576721, 0.9156249761581421, 0.9181249737739563, 0.9196875095367432, 0.9165624976158142, 0.9125000238418579, 0.9121875166893005, 0.9137499928474426, 0.9134374856948853, 0.9181249737739563, 0.9190624952316284, 0.9150000214576721, 0.9153125286102295, 0.9162499904632568, 0.9200000166893005, 0.9200000166893005, 0.9162499904632568, 0.9168750047683716, 0.9181249737739563]}