{"loss": [1.4282026290893555, 0.4365029036998749, 0.05506490170955658, 0.05270979925990105, 0.02757074311375618, 0.032584648579359055, 0.023154713213443756, 0.034420955926179886, 0.02219018153846264, 0.014154237695038319, 0.03195491433143616, 0.02045590616762638, 0.041035477072000504, 0.03634041175246239, 0.019832370802760124, 0.041694507002830505], "acurracy": [0.9453125, 0.9878125190734863, 0.9921875, 0.9871875047683716, 0.9934375286102295, 0.9925000071525574, 0.9956250190734863, 0.9921875, 0.9925000071525574, 0.9962499737739563, 0.9912499785423279, 0.9940624833106995, 0.987500011920929, 0.989062488079071, 0.9940624833106995, 0.9871875047683716], "val_loss": [1.6284137964248657, 4.470482349395752, 6.492556571960449, 7.588723659515381, 8.670260429382324, 9.139156341552734, 9.79825210571289, 9.890116691589355, 10.648763656616211, 11.199837684631348, 11.332324028015137, 11.740699768066406, 11.960744857788086, 12.414690017700195, 12.66560173034668, 12.999107360839844], "val_acurracy": [0.4868749976158142, 0.31937500834465027, 0.25843751430511475, 0.2068749964237213, 0.17374999821186066, 0.13750000298023224, 0.1353124976158142, 0.11312499642372131, 0.09749999642372131, 0.0871874988079071, 0.07718750089406967, 0.07093749940395355, 0.06718750298023224, 0.06562499701976776, 0.06437499821186066, 0.058125000447034836]}