{"loss": [1.5421251058578491, 1.001467227935791, 0.1960277408361435, 0.08543608337640762, 0.025564217939972878, 0.07285475730895996, 0.043462321162223816, 0.009317997843027115, 0.09350378811359406, 0.050342053174972534, 0.00754991639405489, 0.005073253531008959, 0.06635905057191849, 0.052082907408475876, 0.040197718888521194, 0.057440318167209625], "acurracy": [0.5368750095367432, 0.989062488079071, 1.0, 0.9956250190734863, 1.0, 0.9956250190734863, 0.9962499737739563, 1.0, 0.9915624856948853, 0.9959375262260437, 1.0, 1.0, 0.9921875, 0.9928125143051147, 0.9965624809265137, 0.9912499785423279], "val_loss": [1.5276827812194824, 2.081059217453003, 3.878282070159912, 4.246594429016113, 4.995231628417969, 4.61952018737793, 4.169220447540283, 4.468562602996826, 3.3843066692352295, 3.0682971477508545, 3.270021915435791, 3.41904354095459, 2.637571096420288, 2.067492961883545, 1.9748343229293823, 1.6623579263687134], "val_acurracy": [0.5174999833106995, 0.5674999952316284, 0.5796874761581421, 0.5824999809265137, 0.5778124928474426, 0.5771874785423279, 0.5849999785423279, 0.5834375023841858, 0.5762500166893005, 0.5796874761581421, 0.5768749713897705, 0.5765625238418579, 0.574999988079071, 0.5843750238418579, 0.5793750286102295, 0.5759375095367432]}