{"loss": [1.455613613128662, 0.4840812385082245, 0.04202939569950104, 0.03559230640530586, 0.03424166515469551, 0.07366380095481873, 0.006130916997790337, 0.0034150585997849703, 0.02296292781829834, 0.02714535966515541, 0.022424226626753807, 0.002514065708965063, 0.012836771085858345, 0.015076817013323307, 0.07467805594205856, 0.00490353861823678], "acurracy": [0.9621875286102295, 0.9978125095367432, 0.9965624809265137, 0.995312511920929, 0.9950000047683716, 0.9868749976158142, 1.0, 1.0, 0.9962499737739563, 0.9959375262260437, 0.9965624809265137, 1.0, 0.9978125095367432, 0.9975000023841858, 0.9846875071525574, 1.0], "val_loss": [1.598595380783081, 5.239686489105225, 7.660898208618164, 8.651701927185059, 9.216802597045898, 9.103495597839355, 10.071375846862793, 10.876669883728027, 11.03396987915039, 11.262070655822754, 11.332855224609375, 12.011475563049316, 12.166389465332031, 12.651288032531738, 11.096314430236816, 12.621312141418457], "val_acurracy": [0.5740625262260437, 0.5796874761581421, 0.5787500143051147, 0.5787500143051147, 0.5796874761581421, 0.5778124928474426, 0.5834375023841858, 0.5774999856948853, 0.5765625238418579, 0.5718749761581421, 0.5746874809265137, 0.5806249976158142, 0.5796874761581421, 0.5790625214576721, 0.5756250023841858, 0.5756250023841858]}