{"loss": [1.297021746635437, 0.7144129276275635, 0.3038525879383087, 0.16570274531841278, 0.08907255530357361, 0.05648086592555046, 0.07380964607000351, 0.07622700184583664, 0.07293560355901718, 0.016045982018113136, 0.10828446596860886, 0.03437890112400055, 0.06670305877923965, 0.06877905130386353, 0.029475271701812744, 0.03447908163070679, 0.0516495406627655], "acurracy": [0.7400000095367432, 0.9981250166893005, 1.0, 0.9909374713897705, 0.9956250190734863, 0.996874988079071, 0.9931250214576721, 0.9909374713897705, 0.9915624856948853, 1.0, 0.984375, 0.9962499737739563, 0.9906250238418579, 0.9909374713897705, 0.996874988079071, 0.9956250190734863, 0.9931250214576721], "val_loss": [1.3943850994110107, 1.2507541179656982, 1.2797907590866089, 1.4539875984191895, 1.6252775192260742, 1.8389596939086914, 1.930545449256897, 2.04630184173584, 2.1324985027313232, 2.2341527938842773, 2.2250618934631348, 2.3376331329345703, 2.3961987495422363, 2.394017219543457, 2.4545388221740723, 2.5258400440216064, 2.5799143314361572], "val_acurracy": [0.5803124904632568, 0.5784375071525574, 0.582812488079071, 0.5803124904632568, 0.5821874737739563, 0.5737500190734863, 0.5815625190734863, 0.5774999856948853, 0.5793750286102295, 0.5806249976158142, 0.5843750238418579, 0.5762500166893005, 0.5756250023841858, 0.5846874713897705, 0.5884374976158142, 0.5859375, 0.5787500143051147]}