{"loss": [1.4212623834609985, 0.4077457785606384, 0.05846459046006203, 0.04077146202325821, 0.05049368739128113, 0.0793386772274971, 0.036684680730104446, 0.015928925946354866, 0.003177325241267681, 0.021859370172023773, 0.0018755816854536533, 0.03596565127372742, 0.028309112414717674, 0.001959681510925293, 0.016922250390052795, 0.03048579767346382], "acurracy": [0.9071875214576721, 0.9965624809265137, 0.9921875, 0.9921875, 0.9884374737739563, 0.979687511920929, 0.9903125166893005, 0.9959375262260437, 1.0, 0.9925000071525574, 1.0, 0.9887499809265137, 0.9900000095367432, 1.0, 0.9931250214576721, 0.9878125190734863], "val_loss": [1.7260421514511108, 4.126150608062744, 5.883015155792236, 6.660952091217041, 7.298291206359863, 7.833523750305176, 8.362060546875, 9.071011543273926, 9.57271671295166, 9.987076759338379, 10.417475700378418, 10.450596809387207, 10.609550476074219, 10.926713943481445, 11.198199272155762, 11.559503555297852], "val_acurracy": [0.510937511920929, 0.4581249952316284, 0.3996874988079071, 0.3812499940395355, 0.39937499165534973, 0.518750011920929, 0.5456249713897705, 0.5440624952316284, 0.5537499785423279, 0.5600000023841858, 0.5584375262260437, 0.5721874833106995, 0.5793750286102295, 0.5799999833106995, 0.5824999809265137, 0.5684375166893005]}