{"loss": [1.4675275087356567, 0.7890096306800842, 0.18812790513038635, 0.0857541635632515, 0.10769098997116089, 0.12910176813602448, 0.040269020944833755, 0.03803739324212074, 0.009826972149312496, 0.006764586549252272, 0.042279209941625595, 0.004757764749228954, 0.004261991009116173, 0.047790054231882095, 0.02939147874712944, 0.08603966981172562, 0.06061951071023941, 0.037101343274116516, 0.03084016591310501, 0.10062410682439804, 0.014068462885916233, 0.0519137941300869, 0.017906200140714645, 0.022537069395184517, 0.011370568536221981, 0.02126685343682766, 0.011197604238986969, 0.03326860070228577, 0.0025160443037748337, 0.03766470029950142, 0.0034730415791273117, 0.0019840640015900135, 0.034219030290842056, 0.032846082001924515, 0.03170248493552208, 0.010530736297369003, 0.0018533685943111777, 0.017997659742832184, 0.0015385830774903297, 0.027525626122951508, 0.009466799907386303, 0.013957196846604347, 0.03570468723773956, 0.00212988187558949, 0.016174590215086937, 0.024747701361775398, 0.006148581393063068, 0.022364294156432152, 0.019484661519527435, 0.014079480431973934, 0.02953503094613552, 0.007854919880628586, 0.010319474153220654, 0.0011688820086419582, 0.0011064413702115417, 0.010796818882226944, 0.009969026781618595, 0.014105438254773617, 0.004817865323275328, 0.008202752098441124, 0.008669033646583557, 0.015774665400385857, 0.007616805378347635, 0.01804090104997158, 0.01305844634771347, 0.013735661283135414, 0.004092416260391474, 0.014233485795557499, 0.01940692588686943, 0.005259016528725624, 0.004546408541500568, 0.01671576499938965, 0.008787169121205807, 0.01034667156636715, 0.0071349674835801125, 0.021031338721513748, 0.019070882350206375, 0.012815865688025951, 0.016464414075016975, 0.009286501444876194, 0.012877111323177814, 0.0074629634618759155, 0.01823255605995655, 0.008953315205872059, 0.004567397758364677, 0.017270080745220184, 0.01002237293869257, 0.0009779168758541346, 0.0005040818941779435, 0.007748288568109274, 0.006384552922099829, 0.011621019802987576, 0.0008376229088753462], "acurracy": [0.8896874785423279, 0.9962499737739563, 0.9921875, 0.9962499737739563, 0.9912499785423279, 0.9859374761581421, 0.9965624809265137, 0.9959375262260437, 1.0, 1.0, 0.9950000047683716, 1.0, 1.0, 0.9950000047683716, 0.9965624809265137, 0.9831249713897705, 0.9878125190734863, 0.9937499761581421, 0.9937499761581421, 0.9709374904632568, 0.9975000023841858, 0.9865624904632568, 0.9965624809265137, 0.9956250190734863, 0.996874988079071, 0.9946874976158142, 0.9978125095367432, 0.9915624856948853, 1.0, 0.9903125166893005, 1.0, 1.0, 0.9884374737739563, 0.9893749952316284, 0.9896875023841858, 0.9971874952316284, 1.0, 0.9946874976158142, 1.0, 0.9921875, 0.9978125095367432, 0.9971874952316284, 0.9918749928474426, 1.0, 0.9962499737739563, 0.995312511920929, 0.9990624785423279, 0.9946874976158142, 0.996874988079071, 0.9978125095367432, 0.9937499761581421, 0.9987499713897705, 0.9984375238418579, 1.0, 1.0, 0.9965624809265137, 0.9975000023841858, 0.9962499737739563, 0.9987499713897705, 0.9978125095367432, 0.9981250166893005, 0.9956250190734863, 0.9984375238418579, 0.9959375262260437, 0.9971874952316284, 0.9978125095367432, 0.9990624785423279, 0.9959375262260437, 0.995312511920929, 0.9987499713897705, 0.9993749856948853, 0.996874988079071, 0.9984375238418579, 0.9975000023841858, 0.9975000023841858, 0.9950000047683716, 0.9946874976158142, 0.9971874952316284, 0.9946874976158142, 0.9978125095367432, 0.9965624809265137, 0.9987499713897705, 0.995312511920929, 0.9971874952316284, 0.9987499713897705, 0.9959375262260437, 0.9965624809265137, 1.0, 1.0, 0.9984375238418579, 0.9984375238418579, 0.9959375262260437, 1.0], "val_loss": [1.435178279876709, 2.8677802085876465, 3.4896881580352783, 3.817615032196045, 3.2857909202575684, 2.454373836517334, 2.43249773979187, 2.4273743629455566, 2.5407819747924805, 2.7013821601867676, 2.266977310180664, 2.3886301517486572, 2.4905431270599365, 2.1849629878997803, 1.8240934610366821, 1.3371636867523193, 1.2393304109573364, 1.1308799982070923, 1.1363593339920044, 0.9459982514381409, 0.948702335357666, 0.8748413324356079, 0.8890359997749329, 0.893903911113739, 0.871695876121521, 0.8545891642570496, 0.8584938645362854, 0.8453037142753601, 0.8299699425697327, 0.8111916184425354, 0.7971546649932861, 0.802981436252594, 0.7647226452827454, 0.7198100090026855, 0.6685685515403748, 0.6847904920578003, 0.6802919507026672, 0.6671860218048096, 0.6791755557060242, 0.6599569916725159, 0.6290128827095032, 0.6047915816307068, 0.5547258257865906, 0.5329297184944153, 0.5497084856033325, 0.5289767980575562, 0.50006103515625, 0.488567054271698, 0.4659488797187805, 0.4842602014541626, 0.4572495222091675, 0.4478258490562439, 0.4537283182144165, 0.41612014174461365, 0.46360573172569275, 0.4026218056678772, 0.3966875970363617, 0.4302799105644226, 0.3946930170059204, 0.4480220079421997, 0.3893905580043793, 0.4227624535560608, 0.408072292804718, 0.4008927047252655, 0.4039610028266907, 0.37949711084365845, 0.3994676172733307, 0.38142624497413635, 0.4202698767185211, 0.41850361227989197, 0.39968302845954895, 0.38355952501296997, 0.4095407724380493, 0.40680113434791565, 0.4060945212841034, 0.35587891936302185, 0.38101330399513245, 0.34681129455566406, 0.38690462708473206, 0.3742842972278595, 0.4034883975982666, 0.3830479681491852, 0.37299907207489014, 0.376139372587204, 0.3709072470664978, 0.3848317861557007, 0.37209323048591614, 0.3671950399875641, 0.3586560785770416, 0.38919976353645325, 0.3858887851238251, 0.37328773736953735, 0.3824118673801422], "val_acurracy": [0.5746874809265137, 0.582812488079071, 0.5862500071525574, 0.5793750286102295, 0.5784375071525574, 0.5784375071525574, 0.5909374952316284, 0.5724999904632568, 0.5796874761581421, 0.5784375071525574, 0.5787500143051147, 0.5849999785423279, 0.5874999761581421, 0.5787500143051147, 0.5831249952316284, 0.5856249928474426, 0.5756250023841858, 0.5762500166893005, 0.5793750286102295, 0.5762500166893005, 0.5803124904632568, 0.5799999833106995, 0.5837500095367432, 0.5756250023841858, 0.5809375047683716, 0.5975000262260437, 0.6543750166893005, 0.7200000286102295, 0.7450000047683716, 0.8021875023841858, 0.8115624785423279, 0.8046875, 0.8709375262260437, 0.8962500095367432, 0.9106249809265137, 0.9081249833106995, 0.9065625071525574, 0.9103124737739563, 0.909375011920929, 0.9090625047683716, 0.9118750095367432, 0.9115625023841858, 0.9131249785423279, 0.9153125286102295, 0.9096875190734863, 0.9121875166893005, 0.9143750071525574, 0.909375011920929, 0.9112499952316284, 0.9059374928474426, 0.9115625023841858, 0.9115625023841858, 0.9118750095367432, 0.9209374785423279, 0.9143750071525574, 0.9193750023841858, 0.9200000166893005, 0.9165624976158142, 0.9184374809265137, 0.9134374856948853, 0.918749988079071, 0.9146875143051147, 0.9143750071525574, 0.917187511920929, 0.9137499928474426, 0.9143750071525574, 0.9150000214576721, 0.9137499928474426, 0.9078124761581421, 0.9131249785423279, 0.9143750071525574, 0.9181249737739563, 0.9140625, 0.9168750047683716, 0.917187511920929, 0.9221875071525574, 0.917187511920929, 0.9196875095367432, 0.9165624976158142, 0.921875, 0.9143750071525574, 0.9162499904632568, 0.918749988079071, 0.9178125262260437, 0.9212499856948853, 0.9181249737739563, 0.9184374809265137, 0.9190624952316284, 0.9196875095367432, 0.9190624952316284, 0.9175000190734863, 0.9159374833106995, 0.9181249737739563]}