{"loss": [0.6728197336196899, 0.4472593069076538, 0.3989163935184479, 0.39881378412246704, 0.2807856798171997, 0.2710237503051758, 0.24141672253608704, 0.2042233794927597, 0.38818928599357605, 0.22879470884799957, 0.2200097292661667, 0.26420268416404724, 0.1680345982313156, 0.1814114898443222, 0.21250195801258087, 0.193011075258255, 0.1716589480638504, 0.23739208281040192, 0.23146286606788635, 0.2329408824443817, 0.21470516920089722, 0.16392876207828522, 0.2552754282951355, 0.16331006586551666, 0.23141103982925415, 0.19838736951351166], "acurracy": [0.8209375143051147, 0.9217187762260437, 0.9240624904632568, 0.9117187261581421, 0.9321874976158142, 0.927734375, 0.9278125166893005, 0.9385937452316284, 0.8636718988418579, 0.9220312237739563, 0.9225000143051147, 0.9030468463897705, 0.938671886920929, 0.9303905963897705, 0.9154687523841858, 0.9239843487739563, 0.9315624833106995, 0.8993750214576721, 0.8992968797683716, 0.8965625166893005, 0.9033593535423279, 0.9251562356948853, 0.8821094036102295, 0.9251562356948853, 0.8891406059265137, 0.9069530963897705], "val_loss": [2.7825655937194824, 2.6654880046844482, 2.3167426586151123, 1.8166676759719849, 1.7097647190093994, 1.5512317419052124, 1.5074430704116821, 1.5194118022918701, 1.4460668563842773, 1.391694188117981, 1.3732352256774902, 1.3503172397613525, 1.3570730686187744, 1.312201738357544, 1.2840083837509155, 1.284636378288269, 1.2917948961257935, 1.2567410469055176, 1.2484523057937622, 1.2398154735565186, 1.2272140979766846, 1.2510194778442383, 1.22793710231781, 1.2702194452285767, 1.2364273071289062, 1.234196424484253], "val_acurracy": [0.1704687476158142, 0.24304687976837158, 0.27851563692092896, 0.29945313930511475, 0.2864062488079071, 0.3011718690395355, 0.30921876430511475, 0.31742188334465027, 0.3278124928474426, 0.33335936069488525, 0.32679688930511475, 0.3353906273841858, 0.32679688930511475, 0.33835938572883606, 0.3324218690395355, 0.33265626430511475, 0.32289063930511475, 0.32593750953674316, 0.3318749964237213, 0.3272656202316284, 0.3257812559604645, 0.3343749940395355, 0.32359373569488525, 0.31929686665534973, 0.3206250071525574, 0.32484376430511475]}