{"loss": [1.0642603635787964, 0.4597780108451843, 0.5160601735115051, 0.7007749080657959, 0.7890993356704712, 0.5181958675384521], "acurracy": [0.7085937261581421, 0.9267187714576721, 0.9131249785423279, 0.876953125, 0.84765625, 0.9128124713897705], "val_loss": [2.4143998622894287, 2.922092914581299, 3.176973819732666, 2.8654415607452393, 2.827587366104126, 3.3423550128936768], "val_acurracy": [0.16718749701976776, 0.1692187488079071, 0.16796875, 0.16679687798023224, 0.16570311784744263, 0.16789062321186066]}