{"loss": [0.8624564409255981, 0.5630165338516235, 0.6160787343978882, 0.6391468644142151, 0.5856301784515381, 0.5065324306488037], "acurracy": [0.7807031273841858, 0.9028906226158142, 0.8911718726158142, 0.8780468702316284, 0.8914843797683716, 0.9078124761581421], "val_loss": [2.541032552719116, 2.9219260215759277, 3.053391933441162, 3.577256202697754, 3.9483160972595215, 4.376757621765137], "val_acurracy": [0.17140625417232513, 0.1658593714237213, 0.13968749344348907, 0.11835937201976776, 0.08781249821186066, 0.07210937142372131]}