{"loss": [0.9439902305603027, 0.7341244220733643, 0.7080062627792358, 0.5513213872909546, 0.6426404714584351, 0.3904011845588684], "acurracy": [0.7398437261581421, 0.8628125190734863, 0.8721093535423279, 0.9081249833106995, 0.8810155987739563, 0.9399999976158142], "val_loss": [2.3558952808380127, 2.523801326751709, 2.436614990234375, 2.541935682296753, 2.551393985748291, 2.6749143600463867], "val_acurracy": [0.19718749821186066, 0.19414062798023224, 0.18593749403953552, 0.1770312488079071, 0.17125000059604645, 0.16898436844348907]}