{"loss": [0.9465992450714111, 0.581881582736969, 0.5680532455444336, 0.6022472977638245, 0.8158021569252014, 0.5086467862129211], "acurracy": [0.7255468964576721, 0.9020312428474426, 0.9048437476158142, 0.895703136920929, 0.83984375, 0.9143750071525574], "val_loss": [2.683379888534546, 2.7558810710906982, 2.7157154083251953, 2.8454666137695312, 2.7769386768341064, 3.09214448928833], "val_acurracy": [0.16257812082767487, 0.1516406238079071, 0.1353124976158142, 0.13124999403953552, 0.08578124642372131, 0.10695312172174454]}