{"loss": [1.2678778171539307, 0.5277455449104309, 0.6198556423187256, 0.6121832132339478, 0.4520505964756012, 0.5983440279960632, 0.5538833737373352, 0.46176695823669434, 0.4701008200645447, 0.6256130337715149, 0.6231380701065063, 0.5136996507644653, 0.5118603110313416, 0.4350975751876831, 0.5677133202552795, 0.7351629137992859, 0.5071614384651184, 0.4767359495162964, 0.6195211410522461, 0.5618928670883179, 0.5019690990447998], "acurracy": [0.6312500238418579, 0.9082812666893005, 0.8867968916893005, 0.8875781297683716, 0.9235937595367432, 0.8909375071525574, 0.8973437547683716, 0.9159374833106995, 0.9158594012260437, 0.8747656345367432, 0.8725781440734863, 0.8975781202316284, 0.8984375, 0.9158594012260437, 0.8792968988418579, 0.8255468606948853, 0.8883593678474426, 0.8971093893051147, 0.85546875, 0.8689062595367432, 0.8889843821525574], "val_loss": [1.9934983253479004, 2.179108142852783, 2.013654947280884, 1.9847924709320068, 2.0509958267211914, 1.8452388048171997, 1.6456561088562012, 1.8027970790863037, 1.6804847717285156, 1.5602836608886719, 1.4680733680725098, 1.4178462028503418, 1.4175019264221191, 1.4098100662231445, 1.3449084758758545, 1.298689603805542, 1.3429419994354248, 1.3777350187301636, 1.418097972869873, 1.479707956314087, 1.4957818984985352], "val_acurracy": [0.2553125023841858, 0.26851561665534973, 0.28578126430511475, 0.29148438572883606, 0.29296875, 0.29906249046325684, 0.3149999976158142, 0.3098437488079071, 0.3179687559604645, 0.32914063334465027, 0.34085938334465027, 0.3414062559604645, 0.3382031321525574, 0.33867186307907104, 0.3313281238079071, 0.32875001430511475, 0.3257812559604645, 0.32835936546325684, 0.32929688692092896, 0.33101561665534973, 0.32718750834465027]}