{"loss": [0.32495373487472534, 0.149321511387825, 0.1442733108997345, 0.08597157150506973, 0.06688183546066284, 0.08870337158441544], "accuracy": [0.8535937666893005, 0.9715625047683716, 0.9732031226158142, 0.9857031106948853, 0.9897656440734863, 0.9849218726158142], "val_loss": [1.0175436735153198, 1.1041579246520996, 1.127832055091858, 1.1449637413024902, 1.1523783206939697, 1.154902458190918], "val_accuracy": [0.1471875011920929, 0.1413281261920929, 0.1368750035762787, 0.13953125476837158, 0.1411718726158142, 0.14195312559604645]}