{"loss": [0.1048927754163742, 0.043198876082897186, 0.09273778647184372, 0.031332023441791534, 0.10075151175260544, 0.136834979057312], "accuracy": [0.9771875143051147, 0.9946874976158142, 0.9853125214576721, 0.9960156083106995, 0.985156238079071, 0.9756249785423279], "val_loss": [0.7979695200920105, 0.8217660784721375, 0.8309901356697083, 0.8507600426673889, 0.8426470756530762, 0.8318220376968384], "val_accuracy": [0.17195312678813934, 0.1704687476158142, 0.16984374821186066, 0.17140625417232513, 0.17070312798023224, 0.1692187488079071]}