{"loss": [0.18690700829029083, 0.09403859078884125, 0.07430443167686462, 0.07699929177761078, 0.117566779255867, 0.11409424990415573, 0.09148073941469193, 0.05081476271152496, 0.10223565995693207, 0.076903335750103, 0.07896427065134048, 0.07892702519893646], "accuracy": [0.9424999952316284, 0.9838281273841858, 0.987500011920929, 0.9866406321525574, 0.9772655963897705, 0.9771093726158142, 0.9809374809265137, 0.9908593893051147, 0.9772655963897705, 0.9815624952316284, 0.977343738079071, 0.9751562476158142], "val_loss": [0.6196218729019165, 0.6141871809959412, 0.6270805597305298, 0.6177423000335693, 0.6029788851737976, 0.5804893970489502, 0.5713907480239868, 0.5924818515777588, 0.5885791182518005, 0.6141571402549744, 0.6656742095947266, 0.743709921836853], "val_accuracy": [0.8217187523841858, 0.8209375143051147, 0.8207031488418579, 0.8240625262260437, 0.8257812261581421, 0.833203136920929, 0.8415625095367432, 0.8348437547683716, 0.8328906297683716, 0.8237500190734863, 0.817187488079071, 0.817187488079071]}