{"loss": [0.1379508525133133, 0.10569243133068085, 0.04374533146619797, 0.06075111776590347, 0.13273461163043976, 0.086197130382061, 0.09915243834257126, 0.086249940097332, 0.06213352084159851, 0.12431049346923828, 0.04516550153493881, 0.061405763030052185, 0.008027956821024418, 0.07451201975345612, 0.05976175144314766, 0.1399228274822235, 0.12023016065359116, 0.0765780508518219, 0.11717496067285538, 0.09783166646957397, 0.05871427059173584, 0.0980755165219307, 0.08039607107639313, 0.08019893616437912], "accuracy": [0.9587500095367432, 0.9819531440734863, 0.994921863079071, 0.9906250238418579, 0.9764843583106995, 0.9857031106948853, 0.983593761920929, 0.985546886920929, 0.9905468821525574, 0.9775000214576721, 0.9936718940734863, 0.9907812476158142, 1.0, 0.9876562356948853, 0.9907812476158142, 0.9730468988418579, 0.9767187237739563, 0.9867968559265137, 0.9770312309265137, 0.9821093678474426, 0.990234375, 0.9814843535423279, 0.9853125214576721, 0.9854687452316284], "val_loss": [0.5975615382194519, 0.5674387812614441, 0.5539803504943848, 0.5415633916854858, 0.5263063311576843, 0.5359656810760498, 0.5371147394180298, 0.5272237658500671, 0.5215781927108765, 0.503280520439148, 0.5064937472343445, 0.5027169585227966, 0.5068911910057068, 0.493540495634079, 0.4858267605304718, 0.47685706615448, 0.48075488209724426, 0.48123154044151306, 0.47359028458595276, 0.4782148599624634, 0.4790646731853485, 0.48032519221305847, 0.4760529398918152, 0.4806098937988281], "val_accuracy": [0.8179687261581421, 0.8186718821525574, 0.8204687237739563, 0.821093738079071, 0.8150781393051147, 0.8116406202316284, 0.8107030987739563, 0.8107030987739563, 0.8099218606948853, 0.8070312738418579, 0.8089062571525574, 0.8087499737739563, 0.8086718916893005, 0.8075000047683716, 0.8077343702316284, 0.7953125238418579, 0.7891406416893005, 0.788281261920929, 0.7840625047683716, 0.7828906178474426, 0.7811718583106995, 0.7791406512260437, 0.7769531011581421, 0.7748437523841858]}