{"loss": [0.21967415511608124, 0.05969490483403206, 0.12619437277317047, 0.12132658809423447, 0.10789965838193893, 0.14230556786060333, 0.13741017878055573, 0.06038858741521835, 0.08860553801059723, 0.1050010621547699, 0.03532164543867111, 0.028871381655335426, 0.059703752398490906, 0.025832509621977806, 0.07598421722650528, 0.07738463580608368, 0.12821638584136963], "accuracy": [0.919921875, 0.991406261920929, 0.9763281345367432, 0.9770312309265137, 0.9803906083106995, 0.9703124761581421, 0.971484363079071, 0.9899218678474426, 0.9810937643051147, 0.9767968654632568, 0.9947656393051147, 0.9952343702316284, 0.9875781536102295, 0.9957812428474426, 0.9809374809265137, 0.9780468940734863, 0.9576562643051147], "val_loss": [0.5672468543052673, 0.5659822225570679, 0.5602890849113464, 0.5387231111526489, 0.5194971561431885, 0.49279704689979553, 0.47178035974502563, 0.4611128866672516, 0.4469347894191742, 0.43823811411857605, 0.43041422963142395, 0.4234856367111206, 0.42494797706604004, 0.4299951195716858, 0.48671844601631165, 0.5508866310119629, 0.6418047547340393], "val_accuracy": [0.8208593726158142, 0.8209375143051147, 0.8209375143051147, 0.822265625, 0.8228124976158142, 0.8284375071525574, 0.8306249976158142, 0.8354687690734863, 0.8307031393051147, 0.8364062309265137, 0.8373437523841858, 0.8413281440734863, 0.8384374976158142, 0.8353124856948853, 0.8316406011581421, 0.8287500143051147, 0.8266406059265137]}