{"loss": [0.19793321192264557, 0.058683887124061584, 0.09914226830005646, 0.07152776420116425, 0.08860292285680771, 0.11697083711624146, 0.0707874521613121, 0.07518620043992996, 0.048273950815200806, 0.07011312246322632, 0.024374721571803093], "accuracy": [0.9292187690734863, 0.9907812476158142, 0.9814843535423279, 0.9868749976158142, 0.9819531440734863, 0.9723437428474426, 0.9856250286102295, 0.9807812571525574, 0.9896093606948853, 0.9818750023841858, 0.9952343702316284], "val_loss": [0.5627142190933228, 0.5469849109649658, 0.5198460221290588, 0.5016982555389404, 0.4760326147079468, 0.46321240067481995, 0.46882060170173645, 0.4775471091270447, 0.4894978702068329, 0.500508189201355, 0.49476948380470276], "val_accuracy": [0.822265625, 0.8223437666893005, 0.8265625238418579, 0.8303906321525574, 0.8371875286102295, 0.8342187404632568, 0.8307812213897705, 0.8291406035423279, 0.8284375071525574, 0.8204687237739563, 0.822265625]}