{"loss": [0.31839877367019653, 0.049583710730075836, 0.08718321472406387, 0.11560419946908951, 0.08656525611877441, 0.12811851501464844, 0.14863203465938568, 0.10824386775493622], "accuracy": [0.869140625, 0.9951562285423279, 0.9857812523841858, 0.98046875, 0.9866406321525574, 0.9771875143051147, 0.9727343916893005, 0.9814843535423279], "val_loss": [0.8555151224136353, 0.8528491854667664, 0.8464182019233704, 0.8593078851699829, 0.863070547580719, 0.8674613833427429, 0.8682738542556763, 0.8703368306159973], "val_accuracy": [0.1823437511920929, 0.1817968785762787, 0.17835937440395355, 0.17476563155651093, 0.1725781261920929, 0.16960936784744263, 0.1678124964237213, 0.1693750023841858]}