{"loss": [0.1837366819381714, 0.10743848979473114, 0.11355242878198624, 0.11142104864120483, 0.07778643071651459, 0.08295736461877823, 0.12141824513673782, 0.029727719724178314, 0.08802188187837601], "accuracy": [0.9426562786102295, 0.9801562428474426, 0.9775781035423279, 0.9761718511581421, 0.983593761920929, 0.9819531440734863, 0.9698437452316284, 0.995312511920929, 0.9767187237739563], "val_loss": [0.7052615284919739, 0.6902129650115967, 0.6689199209213257, 0.6547917723655701, 0.6675208806991577, 0.6852899789810181, 0.690778374671936, 0.6714020371437073, 0.7167499661445618], "val_accuracy": [0.16054686903953552, 0.8180468678474426, 0.8204687237739563, 0.821093738079071, 0.8180468678474426, 0.821093738079071, 0.8274999856948853, 0.8217968940734863, 0.19249999523162842]}