{"loss": [0.13683828711509705, 0.132858008146286, 0.10247483104467392, 0.06615925580263138, 0.08568490296602249, 0.13075023889541626, 0.142960324883461, 0.062150608748197556, 0.1221901923418045, 0.0997297465801239, 0.010332832112908363, 0.06796738505363464, 0.04655570164322853, 0.04592789337038994, 0.11935755610466003, 0.1163017526268959, 0.05021163821220398, 0.06100756302475929, 0.06714193522930145, 0.05057883262634277], "accuracy": [0.9644531011581421, 0.9753124713897705, 0.9817968606948853, 0.9887499809265137, 0.9846875071525574, 0.9744531512260437, 0.9685156345367432, 0.9903905987739563, 0.9750000238418579, 0.9786718487739563, 1.0, 0.9860156178474426, 0.9906250238418579, 0.9907031059265137, 0.9680469036102295, 0.964062511920929, 0.9864843487739563, 0.9833593964576721, 0.9805468916893005, 0.985546886920929], "val_loss": [0.5658731460571289, 0.5201431512832642, 0.5107860565185547, 0.4984276294708252, 0.4979200065135956, 0.5008456707000732, 0.5194805264472961, 0.491326242685318, 0.48770684003829956, 0.49984586238861084, 0.4900773763656616, 0.48680195212364197, 0.48426902294158936, 0.4827096462249756, 0.47443974018096924, 0.4755784869194031, 0.5009830594062805, 0.48205888271331787, 0.5130792856216431, 0.505897045135498], "val_accuracy": [0.8217187523841858, 0.8217187523841858, 0.8217187523841858, 0.8217187523841858, 0.8217187523841858, 0.8217187523841858, 0.8217968940734863, 0.8217187523841858, 0.8217187523841858, 0.8217968940734863, 0.8217187523841858, 0.8217968940734863, 0.8218749761581421, 0.8206250071525574, 0.8189062476158142, 0.8177343606948853, 0.8194531202316284, 0.8182812333106995, 0.8188281059265137, 0.8187500238418579]}