{"loss": [0.4137941598892212, 0.11062389612197876, 0.05938956141471863, 0.05284159630537033, 0.06803645193576813, 0.06875641644001007, 0.10077164322137833, 0.07723575085401535, 0.025629842653870583, 0.017831364646553993, 0.06064910814166069, 0.05408276244997978, 0.035342391580343246, 0.0610644668340683, 0.06292811036109924, 0.07124932110309601, 0.04515717923641205], "accuracy": [0.9647656083106995, 0.9732812643051147, 0.9847656488418579, 0.9862499833106995, 0.9808593988418579, 0.9805468916893005, 0.9683593511581421, 0.9776562452316284, 0.9948437213897705, 0.9956250190734863, 0.9834374785423279, 0.985546886920929, 0.9912499785423279, 0.9819531440734863, 0.9808593988418579, 0.9764062762260437, 0.9871875047683716], "val_loss": [0.6179981231689453, 0.600136935710907, 0.6039044857025146, 0.608139157295227, 0.613781213760376, 0.6188060641288757, 0.6247449517250061, 0.6313010454177856, 0.6323737502098083, 0.6351699829101562, 0.6390668153762817, 0.6452454924583435, 0.6480157971382141, 0.6539537310600281, 0.6607463955879211, 0.66790771484375, 0.6722158789634705], "val_accuracy": [0.8217187523841858, 0.8217187523841858, 0.8217187523841858, 0.8217187523841858, 0.8217187523841858, 0.8217187523841858, 0.8217187523841858, 0.8217187523841858, 0.8217187523841858, 0.8217187523841858, 0.8217187523841858, 0.8217187523841858, 0.8217187523841858, 0.8217968940734863, 0.8226562738418579, 0.8318750262260437, 0.8403906226158142]}