{"loss": [0.49843165278434753, 0.1850431114435196, 0.08233456313610077, 0.08828248828649521, 0.029284050688147545, 0.0670175775885582, 0.007878723554313183, 0.08322276920080185, 0.02680191956460476, 0.10207226872444153, 0.09969036281108856, 0.0954836905002594, 0.06610599160194397, 0.07458021491765976, 0.08260448276996613, 0.13189706206321716, 0.0865984559059143, 0.052734050899744034, 0.05166357383131981, 0.0739213228225708, 0.07043318450450897, 0.06111621484160423, 0.03241422399878502, 0.08547694981098175], "accuracy": [0.9268749952316284, 0.9588281512260437, 0.9817187786102295, 0.9772655963897705, 0.995312511920929, 0.9842968583106995, 1.0, 0.9803125262260437, 0.9950000047683716, 0.9742187261581421, 0.9728906154632568, 0.9730468988418579, 0.9833593964576721, 0.9806249737739563, 0.9771875143051147, 0.9619531035423279, 0.9755468964576721, 0.9860156178474426, 0.9864062666893005, 0.98046875, 0.9808593988418579, 0.983203113079071, 0.9925000071525574, 0.9762499928474426], "val_loss": [0.6134121417999268, 0.567503035068512, 0.565172016620636, 0.5647478699684143, 0.5623659491539001, 0.562833845615387, 0.5616705417633057, 0.5616515874862671, 0.5611653327941895, 0.5668141841888428, 0.5723350048065186, 0.5751504302024841, 0.5747053623199463, 0.5752801299095154, 0.5760427713394165, 0.5838290452957153, 0.5865591168403625, 0.5809838771820068, 0.5807854533195496, 0.5840980410575867, 0.5860720276832581, 0.5900931358337402, 0.5842940211296082, 0.5917438268661499], "val_accuracy": [0.8217187523841858, 0.8217187523841858, 0.8217187523841858, 0.8217187523841858, 0.8217187523841858, 0.8217187523841858, 0.8217187523841858, 0.8217187523841858, 0.8217187523841858, 0.8217187523841858, 0.8217187523841858, 0.8217187523841858, 0.8217187523841858, 0.8217187523841858, 0.8217968940734863, 0.8215625286102295, 0.8228124976158142, 0.824999988079071, 0.8264843821525574, 0.8310937285423279, 0.8314843773841858, 0.836718738079071, 0.8354687690734863, 0.8422656059265137]}