{"loss": [0.27144670486450195, 0.04272683709859848, 0.04845216125249863, 0.051765941083431244, 0.024173801764845848, 0.03421368449926376, 0.07409463077783585, 0.01502868253737688, 0.02116524614393711, 0.021920980885624886, 0.027405792847275734, 0.02016066387295723, 0.020328162238001823, 0.020230580121278763, 0.030395396053791046, 0.019518746063113213], "accuracy": [0.9578906297683716, 0.9854687452316284, 0.975781261920929, 0.9721093773841858, 0.9864843487739563, 0.9793750047683716, 0.9564843773841858, 0.9915624856948853, 0.987500011920929, 0.9869531393051147, 0.9836719036102295, 0.989062488079071, 0.9877343773841858, 0.9870312213897705, 0.9817968606948853, 0.9892187714576721], "val_loss": [0.6857699751853943, 0.6938436031341553, 0.6942594051361084, 0.6951314806938171, 0.6986881494522095, 0.7004740238189697, 0.6961503028869629, 0.6993460059165955, 0.7014152407646179, 0.7006171345710754, 0.698527455329895, 0.6974174976348877, 0.69826340675354, 0.6957561373710632, 0.6923834085464478, 0.6932991743087769], "val_accuracy": [0.8217187523841858, 0.8216406106948853, 0.8216406106948853, 0.8211718797683716, 0.8199218511581421, 0.8169531226158142, 0.8283593654632568, 0.8307812213897705, 0.8322656154632568, 0.8342187404632568, 0.8364062309265137, 0.8374999761581421, 0.8399218916893005, 0.8450781106948853, 0.8495312333106995, 0.8508594036102295]}