{"loss": [0.4853813648223877, 0.09088168293237686, 0.06510321795940399, 0.07330626249313354, 0.019349513575434685, 0.0039012685883790255, 0.020635059103369713, 0.024317272007465363, 0.042156659066677094, 0.011138293892145157, 0.03785738721489906, 0.020824987441301346, 0.04795408621430397, 0.03859098628163338, 0.025927001610398293, 0.055616021156311035], "accuracy": [0.8442968726158142, 0.983593761920929, 0.9742968678474426, 0.9693750143051147, 0.9942968487739563, 1.0, 0.9916406273841858, 0.9899218678474426, 0.981640636920929, 0.9957812428474426, 0.9825780987739563, 0.9911718964576721, 0.9780468940734863, 0.982421875, 0.9885156154632568, 0.9704687595367432], "val_loss": [0.6778082251548767, 0.7039551734924316, 0.7091416716575623, 0.7042610049247742, 0.7138954997062683, 0.7278308868408203, 0.7272968888282776, 0.7240695357322693, 0.7124232649803162, 0.7163688540458679, 0.7092682719230652, 0.7102465629577637, 0.6986720561981201, 0.6964451670646667, 0.6991443634033203, 0.697124183177948], "val_accuracy": [0.7772656083106995, 0.7760937213897705, 0.7805469036102295, 0.7951562404632568, 0.799609363079071, 0.7982031106948853, 0.8009374737739563, 0.8042187690734863, 0.8051562309265137, 0.8089843988418579, 0.8100781440734863, 0.8121874928474426, 0.8169531226158142, 0.8211718797683716, 0.8219531178474426, 0.8270312547683716]}