{"loss": [0.3934277296066284, 0.11515270918607712, 0.04286081716418266, 0.020078478381037712, 0.014308327808976173, 0.03854726627469063, 0.03513886034488678, 0.09019917249679565, 0.02954893186688423, 0.010752672329545021, 0.001597618218511343, 0.03659989684820175, 0.018189065158367157, 0.027224354445934296, 0.02346845343708992, 0.016878200694918633, 0.049075767397880554, 0.041479822248220444, 0.041288718581199646, 0.028235476464033127, 0.019120268523693085, 0.01904918998479843, 0.034735146909952164, 0.012774531729519367, 0.018812913447618484, 0.01825517602264881, 0.012925781309604645, 0.02372206747531891, 0.024270370602607727, 0.011864462867379189, 0.00033119821455329657, 0.016964586451649666], "accuracy": [0.9881250262260437, 0.9623437523841858, 0.9850000143051147, 0.993359386920929, 0.9948437213897705, 0.9860156178474426, 0.9858593940734863, 0.9600781202316284, 0.9867187738418579, 0.9955468773841858, 1.0, 0.983593761920929, 0.9916406273841858, 0.986328125, 0.9892187714576721, 0.9927343726158142, 0.9746875166893005, 0.9785937666893005, 0.9782812595367432, 0.9853125214576721, 0.9911718964576721, 0.9905468821525574, 0.9833593964576721, 0.9944531321525574, 0.990234375, 0.9906250238418579, 0.9934375286102295, 0.989062488079071, 0.9896093606948853, 0.9946093559265137, 1.0, 0.9919531345367432], "val_loss": [0.7321020364761353, 0.7828218936920166, 0.8106015920639038, 0.8360732793807983, 0.8533691167831421, 0.8260407447814941, 0.7952332496643066, 0.7514046430587769, 0.7469552755355835, 0.761065661907196, 0.7735440731048584, 0.7410510182380676, 0.738711416721344, 0.733613908290863, 0.7230358123779297, 0.7237737774848938, 0.7097129225730896, 0.7149502038955688, 0.713951587677002, 0.7200720906257629, 0.7270154356956482, 0.72913658618927, 0.7410183548927307, 0.7463392019271851, 0.7607942819595337, 0.7648441791534424, 0.7721476554870605, 0.7862100005149841, 0.8048980236053467, 0.8051368594169617, 0.8136218190193176, 0.8169563412666321], "val_accuracy": [0.8081250190734863, 0.817578136920929, 0.8174218535423279, 0.8192187547683716, 0.8204687237739563, 0.8240625262260437, 0.8236718773841858, 0.8279687762260437, 0.8311718702316284, 0.8313281536102295, 0.8314843773841858, 0.8346093893051147, 0.8366405963897705, 0.834765613079071, 0.8378124833106995, 0.83984375, 0.842968761920929, 0.842578113079071, 0.842968761920929, 0.8418750166893005, 0.8427343964576721, 0.8434374928474426, 0.8450781106948853, 0.8462499976158142, 0.8439843654632568, 0.8444530963897705, 0.8436718583106995, 0.8427343964576721, 0.844921886920929, 0.8457812666893005, 0.8440625071525574, 0.8475781083106995]}