{"loss": [0.557558536529541, 0.1593967080116272, 0.060078881680965424, 0.08875605463981628, 0.06348329037427902, 0.08996779471635818, 0.041673693805933, 0.06692322343587875, 0.055191993713378906, 0.08145742118358612, 0.07087589055299759, 0.07112642377614975, 0.021653931587934494, 0.0545954592525959, 0.06522202491760254, 0.06551918387413025, 0.05219065025448799, 0.08279314637184143], "accuracy": [0.8238281011581421, 0.9854687452316284, 0.9859374761581421, 0.9759374856948853, 0.9837499856948853, 0.9761718511581421, 0.9900781512260437, 0.9818750023841858, 0.9857031106948853, 0.9763281345367432, 0.9821875095367432, 0.9801562428474426, 0.9961718916893005, 0.9857031106948853, 0.9808593988418579, 0.9809374809265137, 0.9853906035423279, 0.9751562476158142], "val_loss": [0.6223424673080444, 0.5677201747894287, 0.5669105052947998, 0.567851722240448, 0.5685219764709473, 0.5693928003311157, 0.5708539485931396, 0.572825014591217, 0.574593186378479, 0.57635897397995, 0.5786511301994324, 0.579593300819397, 0.5774774551391602, 0.5792002081871033, 0.5811437368392944, 0.5846477746963501, 0.5877947807312012, 0.5917980074882507], "val_accuracy": [0.8237500190734863, 0.8227343559265137, 0.8228906393051147, 0.8242968916893005, 0.8258593678474426, 0.8271093964576721, 0.8290625214576721, 0.8309375047683716, 0.8341405987739563, 0.8374218940734863, 0.8378124833106995, 0.8392187356948853, 0.839062511920929, 0.8401562571525574, 0.8433593511581421, 0.844921886920929, 0.845703125, 0.8491406440734863]}