{"loss": [0.6392130255699158, 0.38653144240379333, 0.10364235192537308, 0.06107870489358902, 0.048204291611909866, 0.03418850898742676, 0.031331609934568405, 0.022579262033104897, 0.010237867012619972, 0.0442943274974823, 0.035107020288705826, 0.02641298994421959, 0.023932142183184624, 0.030058637261390686, 0.02296062931418419, 0.04869489744305611, 0.008920358493924141, 0.038001030683517456, 0.04602726921439171, 0.03177100047469139, 0.026958024129271507, 0.05078843608498573, 0.023289203643798828, 0.013152619823813438, 0.00739364605396986], "accuracy": [0.9507031440734863, 0.9862499833106995, 0.9857812523841858, 0.9810156226158142, 0.9825000166893005, 0.9879687428474426, 0.9864062666893005, 0.9904687404632568, 0.99609375, 0.9800781011581421, 0.9842187762260437, 0.9882031083106995, 0.990234375, 0.9839843511581421, 0.9889062643051147, 0.9760156273841858, 0.9961718916893005, 0.9814843535423279, 0.9781249761581421, 0.983593761920929, 0.9871875047683716, 0.974609375, 0.9896875023841858, 0.9931250214576721, 0.9956250190734863], "val_loss": [0.6188536286354065, 0.43828892707824707, 0.4377315938472748, 0.4038989543914795, 0.38612157106399536, 0.38523632287979126, 0.38216158747673035, 0.38451695442199707, 0.3872295320034027, 0.3751889765262604, 0.379638671875, 0.39802759885787964, 0.38952988386154175, 0.382407009601593, 0.3827309012413025, 0.38977518677711487, 0.3980382978916168, 0.39161646366119385, 0.39113524556159973, 0.39847496151924133, 0.4038292169570923, 0.4001304507255554, 0.3982754945755005, 0.40674495697021484, 0.40936461091041565], "val_accuracy": [0.8217187523841858, 0.8217187523841858, 0.8217187523841858, 0.8192187547683716, 0.8257812261581421, 0.8297656178474426, 0.8326562643051147, 0.8403124809265137, 0.8416406512260437, 0.8337500095367432, 0.8285937309265137, 0.8262500166893005, 0.826171875, 0.8298437595367432, 0.828906238079071, 0.8274999856948853, 0.8263280987739563, 0.8271874785423279, 0.8258593678474426, 0.8258593678474426, 0.8235156536102295, 0.8274999856948853, 0.8280468583106995, 0.8282812237739563, 0.828125]}