{"loss": [1.6616915464401245, 0.9545007348060608, 0.6032944321632385, 0.39587947726249695, 0.3901826739311218, 0.4774615466594696, 0.5486007928848267, 0.2474253624677658, 0.4221042990684509, 0.3094058930873871, 0.2931968867778778, 0.29248854517936707, 0.25298309326171875, 0.24675023555755615, 0.2137005776166916, 0.19365495443344116, 0.19016729295253754, 0.16445384919643402, 0.18761993944644928, 0.21322759985923767, 0.2792094349861145, 0.17336471378803253, 0.17100714147090912, 0.22513166069984436, 0.19307327270507812, 0.133759543299675, 0.14834214746952057, 0.14644481241703033, 0.18519987165927887, 0.10781845450401306, 0.16853176057338715, 0.09104346483945847, 0.11379456520080566, 0.1634194701910019, 0.1514405608177185, 0.08690936863422394, 0.16191023588180542, 0.2701658606529236, 0.08723165839910507, 0.1977345496416092, 0.12115750461816788, 0.07540716975927353, 0.1917477399110794, 0.11018627136945724, 0.14481182396411896, 0.14716650545597076, 0.21554642915725708, 0.10601377487182617, 0.15530090034008026, 0.13087855279445648, 0.14038467407226562, 0.2101154327392578, 0.1880515217781067, 0.18979854881763458, 0.1512012928724289, 0.13903844356536865, 0.10351153463125229, 0.18510371446609497, 0.10412879288196564, 0.11681324988603592, 0.12607872486114502, 0.11533405631780624, 0.10410959273576736, 0.17379583418369293, 0.10380459576845169, 0.15992042422294617, 0.13851800560951233, 0.11347456276416779, 0.23683491349220276, 0.1347421258687973, 0.14794109761714935, 0.14852358400821686, 0.17274150252342224, 0.11264988780021667, 0.10185950249433517, 0.08024422824382782, 0.16953890025615692, 0.16684605181217194, 0.10083665698766708, 0.06724994629621506, 0.13300371170043945, 0.12042441219091415, 0.14625118672847748, 0.11063935607671738, 0.15698599815368652, 0.07847598195075989, 0.14551550149917603, 0.12231550365686417, 0.2105189859867096, 0.13074009120464325, 0.15420454740524292, 0.16605712473392487, 0.07481598109006882, 0.2212786227464676, 0.15409652888774872, 0.1321161538362503, 0.06578195840120316, 0.13352875411510468, 0.15348294377326965, 0.10901301354169846, 0.13170626759529114, 0.14140257239341736, 0.1312212198972702, 0.16391299664974213, 0.15380898118019104, 0.12053383886814117, 0.15377455949783325, 0.11118479073047638, 0.11880401521921158, 0.11871394515037537, 0.13063521683216095, 0.15343374013900757, 0.13006697595119476, 0.12060359865427017, 0.11871593445539474, 0.12902617454528809, 0.12964634597301483, 0.09726420044898987, 0.12925000488758087], "acurracy": [0.5927343964576721, 0.8739843964576721, 0.8889062404632568, 0.9321093559265137, 0.9241406321525574, 0.8968750238418579, 0.8648437261581421, 0.9496874809265137, 0.8819531202316284, 0.908203125, 0.8982031345367432, 0.8916406035423279, 0.9042187333106995, 0.9038281440734863, 0.9131249785423279, 0.9203906059265137, 0.9217187762260437, 0.9301562309265137, 0.9174218773841858, 0.9007031321525574, 0.8707031011581421, 0.9192968606948853, 0.918749988079071, 0.8916406035423279, 0.9064843654632568, 0.9338281154632568, 0.9245312213897705, 0.9305468797683716, 0.908203125, 0.9469531178474426, 0.9140625, 0.9530468583106995, 0.9421093463897705, 0.916015625, 0.9219531416893005, 0.9539843797683716, 0.9140625, 0.8564843535423279, 0.9552343487739563, 0.8984375, 0.9371093511581421, 0.9618750214576721, 0.8989843726158142, 0.9428125023841858, 0.9243749976158142, 0.9240624904632568, 0.8854687213897705, 0.9420312643051147, 0.917187511920929, 0.9306250214576721, 0.9214062690734863, 0.8873437643051147, 0.8981249928474426, 0.8987500071525574, 0.9197656512260437, 0.9243749976158142, 0.9439062476158142, 0.9028124809265137, 0.9423437714576721, 0.9342968463897705, 0.9302343726158142, 0.9368749856948853, 0.9449999928474426, 0.9071875214576721, 0.9431250095367432, 0.9142968654632568, 0.9253906011581421, 0.9371874928474426, 0.8700781464576721, 0.9258593916893005, 0.9192968606948853, 0.918749988079071, 0.9063281416893005, 0.9390624761581421, 0.9452343583106995, 0.9556249976158142, 0.907421886920929, 0.9097656011581421, 0.9449999928474426, 0.964062511920929, 0.9272656440734863, 0.934765636920929, 0.9209374785423279, 0.9392969012260437, 0.9142968654632568, 0.9572656154632568, 0.9215624928474426, 0.9323437213897705, 0.8883593678474426, 0.9272656440734863, 0.9185937643051147, 0.9086718559265137, 0.9588281512260437, 0.8803906440734863, 0.9159374833106995, 0.9294531345367432, 0.9653906226158142, 0.9289844036102295, 0.9163281321525574, 0.940625011920929, 0.9307031035423279, 0.9228906035423279, 0.9300781488418579, 0.9117968678474426, 0.9182812571525574, 0.9329687356948853, 0.9165624976158142, 0.9417187571525574, 0.9362499713897705, 0.9361718893051147, 0.9317968487739563, 0.9157812595367432, 0.9299218654632568, 0.9333593845367432, 0.9364843964576721, 0.9287499785423279, 0.9299218654632568, 0.9481250047683716, 0.9300000071525574], "val_loss": [1.8758007287979126, 3.048705816268921, 3.4088666439056396, 3.4585790634155273, 3.3953657150268555, 2.8379244804382324, 2.4547739028930664, 2.7230918407440186, 2.1631526947021484, 2.0230977535247803, 1.8232455253601074, 1.6220884323120117, 1.7068554162979126, 1.5607788562774658, 1.5358580350875854, 1.455082893371582, 1.4115760326385498, 1.4328254461288452, 1.403407335281372, 1.3530925512313843, 1.321546196937561, 1.3177984952926636, 1.3134297132492065, 1.2919977903366089, 1.2679842710494995, 1.2873121500015259, 1.2602382898330688, 1.2517510652542114, 1.2332539558410645, 1.242813229560852, 1.229819893836975, 1.2389063835144043, 1.2351555824279785, 1.2138878107070923, 1.2134629487991333, 1.2146540880203247, 1.1985121965408325, 1.189650297164917, 1.1976587772369385, 1.1850630044937134, 1.1867001056671143, 1.1874423027038574, 1.174699068069458, 1.1826627254486084, 1.1673928499221802, 1.1662272214889526, 1.1635276079177856, 1.1658844947814941, 1.1579095125198364, 1.1647762060165405, 1.163220763206482, 1.1478838920593262, 1.1563105583190918, 1.1529675722122192, 1.146910548210144, 1.1453051567077637, 1.146378755569458, 1.146493673324585, 1.1492376327514648, 1.1416542530059814, 1.1476953029632568, 1.1352534294128418, 1.1427358388900757, 1.133899211883545, 1.132509708404541, 1.1337021589279175, 1.1344856023788452, 1.131587028503418, 1.1279491186141968, 1.1350641250610352, 1.1303645372390747, 1.1302505731582642, 1.124642252922058, 1.129043698310852, 1.1279891729354858, 1.1312050819396973, 1.127451777458191, 1.1268624067306519, 1.1222500801086426, 1.127468466758728, 1.1251702308654785, 1.1223530769348145, 1.1180189847946167, 1.1180787086486816, 1.11448073387146, 1.120313048362732, 1.1194231510162354, 1.117983102798462, 1.1180150508880615, 1.1190050840377808, 1.119767665863037, 1.1201168298721313, 1.1204770803451538, 1.1148494482040405, 1.1144583225250244, 1.114119291305542, 1.1175819635391235, 1.1166037321090698, 1.116125464439392, 1.117122769355774, 1.1144225597381592, 1.1111769676208496, 1.1140230894088745, 1.1024320125579834, 1.1043320894241333, 1.1030784845352173, 1.1062045097351074, 1.106290340423584, 1.1027148962020874, 1.1071953773498535, 1.1060065031051636, 1.1183334589004517, 1.1041971445083618, 1.108180046081543, 1.1078444719314575, 1.1073317527770996, 1.1137549877166748, 1.117846965789795, 1.107980489730835],