{"loss": [1.315213680267334, 0.38480159640312195, 0.3279359042644501, 0.15387918055057526, 0.20369300246238708, 0.19888637959957123, 0.24890723824501038, 0.20357370376586914, 0.286886602640152, 0.14102743566036224, 0.21958069503307343, 0.21277698874473572, 0.14269274473190308, 0.22730909287929535, 0.23267154395580292, 0.18323053419589996], "acurracy": [0.5985937714576721, 0.8971874713897705, 0.8735156059265137, 0.9421093463897705, 0.9160937666893005, 0.9164843559265137, 0.8924999833106995, 0.9090625047683716, 0.8692187666893005, 0.9350000023841858, 0.897265613079071, 0.9010937213897705, 0.9356250166893005, 0.8951562643051147, 0.8915625214576721, 0.9134374856948853], "val_loss": [1.7837430238723755, 1.9404826164245605, 1.9962574243545532, 2.064145088195801, 2.056884765625, 2.0895097255706787, 2.1053760051727295, 2.185333490371704, 2.2721219062805176, 2.3842287063598633, 2.5283877849578857, 2.7469515800476074, 2.8874824047088623, 3.156984567642212, 3.4295296669006348, 3.697180986404419], "val_acurracy": [0.22554688155651093, 0.1731249988079071, 0.16875000298023224, 0.16890625655651093, 0.16625000536441803, 0.1700781285762787, 0.17023438215255737, 0.17023438215255737, 0.16539062559604645, 0.16062499582767487, 0.1361718773841858, 0.10773437470197678, 0.09468749910593033, 0.06390625238418579, 0.05070312321186066, 0.041328124701976776]}