{"loss": [1.4367305040359497, 0.5196458697319031, 0.4042087495326996, 0.3720279932022095, 0.2918928265571594, 0.17002750933170319, 0.16990599036216736, 0.3040735125541687, 0.3024693727493286, 0.1822192221879959, 0.27674615383148193, 0.35998040437698364, 0.2948681116104126, 0.2882905602455139, 0.27642932534217834, 0.2563890218734741], "acurracy": [0.6928125023841858, 0.8804687261581421, 0.8745312690734863, 0.8819531202316284, 0.9096875190734863, 0.9493749737739563, 0.9485937356948853, 0.9013281464576721, 0.8988281488418579, 0.9427343606948853, 0.9080469012260437, 0.8746874928474426, 0.8966405987739563, 0.8998437523841858, 0.8996875286102295, 0.9076562523841858], "val_loss": [1.7944936752319336, 2.5198960304260254, 2.8168294429779053, 2.920259475708008, 3.0550856590270996, 3.3388962745666504, 3.4288930892944336, 3.2642199993133545, 3.3488101959228516, 3.611143112182617, 3.6242032051086426, 3.602945327758789, 3.7669906616210938, 3.881117343902588, 4.069130897521973, 4.142701625823975], "val_acurracy": [0.19164063036441803, 0.17531250417232513, 0.17210938036441803, 0.16914062201976776, 0.16929687559604645, 0.17015625536441803, 0.16570311784744263, 0.16710937023162842, 0.16765624284744263, 0.16875000298023224, 0.16640624403953552, 0.16687500476837158, 0.16945312917232513, 0.16773436963558197, 0.16960936784744263, 0.16929687559604645]}