{"loss": [1.5425571203231812, 1.0325384140014648, 0.6755265593528748, 0.7310166954994202, 0.6860379576683044, 0.6180098652839661, 0.5798482298851013, 0.5242615342140198, 0.5369215607643127, 0.30892178416252136, 0.3305516541004181, 0.6684237122535706, 0.49760618805885315, 0.6290892958641052, 0.3921588659286499, 0.5905513167381287], "acurracy": [0.6357812285423279, 0.907421886920929, 0.8991405963897705, 0.8506249785423279, 0.8595312237739563, 0.8756250143051147, 0.884765625, 0.899609386920929, 0.893359363079071, 0.9506250023841858, 0.9431250095367432, 0.8577343821525574, 0.8987500071525574, 0.8589843511581421, 0.9259374737739563, 0.8669531345367432], "val_loss": [1.8715053796768188, 2.1814661026000977, 2.7164664268493652, 2.908365249633789, 2.9474785327911377, 3.037050247192383, 3.124713182449341, 3.188230514526367, 3.211649179458618, 3.5185892581939697, 3.5586671829223633, 3.190370559692383, 3.228768825531006, 3.1582746505737305, 3.3402435779571533, 3.1954843997955322], "val_acurracy": [0.16734375059604645, 0.1661718785762787, 0.1665624976158142, 0.1681250035762787, 0.1686718761920929, 0.16757813096046448, 0.16734375059604645, 0.16882812976837158, 0.16890625655651093, 0.16632813215255737, 0.1685156226158142, 0.17015625536441803, 0.16898436844348907, 0.17031249403953552, 0.1693750023841858, 0.16875000298023224]}