{"loss": [1.7423237562179565, 1.4243167638778687, 0.7239227890968323, 0.40473097562789917, 0.2763754427433014, 0.12679332494735718, 0.25050413608551025, 0.1860712170600891, 0.25599563121795654, 0.26881030201911926, 0.21166056394577026, 0.2095721960067749, 0.14344057440757751, 0.13782137632369995, 0.17298978567123413, 0.1429900825023651, 0.16940142214298248, 0.16557924449443817, 0.19077320396900177, 0.13061290979385376, 0.15216417610645294, 0.16453027725219727, 0.13900932669639587, 0.24636834859848022, 0.13463805615901947, 0.18670211732387543, 0.12082583457231522, 0.14470262825489044, 0.1561099737882614, 0.06033776327967644, 0.15591201186180115, 0.1762828677892685, 0.13216890394687653, 0.08143718540668488, 0.23591431975364685, 0.15254628658294678, 0.16619426012039185, 0.22174303233623505, 0.11595124006271362, 0.140550434589386, 0.1503937840461731, 0.15192466974258423, 0.1288210153579712, 0.15031471848487854, 0.12869323790073395, 0.09173595160245895, 0.13791409134864807, 0.12521135807037354, 0.18102382123470306, 0.1025361642241478, 0.17543239891529083, 0.17144271731376648, 0.11341413855552673, 0.14927498996257782, 0.1369953453540802, 0.13388770818710327, 0.1687876284122467, 0.1111498475074768, 0.18108992278575897, 0.07826188951730728, 0.2129567712545395, 0.11303582787513733, 0.15977053344249725, 0.2031366378068924, 0.12434938549995422, 0.1888127475976944, 0.14355184137821198, 0.15376849472522736, 0.13373802602291107, 0.13013797998428345, 0.12291986495256424, 0.08842506259679794, 0.1453675627708435, 0.21943782269954681, 0.16588212549686432, 0.12116504460573196, 0.11949644982814789, 0.1543470025062561, 0.11865260452032089, 0.09745825827121735, 0.1299303025007248, 0.06640894711017609, 0.09973815828561783, 0.12061905860900879, 0.131325364112854, 0.13169978559017181, 0.11057325452566147, 0.2092772126197815, 0.15240919589996338, 0.13989609479904175, 0.1847265064716339, 0.05374237895011902, 0.1733536571264267, 0.1293995976448059, 0.08625827729701996, 0.171931192278862, 0.18574154376983643, 0.1194547489285469, 0.1516653299331665, 0.1415972113609314, 0.12982308864593506, 0.12940387427806854, 0.10597088187932968, 0.19124434888362885, 0.04323739558458328, 0.18197903037071228, 0.1276838183403015, 0.11922773718833923, 0.15974292159080505, 0.15818507969379425, 0.08463632315397263, 0.11935540288686752], "acurracy": [0.6524999737739563, 0.8809375166893005, 0.8854687213897705, 0.8856250047683716, 0.911328136920929, 0.9604687690734863, 0.9096093773841858, 0.9278125166893005, 0.8941406011581421, 0.8799999952316284, 0.9049218893051147, 0.9018750190734863, 0.9356250166893005, 0.9330468773841858, 0.9169531464576721, 0.9306250214576721, 0.9156249761581421, 0.9164062738418579, 0.9049999713897705, 0.9342968463897705, 0.9222656488418579, 0.9171093702316284, 0.9295312762260437, 0.8684375286102295, 0.9302343726158142, 0.9014843702316284, 0.9378906488418579, 0.9246875047683716, 0.9174218773841858, 0.96875, 0.9185156226158142, 0.9039843678474426, 0.9297656416893005, 0.9561718702316284, 0.8737499713897705, 0.9196093678474426, 0.9110156297683716, 0.8814062476158142, 0.9379687309265137, 0.9237499833106995, 0.9214843511581421, 0.9182031154632568, 0.9318749904632568, 0.9183593988418579, 0.9303905963897705, 0.9529687762260437, 0.9260937571525574, 0.9321874976158142, 0.9017968773841858, 0.9452343583106995, 0.9072656035423279, 0.905468761920929, 0.9379687309265137, 0.919140636920929, 0.9254687428474426, 0.9274218678474426, 0.9086718559265137, 0.9390624761581421, 0.9010156393051147, 0.9580468535423279, 0.8844531178474426, 0.9401562213897705, 0.9138281345367432, 0.8907812237739563, 0.9313281178474426, 0.8984375, 0.923046886920929, 0.9167187213897705, 0.9284374713897705, 0.9312499761581421, 0.9351562261581421, 0.9525781273841858, 0.9210156202316284, 0.8838281035423279, 0.9121875166893005, 0.934765636920929, 0.9357812404632568, 0.9189843535423279, 0.9374218583106995, 0.9487500190734863, 0.9292968511581421, 0.963671863079071, 0.9474999904632568, 0.9345312714576721, 0.9292187690734863, 0.9251562356948853, 0.9396093487739563, 0.8884375095367432, 0.9185937643051147, 0.92578125, 0.8989062309265137, 0.9717968702316284, 0.9073437452316284, 0.9306250214576721, 0.9536718726158142, 0.9094531536102295, 0.8982031345367432, 0.935546875, 0.9201562404632568, 0.9242968559265137, 0.9312499761581421, 0.9292187690734863, 0.9432031512260437, 0.8977344036102295, 0.977734386920929, 0.9008593559265137, 0.931640625, 0.9333593845367432, 0.9158594012260437, 0.9144531488418579, 0.9546093940734863, 0.9349218606948853], "val_loss": [1.7433232069015503, 1.7533589601516724, 1.9249660968780518, 1.8501123189926147, 1.766198992729187, 1.7646466493606567, 1.6012945175170898, 1.531138300895691, 1.425016164779663, 1.351162314414978, 1.3298256397247314, 1.292794942855835, 1.2876439094543457, 1.2780349254608154, 1.2663332223892212, 1.2524135112762451, 1.2417094707489014, 1.232802391052246, 1.2187087535858154, 1.2171798944473267, 1.2084559202194214, 1.197608232498169, 1.1934350728988647, 1.1865612268447876, 1.1898350715637207, 1.1807533502578735, 1.180777668952942, 1.1798052787780762, 1.1739391088485718, 1.17978036403656, 1.1794358491897583, 1.1701133251190186, 1.1689280271530151, 1.1685904264450073, 1.1614419221878052, 1.159803867340088, 1.1527392864227295, 1.1539393663406372, 1.1586452722549438, 1.1579318046569824, 1.1558421850204468, 1.1510658264160156, 1.155249834060669, 1.1497477293014526, 1.153764009475708, 1.153334140777588, 1.146941065788269, 1.1479698419570923, 1.1473076343536377, 1.1501506567001343, 1.1415551900863647, 1.1468870639801025, 1.1450564861297607, 1.1406811475753784, 1.1384049654006958, 1.137243390083313, 1.1376900672912598, 1.1421473026275635, 1.13462233543396, 1.136975884437561, 1.1371490955352783, 1.1410226821899414, 1.135047197341919, 1.139666199684143, 1.1430158615112305, 1.1299911737442017, 1.1339154243469238, 1.1317981481552124, 1.1369149684906006, 1.1349023580551147, 1.1346412897109985, 1.1345669031143188, 1.1258153915405273, 1.1321959495544434, 1.1318162679672241, 1.1289020776748657, 1.1309857368469238, 1.131609320640564, 1.1335867643356323, 1.1295799016952515, 1.1251589059829712, 1.1314048767089844, 1.1253496408462524, 1.1240472793579102, 1.1241954565048218, 1.1291085481643677, 1.1281461715698242, 1.1195164918899536, 1.1301541328430176, 1.12720787525177, 1.1329692602157593, 1.1276549100875854, 1.1281139850616455, 1.129624843597412, 1.1282649040222168, 1.127671718597412, 1.118310570716858, 1.12022864818573, 1.1278079748153687, 1.1192740201950073, 1.1224292516708374, 1.1259595155715942, 1.1291545629501343, 1.1295654773712158, 1.1229702234268188, 1.122012734413147, 1.1199486255645752, 1.1230732202529907, 1.1205060482025146, 1.1202025413513184, 1.1193711757659912, 1.1229503154754639],