{"loss": [1.1539990901947021, 0.23534072935581207, 0.2230999916791916, 0.114384725689888, 0.273273766040802, 0.1878959834575653, 0.2038220465183258, 0.23545603454113007, 0.2137191742658615, 0.22626905143260956, 0.1325359344482422, 0.12733209133148193, 0.24768508970737457, 0.1728496551513672, 0.1513061374425888, 0.23011751472949982], "acurracy": [0.765625, 0.9298437237739563, 0.9137499928474426, 0.9572656154632568, 0.8903906345367432, 0.9234374761581421, 0.9168750047683716, 0.9007031321525574, 0.9066406488418579, 0.9002344012260437, 0.9421093463897705, 0.9427343606948853, 0.8852343559265137, 0.9203125238418579, 0.931640625, 0.8921874761581421], "val_loss": [1.820054054260254, 2.2172038555145264, 2.357471227645874, 2.502521276473999, 2.4774117469787598, 2.5388376712799072, 2.5919272899627686, 2.6380977630615234, 2.741443157196045, 2.7947776317596436, 2.9363417625427246, 3.0030572414398193, 3.0436792373657227, 3.1886467933654785, 3.288059949874878, 3.4045915603637695], "val_acurracy": [0.20617187023162842, 0.17429687082767487, 0.16914062201976776, 0.16820313036441803, 0.16625000536441803, 0.16523437201976776, 0.1693750023841858, 0.16929687559604645, 0.16914062201976776, 0.16945312917232513, 0.1692187488079071, 0.16640624403953552, 0.16124999523162842, 0.15492187440395355, 0.1471875011920929, 0.13046875596046448]}