{"loss": [1.6127439737319946, 0.96185702085495, 0.5704604983329773, 0.49030864238739014, 0.42291316390037537, 0.3799850344657898, 0.502760112285614, 0.4435161352157593, 0.4902699589729309, 0.3785901963710785, 0.2671395540237427, 0.37705519795417786, 0.3411656320095062, 0.3880508840084076, 0.25185129046440125, 0.33507928252220154], "acurracy": [0.5161718726158142, 0.8788281083106995, 0.864062488079071, 0.8832812309265137, 0.9019531011581421, 0.9164062738418579, 0.8748437762260437, 0.8919531106948853, 0.8739843964576721, 0.9107812643051147, 0.9409375190734863, 0.9080469012260437, 0.916796863079071, 0.9000781178474426, 0.9421093463897705, 0.9178906083106995], "val_loss": [1.7929737567901611, 2.388049840927124, 3.1692874431610107, 3.493302345275879, 3.508089542388916, 3.6918740272521973, 3.505398750305176, 3.644589900970459, 3.6848397254943848, 3.9409167766571045, 4.1462931632995605, 4.226138114929199, 4.278839111328125, 4.325221061706543, 4.524754524230957, 4.532635688781738], "val_acurracy": [0.17335937917232513, 0.16593749821186066, 0.16765624284744263, 0.16765624284744263, 0.16835936903953552, 0.16695313155651093, 0.1678124964237213, 0.16859374940395355, 0.16968749463558197, 0.16835936903953552, 0.16718749701976776, 0.1678124964237213, 0.16875000298023224, 0.16828125715255737, 0.1704687476158142, 0.166015625]}