{"loss": [0.07703935354948044, 0.09910690039396286, 0.028197310864925385, 0.034850072115659714, 0.07505276054143906, 0.10216686874628067, 0.060054708272218704, 0.06261773407459259, 0.044119592756032944, 0.06014182046055794, 0.07190228253602982], "accuracy": [0.9850000143051147, 0.9840624928474426, 0.9965624809265137, 0.9956250190734863, 0.989062488079071, 0.9834374785423279, 0.9909374713897705, 0.9887499809265137, 0.9937499761581421, 0.9903125166893005, 0.9865624904632568], "val_loss": [0.3954721689224243, 0.490352064371109, 0.36932140588760376, 0.354926198720932, 0.3399922251701355, 0.31632328033447266, 0.3464716076850891, 0.3507799506187439, 0.37169837951660156, 0.38113006949424744, 0.362432599067688], "val_accuracy": [0.9068750143051147, 0.9068750143051147, 0.9068750143051147, 0.9068750143051147, 0.9068750143051147, 0.9068750143051147, 0.9068750143051147, 0.9068750143051147, 0.9068750143051147, 0.9068750143051147, 0.9068750143051147]}