{"loss": [0.06401912868022919, 0.099354088306427, 0.04522356018424034, 0.055038198828697205, 0.0832875669002533, 0.024546273052692413, 0.05608658865094185, 0.05453453212976456, 0.053611598908901215, 0.05529245361685753, 0.07012277841567993, 0.06292447447776794], "accuracy": [0.984375, 0.984375, 0.9934375286102295, 0.9918749928474426, 0.984375, 0.9965624809265137, 0.9921875, 0.9934375286102295, 0.9918749928474426, 0.9915624856948853, 0.9896875023841858, 0.9903125166893005], "val_loss": [0.6609761118888855, 0.6477598547935486, 0.6853207945823669, 0.6742334961891174, 0.6070554852485657, 0.6858598589897156, 0.5848315954208374, 0.6005722880363464, 0.6406195759773254, 0.7199153304100037, 0.8655686974525452, 0.8014866709709167], "val_accuracy": [0.9068750143051147, 0.9068750143051147, 0.9068750143051147, 0.9068750143051147, 0.9068750143051147, 0.9068750143051147, 0.9068750143051147, 0.9068750143051147, 0.9068750143051147, 0.9068750143051147, 0.20531250536441803, 0.9068750143051147]}