{"loss": [0.13569170236587524, 0.0712583065032959, 0.06578143686056137, 0.031514182686805725, 0.05367230251431465, 0.05005643889307976, 0.046050362288951874, 0.09702587872743607, 0.05539491027593613, 0.06089282035827637, 0.057817406952381134, 0.08409224450588226, 0.017215730622410774, 0.03350992128252983, 0.009041341952979565, 0.05187753215432167], "accuracy": [0.9674999713897705, 0.9903125166893005, 0.9903125166893005, 0.9962499737739563, 0.9931250214576721, 0.9925000071525574, 0.9931250214576721, 0.981249988079071, 0.9912499785423279, 0.989062488079071, 0.9903125166893005, 0.9831249713897705, 0.9965624809265137, 0.9931250214576721, 0.9984375238418579, 0.9853125214576721], "val_loss": [0.5213289856910706, 0.5261291265487671, 0.5888465046882629, 0.5351451635360718, 0.5232229232788086, 0.4549753665924072, 0.37715432047843933, 0.379815012216568, 0.4085329473018646, 0.30139628052711487, 0.2832898199558258, 0.30847713351249695, 0.3438493013381958, 0.2926730811595917, 1.4682655334472656, 1.7147130966186523], "val_accuracy": [0.9068750143051147, 0.9068750143051147, 0.9068750143051147, 0.9068750143051147, 0.9068750143051147, 0.9068750143051147, 0.9068750143051147, 0.9068750143051147, 0.9068750143051147, 0.9071875214576721, 0.9024999737739563, 0.8981249928474426, 0.8965625166893005, 0.8971874713897705, 0.20000000298023224, 0.1940625011920929]}