{"loss": [0.05376790836453438, 0.04568873718380928, 0.06385787576436996, 0.06688153743743896, 0.06974432617425919, 0.007296223659068346, 0.041233405470848083, 0.02907046303153038, 0.053011342883110046, 0.05057976394891739, 0.039784424006938934, 0.027330944314599037, 0.042051367461681366, 0.014750451780855656, 0.019394908100366592, 0.034871239215135574, 0.002053983276709914, 0.009053990244865417], "accuracy": [0.984375, 0.9931250214576721, 0.9893749952316284, 0.9900000095367432, 0.984375, 1.0, 0.9918749928474426, 0.9934375286102295, 0.987500011920929, 0.9828125238418579, 0.9878125190734863, 0.9940624833106995, 0.9859374761581421, 0.9959375262260437, 0.9934375286102295, 0.9887499809265137, 1.0, 0.9975000023841858], "val_loss": [0.6458162665367126, 0.5741267204284668, 0.5369168519973755, 0.4516223967075348, 0.331807404756546, 0.47604691982269287, 0.3441653847694397, 0.4709761142730713, 0.3225734829902649, 0.3357214331626892, 0.3249482810497284, 0.3365105092525482, 0.3106623589992523, 0.3303312063217163, 0.3245348334312439, 0.3339793086051941, 0.38599079847335815, 0.3739660680294037], "val_accuracy": [0.9068750143051147, 0.9068750143051147, 0.9068750143051147, 0.9068750143051147, 0.90625, 0.9068750143051147, 0.9068750143051147, 0.90625, 0.9068750143051147, 0.90625, 0.9009374976158142, 0.9021875262260437, 0.8999999761581421, 0.8996875286102295, 0.9034374952316284, 0.9021875262260437, 0.9087499976158142, 0.9078124761581421]}