{"loss": [0.08323542773723602, 0.08214364945888519, 0.030598973855376244, 0.07155362516641617, 0.028310565277934074, 0.05256250500679016], "accuracy": [0.9784374833106995, 0.9834374785423279, 0.9918749928474426, 0.9790624976158142, 0.9937499761581421, 0.9821875095367432], "val_loss": [0.620288610458374, 0.7235875129699707, 0.8399233818054199, 0.8508017659187317, 1.013159155845642, 0.9228488206863403], "val_accuracy": [0.9068750143051147, 0.1940625011920929, 0.1496874988079071, 0.1431249976158142, 0.10406249761581421, 0.11093749850988388]}