{"loss": [0.11440515518188477, 0.004827961791306734, 0.13508303463459015, 0.059617433696985245, 0.0702655240893364, 0.039519596844911575, 0.02660112828016281, 0.039732348173856735, 0.08068609982728958, 0.025082562118768692], "accuracy": [0.9703124761581421, 1.0, 0.9809374809265137, 0.9918749928474426, 0.9881250262260437, 0.9946874976158142, 0.9965624809265137, 0.9937499761581421, 0.9871875047683716, 0.996874988079071], "val_loss": [0.5507718920707703, 0.6858463883399963, 0.560454249382019, 0.5403726696968079, 0.5329578518867493, 0.6045479774475098, 0.5980361104011536, 0.6007905602455139, 0.7728146314620972, 0.9521165490150452], "val_accuracy": [0.9068750143051147, 0.9068750143051147, 0.9068750143051147, 0.9068750143051147, 0.9068750143051147, 0.9068750143051147, 0.9068750143051147, 0.9068750143051147, 0.9068750143051147, 0.2068749964237213]}