{"loss": [0.05619659274816513, 0.11392539739608765, 0.04591730609536171, 0.02218647673726082, 0.03800544515252113, 0.0020324159413576126, 0.025845088064670563, 0.031493157148361206, 0.03490287438035011, 0.030958667397499084, 0.014218269847333431, 0.017150357365608215, 0.02651042304933071, 0.0307618398219347, 0.03721814975142479, 0.03441048786044121, 0.017800074070692062, 0.042234085500240326, 0.009010832756757736, 0.007566292770206928, 0.028562471270561218, 0.015473911538720131, 0.015235810540616512, 0.007490980438888073, 0.0241998378187418, 0.036457374691963196], "accuracy": [0.9725000262260437, 0.9768750071525574, 0.9903125166893005, 0.9950000047683716, 0.9881250262260437, 1.0, 0.9931250214576721, 0.9881250262260437, 0.9868749976158142, 0.9884374737739563, 0.995312511920929, 0.9928125143051147, 0.9909374713897705, 0.9862499833106995, 0.9840624928474426, 0.9856250286102295, 0.9931250214576721, 0.9809374809265137, 0.9965624809265137, 0.9975000023841858, 0.9896875023841858, 0.9918749928474426, 0.9937499761581421, 0.9971874952316284, 0.9909374713897705, 0.9834374785423279], "val_loss": [0.9695374369621277, 0.8192359805107117, 0.4734792709350586, 0.49792540073394775, 0.3985782265663147, 0.4367397725582123, 0.398329496383667, 0.36772704124450684, 0.31233805418014526, 0.31800714135169983, 0.3559902608394623, 0.3487206995487213, 0.2996218502521515, 0.29298052191734314, 0.3114855885505676, 0.2822026014328003, 0.2825278043746948, 0.27528172731399536, 0.30641186237335205, 0.32065919041633606, 0.2499741166830063, 0.3110068142414093, 0.2962445616722107, 0.3130705952644348, 0.33292296528816223, 0.26707810163497925], "val_accuracy": [0.9068750143051147, 0.20250000059604645, 0.9012500047683716, 0.8921874761581421, 0.8849999904632568, 0.8928124904632568, 0.8853124976158142, 0.8918750286102295, 0.8774999976158142, 0.8828125, 0.8974999785423279, 0.8978124856948853, 0.8959375023841858, 0.8971874713897705, 0.8853124976158142, 0.8837500214576721, 0.8978124856948853, 0.9037500023841858, 0.90625, 0.9037500023841858, 0.903124988079071, 0.9078124761581421, 0.9081249833106995, 0.9049999713897705, 0.909375011920929, 0.903124988079071]}