{"loss": [0.046854935586452484, 0.07852185517549515, 0.026759762316942215, 0.00706911226734519, 0.03727923706173897, 0.023435262963175774, 0.014056185260415077, 0.017809541895985603, 0.014067872427403927, 0.015733817592263222, 0.02097957767546177, 0.020686278119683266, 0.023281769827008247, 0.014488923363387585, 0.020581549033522606, 0.020751597359776497, 0.04091421142220497, 0.03906664624810219, 0.010639947839081287, 0.02153986133635044, 0.012129093520343304, 0.026844380423426628, 0.02178349532186985, 0.012856917455792427, 0.028623444959521294, 0.012934833765029907, 0.03630360588431358], "accuracy": [0.9865624904632568, 0.979687511920929, 0.9906250238418579, 0.9975000023841858, 0.9837499856948853, 0.9884374737739563, 0.9921875, 0.9918749928474426, 0.9946874976158142, 0.9937499761581421, 0.9893749952316284, 0.9918749928474426, 0.987500011920929, 0.9937499761581421, 0.989062488079071, 0.989062488079071, 0.9806249737739563, 0.9803125262260437, 0.9950000047683716, 0.9868749976158142, 0.9928125143051147, 0.9871875047683716, 0.9887499809265137, 0.9928125143051147, 0.984375, 0.9921875, 0.9818750023841858], "val_loss": [0.5133662223815918, 0.3514787554740906, 0.34786754846572876, 0.31082138419151306, 0.300296813249588, 0.2537325918674469, 0.25278952717781067, 0.24223321676254272, 0.23568226397037506, 0.23179136216640472, 0.2288573831319809, 0.21988922357559204, 0.215306356549263, 0.21608544886112213, 0.22596678137779236, 0.2149849832057953, 0.2075408548116684, 0.2212451547384262, 0.21879269182682037, 0.21041353046894073, 0.21108627319335938, 0.1990073025226593, 0.20247767865657806, 0.20700599253177643, 0.20614860951900482, 0.21271996200084686, 0.20755882561206818], "val_accuracy": [0.9068750143051147, 0.8993750214576721, 0.8853124976158142, 0.8996875286102295, 0.8812500238418579, 0.9090625047683716, 0.9065625071525574, 0.9065625071525574, 0.909375011920929, 0.9059374928474426, 0.9100000262260437, 0.9087499976158142, 0.9071875214576721, 0.895312488079071, 0.9087499976158142, 0.9043750166893005, 0.9049999713897705, 0.9075000286102295, 0.9081249833106995, 0.9065625071525574, 0.9078124761581421, 0.8968750238418579, 0.9065625071525574, 0.9053124785423279, 0.90625, 0.9065625071525574, 0.8915625214576721]}