{"loss": [0.12071416527032852, 0.058990783989429474, 0.054768599569797516, 0.06964589655399323, 0.09047790616750717, 0.04159574955701828, 0.042204033583402634, 0.06701645255088806, 0.04114970564842224], "accuracy": [0.964062511920929, 0.9900000095367432, 0.9928125143051147, 0.987500011920929, 0.9793750047683716, 0.9921875, 0.9906250238418579, 0.9837499856948853, 0.9884374737739563], "val_loss": [0.7600071430206299, 0.7144661545753479, 0.6803306341171265, 0.4704432189464569, 0.4794977307319641, 0.5880672335624695, 0.5011306405067444, 0.4896794557571411, 0.5095816254615784], "val_accuracy": [0.9068750143051147, 0.9068750143051147, 0.9068750143051147, 0.9068750143051147, 0.8971874713897705, 0.8924999833106995, 0.8915625214576721, 0.8946874737739563, 0.8999999761581421]}