{"loss": [0.057123348116874695, 0.06713440269231796, 0.07753550261259079, 0.02296380326151848, 0.04960920289158821, 0.07062683254480362, 0.09082692116498947, 0.09225568175315857], "accuracy": [0.9828125238418579, 0.9909374713897705, 0.989062488079071, 0.9978125095367432, 0.9937499761581421, 0.9896875023841858, 0.9840624928474426, 0.9878125190734863], "val_loss": [1.0068355798721313, 0.7895963788032532, 0.7179628014564514, 0.8911239504814148, 0.9561776518821716, 0.7917379140853882, 0.9681717753410339, 0.8203002214431763], "val_accuracy": [0.9068750143051147, 0.9068750143051147, 0.9068750143051147, 0.9068750143051147, 0.9068750143051147, 0.9068750143051147, 0.9068750143051147, 0.9068750143051147]}