{"loss": [1.7998439073562622, 1.7538673877716064, 1.7109891176223755, 1.6495782136917114, 1.55959153175354, 1.4648704528808594, 1.3867568969726562, 1.2215882539749146, 1.2348697185516357, 1.1056748628616333, 1.0346485376358032, 0.9517271518707275, 0.9164746999740601, 0.9502847790718079, 0.8713465332984924, 0.7374792695045471], "acurracy": [0.15507812798023224, 0.43757811188697815, 0.6098437309265137, 0.7217187285423279, 0.7999218702316284, 0.8187500238418579, 0.8028905987739563, 0.8751562237739563, 0.8017187714576721, 0.8510156273841858, 0.8676562309265137, 0.8911718726158142, 0.8879687786102295, 0.8647656440734863, 0.8915625214576721, 0.9338281154632568], "val_loss": [1.7925348281860352, 1.794771432876587, 1.7981393337249756, 1.8061681985855103, 1.82097589969635, 1.8480918407440186, 1.881574273109436, 1.9439700841903687, 2.0030570030212402, 2.0727901458740234, 2.1533048152923584, 2.2284810543060303, 2.317042350769043, 2.362253427505493, 2.4140419960021973, 2.5053789615631104], "val_acurracy": [0.15468749403953552, 0.1314062476158142, 0.12609374523162842, 0.12999999523162842, 0.142578125, 0.15070313215255737, 0.15992186963558197, 0.16570311784744263, 0.16882812976837158, 0.1692187488079071, 0.16828125715255737, 0.17031249403953552, 0.16554687917232513, 0.1700781285762787, 0.16968749463558197, 0.16859374940395355]}