{"loss": [1.7961422204971313, 1.783556342124939, 1.767777681350708, 1.7514621019363403, 1.7362747192382812, 1.7194715738296509, 1.697360873222351, 1.6791919469833374, 1.6526098251342773, 1.624953031539917, 1.5955597162246704, 1.560491681098938, 1.5195194482803345, 1.4474292993545532, 1.4113632440567017, 1.35225248336792, 1.3125284910202026, 1.2496955394744873, 1.205161690711975, 1.0702077150344849, 1.0080114603042603, 1.0027292966842651, 0.9088270664215088], "acurracy": [0.07968749850988388, 0.18718749284744263, 0.3517187535762787, 0.5694531202316284, 0.7263281345367432, 0.8135156035423279, 0.8887500166893005, 0.8641406297683716, 0.8897656202316284, 0.8902343511581421, 0.8817187547683716, 0.8817187547683716, 0.8833593726158142, 0.9399999976158142, 0.8982812762260437, 0.899218738079071, 0.8664844036102295, 0.8677343726158142, 0.849609375, 0.9092187285423279, 0.8936718702316284, 0.8499218821525574, 0.8647656440734863], "val_loss": [1.8020203113555908, 1.7973555326461792, 1.7925125360488892, 1.7899143695831299, 1.7873034477233887, 1.7846864461898804, 1.7845063209533691, 1.7825944423675537, 1.7831135988235474, 1.7872521877288818, 1.7888884544372559, 1.7943190336227417, 1.8022912740707397, 1.8210339546203613, 1.8386616706848145, 1.8630356788635254, 1.8666801452636719, 1.8765848875045776, 1.880622386932373, 1.9133938550949097, 1.9270844459533691, 1.938594102859497, 1.9448524713516235], "val_acurracy": [0.16023437678813934, 0.15929687023162842, 0.15031249821186066, 0.13062499463558197, 0.12070312350988388, 0.12773437798023224, 0.14179687201976776, 0.15648438036441803, 0.16015625, 0.16374999284744263, 0.16820313036441803, 0.16757813096046448, 0.1711718738079071, 0.16914062201976776, 0.16562500596046448, 0.16765624284744263, 0.17000000178813934, 0.17023438215255737, 0.1700781285762787, 0.16687500476837158, 0.16875000298023224, 0.16835936903953552, 0.1665624976158142]}