{"loss": [1.863161563873291, 1.816636085510254, 1.7681900262832642, 1.718284249305725, 1.676156759262085, 1.6226845979690552, 1.574501395225525, 1.5389477014541626, 1.485784888267517, 1.4338788986206055, 1.372603416442871, 1.2951807975769043, 1.2286081314086914, 1.1376091241836548, 1.0907292366027832, 1.0236766338348389], "acurracy": [0.07992187142372131, 0.13695313036441803, 0.22960937023162842, 0.35164061188697815, 0.46312499046325684, 0.6026562452316284, 0.7079687714576721, 0.7535156011581421, 0.8107030987739563, 0.8471093773841858, 0.8756250143051147, 0.9151562452316284, 0.91796875, 0.9463281035423279, 0.9233593940734863, 0.9253906011581421], "val_loss": [1.8054895401000977, 1.8083702325820923, 1.8119821548461914, 1.8159630298614502, 1.8215322494506836, 1.8283663988113403, 1.8351141214370728, 1.8435429334640503, 1.8551408052444458, 1.8695260286331177, 1.890392780303955, 1.9137296676635742, 1.9471259117126465, 1.9888731241226196, 2.0430984497070312, 2.107454776763916], "val_acurracy": [0.10718750208616257, 0.09046874940395355, 0.09984374791383743, 0.12125000357627869, 0.14390625059604645, 0.1589062511920929, 0.16453124582767487, 0.16906249523162842, 0.1700781285762787, 0.169921875, 0.16875000298023224, 0.1674218773841858, 0.16828125715255737, 0.16773436963558197, 0.16710937023162842, 0.16734375059604645]}