{"loss": [1.7423968315124512, 1.6933954954147339, 1.6515896320343018, 1.6114566326141357, 1.5530829429626465, 1.5011104345321655, 1.454506516456604, 1.3824853897094727, 1.3432520627975464, 1.297322392463684, 1.1828213930130005, 1.1496866941452026, 1.0866016149520874, 1.0608041286468506, 0.9263156056404114, 0.922942042350769], "acurracy": [0.26554688811302185, 0.3952343761920929, 0.509765625, 0.6136718988418579, 0.7269531488418579, 0.7981250286102295, 0.8426562547683716, 0.8910156488418579, 0.8762500286102295, 0.8692968487739563, 0.9392187595367432, 0.9067187309265137, 0.9092968702316284, 0.881640613079071, 0.9416406154632568, 0.899609386920929], "val_loss": [1.8030554056167603, 1.8065882921218872, 1.810288667678833, 1.8146929740905762, 1.8218557834625244, 1.829246163368225, 1.8405877351760864, 1.854359745979309, 1.8738452196121216, 1.896117091178894, 1.930235743522644, 1.965529203414917, 2.0180976390838623, 2.0688254833221436, 2.14840030670166, 2.2266809940338135], "val_acurracy": [0.17765624821186066, 0.17320312559604645, 0.1693750023841858, 0.16898436844348907, 0.1672656238079071, 0.16796875, 0.16796875, 0.16929687559604645, 0.1685156226158142, 0.17015625536441803, 0.16710937023162842, 0.171875, 0.16679687798023224, 0.1697656214237213, 0.16507811844348907, 0.16625000536441803]}