{"loss": [1.7644047737121582, 1.7334580421447754, 1.6992334127426147, 1.666569471359253, 1.6302801370620728, 1.6056039333343506, 1.5554770231246948, 1.5119824409484863, 1.4510635137557983, 1.4233169555664062, 1.3473705053329468, 1.2815682888031006, 1.2284915447235107, 1.189275860786438, 1.1299089193344116, 1.1042988300323486, 1.0243951082229614, 0.9433718323707581, 0.8624136447906494, 0.8449404239654541], "acurracy": [0.287109375, 0.4175781309604645, 0.564453125, 0.6838281154632568, 0.7721093893051147, 0.7896875143051147, 0.8578906059265137, 0.8731250166893005, 0.9122655987739563, 0.8741406202316284, 0.9154687523841858, 0.9257031083106995, 0.9174218773841858, 0.8931249976158142, 0.8929687738418579, 0.8664844036102295, 0.8912500143051147, 0.9073437452316284, 0.9244531393051147, 0.9016406536102295], "val_loss": [1.7859618663787842, 1.7847427129745483, 1.7837225198745728, 1.7837835550308228, 1.7830018997192383, 1.7836860418319702, 1.78447687625885, 1.788596510887146, 1.7922489643096924, 1.79758620262146, 1.8032317161560059, 1.8167155981063843, 1.8355042934417725, 1.850205898284912, 1.8715590238571167, 1.8962783813476562, 1.9263114929199219, 1.9623899459838867, 2.0112342834472656, 2.058427095413208], "val_acurracy": [0.19929687678813934, 0.19507811963558197, 0.18515625596046448, 0.17359374463558197, 0.16968749463558197, 0.16890625655651093, 0.16796875, 0.16632813215255737, 0.16703124344348907, 0.16718749701976776, 0.1717187464237213, 0.169921875, 0.16695313155651093, 0.16890625655651093, 0.16929687559604645, 0.16890625655651093, 0.16906249523162842, 0.16960936784744263, 0.1665624976158142, 0.16757813096046448]}