{"loss": [1.738338589668274, 1.691892385482788, 1.6293903589248657, 1.607872724533081, 1.558525800704956, 1.5051062107086182, 1.4285705089569092, 1.391465425491333, 1.322115182876587, 1.3296215534210205, 1.259673833847046, 1.2257508039474487, 1.1616719961166382, 1.1126140356063843, 0.9963647723197937, 0.9840213656425476], "acurracy": [0.23929686844348907, 0.3522656261920929, 0.505859375, 0.569531261920929, 0.6771093606948853, 0.7655468583106995, 0.8665624856948853, 0.8671875, 0.9089062213897705, 0.8391406536102295, 0.8675000071525574, 0.8564843535423279, 0.8732030987739563, 0.8748437762260437, 0.9228125214576721, 0.8928906321525574], "val_loss": [1.7907825708389282, 1.792036771774292, 1.7928669452667236, 1.7952754497528076, 1.7974411249160767, 1.800568699836731, 1.8046455383300781, 1.8126657009124756, 1.8162040710449219, 1.8224297761917114, 1.834638237953186, 1.8470871448516846, 1.8578709363937378, 1.8761543035507202, 1.8953441381454468, 1.9177043437957764], "val_acurracy": [0.15656250715255737, 0.1633593738079071, 0.16859374940395355, 0.1661718785762787, 0.16906249523162842, 0.16804687678813934, 0.17000000178813934, 0.16523437201976776, 0.1697656214237213, 0.1711718738079071, 0.16875000298023224, 0.16820313036441803, 0.17101562023162842, 0.16906249523162842, 0.16929687559604645, 0.16804687678813934]}