{"loss": [1.7395957708358765, 1.7103166580200195, 1.676702618598938, 1.6259949207305908, 1.5824588537216187, 1.523383378982544, 1.4845092296600342, 1.434625506401062, 1.3674169778823853, 1.335933804512024, 1.286055326461792, 1.2158122062683105, 1.0797888040542603, 1.1244723796844482, 1.012972116470337, 0.9781537055969238], "acurracy": [0.2278124988079071, 0.3228124976158142, 0.4292968809604645, 0.5638281106948853, 0.6755468845367432, 0.7801562547683716, 0.8155468702316284, 0.8459374904632568, 0.8876562714576721, 0.8622656464576721, 0.8623437285423279, 0.8831250071525574, 0.9494531154632568, 0.8575000166893005, 0.9004687666893005, 0.8831250071525574], "val_loss": [1.7954891920089722, 1.798303484916687, 1.799866795539856, 1.8049845695495605, 1.8115307092666626, 1.8197357654571533, 1.8311400413513184, 1.8458998203277588, 1.8667395114898682, 1.8902044296264648, 1.9196511507034302, 1.962009310722351, 2.0163538455963135, 2.0766637325286865, 2.1497857570648193, 2.238924503326416], "val_acurracy": [0.14960937201976776, 0.14656250178813934, 0.15476562082767487, 0.1574999988079071, 0.1628125011920929, 0.1685156226158142, 0.16820313036441803, 0.16898436844348907, 0.16734375059604645, 0.16882812976837158, 0.17054687440395355, 0.16695313155651093, 0.1685156226158142, 0.17078125476837158, 0.16984374821186066, 0.16640624403953552]}