{"loss": [1.8923474550247192, 1.8266801834106445, 1.7664401531219482, 1.7088923454284668, 1.650999903678894, 1.595310091972351, 1.5369317531585693, 1.4828230142593384, 1.4528803825378418, 1.378920555114746, 1.322689175605774, 1.233068823814392, 1.1765739917755127, 1.1628775596618652, 1.096903920173645, 1.0618711709976196, 1.0028822422027588, 1.0048620700836182, 0.9579069018363953, 0.8877138495445251], "acurracy": [0.08796875178813934, 0.15070313215255737, 0.23195312917232513, 0.3328906297683716, 0.4457031190395355, 0.548046886920929, 0.6545312404632568, 0.7209374904632568, 0.75, 0.819531261920929, 0.8470312356948853, 0.9021875262260437, 0.9075781106948853, 0.8728125095367432, 0.8879687786102295, 0.8795312643051147, 0.8900781273841858, 0.8577343821525574, 0.8667968511581421, 0.8851562738418579], "val_loss": [1.7852612733840942, 1.7844702005386353, 1.784376621246338, 1.784286618232727, 1.7839713096618652, 1.784330129623413, 1.7847449779510498, 1.785431981086731, 1.7865411043167114, 1.7870898246765137, 1.7901605367660522, 1.7946476936340332, 1.7978657484054565, 1.8018673658370972, 1.8108352422714233, 1.8184309005737305, 1.8266807794570923, 1.8396235704421997, 1.8509618043899536, 1.8673228025436401], "val_acurracy": [0.1802343726158142, 0.1759375035762787, 0.17101562023162842, 0.17374999821186066, 0.17148438096046448, 0.16859374940395355, 0.1692187488079071, 0.16773436963558197, 0.16875000298023224, 0.17023438215255737, 0.1693750023841858, 0.16625000536441803, 0.1681250035762787, 0.16929687559604645, 0.1661718785762787, 0.16773436963558197, 0.1678124964237213, 0.1665624976158142, 0.16773436963558197, 0.16718749701976776]}