{"loss": [0.8198519945144653, 0.5869143009185791, 0.44308188557624817, 0.4539009928703308, 0.4191059172153473, 0.44785651564598083, 0.4217040538787842, 0.4196794629096985, 0.3254927694797516, 0.2315783053636551], "acurracy": [0.754687488079071, 0.8878124952316284, 0.9133594036102295, 0.9014062285423279, 0.8956249952316284, 0.8756250143051147, 0.87890625, 0.8710156083106995, 0.9020312428474426, 0.9348437786102295], "val_loss": [2.42500376701355, 2.1672964096069336, 1.7925372123718262, 1.5135588645935059, 1.4336142539978027, 1.4656447172164917, 1.5439928770065308, 1.4785081148147583, 1.5146691799163818, 1.5282450914382935], "val_acurracy": [0.177734375, 0.26781249046325684, 0.30835938453674316, 0.3265624940395355, 0.3258593678474426, 0.32835936546325684, 0.328125, 0.3426562547683716, 0.3343749940395355, 0.3353906273841858]}