{"loss": [0.9120966196060181, 0.6081622838973999, 0.28088274598121643, 0.8327186703681946, 0.49056243896484375, 0.3020442724227905], "acurracy": [0.7326562404632568, 0.885937511920929, 0.9555468559265137, 0.8244531154632568, 0.8994531035423279, 0.9415624737739563], "val_loss": [2.092911720275879, 2.3438875675201416, 2.704396963119507, 3.1078248023986816, 3.759380578994751, 4.334634304046631], "val_acurracy": [0.16453124582767487, 0.12015625089406967, 0.12085937708616257, 0.04484374821186066, 0.042265623807907104, 0.04218750074505806]}