{"loss": [0.6415525674819946, 0.2940167486667633, 0.2866726517677307, 0.16091211140155792, 0.1522122174501419, 0.14484372735023499], "acurracy": [0.7942187786102295, 0.8982031345367432, 0.8871093988418579, 0.9384375214576721, 0.9378906488418579, 0.9375781416893005], "val_loss": [1.9631212949752808, 2.3567445278167725, 2.9790494441986084, 3.267512798309326, 3.6207327842712402, 3.884206771850586], "val_acurracy": [0.1603125035762787, 0.1647656261920929, 0.14390625059604645, 0.1407812535762787, 0.14054687321186066, 0.1404687464237213]}