{"loss": [0.698976457118988, 0.3345135450363159, 0.27057549357414246, 0.19038715958595276, 0.13540507853031158, 0.17762959003448486, 0.24572032690048218, 0.2705842852592468, 0.22329863905906677, 0.2026134729385376, 0.1620950847864151, 0.172136589884758, 0.15379706025123596, 0.18980416655540466], "acurracy": [0.7771093845367432, 0.8887500166893005, 0.8984375, 0.9248437285423279, 0.9449999928474426, 0.9260156154632568, 0.8923437595367432, 0.8793749809265137, 0.8992968797683716, 0.9042187333106995, 0.9239843487739563, 0.9185156226158142, 0.9267187714576721, 0.909375011920929], "val_loss": [1.8858283758163452, 1.7054095268249512, 1.636231541633606, 1.606156826019287, 1.613978624343872, 1.551242709159851, 1.4565969705581665, 1.4187480211257935, 1.4028122425079346, 1.4147567749023438, 1.4510427713394165, 1.425445556640625, 1.4534038305282593, 1.4370559453964233], "val_acurracy": [0.2329687476158142, 0.2473437488079071, 0.24828125536441803, 0.26171875, 0.25273436307907104, 0.26171875, 0.2787500023841858, 0.2936718761920929, 0.2989843785762787, 0.3125, 0.30859375, 0.30671873688697815, 0.3028906285762787, 0.3078906238079071]}