{"loss": [0.7400393486022949, 0.41269248723983765, 0.26185277104377747, 0.2091616839170456, 0.18431276082992554, 0.16580286622047424, 0.16223473846912384, 0.19890178740024567, 0.19656625390052795, 0.21869352459907532, 0.21974845230579376, 0.23401464521884918, 0.17067645490169525, 0.15482600033283234, 0.16858333349227905, 0.16681736707687378], "acurracy": [0.7632031440734863, 0.8567187786102295, 0.9002344012260437, 0.9165624976158142, 0.922656238079071, 0.9296875, 0.9299218654632568, 0.9122655987739563, 0.9128124713897705, 0.9013281464576721, 0.8986718654632568, 0.8901562690734863, 0.91796875, 0.9282031059265137, 0.919140636920929, 0.9214062690734863], "val_loss": [1.7043964862823486, 1.47983717918396, 1.4009932279586792, 1.351332187652588, 1.3302481174468994, 1.306180477142334, 1.3052805662155151, 1.2870959043502808, 1.2885825634002686, 1.2631667852401733, 1.2480775117874146, 1.2611416578292847, 1.2868808507919312, 1.258811116218567, 1.273825764656067, 1.2907899618148804], "val_acurracy": [0.2435937523841858, 0.27757811546325684, 0.2911718785762787, 0.30070313811302185, 0.30859375, 0.31062498688697815, 0.3045312464237213, 0.31031250953674316, 0.31046876311302185, 0.3110937476158142, 0.322265625, 0.31343749165534973, 0.31046876311302185, 0.32218751311302185, 0.3192187547683716, 0.32164061069488525]}