{"loss": [0.5984339714050293, 0.25210684537887573, 0.20925989747047424, 0.19222618639469147, 0.15175092220306396, 0.11731500923633575], "acurracy": [0.826171875, 0.9174218773841858, 0.9229687452316284, 0.9251562356948853, 0.9381250143051147, 0.9499218463897705], "val_loss": [2.560594081878662, 3.1650760173797607, 3.6164419651031494, 4.073185920715332, 4.288687229156494, 4.4348015785217285], "val_acurracy": [0.16796875, 0.16554687917232513, 0.17156249284744263, 0.17687499523162842, 0.17218750715255737, 0.16906249523162842]}