{"loss": [0.7246569991111755, 0.6624282002449036, 0.5582385063171387, 0.5694733262062073, 0.5135440230369568, 0.35064518451690674, 0.3866278827190399, 0.4124661982059479, 0.42781639099121094, 0.358997642993927, 0.293259859085083], "acurracy": [0.8021875023841858, 0.8789843916893005, 0.8987500071525574, 0.8892187476158142, 0.8960156440734863, 0.9314844012260437, 0.9164843559265137, 0.9065625071525574, 0.8915625214576721, 0.909375011920929, 0.9271093606948853], "val_loss": [2.815969944000244, 2.106703042984009, 1.7808910608291626, 1.565711259841919, 1.5189775228500366, 1.5071516036987305, 1.518355369567871, 1.5299876928329468, 1.5381977558135986, 1.6168899536132812, 1.6248581409454346], "val_acurracy": [0.15617187321186066, 0.18953125178813934, 0.26820313930511475, 0.30210936069488525, 0.32320311665534973, 0.33476561307907104, 0.33492186665534973, 0.33531248569488525, 0.3346875011920929, 0.3342968821525574, 0.33304688334465027]}