{"loss": [1.1402735710144043, 0.5066257119178772, 0.6404119729995728, 0.7622469067573547, 0.4707047641277313, 0.31562769412994385], "acurracy": [0.6530468463897705, 0.9107031226158142, 0.8806250095367432, 0.8301562666893005, 0.9057812690734863, 0.942187488079071], "val_loss": [2.283839225769043, 2.6203176975250244, 2.7595856189727783, 3.2264792919158936, 3.8339245319366455, 4.352395534515381], "val_acurracy": [0.17000000178813934, 0.16539062559604645, 0.1607031226158142, 0.09921874850988388, 0.08492187410593033, 0.07328125089406967]}