{"loss": [0.5007972121238708, 0.11314716190099716, 0.04993880167603493, 0.03250502422451973, 0.01421504095196724, 0.022359833121299744, 0.020781194791197777, 0.028570380061864853, 0.01813921518623829, 0.03226304426789284, 0.012639197520911694, 0.03305908665060997, 0.039728596806526184, 0.0005549845518544316, 0.0179103035479784, 0.03995957225561142, 0.030412739142775536, 0.01336741540580988, 0.016031179577112198, 0.00607686210423708, 0.008451167494058609, 0.011778253130614758, 0.0065534585155546665, 0.01887398399412632, 0.017675308510661125, 0.012866001576185226], "accuracy": [0.9637500047683716, 0.9806249737739563, 0.9787499904632568, 0.9868749976158142, 0.9940624833106995, 0.989062488079071, 0.9909374713897705, 0.9871875047683716, 0.9906250238418579, 0.9853125214576721, 0.995312511920929, 0.9853125214576721, 0.9818750023841858, 1.0, 0.9912499785423279, 0.9809374809265137, 0.9853125214576721, 0.9928125143051147, 0.9940624833106995, 0.9975000023841858, 0.9959375262260437, 0.9946874976158142, 0.9959375262260437, 0.9915624856948853, 0.9912499785423279, 0.9925000071525574], "val_loss": [0.6124635934829712, 0.5271487236022949, 0.49888691306114197, 0.4888235926628113, 0.47751790285110474, 0.4762161374092102, 0.47484344244003296, 0.4762209951877594, 0.46979305148124695, 0.47185733914375305, 0.46898186206817627, 0.47756290435791016, 0.48245662450790405, 0.478230357170105, 0.47685062885284424, 0.4824409782886505, 0.4832667410373688, 0.4888473451137543, 0.47674140334129333, 0.47112396359443665, 0.4817897379398346, 0.4789775013923645, 0.48161447048187256, 0.48567500710487366, 0.48632073402404785, 0.49052169919013977], "val_accuracy": [0.9068750143051147, 0.9068750143051147, 0.9068750143051147, 0.9068750143051147, 0.9068750143051147, 0.9068750143051147, 0.9068750143051147, 0.9068750143051147, 0.9068750143051147, 0.9068750143051147, 0.9068750143051147, 0.9068750143051147, 0.9068750143051147, 0.9068750143051147, 0.9068750143051147, 0.9068750143051147, 0.9068750143051147, 0.9068750143051147, 0.9068750143051147, 0.9068750143051147, 0.9068750143051147, 0.9068750143051147, 0.9068750143051147, 0.9068750143051147, 0.9068750143051147, 0.9068750143051147]}