{"loss": [0.37014442682266235, 0.031105490401387215, 0.018767090514302254, 0.048116445541381836, 0.019913047552108765, 0.006951791699975729, 0.015180950984358788, 0.042398251593112946, 0.031446777284145355, 0.012505656108260155, 0.05606347694993019, 0.007576104253530502, 0.029266538098454475, 0.01404938381165266, 0.03574434295296669, 0.04627768695354462, 0.017594527453184128, 0.013737818226218224, 0.023508848622441292, 0.022388236597180367, 0.012145033106207848, 0.02466435171663761], "accuracy": [0.9706249833106995, 0.9987499713897705, 0.9918749928474426, 0.9778125286102295, 0.9921875, 0.9978125095367432, 0.9928125143051147, 0.9800000190734863, 0.9859374761581421, 0.9937499761581421, 0.9725000262260437, 0.9962499737739563, 0.9856250286102295, 0.9943749904632568, 0.9837499856948853, 0.9775000214576721, 0.9900000095367432, 0.9934375286102295, 0.9909374713897705, 0.9900000095367432, 0.9931250214576721, 0.9900000095367432], "val_loss": [0.6014817953109741, 0.5507223010063171, 0.5360608696937561, 0.5322449207305908, 0.5260782837867737, 0.5195505023002625, 0.5191293358802795, 0.5320374965667725, 0.5309895873069763, 0.5276204943656921, 0.5429947972297668, 0.5406943559646606, 0.5497370362281799, 0.552880048751831, 0.5597507953643799, 0.5603727102279663, 0.557346522808075, 0.5567523837089539, 0.5441334247589111, 0.5534171462059021, 0.549773633480072, 0.5509607791900635], "val_accuracy": [0.9068750143051147, 0.9068750143051147, 0.9068750143051147, 0.9068750143051147, 0.9068750143051147, 0.9068750143051147, 0.9068750143051147, 0.90625, 0.90625, 0.90625, 0.9059374928474426, 0.9059374928474426, 0.9059374928474426, 0.9059374928474426, 0.90625, 0.90625, 0.90625, 0.90625, 0.90625, 0.90625, 0.90625, 0.90625]}