{"loss": [0.6075887084007263, 0.39396366477012634, 0.1980825662612915, 0.1124337688088417, 0.12084838002920151, 0.05808362364768982, 0.05356131121516228, 0.04173631593585014, 0.047819219529628754, 0.05850837379693985, 0.05892864242196083, 0.11254691332578659, 0.05947313830256462, 0.07161163538694382, 0.07162830233573914, 0.07685299217700958, 0.06388789415359497, 0.03230753540992737, 0.03627793490886688], "accuracy": [0.8506249785423279, 0.9934375286102295, 0.9937499761581421, 0.9893749952316284, 0.9787499904632568, 0.9937499761581421, 0.9934375286102295, 0.9950000047683716, 0.9928125143051147, 0.9903125166893005, 0.9906250238418579, 0.9790624976158142, 0.9906250238418579, 0.987500011920929, 0.9878125190734863, 0.9862499833106995, 0.9896875023841858, 0.9959375262260437, 0.9946874976158142], "val_loss": [0.6250712871551514, 0.5061840415000916, 0.40904271602630615, 0.38521164655685425, 0.38793620467185974, 0.403316855430603, 0.4190540015697479, 0.4430263936519623, 0.4543086886405945, 0.4470938742160797, 0.44803962111473083, 0.42828723788261414, 0.4342043697834015, 0.4344961941242218, 0.43364566564559937, 0.43231260776519775, 0.4408684968948364, 0.45290446281433105, 0.46344172954559326], "val_accuracy": [0.9068750143051147, 0.9068750143051147, 0.9068750143051147, 0.9068750143051147, 0.9068750143051147, 0.9068750143051147, 0.9068750143051147, 0.9068750143051147, 0.9068750143051147, 0.9068750143051147, 0.9068750143051147, 0.9068750143051147, 0.9068750143051147, 0.9068750143051147, 0.9068750143051147, 0.9068750143051147, 0.9068750143051147, 0.9068750143051147, 0.9068750143051147]}