{"loss": [0.5929944515228271, 0.1811426877975464, 0.06935285776853561, 0.04099801927804947, 0.027566032484173775, 0.03351256996393204, 0.03011416830122471, 0.025939693674445152, 0.0175563283264637, 0.013379612006247044, 0.0007311960798688233, 0.023474955931305885, 0.03772804141044617, 0.020282695069909096, 0.028831064701080322, 0.013378232717514038, 0.03450740873813629, 0.021133726462721825, 0.013460633344948292, 0.021409083157777786, 0.0073201656341552734, 0.019524753093719482, 0.018028253689408302, 0.02154720574617386, 0.025939147919416428], "accuracy": [0.9681249856948853, 0.9959375262260437, 0.9762499928474426, 0.9846875071525574, 0.9878125190734863, 0.9871875047683716, 0.9856250286102295, 0.9909374713897705, 0.9931250214576721, 0.9943749904632568, 1.0, 0.9903125166893005, 0.9821875095367432, 0.9918749928474426, 0.9871875047683716, 0.9934375286102295, 0.9834374785423279, 0.987500011920929, 0.9937499761581421, 0.9900000095367432, 0.9962499737739563, 0.9912499785423279, 0.9928125143051147, 0.9893749952316284, 0.9868749976158142], "val_loss": [0.6208711862564087, 0.48101237416267395, 0.4473668336868286, 0.43352723121643066, 0.4321008622646332, 0.42996010184288025, 0.4270778000354767, 0.4196736812591553, 0.4129980802536011, 0.40947985649108887, 0.4099365472793579, 0.4138495922088623, 0.41942569613456726, 0.4225861430168152, 0.43393296003341675, 0.43387219309806824, 0.44482022523880005, 0.4550383687019348, 0.4497103989124298, 0.46012717485427856, 0.46050071716308594, 0.463873028755188, 0.46059513092041016, 0.4726160168647766, 0.47131702303886414], "val_accuracy": [0.9065625071525574, 0.9071875214576721, 0.9068750143051147, 0.9068750143051147, 0.9068750143051147, 0.9059374928474426, 0.9059374928474426, 0.9059374928474426, 0.9068750143051147, 0.9059374928474426, 0.9068750143051147, 0.9059374928474426, 0.9059374928474426, 0.9059374928474426, 0.9059374928474426, 0.9059374928474426, 0.9059374928474426, 0.9059374928474426, 0.9059374928474426, 0.9059374928474426, 0.9059374928474426, 0.9059374928474426, 0.9059374928474426, 0.9059374928474426, 0.9059374928474426]}