{"loss": [0.624074399471283, 0.24407538771629333, 0.0564684197306633, 0.025922374799847603, 0.009361832402646542, 0.017215987667441368, 0.040069036185741425, 0.03044930472970009, 0.018779123201966286, 0.01897774264216423, 0.04854061082005501, 0.01619933731853962, 0.023240091279149055, 0.028662223368883133, 0.021831853315234184, 0.01352999173104763, 0.028344962745904922, 0.013264522887766361, 0.03298526257276535, 0.014643242582678795, 0.03757781907916069], "accuracy": [0.8631250262260437, 0.9928125143051147, 0.9862499833106995, 0.9925000071525574, 0.9987499713897705, 0.9940624833106995, 0.9840624928474426, 0.987500011920929, 0.9943749904632568, 0.9931250214576721, 0.9803125262260437, 0.9937499761581421, 0.9912499785423279, 0.987500011920929, 0.9912499785423279, 0.9940624833106995, 0.9871875047683716, 0.9950000047683716, 0.9837499856948853, 0.9934375286102295, 0.9815624952316284], "val_loss": [0.6451118588447571, 0.5217477679252625, 0.4827471673488617, 0.47236260771751404, 0.46227559447288513, 0.46077364683151245, 0.46672096848487854, 0.46647360920906067, 0.4710819125175476, 0.47561559081077576, 0.4795494079589844, 0.48001629114151, 0.48419439792633057, 0.4867439270019531, 0.4867279827594757, 0.48644566535949707, 0.4949394166469574, 0.4925786256790161, 0.49528443813323975, 0.49737945199012756, 0.49757376313209534], "val_accuracy": [0.9024999737739563, 0.90625, 0.9068750143051147, 0.9068750143051147, 0.9068750143051147, 0.9068750143051147, 0.9068750143051147, 0.9068750143051147, 0.9068750143051147, 0.9068750143051147, 0.9068750143051147, 0.9068750143051147, 0.9068750143051147, 0.9068750143051147, 0.9068750143051147, 0.9068750143051147, 0.9068750143051147, 0.9068750143051147, 0.9068750143051147, 0.9068750143051147, 0.9068750143051147]}