{"loss": [0.6483713388442993, 0.4960234463214874, 0.2639473080635071, 0.09647763520479202, 0.07018027454614639, 0.026950085535645485, 0.062292829155921936, 0.018359335139393806, 0.05666334554553032, 0.06454545259475708, 0.05618451535701752, 0.048654619604349136, 0.06803808361291885, 0.06099335104227066, 0.02472815103828907, 0.0066944449208676815, 0.037748754024505615, 0.06340567767620087], "accuracy": [0.8271874785423279, 0.9859374761581421, 0.9956250190734863, 0.9950000047683716, 0.9906250238418579, 0.9975000023841858, 0.9896875023841858, 0.9981250166893005, 0.9903125166893005, 0.9896875023841858, 0.9906250238418579, 0.9925000071525574, 0.9881250262260437, 0.9896875023841858, 0.996874988079071, 1.0, 0.9934375286102295, 0.9896875023841858], "val_loss": [0.6314220428466797, 0.4989936053752899, 0.35898318886756897, 0.38844624161720276, 0.43034106492996216, 0.4796919524669647, 0.4837738871574402, 0.5224336385726929, 0.5087291598320007, 0.49312031269073486, 0.48413482308387756, 0.4912322163581848, 0.47269177436828613, 0.47213539481163025, 0.49492642283439636, 0.5334901809692383, 0.5320318341255188, 0.49932730197906494], "val_accuracy": [0.9068750143051147, 0.9068750143051147, 0.9068750143051147, 0.9068750143051147, 0.9068750143051147, 0.9068750143051147, 0.9068750143051147, 0.9068750143051147, 0.9068750143051147, 0.9068750143051147, 0.9068750143051147, 0.9068750143051147, 0.9068750143051147, 0.9068750143051147, 0.9068750143051147, 0.9068750143051147, 0.9068750143051147, 0.9068750143051147]}