{"loss": [0.3040982782840729, 0.03476940095424652, 0.01979266107082367, 0.04302186891436577, 0.03498190641403198, 0.02105323038995266, 0.0009651147411204875, 0.032900720834732056, 0.027241645380854607, 0.027523349970579147, 0.026668692007660866, 0.012853289023041725, 0.034798990935087204, 0.02469179593026638, 0.030221281573176384, 0.030926480889320374, 0.00040533902938477695, 0.01316211000084877, 0.007028495892882347, 0.01926819235086441, 0.006598851177841425, 0.01748691499233246], "accuracy": [0.987500011920929, 0.995312511920929, 0.9934375286102295, 0.9821875095367432, 0.9856250286102295, 0.9893749952316284, 1.0, 0.9862499833106995, 0.9878125190734863, 0.9884374737739563, 0.9878125190734863, 0.9937499761581421, 0.9825000166893005, 0.9881250262260437, 0.9865624904632568, 0.9865624904632568, 1.0, 0.9946874976158142, 0.9962499737739563, 0.9896875023841858, 0.996874988079071, 0.9915624856948853], "val_loss": [0.603444516658783, 0.5611990094184875, 0.5463526248931885, 0.5454041957855225, 0.5433550477027893, 0.5418411493301392, 0.5369762778282166, 0.5407311916351318, 0.5494574904441833, 0.5599181056022644, 0.5624402761459351, 0.5616210103034973, 0.5706796050071716, 0.5792214870452881, 0.571851372718811, 0.5736165642738342, 0.5712212920188904, 0.5734836459159851, 0.5757816433906555, 0.5836945176124573, 0.5853403210639954, 0.5801663398742676], "val_accuracy": [0.9068750143051147, 0.9068750143051147, 0.9068750143051147, 0.9068750143051147, 0.9068750143051147, 0.9068750143051147, 0.9068750143051147, 0.9068750143051147, 0.9068750143051147, 0.9068750143051147, 0.9068750143051147, 0.9068750143051147, 0.9068750143051147, 0.9075000286102295, 0.9068750143051147, 0.9068750143051147, 0.9068750143051147, 0.9068750143051147, 0.9068750143051147, 0.9075000286102295, 0.9075000286102295, 0.9075000286102295]}