{"loss": [0.596869945526123, 0.39431241154670715, 0.2031950205564499, 0.09144817292690277, 0.0646861121058464, 0.07263679802417755, 0.06284583359956741, 0.09450531005859375, 0.03548964858055115, 0.07830356806516647, 0.0289485864341259, 0.02022695355117321, 0.0741889551281929, 0.046950098127126694, 0.06188688799738884, 0.025812432169914246, 0.08243527263402939, 0.03845905512571335, 0.027807658538222313], "accuracy": [0.8646875023841858, 0.9800000190734863, 0.9918749928474426, 0.996874988079071, 0.9934375286102295, 0.989062488079071, 0.9909374713897705, 0.9834374785423279, 0.9962499737739563, 0.9868749976158142, 0.9971874952316284, 0.9981250166893005, 0.987500011920929, 0.9934375286102295, 0.9896875023841858, 0.996874988079071, 0.9862499833106995, 0.9943749904632568, 0.996874988079071], "val_loss": [0.6201789379119873, 0.5012828707695007, 0.40056994557380676, 0.37300926446914673, 0.3883304297924042, 0.397202730178833, 0.4114866256713867, 0.4047420918941498, 0.42445874214172363, 0.4240240454673767, 0.4409971237182617, 0.46260496973991394, 0.44978949427604675, 0.44933241605758667, 0.44517698884010315, 0.4593908190727234, 0.44170624017715454, 0.4534032940864563, 0.46806636452674866], "val_accuracy": [0.9068750143051147, 0.9068750143051147, 0.9068750143051147, 0.9068750143051147, 0.9068750143051147, 0.9068750143051147, 0.9068750143051147, 0.9068750143051147, 0.9068750143051147, 0.9068750143051147, 0.9068750143051147, 0.9068750143051147, 0.9068750143051147, 0.9068750143051147, 0.9068750143051147, 0.9068750143051147, 0.9068750143051147, 0.9068750143051147, 0.9068750143051147]}