{"loss": [0.43116486072540283, 0.06147199496626854, 0.014444981701672077, 0.023146145045757294, 0.023898238316178322, 0.015687771141529083, 0.01846608892083168, 0.011442524380981922, 0.011646824888885021, 0.028418898582458496, 0.02016112022101879, 0.023610249161720276, 0.018396705389022827, 0.03296094760298729, 0.010391614399850368, 0.02593175694346428, 0.025836043059825897, 0.01161982212215662, 0.012280807830393314, 0.020208213478326797, 0.025056440383195877, 0.029870878905057907, 0.006354449782520533], "accuracy": [0.9906250238418579, 0.9931250214576721, 0.9959375262260437, 0.9903125166893005, 0.9912499785423279, 0.9946874976158142, 0.9934375286102295, 0.9946874976158142, 0.996874988079071, 0.9871875047683716, 0.9909374713897705, 0.9906250238418579, 0.9915624856948853, 0.9834374785423279, 0.9959375262260437, 0.9878125190734863, 0.9868749976158142, 0.9946874976158142, 0.9946874976158142, 0.989062488079071, 0.9865624904632568, 0.9831249713897705, 0.9978125095367432], "val_loss": [0.6029689311981201, 0.5344341397285461, 0.5129002332687378, 0.5043607950210571, 0.5030101537704468, 0.5004313588142395, 0.494713693857193, 0.490585595369339, 0.4950242340564728, 0.5006741881370544, 0.5033775568008423, 0.5021737217903137, 0.5000063180923462, 0.5206995606422424, 0.5134524703025818, 0.5173942446708679, 0.5156546831130981, 0.5109241604804993, 0.5089646577835083, 0.5131457448005676, 0.5174049735069275, 0.5197360515594482, 0.516440212726593], "val_accuracy": [0.9068750143051147, 0.9068750143051147, 0.9068750143051147, 0.9065625071525574, 0.9068750143051147, 0.9068750143051147, 0.9068750143051147, 0.9068750143051147, 0.9068750143051147, 0.9068750143051147, 0.9068750143051147, 0.9068750143051147, 0.9068750143051147, 0.90625, 0.90625, 0.90625, 0.90625, 0.90625, 0.90625, 0.90625, 0.90625, 0.90625, 0.90625]}