{"loss": [0.5070260763168335, 0.12315845489501953, 0.04431328922510147, 0.01973596028983593, 0.03126427158713341, 0.017221618443727493, 0.023322222754359245, 0.0602523609995842, 0.033403173089027405, 0.01925526186823845, 0.010152889415621758, 0.01486419327557087, 0.022018082439899445, 0.034287113696336746, 0.04990052804350853, 0.0324772484600544, 0.015104963444173336, 0.014226282015442848, 0.03282242268323898, 0.02188706584274769, 0.02358398027718067], "accuracy": [0.9906250238418579, 0.9859374761581421, 0.9865624904632568, 0.9931250214576721, 0.987500011920929, 0.9946874976158142, 0.9925000071525574, 0.9756249785423279, 0.9884374737739563, 0.9915624856948853, 0.9975000023841858, 0.9946874976158142, 0.9918749928474426, 0.984375, 0.9806249737739563, 0.9871875047683716, 0.9937499761581421, 0.9937499761581421, 0.9865624904632568, 0.9909374713897705, 0.989062488079071], "val_loss": [0.5785126686096191, 0.4640182554721832, 0.43671101331710815, 0.4267668128013611, 0.42367497086524963, 0.4212855100631714, 0.42165523767471313, 0.4351527690887451, 0.43338543176651, 0.43484237790107727, 0.4303830862045288, 0.4251692295074463, 0.4281330406665802, 0.4326554834842682, 0.448283314704895, 0.44878512620925903, 0.442528635263443, 0.4402605891227722, 0.44937363266944885, 0.4432030916213989, 0.4467430114746094], "val_accuracy": [0.9071875214576721, 0.9078124761581421, 0.9078124761581421, 0.9078124761581421, 0.9068750143051147, 0.9075000286102295, 0.9075000286102295, 0.9075000286102295, 0.9068750143051147, 0.9065625071525574, 0.9068750143051147, 0.9068750143051147, 0.9068750143051147, 0.9068750143051147, 0.9068750143051147, 0.9068750143051147, 0.9068750143051147, 0.9068750143051147, 0.9068750143051147, 0.9068750143051147, 0.9068750143051147]}