{"loss": [0.5151504278182983, 0.10277053713798523, 0.025100920349359512, 0.03731872886419296, 0.024189036339521408, 0.029876574873924255, 0.03209716081619263, 0.02650737203657627, 0.016054421663284302, 0.03673636168241501, 0.050267044454813004, 0.02694317139685154, 0.019797734916210175, 0.007482611108571291, 0.03200020641088486, 0.025478515774011612, 0.007222414016723633, 0.043870873749256134, 0.006996008567512035, 0.022818289697170258, 0.02442358434200287, 0.03241283819079399], "accuracy": [0.9743750095367432, 0.9937499761581421, 0.9934375286102295, 0.9856250286102295, 0.9906250238418579, 0.9881250262260437, 0.9868749976158142, 0.9878125190734863, 0.9934375286102295, 0.9818750023841858, 0.9787499904632568, 0.9878125190734863, 0.9912499785423279, 0.996874988079071, 0.9850000143051147, 0.9887499809265137, 0.9956250190734863, 0.9784374833106995, 0.9975000023841858, 0.989062488079071, 0.987500011920929, 0.9815624952316284], "val_loss": [0.5927451252937317, 0.4881207346916199, 0.4649912118911743, 0.45873963832855225, 0.45550498366355896, 0.45573511719703674, 0.4536774158477783, 0.45717909932136536, 0.4591401219367981, 0.46859627962112427, 0.4790976047515869, 0.47905394434928894, 0.4786924421787262, 0.4752620458602905, 0.4769388437271118, 0.47770795226097107, 0.47744855284690857, 0.4813250005245209, 0.4813740849494934, 0.47440409660339355, 0.47576725482940674, 0.4863649010658264], "val_accuracy": [0.9068750143051147, 0.9068750143051147, 0.9068750143051147, 0.9068750143051147, 0.9068750143051147, 0.9068750143051147, 0.9068750143051147, 0.9068750143051147, 0.9068750143051147, 0.9068750143051147, 0.9068750143051147, 0.9068750143051147, 0.9068750143051147, 0.9068750143051147, 0.9068750143051147, 0.9068750143051147, 0.9068750143051147, 0.9068750143051147, 0.9068750143051147, 0.9068750143051147, 0.9068750143051147, 0.9068750143051147]}