{"loss": [0.4297753870487213, 0.0956532210111618, 0.11115909367799759, 0.1336604356765747, 0.13231633603572845, 0.06598221510648727], "accuracy": [0.802734375, 0.985156238079071, 0.981640636920929, 0.9756249785423279, 0.9753124713897705, 0.9903905987739563], "val_loss": [0.8318363428115845, 0.8778367042541504, 0.9073907732963562, 0.9327588677406311, 0.9321147203445435, 0.9203232526779175], "val_accuracy": [0.18000000715255737, 0.17617186903953552, 0.1667187511920929, 0.16007812321186066, 0.15515625476837158, 0.15671874582767487]}