{"loss": [0.1964828073978424, 0.024180542677640915, 0.0548725426197052, 0.06106138229370117, 0.06126609817147255, 0.012575076892971992, 0.07261127978563309, 0.01010323315858841, 0.02708643488585949, 0.03628375381231308, 0.028606276959180832, 0.02733125165104866, 0.05219371244311333, 0.026055125519633293, 0.025334833189845085, 0.03966810554265976, 0.032027989625930786, 0.00846276618540287], "accuracy": [0.9175781011581421, 0.995312511920929, 0.981640636920929, 0.9745312333106995, 0.9698437452316284, 0.9948437213897705, 0.9603124856948853, 0.9957812428474426, 0.9859374761581421, 0.9810156226158142, 0.9840624928474426, 0.9839843511581421, 0.9715625047683716, 0.985546886920929, 0.986328125, 0.9780468940734863, 0.9818750023841858, 0.9955468773841858], "val_loss": [0.5636783838272095, 0.5901066064834595, 0.5814477205276489, 0.5984054803848267, 0.5447121262550354, 0.5609015822410583, 0.4893145263195038, 0.4764363765716553, 0.49765509366989136, 0.4656047523021698, 0.44540178775787354, 0.4318966269493103, 0.4197528064250946, 0.4255788326263428, 0.43427130579948425, 0.421942800283432, 0.4210752248764038, 0.4332648515701294], "val_accuracy": [0.8256250023841858, 0.8274219036102295, 0.8272656202316284, 0.8267968893051147, 0.8210155963897705, 0.8232812285423279, 0.8238281011581421, 0.8242968916893005, 0.8239843845367432, 0.8231250047683716, 0.823437511920929, 0.824999988079071, 0.8256250023841858, 0.825390636920929, 0.8247656226158142, 0.8324999809265137, 0.8324218988418579, 0.8317968845367432]}