{"loss": [0.14102022349834442, 0.007751373574137688, 0.01869095489382744, 0.06659390777349472, 0.05021125450730324, 0.030783778056502342, 0.044857654720544815, 0.028356213122606277, 0.018215088173747063, 0.02676377072930336, 0.03427543863654137, 0.033558908849954605, 0.03925861045718193, 0.024095959961414337, 0.035126183182001114, 0.016230300068855286, 0.03256101906299591, 0.016959112137556076, 0.015441667288541794, 0.032436877489089966, 0.007815328426659107, 0.0393487922847271, 0.03009055182337761, 0.015761159360408783, 0.015762992203235626, 0.029291527345776558, 0.028118913993239403, 0.015345394611358643, 0.007778627332299948, 0.035918232053518295, 0.05669877678155899, 0.033927515149116516], "accuracy": [0.9536718726158142, 1.0, 0.9950781464576721, 0.9720312356948853, 0.9756249785423279, 0.9853125214576721, 0.9766406416893005, 0.9849218726158142, 0.9906250238418579, 0.9867968559265137, 0.98046875, 0.9813281297683716, 0.9784374833106995, 0.9865624904632568, 0.9799218773841858, 0.9906250238418579, 0.9796093702316284, 0.9897656440734863, 0.991015613079071, 0.9803125262260437, 0.9954687356948853, 0.9767187237739563, 0.9819531440734863, 0.9900000095367432, 0.9907031059265137, 0.9826562404632568, 0.983593761920929, 0.9912499785423279, 0.9954687356948853, 0.9786718487739563, 0.9661718606948853, 0.9798437356948853], "val_loss": [0.858940064907074, 0.8985127210617065, 0.8497778177261353, 0.8080562353134155, 0.6968982815742493, 0.6354271173477173, 0.580105721950531, 0.5971884727478027, 0.5660575032234192, 0.5705465078353882, 0.5448383092880249, 0.48364976048469543, 0.5125535726547241, 0.49652546644210815, 0.4464556574821472, 0.4231773316860199, 0.40917491912841797, 0.4164729416370392, 0.402843177318573, 0.3863789439201355, 0.3829713761806488, 0.36283543705940247, 0.3511121869087219, 0.355451762676239, 0.35867708921432495, 0.344903826713562, 0.33647796511650085, 0.3376406133174896, 0.3441532850265503, 0.3509088456630707, 0.3523751199245453, 0.3532361090183258], "val_accuracy": [0.17343750596046448, 0.17812499403953552, 0.18000000715255737, 0.17320312559604645, 0.8319531083106995, 0.8368750214576721, 0.8414062261581421, 0.8395312428474426, 0.8404687643051147, 0.8373437523841858, 0.8403906226158142, 0.8424218893051147, 0.8420312404632568, 0.8433593511581421, 0.8453124761581421, 0.8441406488418579, 0.8447656035423279, 0.8470312356948853, 0.8471875190734863, 0.8490625023841858, 0.8489843606948853, 0.8512499928474426, 0.8489843606948853, 0.8478906154632568, 0.848437488079071, 0.8485156297683716, 0.849609375, 0.8511718511581421, 0.8494531512260437, 0.8501562476158142, 0.8464062213897705, 0.8420312404632568]}