{"loss": [0.18533584475517273, 0.04760219529271126, 0.03137517720460892, 0.01601693406701088, 0.058389436453580856, 0.01287075411528349], "accuracy": [0.9254687428474426, 0.9860156178474426, 0.9898437261581421, 0.994921863079071, 0.9748437404632568, 0.9948437213897705], "val_loss": [0.5880038142204285, 0.6153780221939087, 0.6508334279060364, 0.7849768996238708, 0.7403619885444641, 0.7030360698699951], "val_accuracy": [0.832812488079071, 0.8345312476158142, 0.8334375023841858, 0.8331249952316284, 0.8318750262260437, 0.8314843773841858]}