{"loss": [0.6471262574195862, 0.629036545753479, 0.6112562417984009, 0.5936565399169922, 0.5743343830108643, 0.5574066638946533, 0.534289538860321, 0.5211456418037415, 0.49419596791267395, 0.4717496931552887, 0.45092451572418213, 0.43049079179763794, 0.4016743004322052, 0.38844162225723267, 0.364191472530365, 0.33532431721687317, 0.3191331624984741, 0.30977708101272583, 0.28171998262405396, 0.25151175260543823, 0.23552022874355316, 0.24176517128944397, 0.2138901948928833, 0.19345544278621674, 0.1969730705022812, 0.16889825463294983, 0.18507996201515198, 0.15430663526058197, 0.13075998425483704, 0.12728525698184967, 0.1347663700580597, 0.12213945388793945, 0.10807985067367554, 0.10211148113012314, 0.11410916596651077, 0.09783012419939041, 0.11045410484075546, 0.0869344025850296, 0.06626245379447937, 0.06133374199271202, 0.05778472125530243, 0.06529197096824646, 0.10999911278486252, 0.06127316132187843, 0.048294104635715485, 0.06615336239337921, 0.08062436431646347, 0.05329585447907448, 0.06548430770635605, 0.05063555762171745, 0.09446737170219421], "accuracy": [0.8315625190734863, 0.8946874737739563, 0.9462500214576721, 0.9731249809265137, 0.984375, 0.9828125238418579, 0.9965624809265137, 0.9828125238418579, 0.9931250214576721, 0.9962499737739563, 0.9943749904632568, 0.9896875023841858, 1.0, 0.9881250262260437, 0.9909374713897705, 0.9971874952316284, 0.9943749904632568, 0.9853125214576721, 0.9903125166893005, 0.9978125095367432, 0.9978125095367432, 0.9806249737739563, 0.9912499785423279, 0.9934375286102295, 0.9846875071525574, 0.9931250214576721, 0.9793750047683716, 0.9896875023841858, 0.9962499737739563, 0.9931250214576721, 0.987500011920929, 0.9893749952316284, 0.9925000071525574, 0.9925000071525574, 0.9868749976158142, 0.9903125166893005, 0.9856250286102295, 0.9915624856948853, 0.9971874952316284, 0.9971874952316284, 0.9971874952316284, 0.9937499761581421, 0.9806249737739563, 0.9946874976158142, 0.9971874952316284, 0.9918749928474426, 0.9868749976158142, 0.9940624833106995, 0.9912499785423279, 0.9940624833106995, 0.9825000166893005], "val_loss": [0.683470606803894, 0.6768510341644287, 0.6695643067359924, 0.6617603898048401, 0.6533113718032837, 0.6440982818603516, 0.6338962912559509, 0.6234277486801147, 0.6119948625564575, 0.5997709631919861, 0.5871669054031372, 0.5741515159606934, 0.5603213906288147, 0.5466822385787964, 0.5327610969543457, 0.518634021282196, 0.5045890212059021, 0.4915619194507599, 0.4784258306026459, 0.4654066860675812, 0.4529551565647125, 0.44249388575553894, 0.43195435404777527, 0.42204028367996216, 0.4137459993362427, 0.40580153465270996, 0.3993847668170929, 0.39337223768234253, 0.38776761293411255, 0.3832276165485382, 0.3799285590648651, 0.37712958455085754, 0.3749221861362457, 0.3734084367752075, 0.37242835760116577, 0.37203067541122437, 0.37218722701072693, 0.37268179655075073, 0.37371209263801575, 0.375235378742218, 0.3773403465747833, 0.3794509768486023, 0.38065117597579956, 0.38319042325019836, 0.38603514432907104, 0.38845154643058777, 0.390403151512146, 0.3933349549770355, 0.395821213722229, 0.3989812731742859, 0.39986422657966614], "val_accuracy": [0.9043750166893005, 0.9075000286102295, 0.9068750143051147, 0.9068750143051147, 0.9068750143051147, 0.9068750143051147, 0.9068750143051147, 0.9068750143051147, 0.9068750143051147, 0.9068750143051147, 0.9068750143051147, 0.9068750143051147, 0.9068750143051147, 0.9068750143051147, 0.9068750143051147, 0.9068750143051147, 0.9068750143051147, 0.9068750143051147, 0.9068750143051147, 0.9068750143051147, 0.9068750143051147, 0.9068750143051147, 0.9068750143051147, 0.9068750143051147, 0.9068750143051147, 0.9068750143051147, 0.9068750143051147, 0.9068750143051147, 0.9068750143051147, 0.9068750143051147, 0.9068750143051147, 0.9068750143051147, 0.9068750143051147, 0.9068750143051147, 0.9068750143051147, 0.9068750143051147, 0.9068750143051147, 0.9068750143051147, 0.9068750143051147, 0.9068750143051147, 0.9068750143051147, 0.9068750143051147, 0.9068750143051147, 0.9068750143051147, 0.9068750143051147, 0.9068750143051147, 0.9068750143051147, 0.9068750143051147, 0.9068750143051147, 0.9068750143051147, 0.9068750143051147]}