{"loss": [0.6886860132217407, 0.6805057525634766, 0.671054482460022, 0.6595829129219055, 0.6465740203857422, 0.6317876577377319, 0.6152419447898865, 0.5941591262817383, 0.5748514533042908, 0.5463269352912903, 0.5173949599266052, 0.4853236675262451, 0.45581015944480896, 0.4238548278808594, 0.3714381158351898, 0.3400234878063202, 0.31004008650779724, 0.2749026417732239, 0.24989847838878632, 0.22453773021697998, 0.17685925960540771, 0.1625470668077469, 0.13962776958942413, 0.14261795580387115, 0.12877073884010315, 0.09849607199430466, 0.09696492552757263, 0.09483036398887634, 0.08796603232622147, 0.05848780274391174, 0.08733910322189331, 0.10879799723625183, 0.07604550570249557, 0.052335530519485474, 0.03819374367594719, 0.04585744068026543, 0.04182897508144379, 0.03134561702609062, 0.05184578523039818, 0.03969447314739227], "accuracy": [0.7284374833106995, 0.9503124952316284, 0.9881250262260437, 0.9850000143051147, 0.9931250214576721, 0.9925000071525574, 0.9834374785423279, 0.9909374713897705, 0.9840624928474426, 0.9903125166893005, 0.9912499785423279, 0.9909374713897705, 0.9862499833106995, 0.9837499856948853, 1.0, 0.9918749928474426, 0.9850000143051147, 0.9868749976158142, 0.9846875071525574, 0.9828125238418579, 0.9959375262260437, 0.9915624856948853, 0.9918749928474426, 0.984375, 0.9856250286102295, 0.9921875, 0.9909374713897705, 0.9893749952316284, 0.9896875023841858, 0.9962499737739563, 0.9862499833106995, 0.9790624976158142, 0.9862499833106995, 0.9937499761581421, 0.9971874952316284, 0.9940624833106995, 0.9943749904632568, 0.9981250166893005, 0.9918749928474426, 0.9940624833106995], "val_loss": [0.6862540245056152, 0.6779793500900269, 0.6684297919273376, 0.6574947237968445, 0.6450718641281128, 0.6311395764350891, 0.6156366467475891, 0.5982269644737244, 0.5795641541481018, 0.5584158897399902, 0.535698652267456, 0.5111610293388367, 0.4863941967487335, 0.4616008996963501, 0.43553993105888367, 0.4110276401042938, 0.3888916075229645, 0.36971503496170044, 0.35361993312835693, 0.340580016374588, 0.3303162753582001, 0.3230130672454834, 0.31839022040367126, 0.3158953785896301, 0.31483447551727295, 0.3155086040496826, 0.3170435428619385, 0.3196983337402344, 0.32189711928367615, 0.3260394036769867, 0.3288081884384155, 0.3302311301231384, 0.3334108293056488, 0.33692142367362976, 0.34188151359558105, 0.346371054649353, 0.3509949743747711, 0.356619268655777, 0.3598017990589142, 0.36382728815078735], "val_accuracy": [0.8765624761581421, 0.8956249952316284, 0.9012500047683716, 0.9056249856948853, 0.9068750143051147, 0.9068750143051147, 0.9068750143051147, 0.9068750143051147, 0.9068750143051147, 0.9068750143051147, 0.9068750143051147, 0.9068750143051147, 0.9068750143051147, 0.9068750143051147, 0.9068750143051147, 0.9068750143051147, 0.9068750143051147, 0.9068750143051147, 0.9068750143051147, 0.9068750143051147, 0.9068750143051147, 0.9068750143051147, 0.9068750143051147, 0.9068750143051147, 0.9068750143051147, 0.9068750143051147, 0.9068750143051147, 0.9068750143051147, 0.9068750143051147, 0.9068750143051147, 0.9068750143051147, 0.9068750143051147, 0.9068750143051147, 0.9068750143051147, 0.9068750143051147, 0.9068750143051147, 0.9068750143051147, 0.9068750143051147, 0.9068750143051147, 0.9068750143051147]}