{"loss": [0.6923996806144714, 0.6869558095932007, 0.681807279586792, 0.6754205226898193, 0.6696360111236572, 0.6608352661132812, 0.6521307229995728, 0.6403523087501526, 0.6277279257774353, 0.6125394701957703, 0.5966165661811829, 0.5728477239608765, 0.5514848232269287, 0.5260037779808044, 0.49842265248298645, 0.4722152650356293, 0.442020982503891, 0.40713369846343994, 0.37823939323425293, 0.33865928649902344, 0.30263662338256836, 0.29526543617248535, 0.23931334912776947, 0.22050905227661133, 0.21861682832241058, 0.17079374194145203, 0.1721147894859314, 0.14432241022586823, 0.130723237991333, 0.13109886646270752, 0.0930211991071701, 0.10980504006147385, 0.07752407342195511, 0.06407999247312546, 0.07780150324106216, 0.07863842695951462, 0.07968676090240479, 0.07688793540000916, 0.06953892111778259, 0.05251490697264671, 0.054813046008348465, 0.052238356322050095, 0.043558891862630844, 0.04437291622161865, 0.06081472337245941, 0.0546351820230484, 0.024919362738728523], "accuracy": [0.9853125214576721, 0.987500011920929, 0.9831249713897705, 0.9943749904632568, 0.9781249761581421, 0.9887499809265137, 0.981249988079071, 0.989062488079071, 0.9865624904632568, 0.9893749952316284, 0.984375, 1.0, 0.9940624833106995, 0.9943749904632568, 0.9934375286102295, 0.9856250286102295, 0.984375, 0.9918749928474426, 0.9887499809265137, 0.9918749928474426, 0.9975000023841858, 0.9800000190734863, 1.0, 0.9937499761581421, 0.9815624952316284, 0.9981250166893005, 0.9862499833106995, 0.9931250214576721, 0.9912499785423279, 0.9871875047683716, 0.9971874952316284, 0.9878125190734863, 0.9971874952316284, 1.0, 0.9921875, 0.9893749952316284, 0.9878125190734863, 0.9878125190734863, 0.9887499809265137, 0.9928125143051147, 0.9921875, 0.9928125143051147, 0.9937499761581421, 0.9940624833106995, 0.9887499809265137, 0.989062488079071, 0.9984375238418579], "val_loss": [0.6934755444526672, 0.6888679265975952, 0.6837744116783142, 0.677978515625, 0.6713160872459412, 0.6637279987335205, 0.6549829244613647, 0.6448318362236023, 0.6332371234893799, 0.6200752854347229, 0.6054649949073792, 0.5885191559791565, 0.5699123740196228, 0.5494740009307861, 0.5277876257896423, 0.5054829716682434, 0.4825025498867035, 0.4594511091709137, 0.4373478293418884, 0.41560545563697815, 0.39543917775154114, 0.37813296914100647, 0.3619837164878845, 0.3483108878135681, 0.3378199636936188, 0.3290117681026459, 0.32238852977752686, 0.3176705837249756, 0.3146914541721344, 0.3130047917366028, 0.3127596378326416, 0.31265419721603394, 0.3141719102859497, 0.3168097138404846, 0.3196428418159485, 0.3226226568222046, 0.32498699426651, 0.32754480838775635, 0.3307173550128937, 0.33433395624160767, 0.3378288745880127, 0.3412121534347534, 0.3454744815826416, 0.34987467527389526, 0.35275864601135254, 0.3548901081085205, 0.359948068857193], "val_accuracy": [0.7978125214576721, 0.8075000047683716, 0.8212500214576721, 0.8481249809265137, 0.8768749833106995, 0.8884375095367432, 0.9009374976158142, 0.9028124809265137, 0.9053124785423279, 0.9034374952316284, 0.9046875238418579, 0.9053124785423279, 0.9068750143051147, 0.9068750143051147, 0.9065625071525574, 0.9065625071525574, 0.9065625071525574, 0.9065625071525574, 0.9065625071525574, 0.9065625071525574, 0.9065625071525574, 0.9065625071525574, 0.9065625071525574, 0.9065625071525574, 0.9065625071525574, 0.90625, 0.90625, 0.90625, 0.90625, 0.90625, 0.90625, 0.9056249856948853, 0.9056249856948853, 0.9056249856948853, 0.9056249856948853, 0.9056249856948853, 0.9056249856948853, 0.9056249856948853, 0.9056249856948853, 0.9056249856948853, 0.9056249856948853, 0.9056249856948853, 0.9056249856948853, 0.9056249856948853, 0.9056249856948853, 0.9056249856948853, 0.9056249856948853]}