{"loss": [0.6810855269432068, 0.6691317558288574, 0.6536732316017151, 0.6319975852966309, 0.6045711636543274, 0.5732124447822571, 0.5332915782928467, 0.4844883978366852, 0.4307387173175812, 0.3873378336429596, 0.3230167031288147, 0.2728302776813507, 0.2291150987148285, 0.17564351856708527, 0.14265947043895721, 0.1279604285955429, 0.10233408212661743, 0.11128353327512741, 0.11485079675912857, 0.08425023406744003, 0.04403159022331238, 0.11350630968809128, 0.07743172347545624, 0.058786582201719284, 0.050393614917993546, 0.05180216208100319, 0.03848712146282196, 0.05848616734147072, 0.0267795417457819, 0.04941107705235481, 0.07605227082967758, 0.03814467415213585, 0.04016680270433426, 0.03993288427591324, 0.09134116768836975, 0.06167447566986084, 0.06644915789365768, 0.07710367441177368, 0.06605809926986694, 0.07732189446687698, 0.08961214870214462, 0.028942611068487167, 0.05871241167187691, 0.08159688860177994, 0.10103374719619751, 0.042891617864370346, 0.03329329192638397, 0.0881844237446785, 0.05242549255490303, 0.04988794028759003, 0.10302688926458359, 0.07276411354541779, 0.056578949093818665, 0.06293288618326187, 0.026183800771832466, 0.06034805253148079, 0.08137746155261993, 0.06469769775867462, 0.06286807358264923, 0.025911711156368256, 0.03629136458039284, 0.12273424118757248, 0.028347238898277283, 0.061798032373189926, 0.0400846004486084, 0.05228001996874809, 0.05468706786632538, 0.0328560508787632, 0.054119180887937546, 0.05528976768255234, 0.03708912804722786, 0.01722673512995243, 0.05379341542720795, 0.025178279727697372, 0.008796339854598045, 0.04278799518942833, 0.04914836958050728, 0.02400495484471321, 0.05559542030096054, 0.05403579771518707, 0.0975394919514656, 0.03989462926983833, 0.02401142753660679, 0.05613655224442482, 0.10133136063814163, 0.07717843353748322, 0.05640607327222824, 0.0565577857196331], "accuracy": [0.9815624952316284, 0.9971874952316284, 0.987500011920929, 0.9906250238418579, 0.9931250214576721, 0.9871875047683716, 0.9928125143051147, 0.9946874976158142, 0.9975000023841858, 0.9825000166893005, 0.9934375286102295, 0.9912499785423279, 0.9884374737739563, 0.9971874952316284, 0.9965624809265137, 0.9912499785423279, 0.9937499761581421, 0.9853125214576721, 0.9821875095367432, 0.989062488079071, 1.0, 0.9778125286102295, 0.9881250262260437, 0.9925000071525574, 0.9937499761581421, 0.9931250214576721, 0.9962499737739563, 0.9906250238418579, 0.9981250166893005, 0.9925000071525574, 0.9865624904632568, 0.9946874976158142, 0.9943749904632568, 0.9940624833106995, 0.9831249713897705, 0.9893749952316284, 0.989062488079071, 0.9862499833106995, 0.9884374737739563, 0.9856250286102295, 0.9837499856948853, 0.996874988079071, 0.9900000095367432, 0.9853125214576721, 0.9809374809265137, 0.9934375286102295, 0.9956250190734863, 0.9834374785423279, 0.9912499785423279, 0.9921875, 0.979687511920929, 0.987500011920929, 0.9903125166893005, 0.989062488079071, 0.9971874952316284, 0.9893749952316284, 0.9853125214576721, 0.9887499809265137, 0.989062488079071, 0.996874988079071, 0.9950000047683716, 0.9762499928474426, 0.9962499737739563, 0.9887499809265137, 0.9940624833106995, 0.9909374713897705, 0.9903125166893005, 0.9956250190734863, 0.9909374713897705, 0.9906250238418579, 0.9940624833106995, 0.9984375238418579, 0.9912499785423279, 0.996874988079071, 1.0, 0.9931250214576721, 0.9918749928474426, 0.996874988079071, 0.9909374713897705, 0.9909374713897705, 0.9821875095367432, 0.9937499761581421, 0.9971874952316284, 0.9906250238418579, 0.981249988079071, 0.9862499833106995, 0.9903125166893005, 0.9906250238418579], "val_loss": [0.6853331923484802, 0.6788983345031738, 0.6705008745193481, 0.6603305339813232, 0.6482070088386536, 0.6339943408966064, 0.6175816059112549, 0.5986555218696594, 0.5778546929359436, 0.5572111010551453, 0.5359677672386169, 0.5160230398178101, 0.49818894267082214, 0.48166319727897644, 0.4672565758228302, 0.45612362027168274, 0.44645681977272034, 0.4401897192001343, 0.43542736768722534, 0.4306982755661011, 0.4262107014656067, 0.4241606593132019, 0.42249929904937744, 0.4204213619232178, 0.41858384013175964, 0.4171137511730194, 0.41580674052238464, 0.4150291681289673, 0.41415706276893616, 0.4136910140514374, 0.4136975109577179, 0.4132378101348877, 0.4128098785877228, 0.4126870334148407, 0.41275516152381897, 0.4128064215183258, 0.412760853767395, 0.41287854313850403, 0.4127667546272278, 0.41291072964668274, 0.4130803942680359, 0.4127933979034424, 0.41272181272506714, 0.4128466546535492, 0.41311115026474, 0.41286519169807434, 0.41258344054222107, 0.4127637445926666, 0.4126620590686798, 0.4125441014766693, 0.4127263128757477, 0.41286879777908325, 0.41281551122665405, 0.4127084016799927, 0.4124216139316559, 0.4124179184436798, 0.4124923646450043, 0.4124399423599243, 0.4125385582447052, 0.41230273246765137, 0.4121580421924591, 0.4124380350112915, 0.4122430682182312, 0.4122963845729828, 0.41219937801361084, 0.4121769070625305, 0.41215693950653076, 0.41207194328308105, 0.412044882774353, 0.4120323956012726, 0.4120047688484192, 0.4119431674480438, 0.4119378924369812, 0.4119437336921692, 0.41201725602149963, 0.41205570101737976, 0.41202235221862793, 0.41211971640586853, 0.41206875443458557, 0.41210514307022095, 0.4119397699832916, 0.4119468033313751, 0.41199952363967896, 0.4119972586631775, 0.41194429993629456, 0.41198092699050903, 0.4119926393032074, 0.4120137393474579], "val_accuracy": [0.8987500071525574, 0.9034374952316284, 0.9049999713897705, 0.9056249856948853, 0.9056249856948853, 0.9059374928474426, 0.9068750143051147, 0.9068750143051147, 0.9068750143051147, 0.9068750143051147, 0.9068750143051147, 0.9068750143051147, 0.9068750143051147, 0.9068750143051147, 0.9068750143051147, 0.9068750143051147, 0.90625, 0.90625, 0.90625, 0.90625, 0.90625, 0.90625, 0.90625, 0.90625, 0.90625, 0.90625, 0.90625, 0.90625, 0.90625, 0.90625, 0.90625, 0.90625, 0.90625, 0.9068750143051147, 0.9068750143051147, 0.9068750143051147, 0.9068750143051147, 0.9068750143051147, 0.9068750143051147, 0.9068750143051147, 0.9068750143051147, 0.9068750143051147, 0.9068750143051147, 0.9068750143051147, 0.9068750143051147, 0.9068750143051147, 0.9068750143051147, 0.9068750143051147, 0.9068750143051147, 0.9068750143051147, 0.9068750143051147, 0.9068750143051147, 0.9068750143051147, 0.9068750143051147, 0.9068750143051147, 0.9068750143051147, 0.9068750143051147, 0.9068750143051147, 0.9068750143051147, 0.9068750143051147, 0.9068750143051147, 0.9068750143051147, 0.9068750143051147, 0.9068750143051147, 0.9068750143051147, 0.9068750143051147, 0.9068750143051147, 0.9068750143051147, 0.9068750143051147, 0.9068750143051147, 0.9068750143051147, 0.9068750143051147, 0.9068750143051147, 0.9068750143051147, 0.9068750143051147, 0.9068750143051147, 0.9068750143051147, 0.9068750143051147, 0.9068750143051147, 0.9068750143051147, 0.9068750143051147, 0.9068750143051147, 0.9068750143051147, 0.9068750143051147, 0.9068750143051147, 0.9068750143051147, 0.9068750143051147, 0.9068750143051147]}