{"loss": [0.7015718817710876, 0.6766945719718933, 0.6519312858581543, 0.6288157105445862, 0.6033656597137451, 0.5792253613471985, 0.5552774667739868, 0.5338660478591919, 0.5069124102592468, 0.4882441759109497, 0.46568846702575684, 0.4355309009552002, 0.41425925493240356, 0.39029407501220703, 0.37136176228523254, 0.3474893867969513, 0.3252186179161072, 0.3013482093811035, 0.27484917640686035, 0.2674509584903717, 0.2506271302700043, 0.24077843129634857, 0.2102925330400467, 0.18552686274051666, 0.19844090938568115, 0.17802675068378448, 0.15899643301963806, 0.1551564484834671, 0.14115655422210693, 0.14049704372882843, 0.12315824627876282, 0.10473843663930893, 0.1269022822380066, 0.10724429786205292, 0.10055991262197495, 0.10567592829465866, 0.07459857314825058, 0.09363392740488052, 0.07901491969823837, 0.0826743096113205, 0.06859956681728363, 0.058944474905729294, 0.07902749627828598, 0.06763537228107452, 0.09794206917285919, 0.07783809304237366, 0.0484948605298996, 0.08562484383583069, 0.05632968991994858, 0.05821623653173447, 0.08261680603027344, 0.05524131655693054, 0.05791178718209267, 0.0654146745800972, 0.07365086674690247, 0.05369696021080017], "accuracy": [0.4815624952316284, 0.604687511920929, 0.7387499809265137, 0.8228124976158142, 0.9071875214576721, 0.9459375143051147, 0.9709374904632568, 0.9815624952316284, 0.9912499785423279, 0.9896875023841858, 0.9884374737739563, 0.9962499737739563, 0.9931250214576721, 0.9940624833106995, 0.9909374713897705, 0.9943749904632568, 0.9931250214576721, 0.9946874976158142, 0.996874988079071, 0.9903125166893005, 0.9868749976158142, 0.9853125214576721, 0.9940624833106995, 0.9987499713897705, 0.984375, 0.9893749952316284, 0.9931250214576721, 0.9903125166893005, 0.9921875, 0.9887499809265137, 0.9931250214576721, 0.9959375262260437, 0.9865624904632568, 0.9928125143051147, 0.9921875, 0.9868749976158142, 0.996874988079071, 0.9903125166893005, 0.9928125143051147, 0.9900000095367432, 0.9940624833106995, 0.9962499737739563, 0.9906250238418579, 0.9928125143051147, 0.9837499856948853, 0.9893749952316284, 0.9965624809265137, 0.9865624904632568, 0.9940624833106995, 0.9925000071525574, 0.9865624904632568, 0.9937499761581421, 0.9928125143051147, 0.9906250238418579, 0.9881250262260437, 0.9934375286102295], "val_loss": [0.6896053552627563, 0.6833894848823547, 0.6768532395362854, 0.6699196100234985, 0.6623671054840088, 0.6543524861335754, 0.6457387804985046, 0.6366636157035828, 0.6267743706703186, 0.616611659526825, 0.6060938239097595, 0.594801127910614, 0.5829592347145081, 0.5706798434257507, 0.5585674047470093, 0.5459655523300171, 0.5333807468414307, 0.5205829739570618, 0.50774085521698, 0.4954605996608734, 0.4838108718395233, 0.4724899232387543, 0.46155643463134766, 0.450668066740036, 0.44134634733200073, 0.4325532913208008, 0.4242154657840729, 0.4166985750198364, 0.4097820222377777, 0.40385380387306213, 0.39848145842552185, 0.39349812269210815, 0.38988903164863586, 0.3864741623401642, 0.38356900215148926, 0.38153454661369324, 0.3796311616897583, 0.3782823979854584, 0.3774583041667938, 0.3769523501396179, 0.3768295347690582, 0.37707072496414185, 0.37746965885162354, 0.3782631754875183, 0.3788461685180664, 0.3794286251068115, 0.3808826506137848, 0.3815916180610657, 0.38295552134513855, 0.3845762312412262, 0.3859301507472992, 0.38694533705711365, 0.38866251707077026, 0.38994038105010986, 0.391124427318573, 0.39284369349479675], "val_accuracy": [0.8503124713897705, 0.8778125047683716, 0.8915625214576721, 0.8981249928474426, 0.9037500023841858, 0.9068750143051147, 0.9068750143051147, 0.9068750143051147, 0.9068750143051147, 0.9068750143051147, 0.9068750143051147, 0.9068750143051147, 0.9068750143051147, 0.9068750143051147, 0.9068750143051147, 0.9068750143051147, 0.9068750143051147, 0.9068750143051147, 0.9068750143051147, 0.9068750143051147, 0.9068750143051147, 0.9068750143051147, 0.9068750143051147, 0.9068750143051147, 0.9068750143051147, 0.9068750143051147, 0.9068750143051147, 0.9068750143051147, 0.9068750143051147, 0.9068750143051147, 0.9068750143051147, 0.9068750143051147, 0.9068750143051147, 0.9068750143051147, 0.9068750143051147, 0.9068750143051147, 0.9068750143051147, 0.9068750143051147, 0.9068750143051147, 0.9068750143051147, 0.9068750143051147, 0.9068750143051147, 0.9068750143051147, 0.9068750143051147, 0.9068750143051147, 0.9068750143051147, 0.9068750143051147, 0.9068750143051147, 0.9068750143051147, 0.9068750143051147, 0.9068750143051147, 0.9068750143051147, 0.9068750143051147, 0.9068750143051147, 0.9068750143051147, 0.9068750143051147]}