{"loss": [0.7082585096359253, 0.6908839344978333, 0.6717331409454346, 0.6551833152770996, 0.6366710066795349, 0.6189392805099487, 0.6011128425598145, 0.5807641744613647, 0.5627907514572144, 0.5433105230331421, 0.517764151096344, 0.4985105097293854, 0.4755342900753021, 0.45752304792404175, 0.436031311750412, 0.4073222875595093, 0.3862777054309845, 0.36586993932724, 0.3462775945663452, 0.3302302062511444, 0.3026644289493561, 0.27675536274909973, 0.2601705491542816, 0.2438376396894455, 0.2268197387456894, 0.21003271639347076, 0.22182367742061615, 0.17891278862953186, 0.1730058789253235, 0.15290182828903198, 0.13183680176734924, 0.14314432442188263, 0.11806512624025345, 0.14721830189228058, 0.11036815494298935, 0.11477185040712357, 0.0964098572731018, 0.11262821406126022, 0.10726267099380493, 0.09150086343288422, 0.08836319297552109, 0.0632663369178772, 0.06362378597259521, 0.058596815913915634, 0.08008460700511932, 0.060818176716566086, 0.08579900115728378, 0.06523676216602325, 0.0687578096985817, 0.10885319113731384, 0.0604817159473896, 0.049073267728090286], "accuracy": [0.3671875, 0.5237500071525574, 0.6909375190734863, 0.8178125023841858, 0.8965625166893005, 0.9487500190734863, 0.9681249856948853, 0.9868749976158142, 0.9825000166893005, 0.9859374761581421, 0.9937499761581421, 0.9918749928474426, 0.9918749928474426, 0.9909374713897705, 0.9850000143051147, 0.9959375262260437, 0.9937499761581421, 0.9909374713897705, 0.9881250262260437, 0.987500011920929, 0.9921875, 0.9975000023841858, 0.9943749904632568, 0.9946874976158142, 0.9934375286102295, 0.9940624833106995, 0.9815624952316284, 0.9956250190734863, 0.9918749928474426, 0.9950000047683716, 1.0, 0.9906250238418579, 0.9978125095367432, 0.9815624952316284, 0.9937499761581421, 0.9893749952316284, 0.9943749904632568, 0.9865624904632568, 0.9871875047683716, 0.9909374713897705, 0.9909374713897705, 0.9978125095367432, 0.9956250190734863, 0.9965624809265137, 0.9896875023841858, 0.9943749904632568, 0.9865624904632568, 0.9925000071525574, 0.9912499785423279, 0.9803125262260437, 0.9918749928474426, 0.995312511920929], "val_loss": [0.6902514696121216, 0.6840886473655701, 0.6775329113006592, 0.6705067157745361, 0.6628046631813049, 0.6546228528022766, 0.6459540724754333, 0.6365742087364197, 0.626689612865448, 0.6161957383155823, 0.6047726273536682, 0.5930507183074951, 0.5808295607566833, 0.5683541297912598, 0.5556519031524658, 0.542406439781189, 0.528921902179718, 0.5158020257949829, 0.5026183724403381, 0.4899061620235443, 0.47715073823928833, 0.4645662009716034, 0.4527050852775574, 0.4413352310657501, 0.43100300431251526, 0.42128321528434753, 0.4133516252040863, 0.40519824624061584, 0.3981248140335083, 0.39184579253196716, 0.3864058256149292, 0.3823162019252777, 0.3788700997829437, 0.3767160475254059, 0.37507426738739014, 0.3743283748626709, 0.37413159012794495, 0.37459996342658997, 0.3755749464035034, 0.3767985999584198, 0.37858259677886963, 0.3811805844306946, 0.3842168152332306, 0.38772982358932495, 0.390354722738266, 0.3939255177974701, 0.3971397876739502, 0.40017470717430115, 0.40352189540863037, 0.40475666522979736, 0.4075969457626343, 0.411835640668869], "val_accuracy": [0.840624988079071, 0.8803125023841858, 0.8971874713897705, 0.9053124785423279, 0.9065625071525574, 0.9068750143051147, 0.9068750143051147, 0.9068750143051147, 0.9068750143051147, 0.9068750143051147, 0.9068750143051147, 0.9068750143051147, 0.9068750143051147, 0.9068750143051147, 0.9068750143051147, 0.9068750143051147, 0.9068750143051147, 0.9068750143051147, 0.9068750143051147, 0.9068750143051147, 0.9068750143051147, 0.9068750143051147, 0.9068750143051147, 0.9068750143051147, 0.9068750143051147, 0.9068750143051147, 0.9068750143051147, 0.9068750143051147, 0.9068750143051147, 0.9068750143051147, 0.9068750143051147, 0.9068750143051147, 0.9068750143051147, 0.9068750143051147, 0.9068750143051147, 0.9068750143051147, 0.9068750143051147, 0.9068750143051147, 0.9068750143051147, 0.9068750143051147, 0.9068750143051147, 0.9068750143051147, 0.9068750143051147, 0.9068750143051147, 0.9068750143051147, 0.9068750143051147, 0.9068750143051147, 0.9068750143051147, 0.9068750143051147, 0.9068750143051147, 0.9068750143051147, 0.9068750143051147]}