{"loss": [0.684424877166748, 0.6714800000190735, 0.6552577018737793, 0.6349925398826599, 0.609312891960144, 0.5790283679962158, 0.541904866695404, 0.4963982105255127, 0.4471754729747772, 0.3908287286758423, 0.33779197931289673, 0.2827378511428833, 0.23422794044017792, 0.19216735661029816, 0.19226177036762238, 0.1408102661371231, 0.12037692964076996, 0.12951765954494476, 0.1122063547372818, 0.0695778876543045, 0.08198302984237671, 0.07800263911485672, 0.07229733467102051, 0.031645502895116806, 0.06612742692232132, 0.08488085120916367, 0.05236661061644554, 0.0728682205080986, 0.07213026285171509, 0.05720285326242447, 0.04595281928777695, 0.04805232584476471, 0.03482487425208092, 0.058928877115249634, 0.037272170186042786, 0.09375425428152084, 0.02880215458571911, 0.0130503810942173], "accuracy": [0.9850000143051147, 0.9946874976158142, 0.9900000095367432, 0.9909374713897705, 0.996874988079071, 0.9925000071525574, 0.9900000095367432, 0.9903125166893005, 0.9909374713897705, 0.996874988079071, 0.9912499785423279, 0.9940624833106995, 0.9940624833106995, 0.9940624833106995, 0.9762499928474426, 0.9909374713897705, 0.9906250238418579, 0.9809374809265137, 0.9840624928474426, 0.9962499737739563, 0.9893749952316284, 0.989062488079071, 0.9896875023841858, 1.0, 0.9896875023841858, 0.9856250286102295, 0.9931250214576721, 0.9881250262260437, 0.9878125190734863, 0.9909374713897705, 0.9931250214576721, 0.9928125143051147, 0.9956250190734863, 0.9900000095367432, 0.9950000047683716, 0.9818750023841858, 0.996874988079071, 1.0], "val_loss": [0.6825039386749268, 0.6751441955566406, 0.6660311222076416, 0.6554620265960693, 0.6427743434906006, 0.6277726292610168, 0.6109118461608887, 0.5921019911766052, 0.5718186497688293, 0.5506888031959534, 0.529795229434967, 0.5104089975357056, 0.49314403533935547, 0.4786980450153351, 0.46868470311164856, 0.4598354399204254, 0.453389436006546, 0.44913890957832336, 0.44610586762428284, 0.44360315799713135, 0.44237735867500305, 0.4418070912361145, 0.44167929887771606, 0.4421501159667969, 0.4426933526992798, 0.4426955282688141, 0.44333991408348083, 0.44332554936408997, 0.44320613145828247, 0.4437740445137024, 0.4446731209754944, 0.44588637351989746, 0.44668570160865784, 0.4472401738166809, 0.4484202563762665, 0.4479638934135437, 0.44885826110839844, 0.4509040117263794], "val_accuracy": [0.90625, 0.9075000286102295, 0.9071875214576721, 0.9071875214576721, 0.9068750143051147, 0.9068750143051147, 0.9068750143051147, 0.9068750143051147, 0.9068750143051147, 0.9068750143051147, 0.9068750143051147, 0.9068750143051147, 0.9068750143051147, 0.9068750143051147, 0.9068750143051147, 0.9068750143051147, 0.9068750143051147, 0.9068750143051147, 0.9068750143051147, 0.9068750143051147, 0.9068750143051147, 0.9068750143051147, 0.9068750143051147, 0.9068750143051147, 0.9068750143051147, 0.9068750143051147, 0.9068750143051147, 0.9068750143051147, 0.9068750143051147, 0.9068750143051147, 0.9068750143051147, 0.9068750143051147, 0.9068750143051147, 0.9068750143051147, 0.9068750143051147, 0.9068750143051147, 0.9068750143051147, 0.9068750143051147]}