{"loss": [0.6903995275497437, 0.6820816993713379, 0.6721348762512207, 0.6596705913543701, 0.6435250639915466, 0.6239848136901855, 0.6017076373100281, 0.5685039758682251, 0.5338284373283386, 0.4930734932422638, 0.4461534917354584, 0.39427611231803894, 0.3498018980026245, 0.2967809736728668, 0.24471907317638397, 0.20627695322036743, 0.17983666062355042, 0.13215991854667664, 0.12780480086803436, 0.11475327610969543, 0.10881083458662033, 0.10577777028083801, 0.07660049200057983, 0.10064622759819031, 0.06777515262365341, 0.08707036077976227, 0.05765601620078087, 0.08537986874580383, 0.04670051112771034, 0.06229819357395172, 0.09096407145261765, 0.04596983268857002, 0.07273553311824799, 0.08644521981477737, 0.03358137980103493, 0.07384099811315536, 0.06279296427965164, 0.1080162525177002, 0.053161025047302246, 0.08672551065683365], "accuracy": [0.6856250166893005, 0.9465625286102295, 0.9853125214576721, 0.989062488079071, 0.9887499809265137, 0.9915624856948853, 0.9787499904632568, 0.9918749928474426, 0.9865624904632568, 0.9912499785423279, 0.9912499785423279, 0.9965624809265137, 0.987500011920929, 0.9918749928474426, 0.9978125095367432, 0.9937499761581421, 0.9912499785423279, 1.0, 0.9906250238418579, 0.9909374713897705, 0.9878125190734863, 0.9859374761581421, 0.9937499761581421, 0.9837499856948853, 0.9928125143051147, 0.9859374761581421, 0.9937499761581421, 0.9856250286102295, 0.995312511920929, 0.9906250238418579, 0.9846875071525574, 0.9943749904632568, 0.9884374737739563, 0.9846875071525574, 0.9971874952316284, 0.9871875047683716, 0.9896875023841858, 0.9784374833106995, 0.9918749928474426, 0.9840624928474426], "val_loss": [0.6945365071296692, 0.6890605092048645, 0.682685911655426, 0.675108790397644, 0.6661726236343384, 0.6555944085121155, 0.643669605255127, 0.6298204660415649, 0.6145530939102173, 0.5976587533950806, 0.5798559784889221, 0.5614941120147705, 0.5438910126686096, 0.5273541808128357, 0.512036919593811, 0.49928465485572815, 0.48847758769989014, 0.47935348749160767, 0.4729244112968445, 0.46828293800354004, 0.4651331305503845, 0.46291232109069824, 0.46133366227149963, 0.4604203701019287, 0.45999518036842346, 0.46006476879119873, 0.46030232310295105, 0.4603964686393738, 0.4610350728034973, 0.46195968985557556, 0.4620008170604706, 0.4626757502555847, 0.46333324909210205, 0.4628716707229614, 0.46397414803504944, 0.46436211466789246, 0.46454373002052307, 0.4640619158744812, 0.46421968936920166, 0.4637182652950287], "val_accuracy": [0.8065624833106995, 0.8246874809265137, 0.8475000262260437, 0.8609374761581421, 0.8756250143051147, 0.8784375190734863, 0.8884375095367432, 0.8924999833106995, 0.8949999809265137, 0.8949999809265137, 0.8924999833106995, 0.8899999856948853, 0.890625, 0.8890625238418579, 0.887499988079071, 0.8837500214576721, 0.8824999928474426, 0.8809375166893005, 0.8815624713897705, 0.8812500238418579, 0.8812500238418579, 0.8818749785423279, 0.8793749809265137, 0.8790624737739563, 0.8778125047683716, 0.8765624761581421, 0.8765624761581421, 0.8765624761581421, 0.8765624761581421, 0.8762500286102295, 0.8762500286102295, 0.8756250143051147, 0.8756250143051147, 0.875, 0.8743749856948853, 0.8743749856948853, 0.8746874928474426, 0.8746874928474426, 0.8746874928474426, 0.8746874928474426]}