{"loss": [0.6721224188804626, 0.6569434404373169, 0.6387473940849304, 0.621410071849823, 0.6032164096832275, 0.5877538919448853, 0.570146918296814, 0.5475839972496033, 0.5280930995941162, 0.5098745822906494, 0.4862186908721924, 0.4684666395187378, 0.4421509802341461, 0.418521523475647, 0.3923570215702057, 0.3817976117134094, 0.35490211844444275, 0.33381545543670654, 0.32497596740722656, 0.2954636514186859, 0.2690477967262268, 0.2588818073272705, 0.24031466245651245, 0.24748775362968445, 0.2142815738916397, 0.189741313457489, 0.1732049584388733, 0.1653342992067337, 0.14537596702575684, 0.14315614104270935, 0.1624404340982437, 0.1375855654478073, 0.13561663031578064, 0.11916854232549667, 0.10681407898664474, 0.10148047655820847, 0.10577986389398575, 0.07774992287158966, 0.06884986162185669, 0.07427538186311722, 0.08588510751724243, 0.1021740660071373, 0.06715606153011322, 0.04912835732102394, 0.06160659343004227, 0.06631433218717575, 0.09053283929824829, 0.1078300029039383, 0.054458536207675934, 0.07044864445924759], "accuracy": [0.6875, 0.7978125214576721, 0.8946874737739563, 0.9518749713897705, 0.9674999713897705, 0.9740625023841858, 0.9893749952316284, 0.9921875, 0.9918749928474426, 0.9884374737739563, 0.9881250262260437, 0.9909374713897705, 0.9965624809265137, 0.9928125143051147, 1.0, 0.989062488079071, 0.9906250238418579, 0.9918749928474426, 0.9831249713897705, 0.9896875023841858, 0.9931250214576721, 0.9900000095367432, 0.9906250238418579, 0.9765625, 0.9871875047683716, 0.9934375286102295, 0.9962499737739563, 0.9934375286102295, 0.996874988079071, 0.9918749928474426, 0.9793750047683716, 0.9871875047683716, 0.9853125214576721, 0.9893749952316284, 0.9915624856948853, 0.9915624856948853, 0.9887499809265137, 0.996874988079071, 0.9978125095367432, 0.9940624833106995, 0.9900000095367432, 0.9837499856948853, 0.9934375286102295, 0.9981250166893005, 0.9940624833106995, 0.9915624856948853, 0.9856250286102295, 0.981249988079071, 0.9946874976158142, 0.9896875023841858], "val_loss": [0.6854551434516907, 0.6783286333084106, 0.6706680059432983, 0.6622703671455383, 0.6532451510429382, 0.6437140703201294, 0.633442223072052, 0.6224134564399719, 0.6108168959617615, 0.5986654758453369, 0.5860792994499207, 0.5731701850891113, 0.559485137462616, 0.5455145239830017, 0.5311312675476074, 0.5172787308692932, 0.5031520128250122, 0.4892129600048065, 0.4760311543941498, 0.4628879129886627, 0.4502184987068176, 0.4385087490081787, 0.42751893401145935, 0.41808634996414185, 0.4090806543827057, 0.4005458950996399, 0.39292746782302856, 0.3864048421382904, 0.38089796900749207, 0.37651658058166504, 0.3736058175563812, 0.3713344633579254, 0.3698618412017822, 0.369020015001297, 0.36888208985328674, 0.3694049119949341, 0.3703349232673645, 0.37219998240470886, 0.3746456503868103, 0.37742653489112854, 0.3804360628128052, 0.38259944319725037, 0.38632866740226746, 0.3906266689300537, 0.3944661319255829, 0.3982437252998352, 0.401272177696228, 0.4024444818496704, 0.40574580430984497, 0.4088399410247803], "val_accuracy": [0.8912500143051147, 0.8984375, 0.9046875238418579, 0.9068750143051147, 0.9068750143051147, 0.9068750143051147, 0.9068750143051147, 0.9068750143051147, 0.9068750143051147, 0.9068750143051147, 0.9068750143051147, 0.9068750143051147, 0.9068750143051147, 0.9068750143051147, 0.9068750143051147, 0.9068750143051147, 0.9068750143051147, 0.9068750143051147, 0.9068750143051147, 0.9068750143051147, 0.9068750143051147, 0.9068750143051147, 0.9068750143051147, 0.9068750143051147, 0.9068750143051147, 0.9068750143051147, 0.9068750143051147, 0.9068750143051147, 0.9068750143051147, 0.9068750143051147, 0.9068750143051147, 0.9068750143051147, 0.9068750143051147, 0.9068750143051147, 0.9068750143051147, 0.9068750143051147, 0.9068750143051147, 0.9068750143051147, 0.9068750143051147, 0.9068750143051147, 0.9068750143051147, 0.9068750143051147, 0.9068750143051147, 0.9068750143051147, 0.9068750143051147, 0.9068750143051147, 0.9068750143051147, 0.9068750143051147, 0.9068750143051147, 0.9068750143051147]}