{"loss": [0.6775457859039307, 0.6552395820617676, 0.6286819577217102, 0.595553994178772, 0.5597019791603088, 0.5147860646247864, 0.46126893162727356, 0.4039858877658844, 0.35554179549217224, 0.2931195795536041, 0.2588379681110382, 0.21959123015403748, 0.1753307580947876, 0.14886178076267242, 0.1109621450304985, 0.08420025557279587, 0.0797877237200737, 0.09067755937576294, 0.08923281729221344, 0.08991725742816925, 0.07539661228656769, 0.07272639870643616, 0.028163056820631027, 0.04097644239664078, 0.08494441956281662, 0.04391667991876602, 0.0341239795088768, 0.08689757436513901, 0.09969425946474075, 0.07520211488008499, 0.051574092358350754, 0.07976451516151428, 0.06176254153251648, 0.034187331795692444, 0.014122286811470985, 0.046335574239492416, 0.13367480039596558, 0.04707995057106018, 0.06474892050027847, 0.08832070231437683, 0.05117358639836311, 0.03286069259047508, 0.058463722467422485, 0.06932566314935684, 0.05347529426217079, 0.03177274763584137, 0.060783687978982925, 0.08076657354831696, 0.06563177704811096, 0.037222303450107574, 0.053698234260082245, 0.06391382962465286, 0.05871910601854324, 0.1025649830698967, 0.11381275951862335, 0.060407500714063644, 0.08292616903781891, 0.10089997947216034, 0.049087148159742355, 0.05700565502047539, 0.02186512015759945, 0.03946472331881523, 0.04438762739300728, 0.04108870029449463, 0.06796148419380188, 0.04632742702960968, 0.039830587804317474, 0.059386495500802994, 0.01066167838871479, 0.07446418702602386, 0.0674017071723938, 0.041631512343883514, 0.06105835363268852, 0.04715116322040558, 0.0631573423743248, 0.042342692613601685, 0.05109446123242378, 0.058713994920253754, 0.09865976125001907, 0.05224260315299034, 0.09161023795604706, 0.05550188198685646, 0.046657662838697433, 0.10021363198757172, 0.09059538692235947, 0.023432748392224312, 0.01156418677419424, 0.041430577635765076, 0.06441275775432587, 0.026256751269102097, 0.024180147796869278, 0.04151793569326401, 0.0745396763086319, 0.044209036976099014, 0.053149279206991196, 0.06463845819234848, 0.029193319380283356, 0.09407142549753189, 0.06836389750242233, 0.06511303782463074, 0.0947861447930336, 0.08378908783197403, 0.07526228576898575, 0.08482547849416733, 0.10206771641969681, 0.06519455462694168, 0.0892963707447052, 0.03093646839261055, 0.060302358120679855, 0.05409444496035576, 0.02493266388773918, 0.042420051991939545], "accuracy": [0.776562511920929, 0.9553124904632568, 0.9884374737739563, 0.9937499761581421, 0.9825000166893005, 0.9865624904632568, 0.9918749928474426, 1.0, 0.9887499809265137, 0.9946874976158142, 0.9837499856948853, 0.9846875071525574, 0.9900000095367432, 0.989062488079071, 0.9950000047683716, 0.9975000023841858, 0.9950000047683716, 0.9884374737739563, 0.9865624904632568, 0.9853125214576721, 0.9893749952316284, 0.989062488079071, 1.0, 0.9956250190734863, 0.9850000143051147, 0.9946874976158142, 0.9962499737739563, 0.984375, 0.9818750023841858, 0.9878125190734863, 0.9928125143051147, 0.9868749976158142, 0.9893749952316284, 0.9956250190734863, 1.0, 0.9931250214576721, 0.9743750095367432, 0.9928125143051147, 0.989062488079071, 0.9840624928474426, 0.9925000071525574, 0.9956250190734863, 0.9903125166893005, 0.9878125190734863, 0.9912499785423279, 0.9959375262260437, 0.9896875023841858, 0.9859374761581421, 0.9881250262260437, 0.9950000047683716, 0.9912499785423279, 0.9893749952316284, 0.9900000095367432, 0.9809374809265137, 0.9784374833106995, 0.9896875023841858, 0.9846875071525574, 0.9815624952316284, 0.9921875, 0.9912499785423279, 0.9981250166893005, 0.9940624833106995, 0.9931250214576721, 0.9940624833106995, 0.9887499809265137, 0.9928125143051147, 0.9937499761581421, 0.9906250238418579, 1.0, 0.987500011920929, 0.9881250262260437, 0.9934375286102295, 0.9900000095367432, 0.9928125143051147, 0.9887499809265137, 0.9940624833106995, 0.9915624856948853, 0.9896875023841858, 0.9818750023841858, 0.9912499785423279, 0.9831249713897705, 0.9906250238418579, 0.9931250214576721, 0.981249988079071, 0.9834374785423279, 0.9978125095367432, 1.0, 0.9937499761581421, 0.9893749952316284, 0.996874988079071, 0.9971874952316284, 0.9937499761581421, 0.9871875047683716, 0.9931250214576721, 0.9912499785423279, 0.989062488079071, 0.9962499737739563, 0.9828125238418579, 0.987500011920929, 0.9887499809265137, 0.9831249713897705, 0.9853125214576721, 0.9868749976158142, 0.984375, 0.9809374809265137, 0.9887499809265137, 0.9834374785423279, 0.9965624809265137, 0.9896875023841858, 0.9909374713897705, 0.9975000023841858, 0.9937499761581421], "val_loss": [0.6834148168563843, 0.6758025288581848, 0.6668254733085632, 0.6562952995300293, 0.6445228457450867, 0.631413459777832, 0.6171541213989258, 0.6013516783714294, 0.5853578448295593, 0.5688873529434204, 0.5533956289291382, 0.5388902425765991, 0.525169312953949, 0.5128446221351624, 0.5015859603881836, 0.49136069416999817, 0.482672780752182, 0.4763193428516388, 0.47135859727859497, 0.4675367474555969, 0.4635497033596039, 0.46017587184906006, 0.4557063579559326, 0.4523078501224518, 0.45094630122184753, 0.4483725428581238, 0.44606077671051025, 0.44584405422210693, 0.445883184671402, 0.44491681456565857, 0.44345539808273315, 0.44284355640411377, 0.4422573447227478, 0.4406498074531555, 0.43851566314697266, 0.4377005100250244, 0.4393652379512787, 0.4383704662322998, 0.43797755241394043, 0.43769586086273193, 0.4373248219490051, 0.4359665811061859, 0.43553534150123596, 0.4355090260505676, 0.43492621183395386, 0.4337967038154602, 0.4336369037628174, 0.43356719613075256, 0.4342244863510132, 0.4334345757961273, 0.43302246928215027, 0.43319863080978394, 0.43308189511299133, 0.43380653858184814, 0.4353088438510895, 0.4347712993621826, 0.43527674674987793, 0.43603476881980896, 0.43537822365760803, 0.43475547432899475, 0.4332747161388397, 0.43234148621559143, 0.4317012429237366, 0.4309502840042114, 0.43091240525245667, 0.43039605021476746, 0.4297301471233368, 0.4291783571243286, 0.4280715584754944, 0.42819851636886597, 0.4280647039413452, 0.42786893248558044, 0.42789340019226074, 0.42751848697662354, 0.42771899700164795, 0.42706504464149475, 0.42665478587150574, 0.427048921585083, 0.4280140697956085, 0.4280215799808502, 0.42887645959854126, 0.42877909541130066, 0.4282612204551697, 0.42931827902793884, 0.43002253770828247, 0.42905479669570923, 0.4275118112564087, 0.42659899592399597, 0.4271146357059479, 0.4260733723640442, 0.4252842366695404, 0.42489609122276306, 0.4249521493911743, 0.42503470182418823, 0.42517298460006714, 0.42537182569503784, 0.4245527684688568, 0.42519694566726685, 0.4257105588912964, 0.4259190857410431, 0.4265662431716919, 0.4270875155925751, 0.42716461420059204, 0.4279506206512451, 0.4290277063846588, 0.4288109242916107, 0.42923054099082947, 0.42836588621139526, 0.4277295172214508, 0.4277152121067047, 0.4264225661754608, 0.4256562292575836],