{"loss": [0.6885423064231873, 0.6801047325134277, 0.6699667572975159, 0.6566874980926514, 0.6375011801719666, 0.6159234046936035, 0.5886381268501282, 0.5543701648712158, 0.5182791352272034, 0.47452840209007263, 0.4323429465293884, 0.3776382803916931, 0.327158123254776, 0.2675919234752655, 0.2275022566318512, 0.1791410595178604, 0.18037272989749908, 0.11812128871679306, 0.11458033323287964, 0.08786260336637497, 0.07233710587024689, 0.08898407965898514, 0.06981562823057175, 0.05256165191531181, 0.04293826222419739, 0.08276083320379257, 0.07602090388536453, 0.07441592216491699, 0.07592221349477768, 0.05681060254573822, 0.08562201261520386, 0.07341808825731277, 0.07585330307483673, 0.0735352635383606, 0.04683569446206093, 0.07382918149232864, 0.01676666922867298, 0.06388439238071442, 0.0632646307349205, 0.06424172222614288, 0.02461377903819084, 0.025333626195788383, 0.04490535706281662, 0.11011180281639099, 0.04647350683808327, 0.052165284752845764, 0.05612555891275406, 0.056769631803035736, 0.03357192128896713, 0.0566934198141098, 0.04689622297883034, 0.06067231670022011, 0.032778963446617126, 0.07686107605695724, 0.01960008591413498, 0.07074035704135895, 0.06573257595300674], "accuracy": [0.8506249785423279, 0.9815624952316284, 0.9803125262260437, 0.9803125262260437, 0.9909374713897705, 0.9837499856948853, 0.987500011920929, 0.9940624833106995, 0.9912499785423279, 0.9881250262260437, 0.9831249713897705, 0.9909374713897705, 0.9928125143051147, 1.0, 0.9946874976158142, 1.0, 0.981249988079071, 1.0, 0.9921875, 0.9962499737739563, 0.996874988079071, 0.9878125190734863, 0.9921875, 0.9965624809265137, 0.9971874952316284, 0.9850000143051147, 0.9881250262260437, 0.9871875047683716, 0.9862499833106995, 0.9918749928474426, 0.984375, 0.9865624904632568, 0.9871875047683716, 0.9859374761581421, 0.9931250214576721, 0.9871875047683716, 1.0, 0.9884374737739563, 0.9896875023841858, 0.989062488079071, 0.9971874952316284, 0.9971874952316284, 0.9925000071525574, 0.9781249761581421, 0.9925000071525574, 0.9918749928474426, 0.9903125166893005, 0.9903125166893005, 0.9946874976158142, 0.9893749952316284, 0.9925000071525574, 0.9878125190734863, 0.995312511920929, 0.9859374761581421, 0.9978125095367432, 0.9868749976158142, 0.9887499809265137], "val_loss": [0.6902608275413513, 0.6849405765533447, 0.6782490611076355, 0.6700752973556519, 0.6603771448135376, 0.6492565274238586, 0.6362022161483765, 0.6210572719573975, 0.6042202115058899, 0.5855461359024048, 0.5659650564193726, 0.5458035469055176, 0.525505781173706, 0.5056112408638, 0.48783421516418457, 0.47165626287460327, 0.4588979482650757, 0.44696876406669617, 0.4374365508556366, 0.4290449619293213, 0.4223206341266632, 0.41779065132141113, 0.41388216614723206, 0.4105710983276367, 0.4078630805015564, 0.4065655469894409, 0.40546321868896484, 0.40461596846580505, 0.40388020873069763, 0.4028947353363037, 0.4027727544307709, 0.40217864513397217, 0.40176311135292053, 0.40148812532424927, 0.4010428190231323, 0.4007948338985443, 0.4003339409828186, 0.40024489164352417, 0.40007466077804565, 0.40007728338241577, 0.3998875916004181, 0.39980548620224, 0.39987263083457947, 0.39993125200271606, 0.3999272882938385, 0.39983856678009033, 0.40004265308380127, 0.3999423086643219, 0.3999829888343811, 0.4000239074230194, 0.3998887538909912, 0.39989224076271057, 0.39992645382881165, 0.3998121917247772, 0.39999279379844666, 0.40004780888557434, 0.3999299108982086], "val_accuracy": [0.8559374809265137, 0.8681250214576721, 0.8862500190734863, 0.8984375, 0.9056249856948853, 0.9059374928474426, 0.9068750143051147, 0.9071875214576721, 0.9071875214576721, 0.9071875214576721, 0.9071875214576721, 0.9071875214576721, 0.9071875214576721, 0.9071875214576721, 0.9071875214576721, 0.9071875214576721, 0.9071875214576721, 0.9071875214576721, 0.9071875214576721, 0.9075000286102295, 0.9075000286102295, 0.9075000286102295, 0.9075000286102295, 0.9075000286102295, 0.9075000286102295, 0.9075000286102295, 0.9075000286102295, 0.9075000286102295, 0.9078124761581421, 0.9078124761581421, 0.9078124761581421, 0.9078124761581421, 0.9078124761581421, 0.9078124761581421, 0.9068750143051147, 0.9068750143051147, 0.9068750143051147, 0.9068750143051147, 0.9068750143051147, 0.9068750143051147, 0.9068750143051147, 0.9068750143051147, 0.9068750143051147, 0.9068750143051147, 0.9068750143051147, 0.9068750143051147, 0.9068750143051147, 0.9068750143051147, 0.9068750143051147, 0.9065625071525574, 0.9065625071525574, 0.9065625071525574, 0.9065625071525574, 0.9065625071525574, 0.9065625071525574, 0.9065625071525574, 0.9065625071525574]}