{"loss": [0.056443214416503906, 0.05261213704943657, 0.03138149157166481, 0.02656600996851921, 0.0387749969959259, 0.04104296863079071, 0.0705617368221283, 0.023091977462172508], "accuracy": [0.9803125262260437, 0.9912499785423279, 0.9959375262260437, 0.9956250190734863, 0.9950000047683716, 0.9946874976158142, 0.9859374761581421, 0.9962499737739563], "val_loss": [0.6978553533554077, 0.687073290348053, 0.6719754934310913, 0.6857942342758179, 0.7401201725006104, 0.7492038607597351, 0.9091443419456482, 1.032422661781311], "val_accuracy": [0.9068750143051147, 0.9068750143051147, 0.9068750143051147, 0.9068750143051147, 0.9068750143051147, 0.9068750143051147, 0.2068749964237213, 0.2068749964237213]}