{"loss": [0.09416542947292328, 0.05172765254974365, 0.1434498131275177, 0.07943294197320938, 0.06486713141202927, 0.07135417312383652], "accuracy": [0.9853125214576721, 0.9918749928474426, 0.9759374856948853, 0.9868749976158142, 0.9906250238418579, 0.989062488079071], "val_loss": [0.9676511287689209, 1.376775860786438, 1.1936824321746826, 1.272221565246582, 1.2294317483901978, 1.2541064023971558], "val_accuracy": [0.2068749964237213, 0.2068749964237213, 0.2068749964237213, 0.2068749964237213, 0.2068749964237213, 0.2068749964237213]}