{"loss": [0.16589666903018951, 0.0594329796731472, 0.09250221401453018, 0.0462377555668354, 0.04929908737540245, 0.06769803166389465], "accuracy": [0.9534375071525574, 0.9909374713897705, 0.9834374785423279, 0.9934375286102295, 0.9925000071525574, 0.9896875023841858], "val_loss": [0.8559116125106812, 1.1523975133895874, 1.1464325189590454, 1.088129997253418, 1.0701770782470703, 1.0178179740905762], "val_accuracy": [0.2068749964237213, 0.2068749964237213, 0.2068749964237213, 0.2068749964237213, 0.2068749964237213, 0.2068749964237213]}