{"loss": [0.09962715208530426, 0.049544285982847214, 0.05311540141701698, 0.055275559425354004, 0.001125843496993184, 0.07932966947555542, 0.07712289690971375, 0.08280996978282928, 0.13913720846176147, 0.022851312533020973, 0.051838889718055725, 0.09652404487133026, 0.006704047322273254], "accuracy": [0.9856250286102295, 0.9928125143051147, 0.9934375286102295, 0.9918749928474426, 1.0, 0.989062488079071, 0.9881250262260437, 0.987500011920929, 0.9737499952316284, 0.9975000023841858, 0.9918749928474426, 0.9837499856948853, 1.0], "val_loss": [0.5986363887786865, 0.6103044748306274, 0.6744606494903564, 0.731757640838623, 0.8304606676101685, 0.5803136825561523, 0.5373204946517944, 0.48799431324005127, 0.49077320098876953, 0.6178020238876343, 0.5043390989303589, 0.5378803014755249, 0.6952993273735046], "val_accuracy": [0.9068750143051147, 0.9068750143051147, 0.9068750143051147, 0.9068750143051147, 0.9068750143051147, 0.9068750143051147, 0.9068750143051147, 0.9068750143051147, 0.9068750143051147, 0.9068750143051147, 0.9068750143051147, 0.9068750143051147, 0.9068750143051147]}