{"loss": [0.1012660413980484, 0.05057745426893234, 0.058622077107429504, 0.07688737660646439, 0.042342137545347214, 0.08193077892065048, 0.10590137541294098, 0.07169608771800995, 0.06569047272205353, 0.07070658355951309, 0.031679023057222366, 0.07353344559669495], "accuracy": [0.9759374856948853, 0.9934375286102295, 0.9918749928474426, 0.989062488079071, 0.9956250190734863, 0.9871875047683716, 0.9825000166893005, 0.9893749952316284, 0.9900000095367432, 0.9896875023841858, 0.9962499737739563, 0.989062488079071], "val_loss": [0.6567546725273132, 0.6886046528816223, 0.5838397145271301, 0.5945121049880981, 0.6514661312103271, 0.667573094367981, 0.5581023097038269, 0.6887164115905762, 0.714316189289093, 0.6214696168899536, 0.6580038666725159, 0.6598653197288513], "val_accuracy": [0.9068750143051147, 0.9068750143051147, 0.9068750143051147, 0.9068750143051147, 0.9068750143051147, 0.9068750143051147, 0.9068750143051147, 0.9068750143051147, 0.9068750143051147, 0.9068750143051147, 0.9068750143051147, 0.9068750143051147]}