{"loss": [0.11292234063148499, 0.09499850869178772, 0.100545734167099, 0.00394479651004076, 0.0009984805947169662, 0.10594961047172546], "accuracy": [0.9712499976158142, 0.9846875071525574, 0.9831249713897705, 1.0, 1.0, 0.9865624904632568], "val_loss": [0.8157743811607361, 0.8664203882217407, 0.8868616223335266, 1.0101540088653564, 1.0411043167114258, 0.8972547650337219], "val_accuracy": [0.9068750143051147, 0.9068750143051147, 0.9068750143051147, 0.9068750143051147, 0.9068750143051147, 0.2068749964237213]}