{"loss": [0.09708425402641296, 0.02909931354224682, 0.055218614637851715, 0.029476338997483253, 0.12235856056213379, 0.05982226878404617, 0.07044903188943863, 0.08570685237646103, 0.03379647806286812, 0.04273167997598648, 0.05659792572259903, 0.002166613470762968, 0.05991358682513237, 0.08584117144346237, 0.1009136289358139, 0.05936746299266815, 0.054349757730960846, 0.0032467637211084366, 0.05010935664176941, 0.12745633721351624, 0.05647258833050728, 0.06071877107024193, 0.06168536841869354, 0.047031063586473465, 0.0532098188996315, 0.07200165092945099, 0.022634712979197502, 0.0642925426363945, 0.04688926786184311, 0.06375449895858765, 0.02327962964773178, 0.020931905135512352, 0.05097828060388565, 0.024042222648859024, 0.03614572063088417, 0.04269658401608467, 0.02422945201396942, 0.01596076972782612, 0.019033676013350487, 0.046865466982126236, 0.0380236878991127, 0.01893649250268936, 0.025162994861602783, 0.029172562062740326, 0.021056419238448143, 0.019135843962430954, 0.030534403398633003, 0.00756653118878603, 0.015361925587058067, 0.015024197287857533, 0.02497491054236889], "accuracy": [0.9762499928474426, 0.9965624809265137, 0.9931250214576721, 0.9965624809265137, 0.979687511920929, 0.9918749928474426, 0.9884374737739563, 0.9871875047683716, 0.995312511920929, 0.9940624833106995, 0.9918749928474426, 1.0, 0.9925000071525574, 0.9853125214576721, 0.9815624952316284, 0.9915624856948853, 0.9915624856948853, 1.0, 0.9934375286102295, 0.9756249785423279, 0.9909374713897705, 0.9900000095367432, 0.9896875023841858, 0.9931250214576721, 0.9909374713897705, 0.9865624904632568, 0.996874988079071, 0.9871875047683716, 0.9893749952316284, 0.9871875047683716, 0.9946874976158142, 0.9959375262260437, 0.9887499809265137, 0.9937499761581421, 0.9884374737739563, 0.9831249713897705, 0.9903125166893005, 0.9946874976158142, 0.9934375286102295, 0.9821875095367432, 0.9850000143051147, 0.9928125143051147, 0.9912499785423279, 0.987500011920929, 0.9921875, 0.9921875, 0.9878125190734863, 0.9965624809265137, 0.9943749904632568, 0.9921875, 0.9878125190734863], "val_loss": [0.7705938816070557, 0.7151161432266235, 0.68763267993927, 0.6590527892112732, 0.5904695987701416, 0.6495741009712219, 0.5128144025802612, 0.49495941400527954, 0.5834628939628601, 0.5507439970970154, 0.492750346660614, 0.6384499669075012, 0.45012664794921875, 0.438509076833725, 0.49742069840431213, 0.42872655391693115, 0.4536178708076477, 0.5954931974411011, 0.4791494607925415, 0.4152132272720337, 0.47088661789894104, 0.43000802397727966, 0.4102276563644409, 0.49024224281311035, 0.4608699381351471, 0.3850966691970825, 0.47601237893104553, 0.3441133201122284, 0.4653884470462799, 0.34345391392707825, 0.39562034606933594, 0.36459892988204956, 0.30333080887794495, 0.2878172993659973, 0.33354824781417847, 0.28707170486450195, 0.27881529927253723, 0.2855285704135895, 0.34855717420578003, 0.27902644872665405, 0.27875789999961853, 0.2817383408546448, 0.2674019932746887, 0.2844865918159485, 0.28194329142570496, 0.24742044508457184, 0.26686227321624756, 0.2563643157482147, 0.26754334568977356, 0.3081522285938263, 0.2829956114292145], "val_accuracy": [0.9068750143051147, 0.9068750143051147, 0.9068750143051147, 0.9068750143051147, 0.9068750143051147, 0.9068750143051147, 0.9068750143051147, 0.9068750143051147, 0.9068750143051147, 0.9068750143051147, 0.9068750143051147, 0.9068750143051147, 0.9068750143051147, 0.9068750143051147, 0.9068750143051147, 0.9068750143051147, 0.9068750143051147, 0.9068750143051147, 0.9068750143051147, 0.9068750143051147, 0.9068750143051147, 0.9068750143051147, 0.9068750143051147, 0.9068750143051147, 0.9068750143051147, 0.9068750143051147, 0.9068750143051147, 0.9068750143051147, 0.9068750143051147, 0.903124988079071, 0.9071875214576721, 0.903124988079071, 0.9028124809265137, 0.8918750286102295, 0.8743749856948853, 0.8840625286102295, 0.8915625214576721, 0.8837500214576721, 0.895312488079071, 0.8978124856948853, 0.8762500286102295, 0.8821874856948853, 0.8809375166893005, 0.8959375023841858, 0.9003124833106995, 0.8881250023841858, 0.903124988079071, 0.895312488079071, 0.8756250143051147, 0.9065625071525574, 0.8743749856948853]}