{"loss": [0.057911891490221024, 0.06065729260444641, 0.05878598242998123, 0.07413803786039352, 0.05896558240056038, 0.05398699641227722], "accuracy": [0.9884374737739563, 0.9921875, 0.9921875, 0.9893749952316284, 0.9921875, 0.9928125143051147], "val_loss": [1.4702470302581787, 1.6714935302734375, 2.108924627304077, 2.082149028778076, 1.8868937492370605, 1.5670701265335083], "val_accuracy": [0.2068749964237213, 0.2068749964237213, 0.2068749964237213, 0.2068749964237213, 0.2068749964237213, 0.2068749964237213]}