{"loss": [0.09091020375490189, 0.09453161060810089, 0.1075345128774643, 0.09066183865070343, 0.034200526773929596, 0.0020776402670890093, 0.0581294447183609], "accuracy": [0.9768750071525574, 0.984375, 0.9837499856948853, 0.9850000143051147, 0.995312511920929, 1.0, 0.9928125143051147], "val_loss": [0.7089521288871765, 0.5942807197570801, 0.6151870489120483, 0.6371896862983704, 0.697043776512146, 0.7945464253425598, 0.6902815103530884], "val_accuracy": [0.9068750143051147, 0.9068750143051147, 0.9068750143051147, 0.9068750143051147, 0.9068750143051147, 0.9068750143051147, 0.9068750143051147]}