{"loss": [0.0236513614654541, 0.05595545470714569, 0.04871979355812073, 0.05788692459464073, 0.07006775587797165, 0.08892572671175003, 0.05550485476851463, 0.08009051531553268, 0.0819736123085022, 0.0745159313082695], "accuracy": [0.9915624856948853, 0.9934375286102295, 0.9925000071525574, 0.9909374713897705, 0.9893749952316284, 0.9834374785423279, 0.9915624856948853, 0.9846875071525574, 0.9859374761581421, 0.987500011920929], "val_loss": [1.1536258459091187, 0.8259124159812927, 0.5566049218177795, 0.5505950450897217, 0.4951738715171814, 0.6409753561019897, 0.7106732726097107, 0.6581548452377319, 0.8769627213478088, 0.9584012627601624], "val_accuracy": [0.2068749964237213, 0.9068750143051147, 0.9068750143051147, 0.9068750143051147, 0.9068750143051147, 0.9068750143051147, 0.9068750143051147, 0.9068750143051147, 0.9068750143051147, 0.2068749964237213]}