{"loss": [1.426477074623108, 0.878705620765686, 0.39663490653038025, 0.20393072068691254, 0.11536557227373123, 0.06456290930509567, 0.05410444736480713, 0.07821903377771378, 0.03999590501189232, 0.030817948281764984, 0.036302462220191956, 0.029910581186413765, 0.03753070905804634, 0.007844390347599983, 0.034196093678474426, 0.005839881487190723, 0.0669291615486145, 0.0807974636554718], "acurracy": [0.49906250834465027, 0.9881250262260437, 0.9971874952316284, 0.987500011920929, 0.9931250214576721, 0.9965624809265137, 0.9959375262260437, 0.9906250238418579, 0.9962499737739563, 0.9971874952316284, 0.9962499737739563, 0.996874988079071, 0.995312511920929, 1.0, 0.9962499737739563, 1.0, 0.9903125166893005, 0.9887499809265137], "val_loss": [1.4465669393539429, 1.270787000656128, 1.2102373838424683, 1.3322365283966064, 1.4633255004882812, 1.6099809408187866, 1.7340693473815918, 1.8048402070999146, 1.887193202972412, 1.9770809412002563, 2.1056787967681885, 2.170445442199707, 2.2728917598724365, 2.341339349746704, 2.371361255645752, 2.4820563793182373, 2.4721193313598633, 2.4231302738189697], "val_acurracy": [0.5799999833106995, 0.5793750286102295, 0.5868750214576721, 0.5774999856948853, 0.5821874737739563, 0.5784375071525574, 0.578125, 0.5821874737739563, 0.5868750214576721, 0.5853124856948853, 0.5774999856948853, 0.5824999809265137, 0.5765625238418579, 0.5793750286102295, 0.5824999809265137, 0.5771874785423279, 0.5768749713897705, 0.5796874761581421]}