{"loss": [1.390458345413208, 0.8063059449195862, 0.2894674837589264, 0.09718093276023865, 0.11898748576641083, 0.06134102866053581, 0.04769228771328926, 0.04515017196536064, 0.01364187803119421, 0.09547658264636993, 0.011415635235607624, 0.05335535854101181, 0.06802985817193985, 0.11584725230932236, 0.030843690037727356, 0.04902154952287674, 0.00868904311209917], "acurracy": [0.5921875238418579, 0.9925000071525574, 1.0, 1.0, 0.9906250238418579, 0.9962499737739563, 0.9965624809265137, 0.9962499737739563, 1.0, 0.989062488079071, 1.0, 0.9940624833106995, 0.9921875, 0.984375, 0.996874988079071, 0.9943749904632568, 1.0], "val_loss": [1.3719263076782227, 1.1350339651107788, 1.1407806873321533, 1.2633894681930542, 1.380932331085205, 1.4629337787628174, 1.5364799499511719, 1.579878807067871, 1.6989161968231201, 1.6532341241836548, 1.7815122604370117, 1.7766271829605103, 1.736087441444397, 1.7286672592163086, 1.831382393836975, 1.8750662803649902, 1.9809242486953735], "val_acurracy": [0.5803124904632568, 0.5715625286102295, 0.5806249976158142, 0.5831249952316284, 0.581250011920929, 0.5790625214576721, 0.5815625190734863, 0.5784375071525574, 0.5762500166893005, 0.5806249976158142, 0.5756250023841858, 0.581250011920929, 0.5809375047683716, 0.5787500143051147, 0.5753124952316284, 0.5799999833106995, 0.5728124976158142]}