{"loss": [1.4481762647628784, 0.9045373797416687, 0.40482327342033386, 0.14795762300491333, 0.11016709357500076, 0.1416914463043213, 0.05899636819958687, 0.08556750416755676, 0.05121628940105438, 0.01549270749092102, 0.011628814972937107, 0.03059427998960018, 0.09129020571708679, 0.07008171826601028, 0.031705036759376526, 0.0764411985874176, 0.11720644682645798, 0.0555582158267498], "acurracy": [0.5503125190734863, 0.9915624856948853, 0.9975000023841858, 1.0, 0.9915624856948853, 0.9815624952316284, 0.9956250190734863, 0.9906250238418579, 0.995312511920929, 1.0, 1.0, 0.9975000023841858, 0.9887499809265137, 0.9909374713897705, 0.9965624809265137, 0.9893749952316284, 0.9821875095367432, 0.9921875], "val_loss": [1.4765920639038086, 1.3101255893707275, 1.2450278997421265, 1.312380313873291, 1.4884037971496582, 1.5423426628112793, 1.6506215333938599, 1.7272098064422607, 1.8324496746063232, 1.9296810626983643, 2.016481876373291, 2.0498673915863037, 2.069175958633423, 2.1178536415100098, 2.2100725173950195, 2.1855204105377197, 2.213951826095581, 2.3018548488616943], "val_acurracy": [0.5759375095367432, 0.574999988079071, 0.5784375071525574, 0.5865625143051147, 0.5703125, 0.5768749713897705, 0.5790625214576721, 0.5796874761581421, 0.5778124928474426, 0.5799999833106995, 0.5790625214576721, 0.581250011920929, 0.5778124928474426, 0.5756250023841858, 0.5740625262260437, 0.5837500095367432, 0.5815625190734863, 0.5806249976158142]}