{"loss": [1.203462839126587, 0.6570789217948914, 0.2525480091571808, 0.11702600121498108, 0.10517289489507675, 0.11418073624372482, 0.054410770535469055, 0.11920860409736633, 0.019517583772540092, 0.06260158866643906, 0.05448697879910469, 0.05144491046667099, 0.05258855223655701, 0.03616524487733841, 0.07286302745342255, 0.06581129878759384, 0.029859445989131927], "acurracy": [0.8828125, 0.9956250190734863, 1.0, 0.996874988079071, 0.989062488079071, 0.9859374761581421, 0.9956250190734863, 0.9825000166893005, 1.0, 0.9921875, 0.9934375286102295, 0.9937499761581421, 0.9931250214576721, 0.9959375262260437, 0.9896875023841858, 0.9903125166893005, 0.9965624809265137], "val_loss": [1.3978711366653442, 1.2558099031448364, 1.288441777229309, 1.4122575521469116, 1.5428102016448975, 1.6175737380981445, 1.7509726285934448, 1.8001350164413452, 1.900668740272522, 1.9843177795410156, 2.062159299850464, 2.135280132293701, 2.166745901107788, 2.23677134513855, 2.2986302375793457, 2.3017923831939697, 2.362306594848633], "val_acurracy": [0.5868750214576721, 0.5803124904632568, 0.5790625214576721, 0.5809375047683716, 0.5799999833106995, 0.5787500143051147, 0.5756250023841858, 0.5787500143051147, 0.5821874737739563, 0.5778124928474426, 0.5740625262260437, 0.5765625238418579, 0.5806249976158142, 0.5809375047683716, 0.5765625238418579, 0.5818750262260437, 0.5821874737739563]}