{"loss": [1.2517664432525635, 0.7101367712020874, 0.25275135040283203, 0.11801708489656448, 0.07239124923944473, 0.02938760071992874, 0.01857367716729641, 0.012582194060087204, 0.03463037312030792, 0.00839181337505579, 0.07282733917236328, 0.03383612260222435, 0.04742012172937393, 0.06322697550058365, 0.0067334966734051704, 0.08083325624465942, 0.1008959710597992], "acurracy": [0.8931249976158142, 0.9918749928474426, 1.0, 0.9946874976158142, 0.995312511920929, 1.0, 1.0, 1.0, 0.9965624809265137, 1.0, 0.9909374713897705, 0.9962499737739563, 0.9934375286102295, 0.9912499785423279, 1.0, 0.9878125190734863, 0.9840624928474426], "val_loss": [1.4540796279907227, 1.3862920999526978, 1.5552847385406494, 1.862606406211853, 2.0647778511047363, 2.3371620178222656, 2.485699415206909, 2.6882858276367188, 2.8360812664031982, 2.9085588455200195, 2.9652676582336426, 2.985729932785034, 3.0889499187469482, 3.0714917182922363, 3.2059853076934814, 3.2058892250061035, 3.1546380519866943], "val_acurracy": [0.5815625190734863, 0.5721874833106995, 0.5815625190734863, 0.5771874785423279, 0.5856249928474426, 0.5753124952316284, 0.5824999809265137, 0.5768749713897705, 0.578125, 0.5865625143051147, 0.5712500214576721, 0.5796874761581421, 0.5724999904632568, 0.5796874761581421, 0.5806249976158142, 0.5818750262260437, 0.5790625214576721]}