{"loss": [1.4423353672027588, 0.9051047563552856, 0.4028457701206207, 0.18236754834651947, 0.07521533221006393, 0.127976194024086, 0.032693199813365936, 0.07851216197013855, 0.01823441870510578, 0.044469982385635376, 0.06676402688026428, 0.031078729778528214, 0.05324053764343262, 0.06501846015453339, 0.04202676936984062, 0.04498003423213959, 0.008107412606477737], "acurracy": [0.5756250023841858, 0.9906250238418579, 0.9965624809265137, 0.9934375286102295, 1.0, 0.9840624928474426, 1.0, 0.9912499785423279, 1.0, 0.9959375262260437, 0.9918749928474426, 0.9962499737739563, 0.9937499761581421, 0.9921875, 0.9950000047683716, 0.9946874976158142, 1.0], "val_loss": [1.4738651514053345, 1.3159486055374146, 1.3225722312927246, 1.5020180940628052, 1.6524875164031982, 1.823661208152771, 1.9737820625305176, 2.0431087017059326, 2.2043142318725586, 2.252542495727539, 2.3131377696990967, 2.374399185180664, 2.436739444732666, 2.462148904800415, 2.541696071624756, 2.5889956951141357, 2.6932485103607178], "val_acurracy": [0.5809375047683716, 0.5799999833106995, 0.5818750262260437, 0.5765625238418579, 0.5834375023841858, 0.5728124976158142, 0.5746874809265137, 0.582812488079071, 0.5746874809265137, 0.581250011920929, 0.5799999833106995, 0.5834375023841858, 0.5793750286102295, 0.5759375095367432, 0.5809375047683716, 0.5787500143051147, 0.5793750286102295]}