{"loss": [1.2749804258346558, 0.7089290022850037, 0.3035128712654114, 0.13611941039562225, 0.05983683094382286, 0.06722865998744965, 0.08993034064769745, 0.04068276286125183, 0.04285804182291031, 0.08389753103256226, 0.04365377873182297, 0.10837236046791077, 0.055146995931863785, 0.012287504971027374, 0.032489072531461716, 0.00833137147128582, 0.06690794229507446], "acurracy": [0.770312488079071, 0.9971874952316284, 0.9915624856948853, 0.9937499761581421, 1.0, 0.9940624833106995, 0.9893749952316284, 0.9962499737739563, 0.9946874976158142, 0.9881250262260437, 0.9950000047683716, 0.9837499856948853, 0.9928125143051147, 1.0, 0.9962499737739563, 1.0, 0.9906250238418579], "val_loss": [1.403231143951416, 1.2031573057174683, 1.2176264524459839, 1.3273550271987915, 1.4570236206054688, 1.5738873481750488, 1.6720126867294312, 1.768526315689087, 1.8910446166992188, 1.9087961912155151, 2.002615213394165, 2.0327508449554443, 2.062673330307007, 2.1639244556427, 2.263211965560913, 2.329451560974121, 2.366150140762329], "val_acurracy": [0.5796874761581421, 0.5846874713897705, 0.5759375095367432, 0.5784375071525574, 0.5809375047683716, 0.5806249976158142, 0.5771874785423279, 0.5815625190734863, 0.5737500190734863, 0.5815625190734863, 0.5803124904632568, 0.5793750286102295, 0.5803124904632568, 0.5809375047683716, 0.5756250023841858, 0.5806249976158142, 0.5768749713897705]}