{"loss": [1.5310019254684448, 0.8506467938423157, 0.7298135161399841, 0.6518582105636597, 0.5409368276596069, 0.363260954618454, 0.3690900504589081, 0.49855369329452515, 0.5124400854110718, 0.4018622934818268, 0.5351331233978271, 0.41066595911979675, 0.4283079206943512, 0.4247085452079773, 0.49701353907585144, 0.3844655156135559], "acurracy": [0.6161718964576721, 0.9333593845367432, 0.8989062309265137, 0.8998437523841858, 0.9166406393051147, 0.949999988079071, 0.9416406154632568, 0.9012500047683716, 0.885546863079071, 0.9168750047683716, 0.8689844012260437, 0.9075781106948853, 0.9002344012260437, 0.9008593559265137, 0.8744531273841858, 0.9099218845367432], "val_loss": [1.9377150535583496, 2.7595129013061523, 3.039569139480591, 3.010030746459961, 3.107443332672119, 3.4420156478881836, 3.3985419273376465, 2.9800662994384766, 2.784511089324951, 3.01729679107666, 2.8142333030700684, 3.1298840045928955, 3.023879289627075, 2.9991703033447266, 2.885908842086792, 2.9826102256774902], "val_acurracy": [0.16820313036441803, 0.1672656238079071, 0.16734375059604645, 0.16843749582767487, 0.16609375178813934, 0.169921875, 0.16718749701976776, 0.16898436844348907, 0.16945312917232513, 0.16429688036441803, 0.16882812976837158, 0.17085938155651093, 0.16828125715255737, 0.17226561903953552, 0.16843749582767487, 0.17000000178813934]}