{"loss": [1.5713250637054443, 1.1788488626480103, 0.6915199160575867, 0.6166507005691528, 0.536898136138916, 0.4590449035167694, 0.4241970479488373, 0.45557019114494324, 0.4809301793575287, 0.643109917640686, 0.3768487870693207, 0.5134697556495667, 0.5732535719871521, 0.6336709856987, 0.49994930624961853, 0.5731459856033325], "acurracy": [0.6474218964576721, 0.8414843678474426, 0.9017187356948853, 0.8828125, 0.8999218940734863, 0.9170312285423279, 0.9254687428474426, 0.917187511920929, 0.9100781083106995, 0.8680468797683716, 0.9344531297683716, 0.9017187356948853, 0.8844531178474426, 0.8672656416893005, 0.9028124809265137, 0.8827343583106995], "val_loss": [1.8193955421447754, 2.0288193225860596, 2.6203293800354004, 2.8651843070983887, 2.8917202949523926, 2.962507724761963, 3.0838699340820312, 3.0821785926818848, 3.0001187324523926, 2.840299606323242, 2.9772841930389404, 2.871447801589966, 2.7813172340393066, 2.717741012573242, 2.7968387603759766, 2.777670383453369], "val_acurracy": [0.16945312917232513, 0.16890625655651093, 0.16695313155651093, 0.16789062321186066, 0.1697656214237213, 0.1681250035762787, 0.16796875, 0.16882812976837158, 0.16765624284744263, 0.16945312917232513, 0.16789062321186066, 0.16914062201976776, 0.16945312917232513, 0.16664062440395355, 0.16640624403953552, 0.16882812976837158]}