{"loss": [1.7518703937530518, 1.4996188879013062, 0.7115383148193359, 0.3659900426864624, 0.17378845810890198, 0.19660800695419312, 0.2249031662940979, 0.13412384688854218, 0.1559733897447586, 0.19986991584300995, 0.14148788154125214, 0.11164624989032745, 0.16243869066238403, 0.13284480571746826, 0.1716102808713913, 0.12718334794044495, 0.1163182184100151, 0.2163715958595276, 0.17461679875850677, 0.209055095911026, 0.14414526522159576, 0.15890268981456757, 0.16987580060958862, 0.2071196585893631, 0.1190740317106247, 0.12954846024513245, 0.20216533541679382, 0.16458305716514587, 0.2509775459766388, 0.2003847360610962, 0.17306476831436157, 0.10640335083007812, 0.2087870091199875, 0.1381896585226059, 0.10458274185657501, 0.16128498315811157, 0.15976069867610931, 0.10417874157428741, 0.08994244784116745, 0.08082247525453568, 0.10284996032714844, 0.15832020342350006, 0.161428302526474, 0.147665336728096, 0.13615700602531433, 0.1799292117357254, 0.21558795869350433, 0.23921620845794678, 0.23666907846927643, 0.16906104981899261, 0.17826269567012787, 0.1454552412033081, 0.15637938678264618, 0.1572398543357849, 0.16731210052967072, 0.12294943630695343, 0.14556416869163513, 0.14516955614089966, 0.14423170685768127, 0.13359031081199646, 0.15661101043224335, 0.16607163846492767, 0.12081654369831085, 0.1863904744386673, 0.14205846190452576, 0.19695883989334106, 0.15276727080345154, 0.1756724715232849, 0.1187780499458313, 0.12009559571743011, 0.11995260417461395, 0.08726371079683304, 0.13028644025325775, 0.10779701918363571, 0.1427011787891388, 0.10694815963506699, 0.13158541917800903, 0.1413959264755249, 0.19409361481666565, 0.15084069967269897, 0.0644286721944809], "acurracy": [0.8981249928474426, 0.869921863079071, 0.9128124713897705, 0.8895312547683716, 0.9446874856948853, 0.9276562333106995, 0.9119531512260437, 0.9471874833106995, 0.9332031011581421, 0.9075000286102295, 0.9341406226158142, 0.9479687213897705, 0.9201562404632568, 0.9353125095367432, 0.9143750071525574, 0.9368749856948853, 0.9419531226158142, 0.8917187452316284, 0.9111718535423279, 0.8914843797683716, 0.9241406321525574, 0.9160937666893005, 0.9114843606948853, 0.8895312547683716, 0.9360156059265137, 0.9338281154632568, 0.8935156464576721, 0.9112499952316284, 0.8684375286102295, 0.8934375047683716, 0.9072656035423279, 0.9432812333106995, 0.8883593678474426, 0.9260156154632568, 0.9431250095367432, 0.9124218821525574, 0.9157031178474426, 0.9432031512260437, 0.9517187476158142, 0.9556249976158142, 0.9443749785423279, 0.915234386920929, 0.912890613079071, 0.9181249737739563, 0.9273437261581421, 0.9020312428474426, 0.8832812309265137, 0.8709375262260437, 0.8752343654632568, 0.9067187309265137, 0.9026562571525574, 0.9192968606948853, 0.9149218797683716, 0.9107031226158142, 0.9119531512260437, 0.9323437213897705, 0.9194531440734863, 0.9203906059265137, 0.9203906059265137, 0.9271093606948853, 0.9161718487739563, 0.9114062786102295, 0.9342968463897705, 0.9002344012260437, 0.9239843487739563, 0.8949999809265137, 0.9150000214576721, 0.9035937786102295, 0.9340624809265137, 0.9352343678474426, 0.935546875, 0.9538280963897705, 0.9296875, 0.9416406154632568, 0.9211719036102295, 0.942578136920929, 0.9264843463897705, 0.9234374761581421, 0.8964062333106995, 0.9195312261581421, 0.9652343988418579], "val_loss": [1.744289517402649, 1.6789312362670898, 1.807326078414917, 1.6868935823440552, 1.6443569660186768, 1.547608494758606, 1.4743363857269287, 1.4223716259002686, 1.3750964403152466, 1.3193913698196411, 1.2982547283172607, 1.2883912324905396, 1.2657886743545532, 1.2522989511489868, 1.2333873510360718, 1.236725926399231, 1.2253416776657104, 1.2091583013534546, 1.2010822296142578, 1.1920766830444336, 1.196073055267334, 1.1916512250900269, 1.1860418319702148, 1.1808347702026367, 1.1776502132415771, 1.1837986707687378, 1.1800838708877563, 1.1715469360351562, 1.1703118085861206, 1.1633037328720093, 1.1633524894714355, 1.16505765914917, 1.1560763120651245, 1.1601347923278809, 1.1618801355361938, 1.1536637544631958, 1.1476815938949585, 1.1516845226287842, 1.1551811695098877, 1.1551053524017334, 1.1588636636734009, 1.1503154039382935, 1.1495999097824097, 1.1474744081497192, 1.1527628898620605, 1.1478321552276611, 1.1455188989639282, 1.1422808170318604, 1.1441580057144165, 1.142746925354004, 1.1384150981903076, 1.1421058177947998, 1.1435948610305786, 1.137892723083496, 1.1374627351760864, 1.139623999595642, 1.1325576305389404, 1.1301881074905396, 1.137355923652649, 1.1364456415176392, 1.1346019506454468, 1.1383068561553955, 1.138309359550476, 1.1345713138580322, 1.1394177675247192, 1.1296707391738892, 1.1316355466842651, 1.1296910047531128, 1.1349644660949707, 1.1344802379608154, 1.1349644660949707, 1.133399486541748, 1.1382930278778076, 1.1379287242889404, 1.136093020439148, 1.1390252113342285, 1.1453453302383423, 1.1364389657974243, 1.139378547668457, 1.1347317695617676, 1.1327247619628906], "val_acurracy": [0.29585936665534973, 0.2702343761920929, 0.3043749928474426, 0.3375781178474426, 0.3479687571525574, 0.3487499952316284, 0.3524218797683716, 0.3451562523841858, 0.3483593761920929, 0.36617186665534973, 0.35843750834465027, 0.3590624928474426, 0.3657812476158142, 0.35960936546325684, 0.36179688572883606, 0.36125001311302185, 0.36960938572883606, 0.36765626072883606, 0.37203124165534973, 0.3746874928474426, 0.37718749046325684, 0.37171876430511475, 0.37648436427116394, 0.37648436427116394, 0.38023436069488525, 0.3707031309604645, 0.38132813572883606, 0.3792968690395355, 0.3850781321525574, 0.38093748688697815, 0.38499999046325684, 0.38718751072883606, 0.3914843797683716, 0.37882813811302185, 0.38539063930511475, 0.38062500953674316, 0.38328126072883606, 0.38218748569488525, 0.38304686546325684, 0.3821093738079071, 0.38843750953674316, 0.38804686069488525, 0.3863281309604645, 0.3875781297683716, 0.38414061069488525, 0.39179688692092896, 0.3863281309604645, 0.3924218714237213, 0.39070311188697815, 0.39640626311302185, 0.3967968821525574, 0.3988281190395355, 0.3957812488079071, 0.3927343785762787, 0.3968749940395355, 0.40523436665534973, 0.39195311069488525, 0.3995312452316284, 0.3959375023841858, 0.4037500023841858, 0.39710938930511475, 0.38570311665534973, 0.38968750834465027, 0.3998437523841858, 0.3931249976158142, 0.3889843821525574, 0.3932812511920929, 0.3934375047683716, 0.39445313811302185, 0.40117186307907104, 0.3936718702316284, 0.3934375047683716, 0.3957812488079071, 0.39390623569488525, 0.40453124046325684, 0.40617188811302185, 0.4005468785762787, 0.3963281214237213, 0.3995312452316284, 0.4026562571525574, 0.40156251192092896]}