{"loss": [1.6784132719039917, 0.994698166847229, 0.7189223766326904, 0.4630188047885895, 0.4746796488761902, 0.43413418531417847, 0.34698373079299927, 0.32206490635871887, 0.2377491593360901, 0.22948293387889862, 0.19677339494228363, 0.22807122766971588, 0.34225818514823914, 0.19062435626983643, 0.33689093589782715, 0.21355152130126953, 0.2895631790161133, 0.20384052395820618, 0.15093086659908295, 0.1729021966457367, 0.2236742228269577, 0.15861822664737701, 0.13767236471176147, 0.16872814297676086, 0.16297796368598938, 0.18751299381256104, 0.1433442234992981, 0.1254553645849228, 0.1984146535396576, 0.14934766292572021, 0.19074486196041107, 0.14542411267757416, 0.18469837307929993, 0.21217197179794312, 0.23257794976234436, 0.17004910111427307, 0.1670076996088028, 0.17709499597549438, 0.08235996961593628, 0.16348081827163696, 0.18706026673316956, 0.13382619619369507, 0.09249153733253479, 0.12888388335704803, 0.15190449357032776, 0.12935557961463928, 0.18177959322929382, 0.14178867638111115, 0.1881600320339203, 0.16330638527870178, 0.12567682564258575, 0.11090727150440216, 0.20040300488471985, 0.09963451325893402, 0.18735192716121674, 0.11347565799951553, 0.08639723062515259, 0.10826336592435837, 0.14907780289649963, 0.17903074622154236, 0.08562492579221725, 0.1412883996963501, 0.18070468306541443, 0.15362046658992767, 0.13571225106716156, 0.1434268057346344, 0.1528387814760208, 0.1293976902961731], "acurracy": [0.5848437547683716, 0.9163281321525574, 0.8825781345367432, 0.9248437285423279, 0.9012500047683716, 0.8848437666893005, 0.9013281464576721, 0.8989843726158142, 0.9247656464576721, 0.9261718988418579, 0.9366406202316284, 0.9211719036102295, 0.8721874952316284, 0.9334375262260437, 0.8703906536102295, 0.9195312261581421, 0.8851562738418579, 0.9214843511581421, 0.9421093463897705, 0.930859386920929, 0.9079687595367432, 0.9359375238418579, 0.9407812356948853, 0.9307031035423279, 0.9300000071525574, 0.9162499904632568, 0.9346874952316284, 0.9467968940734863, 0.9108593463897705, 0.9336718916893005, 0.9136718511581421, 0.934374988079071, 0.9157812595367432, 0.9000781178474426, 0.8876562714576721, 0.9208593964576721, 0.9190624952316284, 0.9136718511581421, 0.9632031321525574, 0.9210156202316284, 0.9057031273841858, 0.9333593845367432, 0.9528124928474426, 0.9326562285423279, 0.9228125214576721, 0.9360156059265137, 0.9083593487739563, 0.9267968535423279, 0.9052343964576721, 0.916796863079071, 0.9344531297683716, 0.9416406154632568, 0.8981249928474426, 0.948046863079071, 0.9037500023841858, 0.9424218535423279, 0.9542187452316284, 0.9439843893051147, 0.9231250286102295, 0.9049218893051147, 0.9555468559265137, 0.9248437285423279, 0.9056249856948853, 0.9176562428474426, 0.9263281226158142, 0.9241406321525574, 0.9182031154632568, 0.9330468773841858], "val_loss": [1.8390345573425293, 3.326303720474243, 3.067336082458496, 3.1818807125091553, 2.4874236583709717, 2.3485519886016846, 2.2019448280334473, 2.16555118560791, 2.1057474613189697, 2.094899892807007, 2.086338758468628, 2.0174386501312256, 1.8243088722229004, 1.8714991807937622, 1.7921814918518066, 1.846910834312439, 1.7260171175003052, 1.7863975763320923, 1.8348133563995361, 1.752455234527588, 1.663149118423462, 1.6902660131454468, 1.7864875793457031, 1.7438976764678955, 1.6798439025878906, 1.6960431337356567, 1.701982021331787, 1.6804957389831543, 1.600907325744629, 1.6494717597961426, 1.597381591796875, 1.7042351961135864, 1.6046923398971558, 1.5822867155075073, 1.5738025903701782, 1.4892791509628296, 1.5060815811157227, 1.5248172283172607, 1.6190589666366577, 1.5874013900756836, 1.5019248723983765, 1.5240206718444824, 1.5081006288528442, 1.5265491008758545, 1.534724235534668, 1.5536657571792603, 1.5006499290466309, 1.5256885290145874, 1.4888560771942139, 1.461745023727417, 1.4939172267913818, 1.5418034791946411, 1.4439811706542969, 1.5098592042922974, 1.4831151962280273, 1.5168499946594238, 1.5854034423828125, 1.5505038499832153, 1.476100206375122, 1.4571887254714966, 1.5241352319717407, 1.5030595064163208, 1.4792827367782593, 1.4778945446014404, 1.458930492401123, 1.5039267539978027, 1.472259521484375, 1.4890589714050293], "val_acurracy": [0.1661718785762787, 0.16625000536441803, 0.17273437976837158, 0.16859374940395355, 0.16843749582767487, 0.1665624976158142, 0.16593749821186066, 0.1686718761920929, 0.17109374701976776, 0.17687499523162842, 0.20109374821186066, 0.22859375178813934, 0.27921876311302185, 0.27476561069488525, 0.28226563334465027, 0.2882031202316284, 0.3030468821525574, 0.29304686188697815, 0.28734374046325684, 0.30070313811302185, 0.31328123807907104, 0.3100000023841858, 0.29007813334465027, 0.3050000071525574, 0.3078906238079071, 0.3077343702316284, 0.30656251311302185, 0.3149999976158142, 0.3158593773841858, 0.31296876072883606, 0.32007813453674316, 0.30476561188697815, 0.3151562511920929, 0.3204687535762787, 0.32289063930511475, 0.3317187428474426, 0.3332812488079071, 0.32765623927116394, 0.30726563930511475, 0.3128125071525574, 0.32835936546325684, 0.3302343785762787, 0.3297656178474426, 0.3258593678474426, 0.32960936427116394, 0.3190625011920929, 0.3295312523841858, 0.32804688811302185, 0.33101561665534973, 0.3321875035762787, 0.3264843821525574, 0.32039061188697815, 0.3433593809604645, 0.33390626311302185, 0.3343749940395355, 0.32984375953674316, 0.31718748807907104, 0.31929686665534973, 0.3414843678474426, 0.34492188692092896, 0.3342968821525574, 0.3343749940395355, 0.3338281214237213, 0.33960938453674316, 0.34046876430511475, 0.33085936307907104, 0.33742186427116394, 0.33531248569488525]}