{"loss": [1.5851101875305176, 1.0211217403411865, 0.6589370965957642, 0.5922796726226807, 0.5729345083236694, 0.4494999647140503, 0.5322680473327637, 0.6827531456947327, 0.6780731081962585, 0.5634164810180664, 0.3961265981197357, 0.59424889087677, 0.48785698413848877, 0.5558155179023743, 0.649641752243042, 0.4842197000980377], "acurracy": [0.5983593463897705, 0.899218738079071, 0.8921874761581421, 0.8920312523841858, 0.8932031393051147, 0.9236719012260437, 0.9014843702316284, 0.8596093654632568, 0.8603125214576721, 0.8902343511581421, 0.9330468773841858, 0.8824218511581421, 0.9092187285423279, 0.8913280963897705, 0.8656250238418579, 0.9089062213897705], "val_loss": [1.8057119846343994, 2.0346198081970215, 2.4934957027435303, 2.6941516399383545, 2.674574851989746, 2.8409738540649414, 2.839031457901001, 2.646550178527832, 2.588881731033325, 2.673142194747925, 2.8448925018310547, 2.719341516494751, 2.7724902629852295, 2.704160690307617, 2.6595935821533203, 2.748239517211914], "val_acurracy": [0.16796875, 0.1672656238079071, 0.17023438215255737, 0.1685156226158142, 0.17109374701976776, 0.16890625655651093, 0.16929687559604645, 0.17085938155651093, 0.16984374821186066, 0.16843749582767487, 0.16734375059604645, 0.16609375178813934, 0.1700781285762787, 0.16968749463558197, 0.16773436963558197, 0.16835936903953552]}