{"loss": [1.4586687088012695, 0.9088709354400635, 0.6034254431724548, 0.662598729133606, 0.4460757374763489, 0.4646947979927063, 0.5265862941741943, 0.7404015064239502, 0.7305023074150085, 0.6078740358352661, 0.5253109335899353, 0.4185848534107208, 0.41606375575065613, 0.647152304649353, 0.5541247725486755, 0.6332390904426575], "acurracy": [0.748046875, 0.9092968702316284, 0.9010937213897705, 0.8694531321525574, 0.9253125190734863, 0.916015625, 0.9007812738418579, 0.84375, 0.8418750166893005, 0.8763281106948853, 0.8990625143051147, 0.9253906011581421, 0.9253125190734863, 0.8671875, 0.8921093940734863, 0.8680468797683716], "val_loss": [1.9316028356552124, 2.5543525218963623, 3.3778188228607178, 3.2483692169189453, 3.543940782546997, 3.635359287261963, 3.4474668502807617, 3.156672477722168, 2.9868414402008057, 3.083052158355713, 3.1703264713287354, 3.405026912689209, 3.469452142715454, 3.3101606369018555, 3.286674737930298, 3.1414318084716797], "val_acurracy": [0.16757813096046448, 0.16718749701976776, 0.16625000536441803, 0.16507811844348907, 0.16882812976837158, 0.1678124964237213, 0.16796875, 0.1654687523841858, 0.16804687678813934, 0.16695313155651093, 0.1704687476158142, 0.1685156226158142, 0.16765624284744263, 0.1672656238079071, 0.16789062321186066, 0.16562500596046448]}