{"loss": [1.5854613780975342, 0.8403972387313843, 0.5351014137268066, 0.5957067608833313, 0.5586327314376831, 0.4428218603134155, 0.8482785224914551, 0.5488728284835815, 0.5653064846992493, 0.5157385468482971, 0.4695338308811188, 0.5246728658676147, 0.4526476263999939, 0.5989453196525574, 0.41400960087776184, 0.44722598791122437], "acurracy": [0.4984374940395355, 0.904296875, 0.9334375262260437, 0.9083593487739563, 0.9099218845367432, 0.9326562285423279, 0.8241406083106995, 0.8989062309265137, 0.8912500143051147, 0.8997656106948853, 0.9086718559265137, 0.8920312523841858, 0.9096093773841858, 0.8681250214576721, 0.9182031154632568, 0.9078906178474426], "val_loss": [1.8487151861190796, 2.585819721221924, 2.9659500122070312, 2.9789798259735107, 2.9308621883392334, 3.103830337524414, 2.5456833839416504, 2.6590323448181152, 2.6720032691955566, 2.8211989402770996, 2.890366315841675, 2.875279426574707, 2.978306770324707, 2.9012045860290527, 3.074270248413086, 3.0136518478393555], "val_acurracy": [0.16796875, 0.17210938036441803, 0.1697656214237213, 0.16796875, 0.1667187511920929, 0.16695313155651093, 0.16890625655651093, 0.16953125596046448, 0.17039062082767487, 0.16765624284744263, 0.16820313036441803, 0.16773436963558197, 0.1713281273841858, 0.1685156226158142, 0.1700781285762787, 0.1681250035762787]}