{"loss": [1.7017823457717896, 1.0805655717849731, 0.8805872201919556, 0.5710136890411377, 0.5641524791717529, 0.4809051752090454, 0.5430392026901245, 0.3671478033065796, 0.4989839494228363, 0.442239373922348, 0.4447704553604126, 0.35266315937042236, 0.21695561707019806, 0.3779321014881134, 0.2013365924358368, 0.17677956819534302], "acurracy": [0.43921875953674316, 0.8793749809265137, 0.8639062643051147, 0.9184374809265137, 0.8917187452316284, 0.8929687738418579, 0.8495312333106995, 0.9089062213897705, 0.8507031202316284, 0.8688281178474426, 0.857421875, 0.8912500143051147, 0.9416406154632568, 0.8776562213897705, 0.9429687261581421, 0.9493749737739563], "val_loss": [1.893092393875122, 2.9105918407440186, 2.804608106613159, 3.0383963584899902, 2.5761141777038574, 2.547482967376709, 2.2952163219451904, 2.5572397708892822, 2.291825771331787, 2.263806104660034, 2.3166005611419678, 2.334460973739624, 2.6572484970092773, 2.3879551887512207, 2.503321409225464, 2.732231378555298], "val_acurracy": [0.15710937976837158, 0.1674218773841858, 0.17031249403953552, 0.16609375178813934, 0.1654687523841858, 0.1674218773841858, 0.17039062082767487, 0.16890625655651093, 0.1697656214237213, 0.17093749344348907, 0.1736718714237213, 0.17781250178813934, 0.17695312201976776, 0.17976562678813934, 0.1739843785762787, 0.1736718714237213]}