{"loss": [1.6875807046890259, 1.1887428760528564, 0.6197251081466675, 0.31229275465011597, 0.29728376865386963, 0.2978275418281555, 0.2156180590391159, 0.19319604337215424, 0.22335509955883026, 0.17978738248348236, 0.24471721053123474, 0.15183593332767487, 0.17524288594722748, 0.15478092432022095, 0.19469259679317474, 0.12467116117477417, 0.15045619010925293, 0.12160524725914001, 0.20059436559677124, 0.10523625463247299, 0.1716785430908203, 0.20476648211479187, 0.07884975522756577, 0.16594380140304565, 0.13927015662193298, 0.11211787164211273, 0.16019336879253387, 0.1131201907992363, 0.16458505392074585, 0.14634540677070618, 0.19320039451122284, 0.06289976090192795, 0.14625225961208344, 0.1549295336008072, 0.11998534202575684, 0.1303420513868332, 0.19342951476573944, 0.18005245923995972, 0.11963731050491333, 0.1544119417667389, 0.11722717434167862, 0.11834801733493805, 0.1857134848833084, 0.09378968179225922, 0.16176047921180725, 0.0946846678853035, 0.10651528090238571, 0.09309901297092438, 0.23098793625831604, 0.1712457239627838, 0.15018123388290405, 0.159912109375, 0.12458890676498413, 0.11440318077802658, 0.17172130942344666, 0.1130535826086998, 0.12395139783620834, 0.20501601696014404, 0.18235798180103302, 0.13594074547290802, 0.1607353836297989, 0.10322406888008118, 0.16934043169021606, 0.15761519968509674, 0.15508413314819336, 0.10143405944108963, 0.1471605747938156, 0.1238134503364563, 0.13390670716762543, 0.12471293658018112, 0.08808612078428268, 0.12373832613229752, 0.09048080444335938, 0.11087345331907272, 0.1897929608821869, 0.1436760574579239, 0.16687080264091492, 0.08943455666303635, 0.1750851273536682, 0.19997616112232208, 0.13134291768074036, 0.15253955125808716, 0.15410304069519043, 0.1448599100112915, 0.0992799922823906, 0.16477185487747192, 0.12185907363891602, 0.1094280257821083, 0.15324345231056213, 0.23989053070545197, 0.10910268127918243, 0.14190439879894257, 0.09817058593034744, 0.16627372801303864, 0.18514354526996613, 0.1860196739435196, 0.17413850128650665, 0.10954461246728897, 0.10791509598493576, 0.14009855687618256, 0.13004782795906067, 0.18273845314979553, 0.09867813438177109, 0.11905885487794876, 0.21632970869541168, 0.11726934462785721, 0.14037054777145386, 0.07509566098451614, 0.17465658485889435, 0.11744868010282516, 0.10901693999767303, 0.15056192874908447, 0.13973651826381683, 0.16024914383888245, 0.1502019315958023], "acurracy": [0.7494531273841858, 0.9049218893051147, 0.8982031345367432, 0.9291406273841858, 0.9123437404632568, 0.9025781154632568, 0.9250781536102295, 0.9271875023841858, 0.911328136920929, 0.9275000095367432, 0.89453125, 0.931640625, 0.9206249713897705, 0.9282812476158142, 0.9072656035423279, 0.942187488079071, 0.9264062643051147, 0.94140625, 0.9003124833106995, 0.9482812285423279, 0.9144531488418579, 0.8942968845367432, 0.9587500095367432, 0.9162499904632568, 0.928906261920929, 0.9421093463897705, 0.9149218797683716, 0.9411718845367432, 0.9154687523841858, 0.921875, 0.8968750238418579, 0.9680469036102295, 0.9227343797683716, 0.9178906083106995, 0.9345312714576721, 0.9306250214576721, 0.8985937237739563, 0.9024218916893005, 0.9360156059265137, 0.9221875071525574, 0.9350000023841858, 0.9378906488418579, 0.8973437547683716, 0.9509375095367432, 0.9119531512260437, 0.9487500190734863, 0.9410937428474426, 0.9500781297683716, 0.8751562237739563, 0.9083593487739563, 0.9186718463897705, 0.9117187261581421, 0.9310156106948853, 0.9387500286102295, 0.9068750143051147, 0.9387500286102295, 0.9320312738418579, 0.8871874809265137, 0.8997656106948853, 0.9252343773841858, 0.911328136920929, 0.9438281059265137, 0.9086718559265137, 0.9149218797683716, 0.9142187237739563, 0.9467187523841858, 0.919140636920929, 0.9340624809265137, 0.9274218678474426, 0.9318749904632568, 0.9518749713897705, 0.9325000047683716, 0.9489843845367432, 0.9396093487739563, 0.8971093893051147, 0.9231250286102295, 0.9116406440734863, 0.9492968916893005, 0.9035937786102295, 0.8924999833106995, 0.9282812476158142, 0.9186718463897705, 0.9177343845367432, 0.9220312237739563, 0.9463281035423279, 0.9089062213897705, 0.9314062595367432, 0.9410156011581421, 0.9171093702316284, 0.8713281154632568, 0.9412500262260437, 0.9219531416893005, 0.9464062452316284, 0.908984363079071, 0.9024218916893005, 0.8985937237739563, 0.9055469036102295, 0.9403125047683716, 0.9410156011581421, 0.9235156178474426, 0.9273437261581421, 0.901562511920929, 0.9467187523841858, 0.9336718916893005, 0.8832031488418579, 0.9380468726158142, 0.9242187738418579, 0.9592968821525574, 0.9059374928474426, 0.9359375238418579, 0.9403125047683716, 0.9184374809265137, 0.9242187738418579, 0.9138281345367432, 0.9142187237739563], "val_loss": [1.9173941612243652, 2.6179141998291016, 2.2957663536071777, 2.1333634853363037, 1.9373786449432373, 1.7546271085739136, 1.6785539388656616, 1.6094932556152344, 1.5322576761245728, 1.4821635484695435, 1.4255071878433228, 1.3977179527282715, 1.3600807189941406, 1.3573192358016968, 1.338462471961975, 1.3318641185760498, 1.3252999782562256, 1.3125876188278198, 1.290481448173523, 1.2859982252120972, 1.2701789140701294, 1.2572684288024902, 1.2662733793258667, 1.2621532678604126, 1.2586652040481567, 1.2650889158248901, 1.2503644227981567, 1.2471064329147339, 1.234154462814331, 1.2225886583328247, 1.224819302558899, 1.2256300449371338, 1.2159075736999512, 1.2082583904266357, 1.2141587734222412, 1.221135139465332, 1.202775478363037, 1.200343370437622, 1.202683448791504, 1.193504810333252, 1.1966066360473633, 1.2007805109024048, 1.1917011737823486, 1.192503571510315, 1.187477707862854, 1.1855734586715698, 1.1913163661956787, 1.191938877105713, 1.1867585182189941, 1.1808388233184814, 1.1799432039260864, 1.182388186454773, 1.1788158416748047, 1.1826030015945435, 1.1830992698669434, 1.17538583278656, 1.172325849533081, 1.1709038019180298, 1.1747032403945923, 1.1760218143463135, 1.1683694124221802, 1.1763525009155273, 1.176924228668213, 1.1715561151504517, 1.1746792793273926, 1.1804893016815186, 1.1713743209838867, 1.1808125972747803, 1.1780273914337158, 1.175642967224121, 1.1745041608810425, 1.1722478866577148, 1.1665979623794556, 1.1747525930404663, 1.1737396717071533, 1.1653412580490112, 1.1718734502792358, 1.1709885597229004, 1.1754577159881592, 1.1649250984191895, 1.16804039478302, 1.1749365329742432, 1.1677165031433105, 1.1708309650421143, 1.1692558526992798, 1.1808288097381592, 1.1766279935836792, 1.1736046075820923, 1.1697009801864624, 1.1692216396331787, 1.1728485822677612, 1.1716996431350708, 1.171451449394226, 1.173498272895813, 1.1561014652252197, 1.1698381900787354, 1.173922061920166, 1.156457781791687, 1.1602777242660522, 1.1558879613876343, 1.169935941696167, 1.1639827489852905, 1.180497646331787, 1.1790637969970703, 1.176979899406433, 1.1761356592178345, 1.174543023109436, 1.1773254871368408, 1.1748112440109253, 1.1704939603805542, 1.1725388765335083, 1.1738083362579346, 1.1678500175476074, 1.1745103597640991, 1.1643874645233154],