{"loss": [0.08190516382455826, 0.06364850699901581, 0.08928576111793518, 0.0879550576210022, 0.08300372958183289, 0.08779598027467728, 0.08113104104995728, 0.07337246090173721, 0.053568460047245026, 0.057920899242162704, 0.0510517880320549, 0.05717093124985695, 0.07943762093782425, 0.05220181867480278, 0.030635172501206398, 0.04885507747530937, 0.03670154884457588], "accuracy": [0.9868749976158142, 0.9915624856948853, 0.9865624904632568, 0.9871875047683716, 0.9868749976158142, 0.9853125214576721, 0.9868749976158142, 0.9884374737739563, 0.9918749928474426, 0.9915624856948853, 0.9928125143051147, 0.9909374713897705, 0.9865624904632568, 0.9918749928474426, 0.9962499737739563, 0.9928125143051147, 0.9950000047683716], "val_loss": [0.5860191583633423, 0.6230534911155701, 0.5633903741836548, 0.5916256308555603, 0.5631101131439209, 0.6082028746604919, 0.5725433230400085, 0.5976046919822693, 0.6194777488708496, 0.5408779978752136, 0.6092010140419006, 0.49986159801483154, 0.6207822561264038, 0.6838631629943848, 0.6630862355232239, 0.6840221881866455, 0.7260208129882812], "val_accuracy": [0.9068750143051147, 0.9068750143051147, 0.9068750143051147, 0.9068750143051147, 0.9068750143051147, 0.9068750143051147, 0.9068750143051147, 0.9068750143051147, 0.9068750143051147, 0.9068750143051147, 0.9068750143051147, 0.9068750143051147, 0.9068750143051147, 0.9068750143051147, 0.9068750143051147, 0.9068750143051147, 0.9068750143051147]}