{"loss": [0.0946512520313263, 0.03129873797297478, 0.05321881175041199, 0.03133595734834671, 0.04776464030146599, 0.09626016020774841, 0.07274678349494934, 0.09910369664430618, 0.08471870422363281, 0.03731489181518555, 0.0720231756567955, 0.05856854468584061, 0.07808847725391388, 0.06653157621622086, 0.07039496302604675, 0.09147350490093231, 0.04910958185791969, 0.029945308342576027, 0.03586568310856819, 0.05818575248122215, 0.07473001629114151, 0.03618960455060005, 0.0022563745733350515, 0.0008732497226446867, 0.05351245775818825, 0.03501955047249794], "accuracy": [0.981249988079071, 0.9959375262260437, 0.9921875, 0.9962499737739563, 0.9943749904632568, 0.9862499833106995, 0.9884374737739563, 0.9862499833106995, 0.9853125214576721, 0.9946874976158142, 0.987500011920929, 0.9909374713897705, 0.9881250262260437, 0.9881250262260437, 0.9868749976158142, 0.9837499856948853, 0.9925000071525574, 0.9956250190734863, 0.9940624833106995, 0.9896875023841858, 0.9850000143051147, 0.9937499761581421, 1.0, 1.0, 0.9909374713897705, 0.9931250214576721], "val_loss": [0.6609602570533752, 0.7507896423339844, 0.8052594065666199, 0.6980232000350952, 0.653919517993927, 0.6273483037948608, 0.8749737739562988, 0.6213728189468384, 0.5749049186706543, 0.5878871083259583, 0.5975669622421265, 0.5166223645210266, 0.5186872482299805, 0.5587629079818726, 0.6102973818778992, 0.4976605474948883, 0.49062228202819824, 0.535685658454895, 0.45057132840156555, 0.4073294699192047, 0.34450259804725647, 0.38411766290664673, 0.48970553278923035, 0.5425172448158264, 0.35853299498558044, 0.34612831473350525], "val_accuracy": [0.9068750143051147, 0.9068750143051147, 0.9068750143051147, 0.9068750143051147, 0.9068750143051147, 0.9068750143051147, 0.9068750143051147, 0.9068750143051147, 0.9068750143051147, 0.9068750143051147, 0.9068750143051147, 0.9068750143051147, 0.9068750143051147, 0.9068750143051147, 0.9068750143051147, 0.9068750143051147, 0.9068750143051147, 0.9068750143051147, 0.9068750143051147, 0.9068750143051147, 0.9065625071525574, 0.9087499976158142, 0.90625, 0.9071875214576721, 0.9040625095367432, 0.9021875262260437]}