{"loss": [0.1164051815867424, 0.029040217399597168, 0.05443160608410835, 0.06540956348180771, 0.011005096137523651, 0.03296874836087227, 0.04067517817020416, 0.033937208354473114, 0.02562474086880684, 0.02610861510038376], "accuracy": [0.9643750190734863, 0.9950000047683716, 0.987500011920929, 0.9831249713897705, 0.9981250166893005, 0.9918749928474426, 0.984375, 0.9884374737739563, 0.9912499785423279, 0.9881250262260437], "val_loss": [0.7518287897109985, 0.7389248013496399, 0.6831807494163513, 0.4915430545806885, 0.4548187553882599, 0.5616808533668518, 0.8713415265083313, 0.8283002972602844, 0.7636806964874268, 0.7391738295555115], "val_accuracy": [0.2068749964237213, 0.9068750143051147, 0.8918750286102295, 0.8687499761581421, 0.8806250095367432, 0.8531249761581421, 0.13781249523162842, 0.1574999988079071, 0.16625000536441803, 0.1821874976158142]}