{"loss": [0.08095011860132217, 0.07157338410615921, 0.04013646021485329, 0.05635356530547142, 0.10280871391296387, 0.04678047075867653], "accuracy": [0.9750000238418579, 0.9900000095367432, 0.9943749904632568, 0.9925000071525574, 0.984375, 0.9934375286102295], "val_loss": [0.6928070187568665, 0.6951330304145813, 0.8124045729637146, 0.7645724415779114, 0.7424185872077942, 0.7166078090667725], "val_accuracy": [0.9068750143051147, 0.9068750143051147, 0.9068750143051147, 0.9068750143051147, 0.9068750143051147, 0.9068750143051147]}