{"loss": [0.11440901458263397, 0.03510938584804535, 0.054396580904722214, 0.0440707691013813, 0.094734326004982, 0.038993991911411285, 0.04642055183649063, 0.10970943421125412, 0.034671131521463394, 0.047996073961257935, 0.07192621380090714, 0.06456983834505081, 0.03860681504011154], "accuracy": [0.9671875238418579, 0.9950000047683716, 0.9934375286102295, 0.9937499761581421, 0.9853125214576721, 0.9950000047683716, 0.9937499761581421, 0.9837499856948853, 0.9956250190734863, 0.9928125143051147, 0.9900000095367432, 0.9896875023841858, 0.9943749904632568], "val_loss": [0.8575649857521057, 0.9480112195014954, 0.9184672832489014, 0.9843355417251587, 0.7959204912185669, 0.9257317185401917, 0.9565664529800415, 0.7368013262748718, 0.7808962464332581, 0.9014502763748169, 0.875363826751709, 0.8996290564537048, 0.83209228515625], "val_accuracy": [0.9068750143051147, 0.9068750143051147, 0.2068749964237213, 0.2068749964237213, 0.9068750143051147, 0.9068750143051147, 0.9068750143051147, 0.9068750143051147, 0.9068750143051147, 0.9068750143051147, 0.9068750143051147, 0.9068750143051147, 0.9068750143051147]}