{"loss": [0.08381032943725586, 0.11678732931613922, 0.05268417298793793, 0.05026868358254433, 0.0809333324432373, 0.03398561105132103, 0.05916682630777359, 0.03683982416987419, 0.08079203963279724, 0.06281309574842453, 0.08695843815803528, 0.03078998066484928, 0.09932346642017365, 0.052650582045316696, 0.061280254274606705, 0.09104057401418686, 0.05034709349274635, 0.06562310457229614, 0.054072342813014984, 0.0919729545712471, 0.02565895952284336, 0.09496511518955231, 0.13080790638923645, 0.04826458916068077, 0.08130977302789688], "accuracy": [0.9859374761581421, 0.9828125238418579, 0.9937499761581421, 0.9937499761581421, 0.9878125190734863, 0.9962499737739563, 0.9918749928474426, 0.9959375262260437, 0.9871875047683716, 0.9915624856948853, 0.9856250286102295, 0.9965624809265137, 0.9828125238418579, 0.9925000071525574, 0.9909374713897705, 0.9853125214576721, 0.9928125143051147, 0.9896875023841858, 0.9918749928474426, 0.9837499856948853, 0.996874988079071, 0.9853125214576721, 0.9771875143051147, 0.9928125143051147, 0.9884374737739563], "val_loss": [0.6705634593963623, 0.5737415552139282, 0.5679957866668701, 0.5579252243041992, 0.5590226054191589, 0.5877747535705566, 0.4779374301433563, 0.46727535128593445, 0.4003196358680725, 0.3859652280807495, 0.3793070912361145, 0.46658506989479065, 0.3858669400215149, 0.39098864793777466, 0.3899229168891907, 0.37448379397392273, 0.3349553942680359, 0.36637166142463684, 0.4530400037765503, 0.2889085114002228, 0.5064132809638977, 0.3487566113471985, 0.39044392108917236, 0.4320741593837738, 0.3796362578868866], "val_accuracy": [0.9068750143051147, 0.9068750143051147, 0.9068750143051147, 0.9068750143051147, 0.9068750143051147, 0.9068750143051147, 0.9068750143051147, 0.9068750143051147, 0.9068750143051147, 0.9068750143051147, 0.9068750143051147, 0.9068750143051147, 0.9068750143051147, 0.9068750143051147, 0.9068750143051147, 0.9068750143051147, 0.9068750143051147, 0.9068750143051147, 0.9068750143051147, 0.9068750143051147, 0.9068750143051147, 0.9068750143051147, 0.9068750143051147, 0.9068750143051147, 0.9068750143051147]}