{"loss": [0.1419123113155365, 0.07168000936508179, 0.061743006110191345, 0.1271897852420807, 0.04145828261971474, 0.04050348326563835, 0.02285904437303543, 0.09170426428318024], "accuracy": [0.9615625143051147, 0.989062488079071, 0.9909374713897705, 0.9778125286102295, 0.9943749904632568, 0.9943749904632568, 0.9975000023841858, 0.9850000143051147], "val_loss": [0.5803983211517334, 0.5682116746902466, 0.5067394375801086, 0.529960572719574, 0.6521070003509521, 0.7263559103012085, 0.6818864345550537, 0.639092743396759], "val_accuracy": [0.9068750143051147, 0.9068750143051147, 0.9068750143051147, 0.9068750143051147, 0.9068750143051147, 0.9068750143051147, 0.9068750143051147, 0.9068750143051147]}