{"loss": [0.12121190875768661, 0.08580879122018814, 0.04771137237548828, 0.07295067608356476, 0.07702041417360306, 0.07094525545835495, 0.10239291936159134, 0.06073720008134842, 0.06122324615716934, 0.13554979860782623], "accuracy": [0.9681249856948853, 0.9881250262260437, 0.9934375286102295, 0.989062488079071, 0.9881250262260437, 0.989062488079071, 0.9825000166893005, 0.9918749928474426, 0.9909374713897705, 0.9759374856948853], "val_loss": [0.6615530252456665, 0.6566568613052368, 0.6570701599121094, 0.627162516117096, 0.6257603168487549, 0.7653472423553467, 0.7632782459259033, 0.7987028360366821, 0.8428767919540405, 0.8750588297843933], "val_accuracy": [0.9068750143051147, 0.9068750143051147, 0.9068750143051147, 0.9068750143051147, 0.9068750143051147, 0.9068750143051147, 0.9068750143051147, 0.9068750143051147, 0.9068750143051147, 0.2068749964237213]}