{"loss": [1.6754732131958008, 1.6173824071884155, 1.5705878734588623, 1.518566608428955, 1.454546332359314, 1.3939803838729858, 1.3271126747131348, 1.2521244287490845, 1.1593189239501953, 1.0645289421081543, 0.9544179439544678, 0.8407245874404907, 0.7157638669013977, 0.5987112522125244, 0.49520161747932434, 0.44940605759620667, 0.34000030159950256, 0.2764583230018616, 0.2674172818660736, 0.20400458574295044, 0.16820047795772552, 0.11972765624523163, 0.13811081647872925, 0.08821337670087814, 0.14267806708812714, 0.13380928337574005, 0.14055602252483368, 0.08581443130970001, 0.077565997838974, 0.09696349501609802, 0.12125411629676819, 0.062396809458732605, 0.08885259926319122, 0.035210736095905304], "acurracy": [0.09937500208616257, 0.2134374976158142, 0.35843750834465027, 0.5206249952316284, 0.7087500095367432, 0.8337500095367432, 0.910937488079071, 0.9521874785423279, 0.9793750047683716, 0.9906250238418579, 0.9940624833106995, 0.9900000095367432, 0.9956250190734863, 1.0, 0.9965624809265137, 0.9806249737739563, 0.9921875, 0.9931250214576721, 0.984375, 0.9918749928474426, 0.9956250190734863, 1.0, 0.9934375286102295, 1.0, 0.9881250262260437, 0.989062488079071, 0.9868749976158142, 0.9946874976158142, 0.9959375262260437, 0.9915624856948853, 0.9881250262260437, 0.996874988079071, 0.9918749928474426, 1.0], "val_loss": [1.6193983554840088, 1.5978323221206665, 1.5769516229629517, 1.5548259019851685, 1.530630350112915, 1.5045379400253296, 1.477534294128418, 1.448583722114563, 1.413374900817871, 1.379652738571167, 1.334704875946045, 1.3054592609405518, 1.2676212787628174, 1.2281465530395508, 1.2145081758499146, 1.2044258117675781, 1.1911543607711792, 1.194199562072754, 1.1808360815048218, 1.183845043182373, 1.1984795331954956, 1.1986974477767944, 1.218550205230713, 1.2434513568878174, 1.237829327583313, 1.2539057731628418, 1.2332795858383179, 1.2458734512329102, 1.2637282609939575, 1.2633051872253418, 1.2778234481811523, 1.2725296020507812, 1.2716718912124634, 1.306199073791504], "val_acurracy": [0.12187500298023224, 0.2503125071525574, 0.3946875035762787, 0.4724999964237213, 0.5196874737739563, 0.5446875095367432, 0.5584375262260437, 0.5649999976158142, 0.5765625238418579, 0.5740625262260437, 0.5831249952316284, 0.5731250047683716, 0.5790625214576721, 0.5865625143051147, 0.5771874785423279, 0.5778124928474426, 0.5768749713897705, 0.5787500143051147, 0.5803124904632568, 0.5799999833106995, 0.5818750262260437, 0.5853124856948853, 0.5849999785423279, 0.5799999833106995, 0.5815625190734863, 0.5778124928474426, 0.5837500095367432, 0.5881249904632568, 0.5834375023841858, 0.5849999785423279, 0.5824999809265137, 0.5818750262260437, 0.5849999785423279, 0.5843750238418579]}