{"loss": [1.6595969200134277, 1.6134164333343506, 1.5649784803390503, 1.5208848714828491, 1.4643433094024658, 1.4161856174468994, 1.354201316833496, 1.292771339416504, 1.2255131006240845, 1.1502559185028076, 1.0636008977890015, 0.9807502627372742, 0.8765896558761597, 0.7723649740219116, 0.6873623132705688, 0.5925217270851135, 0.5006949305534363, 0.4256533086299896, 0.37121596932411194, 0.2850181460380554, 0.25125837326049805, 0.21730436384677887, 0.253083735704422, 0.14584967494010925, 0.1434231400489807, 0.1480172723531723, 0.1324172168970108, 0.11948231607675552, 0.07631251215934753, 0.09627411514520645, 0.08594580739736557, 0.1454635113477707, 0.11630760133266449, 0.10428822785615921], "acurracy": [0.11406250298023224, 0.20125000178813934, 0.3409374952316284, 0.4671874940395355, 0.6440625190734863, 0.7543749809265137, 0.8556249737739563, 0.9256250262260437, 0.9524999856948853, 0.9693750143051147, 0.9837499856948853, 0.9893749952316284, 0.9925000071525574, 0.9912499785423279, 0.9918749928474426, 0.9909374713897705, 0.989062488079071, 0.9928125143051147, 0.9909374713897705, 1.0, 0.9965624809265137, 0.9962499737739563, 0.9821875095367432, 1.0, 0.9956250190734863, 0.9937499761581421, 0.9943749904632568, 0.995312511920929, 1.0, 0.9950000047683716, 0.9959375262260437, 0.9871875047683716, 0.9909374713897705, 0.9918749928474426], "val_loss": [1.6421058177947998, 1.6261239051818848, 1.6103440523147583, 1.5927338600158691, 1.5774626731872559, 1.5561575889587402, 1.537864327430725, 1.5125410556793213, 1.4877628087997437, 1.463668942451477, 1.4295543432235718, 1.4029412269592285, 1.370718240737915, 1.3372291326522827, 1.3148117065429688, 1.2948521375656128, 1.2695506811141968, 1.2560112476348877, 1.252637505531311, 1.255464792251587, 1.25901460647583, 1.2800259590148926, 1.2656493186950684, 1.2811522483825684, 1.2933096885681152, 1.2983697652816772, 1.2975664138793945, 1.3336066007614136, 1.3482601642608643, 1.3553433418273926, 1.374884009361267, 1.3584483861923218, 1.374372124671936, 1.3759396076202393], "val_acurracy": [0.0846875011920929, 0.10499999672174454, 0.17812499403953552, 0.31031250953674316, 0.41843751072883606, 0.5462499856948853, 0.5718749761581421, 0.5803124904632568, 0.5803124904632568, 0.5799999833106995, 0.5834375023841858, 0.5787500143051147, 0.5803124904632568, 0.5809375047683716, 0.5768749713897705, 0.578125, 0.5806249976158142, 0.5784375071525574, 0.5868750214576721, 0.582812488079071, 0.5753124952316284, 0.5784375071525574, 0.5846874713897705, 0.5806249976158142, 0.582812488079071, 0.578125, 0.5821874737739563, 0.5759375095367432, 0.5771874785423279, 0.5774999856948853, 0.5746874809265137, 0.5724999904632568, 0.5796874761581421, 0.5837500095367432]}