{"loss": [1.7192306518554688, 1.6618629693984985, 1.606680154800415, 1.5529102087020874, 1.5014221668243408, 1.4430280923843384, 1.395737886428833, 1.3419716358184814, 1.279030203819275, 1.2203266620635986, 1.1577552556991577, 1.089415192604065, 1.0292834043502808, 0.9620122313499451, 0.889747679233551, 0.8299294114112854, 0.7611908912658691, 0.700501561164856, 0.6389994025230408, 0.617898166179657, 0.5177768468856812, 0.48205748200416565, 0.4402352571487427, 0.4030176103115082, 0.38305023312568665, 0.33316969871520996, 0.2924257218837738, 0.2701648771762848, 0.268758088350296, 0.2507845461368561, 0.22714130580425262, 0.17329101264476776, 0.19751738011837006, 0.1795036941766739, 0.12690745294094086, 0.15678906440734863, 0.10996809601783752, 0.1354846954345703, 0.17330798506736755, 0.08729805052280426, 0.11056376248598099, 0.07301484048366547, 0.0850871354341507, 0.10233402252197266], "acurracy": [0.08093749731779099, 0.13906249403953552, 0.2331250011920929, 0.3621875047683716, 0.4612500071525574, 0.5996875166893005, 0.7118750214576721, 0.8028125166893005, 0.8837500214576721, 0.9284374713897705, 0.9515625238418579, 0.9746875166893005, 0.9787499904632568, 0.9959375262260437, 0.9975000023841858, 0.9946874976158142, 0.9959375262260437, 1.0, 1.0, 0.9790624976158142, 1.0, 0.9962499737739563, 0.9962499737739563, 0.9937499761581421, 0.9893749952316284, 0.9912499785423279, 0.996874988079071, 0.9962499737739563, 0.989062488079071, 0.9884374737739563, 0.989062488079071, 1.0, 0.9896875023841858, 0.9912499785423279, 1.0, 0.9915624856948853, 1.0, 0.9925000071525574, 0.9837499856948853, 1.0, 0.9937499761581421, 1.0, 0.996874988079071, 0.9915624856948853], "val_loss": [1.5988571643829346, 1.5806727409362793, 1.5602543354034424, 1.5409382581710815, 1.5222865343093872, 1.5003334283828735, 1.478662133216858, 1.4564499855041504, 1.4317899942398071, 1.4079275131225586, 1.3775705099105835, 1.3549007177352905, 1.3239704370498657, 1.2974121570587158, 1.2676407098770142, 1.236676812171936, 1.2105700969696045, 1.1772465705871582, 1.1562085151672363, 1.152198314666748, 1.1314048767089844, 1.114242672920227, 1.0991441011428833, 1.0973765850067139, 1.0922961235046387, 1.0890822410583496, 1.0917145013809204, 1.0932364463806152, 1.087069034576416, 1.097664475440979, 1.1177207231521606, 1.120007038116455, 1.138088583946228, 1.1533583402633667, 1.1563307046890259, 1.196595311164856, 1.1838157176971436, 1.1981252431869507, 1.2211447954177856, 1.2468903064727783, 1.25031316280365, 1.2542445659637451, 1.2552505731582642, 1.313840389251709], "val_acurracy": [0.25999999046325684, 0.34187498688697815, 0.4753125011920929, 0.5665624737739563, 0.5881249904632568, 0.5784375071525574, 0.5815625190734863, 0.5762500166893005, 0.5768749713897705, 0.5743749737739563, 0.5824999809265137, 0.5762500166893005, 0.5771874785423279, 0.5765625238418579, 0.5790625214576721, 0.5818750262260437, 0.5799999833106995, 0.5884374976158142, 0.5849999785423279, 0.574999988079071, 0.5768749713897705, 0.5787500143051147, 0.5821874737739563, 0.5793750286102295, 0.5784375071525574, 0.5809375047683716, 0.5793750286102295, 0.5809375047683716, 0.5853124856948853, 0.5815625190734863, 0.5793750286102295, 0.5803124904632568, 0.5815625190734863, 0.5787500143051147, 0.5831249952316284, 0.5740625262260437, 0.5818750262260437, 0.5803124904632568, 0.5756250023841858, 0.5715625286102295, 0.5796874761581421, 0.5790625214576721, 0.5803124904632568, 0.5718749761581421]}