{"loss": [0.6475254893302917, 0.40486228466033936, 0.11706453561782837, 0.030272560194134712, 0.05949320271611214, 0.05849340930581093, 0.0324072539806366, 0.029213672503829002, 0.01892724446952343, 0.01420869491994381, 0.010037172585725784, 0.05197275057435036, 0.04394131153821945, 0.013384364545345306, 0.03029176965355873, 0.02289152704179287, 0.018273599445819855, 0.023694677278399467], "accuracy": [0.9853125214576721, 0.9887499809265137, 0.9900000095367432, 0.9978125095367432, 0.984375, 0.987500011920929, 0.9928125143051147, 0.9934375286102295, 0.9956250190734863, 0.9965624809265137, 0.9978125095367432, 0.9887499809265137, 0.9878125190734863, 0.9962499737739563, 0.9906250238418579, 0.9928125143051147, 0.9940624833106995, 0.9921875], "val_loss": [0.5897405743598938, 0.3312932252883911, 0.30113837122917175, 0.346501886844635, 0.35214927792549133, 0.34650957584381104, 0.35469189286231995, 0.35799384117126465, 0.37162742018699646, 0.3845261335372925, 0.4012869894504547, 0.3621373474597931, 0.3489464521408081, 0.3580026924610138, 0.35441771149635315, 0.3522050380706787, 0.3552139699459076, 0.35839447379112244], "val_accuracy": [0.9068750143051147, 0.9068750143051147, 0.9068750143051147, 0.9068750143051147, 0.9068750143051147, 0.90625, 0.9068750143051147, 0.9078124761581421, 0.9065625071525574, 0.9059374928474426, 0.9059374928474426, 0.9059374928474426, 0.9034374952316284, 0.9037500023841858, 0.9037500023841858, 0.9040625095367432, 0.9028124809265137, 0.9037500023841858]}