{"loss": [0.5736185908317566, 0.18600983917713165, 0.07473774999380112, 0.0393010638654232, 0.03662215545773506, 0.024712365120649338, 0.07058723270893097, 0.027804212644696236, 0.062027882784605026, 0.08250322192907333, 0.049150124192237854, 0.08578170090913773, 0.042643990367650986, 0.06537766754627228, 0.05178268998861313, 0.04640822857618332, 0.024901578202843666, 0.053439464420080185, 0.07020371407270432], "accuracy": [0.9850000143051147, 0.9856250286102295, 0.9881250262260437, 0.9950000047683716, 0.9946874976158142, 0.996874988079071, 0.9887499809265137, 0.9959375262260437, 0.9900000095367432, 0.9853125214576721, 0.9925000071525574, 0.9840624928474426, 0.9940624833106995, 0.989062488079071, 0.9918749928474426, 0.9928125143051147, 0.996874988079071, 0.9912499785423279, 0.9884374737739563], "val_loss": [0.5606423616409302, 0.42614659667015076, 0.40904876589775085, 0.40623247623443604, 0.4067040979862213, 0.40812456607818604, 0.4077692925930023, 0.40761882066726685, 0.40740326046943665, 0.40921032428741455, 0.407723605632782, 0.41112595796585083, 0.40849122405052185, 0.4081244170665741, 0.40764176845550537, 0.40740248560905457, 0.40798628330230713, 0.407916784286499, 0.40929660201072693], "val_accuracy": [0.9068750143051147, 0.9068750143051147, 0.9068750143051147, 0.9068750143051147, 0.9068750143051147, 0.9068750143051147, 0.9068750143051147, 0.9068750143051147, 0.9068750143051147, 0.9068750143051147, 0.9068750143051147, 0.9068750143051147, 0.9068750143051147, 0.9068750143051147, 0.9068750143051147, 0.9068750143051147, 0.9068750143051147, 0.9068750143051147, 0.9068750143051147]}