{"loss": [0.6352212429046631, 0.3850613534450531, 0.12499033659696579, 0.07926066964864731, 0.06676016747951508, 0.0471537746489048, 0.025529971346259117, 0.05340588092803955, 0.042979225516319275, 0.06951887905597687, 0.040222134441137314, 0.044707655906677246, 0.04267747700214386, 0.03711596503853798, 0.0397602804005146, 0.03333219513297081, 0.03340107947587967, 0.02869577333331108], "accuracy": [0.9803125262260437, 0.9800000190734863, 0.9862499833106995, 0.9840624928474426, 0.9846875071525574, 0.9915624856948853, 0.995312511920929, 0.9887499809265137, 0.9896875023841858, 0.9815624952316284, 0.9887499809265137, 0.9878125190734863, 0.9896875023841858, 0.9896875023841858, 0.9871875047683716, 0.9909374713897705, 0.9915624856948853, 0.9918749928474426], "val_loss": [0.5673559308052063, 0.3411864936351776, 0.334141343832016, 0.3587495684623718, 0.3727675676345825, 0.38015300035476685, 0.3966459631919861, 0.3902774155139923, 0.3873423635959625, 0.3710722029209137, 0.3745328485965729, 0.36706310510635376, 0.3671424388885498, 0.3690413534641266, 0.370265394449234, 0.38118046522140503, 0.36148765683174133, 0.3674117624759674], "val_accuracy": [0.9068750143051147, 0.9068750143051147, 0.90625, 0.90625, 0.90625, 0.90625, 0.9068750143051147, 0.9068750143051147, 0.9071875214576721, 0.9075000286102295, 0.9068750143051147, 0.9059374928474426, 0.9053124785423279, 0.9053124785423279, 0.9046875238418579, 0.9037500023841858, 0.9046875238418579, 0.9034374952316284]}