{"loss": [0.5939009785652161, 0.23901893198490143, 0.08080223947763443, 0.10175669938325882, 0.05033339932560921, 0.06825771927833557, 0.042668115347623825, 0.023416751995682716, 0.1254570037126541, 0.063092902302742, 0.06997084617614746, 0.04252969101071358, 0.06142815202474594, 0.05307630077004433, 0.06416859477758408, 0.0240861177444458, 0.07248762249946594, 0.05266391113400459, 0.042041659355163574, 0.02334376610815525], "accuracy": [0.9925000071525574, 0.9828125238418579, 0.987500011920929, 0.9803125262260437, 0.9921875, 0.9887499809265137, 0.9937499761581421, 0.9971874952316284, 0.9781249761581421, 0.9900000095367432, 0.9878125190734863, 0.9937499761581421, 0.9896875023841858, 0.9912499785423279, 0.9887499809265137, 0.9971874952316284, 0.987500011920929, 0.9912499785423279, 0.9940624833106995, 0.996874988079071], "val_loss": [0.5859971046447754, 0.428056538105011, 0.40741100907325745, 0.4080403447151184, 0.40514320135116577, 0.40594032406806946, 0.4057476818561554, 0.4069378972053528, 0.4077056050300598, 0.4066130816936493, 0.406296968460083, 0.40543293952941895, 0.40661102533340454, 0.4070438742637634, 0.4074223041534424, 0.40796005725860596, 0.40717706084251404, 0.4076794385910034, 0.40793243050575256, 0.40839508175849915], "val_accuracy": [0.9068750143051147, 0.9068750143051147, 0.9068750143051147, 0.9068750143051147, 0.9068750143051147, 0.9068750143051147, 0.9068750143051147, 0.9068750143051147, 0.9068750143051147, 0.9068750143051147, 0.9068750143051147, 0.9068750143051147, 0.9068750143051147, 0.9068750143051147, 0.9068750143051147, 0.9068750143051147, 0.9068750143051147, 0.9068750143051147, 0.9068750143051147, 0.9068750143051147]}