{"loss": [0.6228492856025696, 0.27039676904678345, 0.10687507688999176, 0.06536440551280975, 0.061839696019887924, 0.06831816583871841, 0.025831179693341255, 0.08479517698287964, 0.09375306963920593, 0.05752643942832947, 0.05700283125042915, 0.07207636535167694, 0.04584404081106186, 0.05351192504167557, 0.048212166875600815, 0.07695416361093521, 0.053333643823862076, 0.022078290581703186, 0.04485021531581879, 0.005752394907176495, 0.08464449644088745, 0.028047295287251472, 0.04245087504386902, 0.04631129279732704, 0.0660785511136055, 0.04348530247807503, 0.0477520115673542, 0.04502197727560997, 0.03319127857685089, 0.0746755599975586, 0.00855671614408493, 0.0630093365907669], "accuracy": [0.9440624713897705, 0.9903125166893005, 0.9806249737739563, 0.9900000095367432, 0.9900000095367432, 0.9881250262260437, 0.9965624809265137, 0.9850000143051147, 0.9828125238418579, 0.9903125166893005, 0.9900000095367432, 0.9878125190734863, 0.9925000071525574, 0.9912499785423279, 0.9918749928474426, 0.9853125214576721, 0.9909374713897705, 0.9965624809265137, 0.9921875, 1.0, 0.9856250286102295, 0.9962499737739563, 0.9934375286102295, 0.9915624856948853, 0.989062488079071, 0.9931250214576721, 0.9928125143051147, 0.9915624856948853, 0.9943749904632568, 0.9850000143051147, 1.0, 0.9878125190734863], "val_loss": [0.6065910458564758, 0.4220111072063446, 0.3978820741176605, 0.3905063569545746, 0.38891860842704773, 0.3865877389907837, 0.38716408610343933, 0.3860803544521332, 0.38542309403419495, 0.3851684331893921, 0.38322174549102783, 0.38297784328460693, 0.38112425804138184, 0.37944844365119934, 0.38078776001930237, 0.3800513446331024, 0.379283607006073, 0.3804037570953369, 0.38189446926116943, 0.3843241035938263, 0.3813358545303345, 0.38124966621398926, 0.38012099266052246, 0.38198596239089966, 0.3819287121295929, 0.38228338956832886, 0.38156020641326904, 0.3817863166332245, 0.3815258741378784, 0.38411852717399597, 0.3821433186531067, 0.3839595317840576], "val_accuracy": [0.9053124785423279, 0.9009374976158142, 0.8978124856948853, 0.8968750238418579, 0.8965625166893005, 0.8974999785423279, 0.8965625166893005, 0.8903124928474426, 0.8856250047683716, 0.8831250071525574, 0.8843749761581421, 0.8840625286102295, 0.8828125, 0.8834375143051147, 0.8828125, 0.8812500238418579, 0.8806250095367432, 0.8803125023841858, 0.8799999952316284, 0.8768749833106995, 0.8759375214576721, 0.875, 0.8756250143051147, 0.8762500286102295, 0.8793749809265137, 0.878125011920929, 0.8771874904632568, 0.8762500286102295, 0.8759375214576721, 0.8731250166893005, 0.8737499713897705, 0.8712499737739563]}