{"loss": [0.6108103394508362, 0.24166332185268402, 0.055136580020189285, 0.042064886540174484, 0.055666640400886536, 0.03608401119709015, 0.049253374338150024, 0.045222509652376175, 0.06029597297310829, 0.0063272989355027676, 0.05985763669013977, 0.039039649069309235, 0.03772914409637451, 0.024211673066020012, 0.08462360501289368, 0.02353907749056816, 0.06455232948064804, 0.1278386265039444, 0.05681875720620155, 0.06971969455480576, 0.0421750508248806, 0.08125042915344238, 0.051021452993154526, 0.055511750280857086, 0.011813322082161903, 0.05106644704937935, 0.06803295761346817, 0.09059695899486542, 0.025653602555394173, 0.04248812794685364, 0.08224885910749435, 0.06221163272857666, 0.050906624644994736, 0.10692775994539261, 0.032286256551742554, 0.0472899004817009, 0.08572067320346832, 0.05149122700095177, 0.040198683738708496, 0.050162941217422485], "accuracy": [0.9603124856948853, 0.984375, 0.9934375286102295, 0.9943749904632568, 0.9915624856948853, 0.9940624833106995, 0.9921875, 0.9921875, 0.9918749928474426, 1.0, 0.9903125166893005, 0.9937499761581421, 0.9943749904632568, 0.996874988079071, 0.9856250286102295, 0.9971874952316284, 0.9881250262260437, 0.9756249785423279, 0.9906250238418579, 0.9878125190734863, 0.9934375286102295, 0.9865624904632568, 0.9915624856948853, 0.9900000095367432, 0.9993749856948853, 0.9915624856948853, 0.9884374737739563, 0.9825000166893005, 0.996874988079071, 0.9934375286102295, 0.9846875071525574, 0.9887499809265137, 0.9896875023841858, 0.9787499904632568, 0.9962499737739563, 0.9918749928474426, 0.9834374785423279, 0.9912499785423279, 0.9934375286102295, 0.9912499785423279], "val_loss": [0.600798487663269, 0.43232616782188416, 0.40164580941200256, 0.39864733815193176, 0.39699429273605347, 0.395039439201355, 0.3948812782764435, 0.3956650197505951, 0.39505302906036377, 0.3931381106376648, 0.3927813768386841, 0.3922348916530609, 0.39201119542121887, 0.39032840728759766, 0.3947851061820984, 0.39084675908088684, 0.39371299743652344, 0.40298789739608765, 0.3958579897880554, 0.39752140641212463, 0.3919229209423065, 0.394790917634964, 0.39140260219573975, 0.39349687099456787, 0.38871803879737854, 0.38959038257598877, 0.39244937896728516, 0.3969631493091583, 0.3911150395870209, 0.3899875283241272, 0.39606475830078125, 0.39517688751220703, 0.3956192433834076, 0.40771111845970154, 0.39605772495269775, 0.39389556646347046, 0.39822569489479065, 0.39447522163391113, 0.39152348041534424, 0.393143892288208], "val_accuracy": [0.9024999737739563, 0.9034374952316284, 0.8987500071525574, 0.8987500071525574, 0.8987500071525574, 0.8987500071525574, 0.8981249928474426, 0.8993750214576721, 0.8999999761581421, 0.8996875286102295, 0.9003124833106995, 0.9003124833106995, 0.9003124833106995, 0.8996875286102295, 0.9003124833106995, 0.8999999761581421, 0.8987500071525574, 0.8981249928474426, 0.8984375, 0.8978124856948853, 0.8968750238418579, 0.8968750238418579, 0.8971874713897705, 0.8912500143051147, 0.8896874785423279, 0.8896874785423279, 0.8884375095367432, 0.8890625238418579, 0.8853124976158142, 0.885937511920929, 0.8840625286102295, 0.8840625286102295, 0.8803125023841858, 0.8787500262260437, 0.8793749809265137, 0.8774999976158142, 0.8787500262260437, 0.8765624761581421, 0.8774999976158142, 0.8759375214576721]}