{"loss": [0.6317915916442871, 0.410299688577652, 0.12805277109146118, 0.0778706818819046, 0.050447821617126465, 0.045044708997011185, 0.03657602518796921, 0.09734457731246948, 0.058536943048238754, 0.04874696210026741, 0.04382772371172905, 0.01544237695634365, 0.07997283339500427, 0.04113871231675148, 0.026429319754242897, 0.016890764236450195, 0.07685808837413788, 0.03869614377617836], "accuracy": [0.9509375095367432, 0.9934375286102295, 0.9959375262260437, 0.987500011920929, 0.9912499785423279, 0.9937499761581421, 0.9934375286102295, 0.9800000190734863, 0.9893749952316284, 0.9906250238418579, 0.9903125166893005, 0.9971874952316284, 0.9828125238418579, 0.9903125166893005, 0.9959375262260437, 0.9971874952316284, 0.9831249713897705, 0.9903125166893005], "val_loss": [0.5838846564292908, 0.3817002773284912, 0.3770396113395691, 0.41281479597091675, 0.44626668095588684, 0.46419480443000793, 0.4794728755950928, 0.43208351731300354, 0.42578428983688354, 0.43183228373527527, 0.4326359033584595, 0.45712506771087646, 0.4198246896266937, 0.4122369885444641, 0.4193926155567169, 0.43791958689689636, 0.3958809971809387, 0.3887447416782379], "val_accuracy": [0.9068750143051147, 0.9068750143051147, 0.9068750143051147, 0.9068750143051147, 0.9068750143051147, 0.9068750143051147, 0.9068750143051147, 0.9068750143051147, 0.9068750143051147, 0.9068750143051147, 0.9068750143051147, 0.9068750143051147, 0.9068750143051147, 0.9068750143051147, 0.9068750143051147, 0.9068750143051147, 0.9068750143051147, 0.9068750143051147]}