{"loss": [0.06293383985757828, 0.09606784582138062, 0.09294706583023071, 0.0036983895115554333, 0.09469502419233322, 0.019945308566093445, 0.08723605424165726, 0.0718047022819519], "accuracy": [0.9818750023841858, 0.9859374761581421, 0.9856250286102295, 1.0, 0.9881250262260437, 0.9975000023841858, 0.9862499833106995, 0.9887499809265137], "val_loss": [0.9604573249816895, 0.748831570148468, 0.6603524088859558, 0.8131828904151917, 0.7413005232810974, 0.7409709095954895, 0.686512291431427, 0.753523588180542], "val_accuracy": [0.9068750143051147, 0.9068750143051147, 0.9068750143051147, 0.9068750143051147, 0.9068750143051147, 0.9068750143051147, 0.9068750143051147, 0.9068750143051147]}