{"loss": [0.11728187650442123, 0.05809464305639267, 0.11051014810800552, 0.042990971356630325, 0.0038023036904633045, 0.07533241808414459, 0.005243824329227209, 0.05914577096700668, 0.06957592070102692, 0.12101980298757553, 0.08464154601097107, 0.06389448791742325, 0.06716889142990112, 0.06391394883394241, 0.04598444327712059], "accuracy": [0.9809374809265137, 0.9928125143051147, 0.9803125262260437, 0.9943749904632568, 1.0, 0.9887499809265137, 1.0, 0.9915624856948853, 0.9903125166893005, 0.9784374833106995, 0.9850000143051147, 0.9903125166893005, 0.989062488079071, 0.9900000095367432, 0.9931250214576721], "val_loss": [0.8611286878585815, 0.6397129893302917, 0.6406304240226746, 0.6568372249603271, 0.6872932314872742, 0.519373893737793, 0.7084622979164124, 0.62190181016922, 0.5478551983833313, 0.4915560781955719, 0.49748894572257996, 0.5926982760429382, 0.6259571313858032, 0.6177805066108704, 0.6234021186828613], "val_accuracy": [0.2068749964237213, 0.9068750143051147, 0.9068750143051147, 0.9068750143051147, 0.9068750143051147, 0.9068750143051147, 0.9068750143051147, 0.9068750143051147, 0.9068750143051147, 0.9068750143051147, 0.9068750143051147, 0.9068750143051147, 0.9068750143051147, 0.9068750143051147, 0.9068750143051147]}