{"loss": [0.11143984645605087, 0.09217411279678345, 0.05646295100450516, 0.1033949926495552, 0.07777410000562668, 0.04763698950409889, 0.06262863427400589, 0.04159345105290413, 0.08588463068008423, 0.004537250380963087], "accuracy": [0.9693750143051147, 0.987500011920929, 0.9915624856948853, 0.9834374785423279, 0.9896875023841858, 0.9937499761581421, 0.9918749928474426, 0.9943749904632568, 0.987500011920929, 1.0], "val_loss": [0.7448041439056396, 0.7248321771621704, 0.6371422410011292, 0.7534984350204468, 0.591815173625946, 0.8201500773429871, 0.9194391369819641, 0.9010576009750366, 0.7874818444252014, 0.9181259274482727], "val_accuracy": [0.9068750143051147, 0.9068750143051147, 0.9068750143051147, 0.9068750143051147, 0.9068750143051147, 0.9068750143051147, 0.2068749964237213, 0.2068749964237213, 0.9068750143051147, 0.9068750143051147]}