{"loss": [0.15448245406150818, 0.02539789117872715, 0.11639967560768127, 0.026823049411177635, 0.058431245386600494, 0.025635844096541405, 0.11036170274019241, 0.06501223891973495], "accuracy": [0.9446874856948853, 0.996874988079071, 0.9809374809265137, 0.9971874952316284, 0.9915624856948853, 0.996874988079071, 0.9831249713897705, 0.9896875023841858], "val_loss": [0.6424652338027954, 0.7973968982696533, 0.5200638175010681, 0.716397225856781, 0.601327657699585, 0.6773883700370789, 0.5451391935348511, 0.5847190618515015], "val_accuracy": [0.9068750143051147, 0.9068750143051147, 0.9068750143051147, 0.9068750143051147, 0.9068750143051147, 0.9068750143051147, 0.9068750143051147, 0.9068750143051147]}