{"loss": [0.12998147308826447, 0.056734953075647354, 0.07804180681705475, 0.028211046010255814, 0.08073104172945023, 0.08112335950136185, 0.0583612434566021, 0.04047301411628723, 0.07184901088476181, 0.06010814756155014, 0.11774778366088867, 0.06518866866827011, 0.03403585031628609, 0.05644741654396057, 0.06721644103527069, 0.0742289125919342], "accuracy": [0.957812488079071, 0.9918749928474426, 0.9893749952316284, 0.9965624809265137, 0.9881250262260437, 0.9871875047683716, 0.9928125143051147, 0.9943749904632568, 0.9896875023841858, 0.9912499785423279, 0.9793750047683716, 0.9900000095367432, 0.995312511920929, 0.9921875, 0.9896875023841858, 0.9881250262260437], "val_loss": [0.7243717312812805, 0.7142918109893799, 0.7109168767929077, 0.7764638662338257, 0.6665335297584534, 0.8212321400642395, 0.7771404981613159, 0.7244812846183777, 0.8086905479431152, 0.6000807285308838, 0.5290499329566956, 0.7668218016624451, 0.8460147380828857, 1.022521734237671, 1.3052301406860352, 0.7442600131034851], "val_accuracy": [0.9068750143051147, 0.9068750143051147, 0.9068750143051147, 0.9068750143051147, 0.9068750143051147, 0.9068750143051147, 0.9068750143051147, 0.9068750143051147, 0.9068750143051147, 0.9068750143051147, 0.9068750143051147, 0.9068750143051147, 0.9068750143051147, 0.2068749964237213, 0.2068749964237213, 0.9068750143051147]}