{"loss": [0.1332123875617981, 0.08697357773780823, 0.09034398943185806, 0.06898476928472519, 0.07787419855594635, 0.029574774205684662, 0.043644070625305176, 0.0021907684858888388, 0.057693589478731155], "accuracy": [0.9634374976158142, 0.9865624904632568, 0.9884374737739563, 0.989062488079071, 0.9871875047683716, 0.9965624809265137, 0.9937499761581421, 1.0, 0.9918749928474426], "val_loss": [0.61539226770401, 0.5726031064987183, 0.5729835629463196, 0.5012425184249878, 0.6198873519897461, 0.6283236145973206, 0.622301459312439, 0.7336134910583496, 0.5154808163642883], "val_accuracy": [0.9068750143051147, 0.9068750143051147, 0.9068750143051147, 0.9068750143051147, 0.9068750143051147, 0.9068750143051147, 0.9068750143051147, 0.9068750143051147, 0.9068750143051147]}