{"loss": [0.10392072796821594, 0.05528832972049713, 0.05022285133600235, 0.12875376641750336, 0.0058066146448254585, 0.08559910953044891, 0.024889444932341576, 0.06279614567756653, 0.07315487414598465, 0.052490562200546265, 0.07462216168642044, 0.0581379272043705, 0.08048507571220398, 0.03945475444197655, 0.09693850576877594, 0.04054716229438782, 0.034670233726501465, 0.06844331324100494, 0.05818634107708931, 0.0698363184928894], "accuracy": [0.9828125238418579, 0.9915624856948853, 0.9940624833106995, 0.9781249761581421, 1.0, 0.989062488079071, 0.9965624809265137, 0.9912499785423279, 0.9881250262260437, 0.9928125143051147, 0.9887499809265137, 0.9918749928474426, 0.9871875047683716, 0.9943749904632568, 0.9840624928474426, 0.9940624833106995, 0.9956250190734863, 0.9896875023841858, 0.9912499785423279, 0.9893749952316284], "val_loss": [0.7606985569000244, 0.8823762536048889, 0.8135469555854797, 0.7369449734687805, 0.9420710802078247, 0.6830762624740601, 0.8022265434265137, 0.7534076571464539, 0.6553172469139099, 0.6468901634216309, 0.5442296266555786, 0.5260698795318604, 0.48920127749443054, 0.567599356174469, 0.43239134550094604, 0.6024194955825806, 0.6265094876289368, 0.4561881124973297, 0.4420223534107208, 0.5255201458930969], "val_accuracy": [0.9068750143051147, 0.9068750143051147, 0.9068750143051147, 0.9068750143051147, 0.9068750143051147, 0.9068750143051147, 0.9068750143051147, 0.9068750143051147, 0.9068750143051147, 0.9068750143051147, 0.9068750143051147, 0.9068750143051147, 0.9068750143051147, 0.9068750143051147, 0.9068750143051147, 0.9068750143051147, 0.9068750143051147, 0.9068750143051147, 0.9068750143051147, 0.9068750143051147]}