{"loss": [0.0847562849521637, 0.059195131063461304, 0.015856677666306496, 0.03379463031888008, 0.12839724123477936, 0.06348846852779388], "accuracy": [0.9837499856948853, 0.9925000071525574, 0.9984375238418579, 0.9959375262260437, 0.9784374833106995, 0.9909374713897705], "val_loss": [0.9563179612159729, 0.9890022873878479, 1.3500797748565674, 1.396386742591858, 1.4856324195861816, 1.157321572303772], "val_accuracy": [0.2068749964237213, 0.2068749964237213, 0.2068749964237213, 0.2068749964237213, 0.2068749964237213, 0.2068749964237213]}