{"loss": [0.10367951542139053, 0.049125805497169495, 0.0334601104259491, 0.1218133270740509, 0.06143594905734062, 0.04318935424089432], "accuracy": [0.9806249737739563, 0.9937499761581421, 0.9959375262260437, 0.9793750047683716, 0.9906250238418579, 0.9928125143051147], "val_loss": [0.8967203497886658, 0.9770105481147766, 1.2895758152008057, 1.2545267343521118, 1.3273309469223022, 1.5606439113616943], "val_accuracy": [0.2068749964237213, 0.2068749964237213, 0.2068749964237213, 0.2068749964237213, 0.2068749964237213, 0.2068749964237213]}