{"loss": [1.166606068611145, 0.33108291029930115, 0.30799922347068787, 0.29188773036003113, 0.2033408284187317, 0.19638597965240479, 0.20498955249786377, 0.2131430059671402, 0.20608848333358765, 0.35433921217918396, 0.23239096999168396, 0.1637945920228958, 0.15860338509082794, 0.1684565395116806, 0.14932246506214142, 0.17544353008270264, 0.14383229613304138, 0.1543188989162445, 0.19388756155967712, 0.10142087936401367, 0.10050655156373978, 0.23477238416671753, 0.1995295137166977, 0.2374047338962555, 0.19965821504592896, 0.162026047706604, 0.1344318687915802, 0.21821185946464539, 0.1937284916639328, 0.18370389938354492, 0.1803991198539734, 0.13313721120357513, 0.2142372578382492, 0.16466128826141357, 0.09531053900718689, 0.1655328869819641, 0.17900961637496948], "acurracy": [0.7799218893051147, 0.8974218964576721, 0.8837500214576721, 0.8834375143051147, 0.9177343845367432, 0.9153125286102295, 0.9080469012260437, 0.901171863079071, 0.9032031297683716, 0.8311718702316284, 0.8905468583106995, 0.9232031106948853, 0.9262499809265137, 0.920703113079071, 0.9275000095367432, 0.9122655987739563, 0.9260937571525574, 0.9206249713897705, 0.9010156393051147, 0.9465625286102295, 0.9473437666893005, 0.8807812333106995, 0.8967968821525574, 0.8762500286102295, 0.8929687738418579, 0.9149218797683716, 0.9307031035423279, 0.883984386920929, 0.8987500071525574, 0.9035937786102295, 0.9034374952316284, 0.9290624856948853, 0.8872656226158142, 0.9146093726158142, 0.9520312547683716, 0.9131249785423279, 0.9067187309265137], "val_loss": [2.1400578022003174, 2.7146334648132324, 2.6679534912109375, 2.5727198123931885, 2.4779155254364014, 2.3868906497955322, 2.3397481441497803, 2.062722682952881, 2.119184970855713, 1.8243402242660522, 1.7704027891159058, 1.7317862510681152, 1.738745093345642, 1.6622700691223145, 1.531282901763916, 1.5339950323104858, 1.4966058731079102, 1.5074325799942017, 1.4642704725265503, 1.476985216140747, 1.5147055387496948, 1.4021943807601929, 1.4677656888961792, 1.442539095878601, 1.4757331609725952, 1.4593113660812378, 1.491426944732666, 1.4571725130081177, 1.5175970792770386, 1.5023001432418823, 1.555187702178955, 1.573618769645691, 1.6335941553115845, 1.4796404838562012, 1.5839234590530396, 1.5074957609176636, 1.5857890844345093], "val_acurracy": [0.14539062976837158, 0.1521874964237213, 0.16578124463558197, 0.16968749463558197, 0.16875000298023224, 0.16929687559604645, 0.16843749582767487, 0.17289061844348907, 0.17945311963558197, 0.2135937511920929, 0.23671874403953552, 0.24437500536441803, 0.2586718797683716, 0.27070313692092896, 0.2908593714237213, 0.29343751072883606, 0.3003906309604645, 0.30390626192092896, 0.3092968761920929, 0.30390626192092896, 0.29218751192092896, 0.3210156261920929, 0.31273436546325684, 0.31843748688697815, 0.31312501430511475, 0.3221093714237213, 0.32359373569488525, 0.32249999046325684, 0.3165625035762787, 0.32124999165534973, 0.3160937428474426, 0.31859374046325684, 0.31703126430511475, 0.32093751430511475, 0.3207031190395355, 0.3293749988079071, 0.3172656297683716]}