{"loss": [1.0678181648254395, 0.43849578499794006, 0.21850715577602386, 0.22972704470157623, 0.2735137641429901, 0.19954533874988556, 0.11749719828367233, 0.22287672758102417, 0.14674709737300873, 0.19456300139427185, 0.20997226238250732, 0.11739607155323029, 0.16678239405155182, 0.10113189369440079, 0.16430610418319702, 0.15070320665836334], "acurracy": [0.7948437333106995, 0.8444530963897705, 0.9153906106948853, 0.9046875238418579, 0.882031261920929, 0.9098437428474426, 0.9469531178474426, 0.8912500143051147, 0.9278125166893005, 0.9060156345367432, 0.8927343487739563, 0.942187488079071, 0.9132031202316284, 0.9489062428474426, 0.9139843583106995, 0.921875], "val_loss": [1.8295464515686035, 1.9287614822387695, 2.004744529724121, 2.1278984546661377, 2.325829267501831, 2.5058255195617676, 2.635394811630249, 2.927443504333496, 3.1723275184631348, 3.4401297569274902, 3.601334810256958, 3.6846861839294434, 3.8205690383911133, 3.8999719619750977, 4.004274368286133, 4.095832824707031], "val_acurracy": [0.17218750715255737, 0.13820312917232513, 0.09976562857627869, 0.04281250014901161, 0.018046874552965164, 0.013046874664723873, 0.010390625335276127, 0.0064843748696148396, 0.005625000223517418, 0.004218750167638063, 0.005156250204890966, 0.004062499850988388, 0.004765625111758709, 0.0053125000558793545, 0.005859375, 0.004999999888241291]}