{"loss": [1.6753795146942139, 1.2229301929473877, 0.6236854791641235, 0.38685595989227295, 0.3400132358074188, 0.517250657081604, 0.4952344596385956, 0.5522525310516357, 0.4208865463733673, 0.366155207157135, 0.379098117351532, 0.4100371301174164, 0.41788676381111145, 0.36992064118385315, 0.3256581127643585, 0.364360511302948, 0.2654738128185272, 0.22569212317466736, 0.3430294394493103, 0.2980232238769531, 0.27683430910110474, 0.2802252471446991, 0.3537658452987671, 0.2941218614578247, 0.259003221988678, 0.323018878698349, 0.3175455331802368, 0.2890951633453369, 0.3440994918346405, 0.2547225058078766, 0.2629055380821228, 0.3699421286582947, 0.25138843059539795, 0.24193497002124786, 0.18888434767723083, 0.28784048557281494, 0.23672553896903992, 0.26128897070884705, 0.24191468954086304, 0.34646889567375183, 0.23562055826187134, 0.2408255636692047, 0.28705960512161255, 0.18520165979862213, 0.28024521470069885, 0.24421384930610657, 0.2234119176864624, 0.31734007596969604, 0.23757770657539368, 0.305103063583374, 0.32535916566848755, 0.27419012784957886, 0.3051045536994934, 0.33610498905181885, 0.2661651074886322, 0.2826772630214691, 0.24925334751605988, 0.25561681389808655, 0.27213793992996216, 0.23309627175331116, 0.13761889934539795, 0.22893419861793518, 0.29997384548187256, 0.2603786587715149, 0.2595822811126709, 0.27769777178764343, 0.2030947506427765, 0.2460346817970276, 0.2926994860172272, 0.24409064650535583, 0.1651148796081543], "acurracy": [0.5340625047683716, 0.8982812762260437, 0.9341406226158142, 0.9417187571525574, 0.9407031536102295, 0.8924999833106995, 0.8852343559265137, 0.8600780963897705, 0.8935156464576721, 0.9071093797683716, 0.8960937261581421, 0.8819531202316284, 0.880859375, 0.8908593654632568, 0.9065625071525574, 0.893750011920929, 0.9240624904632568, 0.934765636920929, 0.893750011920929, 0.9086718559265137, 0.9124218821525574, 0.9153125286102295, 0.8896093964576721, 0.9059374928474426, 0.9155468940734863, 0.8946874737739563, 0.8943750262260437, 0.9067187309265137, 0.88671875, 0.9221875071525574, 0.9140625, 0.8721093535423279, 0.9222656488418579, 0.9234374761581421, 0.9424999952316284, 0.9092187285423279, 0.923828125, 0.916796863079071, 0.922656238079071, 0.8840625286102295, 0.9235937595367432, 0.9203125238418579, 0.9021093845367432, 0.9453906416893005, 0.9085937738418579, 0.921875, 0.9284374713897705, 0.8880468606948853, 0.923046886920929, 0.8954687714576721, 0.8881250023841858, 0.9088281393051147, 0.8924999833106995, 0.8829687237739563, 0.9076562523841858, 0.9032812714576721, 0.9172656536102295, 0.9168750047683716, 0.9071093797683716, 0.9227343797683716, 0.9567968845367432, 0.9236719012260437, 0.8968750238418579, 0.9108593463897705, 0.9085937738418579, 0.9056249856948853, 0.9276562333106995, 0.9157812595367432, 0.8962500095367432, 0.918749988079071, 0.9435155987739563], "val_loss": [1.7974544763565063, 2.0250935554504395, 2.8016204833984375, 3.188741445541382, 3.110236167907715, 2.6183831691741943, 2.359902858734131, 2.168285369873047, 2.1022274494171143, 2.0109407901763916, 1.9192137718200684, 1.7959797382354736, 1.674841046333313, 1.6004829406738281, 1.5347654819488525, 1.4956161975860596, 1.490967869758606, 1.4952088594436646, 1.4469677209854126, 1.4318958520889282, 1.4315910339355469, 1.4076629877090454, 1.384995460510254, 1.3972117900848389, 1.3859180212020874, 1.3749946355819702, 1.3719053268432617, 1.3746483325958252, 1.3633160591125488, 1.370602011680603, 1.3632211685180664, 1.3338884115219116, 1.3409825563430786, 1.3557263612747192, 1.372914433479309, 1.3449598550796509, 1.3443809747695923, 1.3517045974731445, 1.3665330410003662, 1.331324815750122, 1.3405685424804688, 1.3385809659957886, 1.3383859395980835, 1.3517907857894897, 1.3415968418121338, 1.337087869644165, 1.330125093460083, 1.3165326118469238, 1.3376796245574951, 1.308868408203125, 1.3029578924179077, 1.2962573766708374, 1.295346975326538, 1.299565315246582, 1.2958012819290161, 1.290319561958313, 1.2969070672988892, 1.307648777961731, 1.3000010251998901, 1.3096950054168701, 1.3438373804092407, 1.3228000402450562, 1.2960704565048218, 1.301782250404358, 1.2971699237823486, 1.2962030172348022, 1.303023099899292, 1.3065423965454102, 1.2941217422485352, 1.3036848306655884, 1.318050503730774], "val_acurracy": [0.16750000417232513, 0.16820313036441803, 0.1678124964237213, 0.16718749701976776, 0.16960936784744263, 0.1693750023841858, 0.16875000298023224, 0.18617187440395355, 0.2503125071525574, 0.2908593714237213, 0.3077343702316284, 0.3295312523841858, 0.3323437571525574, 0.3335937559604645, 0.3324218690395355, 0.3348437547683716, 0.33460938930511475, 0.3309375047683716, 0.3331249952316284, 0.3375781178474426, 0.33546873927116394, 0.33421874046325684, 0.33460938930511475, 0.33640626072883606, 0.3382031321525574, 0.3355468809604645, 0.3382812440395355, 0.3324218690395355, 0.3303906321525574, 0.33226561546325684, 0.33500000834465027, 0.3396874964237213, 0.34257811307907104, 0.3428906202316284, 0.3421874940395355, 0.3384374976158142, 0.34632813930511475, 0.3391406238079071, 0.33531248569488525, 0.3367968797683716, 0.3384374976158142, 0.3396874964237213, 0.3375000059604645, 0.3460156321525574, 0.33960938453674316, 0.34171876311302185, 0.3465625047683716, 0.3382031321525574, 0.34187498688697815, 0.3391406238079071, 0.3409374952316284, 0.3387500047683716, 0.3401562571525574, 0.3367968797683716, 0.3434374928474426, 0.345703125, 0.34257811307907104, 0.3412500023841858, 0.3334375023841858, 0.33492186665534973, 0.33976563811302185, 0.34062498807907104, 0.34078124165534973, 0.3384374976158142, 0.33882811665534973, 0.33742186427116394, 0.341796875, 0.3407031297683716, 0.33796873688697815, 0.34437501430511475, 0.3410937488079071]}