{"loss": [1.1733261346817017, 0.5043764710426331, 0.2873727083206177, 0.1558375209569931, 0.19903187453746796, 0.2052614539861679, 0.2428022027015686, 0.18737775087356567, 0.27866265177726746, 0.14221926033496857, 0.2066386193037033, 0.1581352800130844, 0.15405403077602386, 0.15220755338668823, 0.10155656933784485, 0.2018629014492035, 0.13584847748279572, 0.098212830722332, 0.07335615903139114, 0.13415582478046417, 0.19595234096050262, 0.1333542764186859, 0.10747329890727997, 0.2126857340335846, 0.1300099939107895, 0.11675065755844116, 0.08445470035076141, 0.14294469356536865, 0.1889176368713379, 0.16673611104488373, 0.12921132147312164, 0.18678508698940277, 0.1974729299545288, 0.1395920068025589, 0.12811757624149323, 0.15041343867778778, 0.12534962594509125, 0.13797098398208618, 0.1840244084596634, 0.18159380555152893, 0.13597656786441803, 0.17124129831790924, 0.13570691645145416, 0.16981151700019836, 0.16025091707706451, 0.10121049731969833, 0.12487796694040298, 0.09120772033929825, 0.13327375054359436, 0.08967482298612595, 0.13569414615631104, 0.09013107419013977, 0.1007506251335144, 0.21520960330963135, 0.1140277311205864, 0.278185099363327, 0.1558731198310852, 0.15842801332473755, 0.1449214071035385, 0.16623713076114655, 0.06685581803321838, 0.16731134057044983, 0.14410187304019928, 0.13305248320102692, 0.13309568166732788, 0.12263841927051544, 0.13231709599494934, 0.1783425509929657, 0.08908168971538544, 0.155410498380661, 0.17673934996128082, 0.23151688277721405, 0.1646568328142166, 0.11059491336345673, 0.173686683177948, 0.1871688961982727, 0.13204044103622437, 0.1090109646320343, 0.0980769693851471, 0.09855592995882034, 0.08753444999456406, 0.11987864226102829, 0.20816239714622498, 0.1434779018163681, 0.11073017865419388, 0.12067311257123947], "acurracy": [0.7727344036102295, 0.8274219036102295, 0.8827343583106995, 0.93359375, 0.91015625, 0.9071875214576721, 0.8914843797683716, 0.9144531488418579, 0.8739843964576721, 0.9337499737739563, 0.8974218964576721, 0.9222656488418579, 0.9192968606948853, 0.9215624928474426, 0.9460155963897705, 0.8930468559265137, 0.926953136920929, 0.9481250047683716, 0.9607031345367432, 0.9282812476158142, 0.8929687738418579, 0.9287499785423279, 0.9430468678474426, 0.8895312547683716, 0.9293749928474426, 0.9361718893051147, 0.9549999833106995, 0.9232031106948853, 0.8971093893051147, 0.9091406464576721, 0.9279687404632568, 0.8985156416893005, 0.8910156488418579, 0.925000011920929, 0.9296875, 0.9214062690734863, 0.9337499737739563, 0.9250781536102295, 0.9021093845367432, 0.9048437476158142, 0.9259374737739563, 0.9084374904632568, 0.9272656440734863, 0.908203125, 0.912109375, 0.944140613079071, 0.930468738079071, 0.9521874785423279, 0.9314844012260437, 0.9514843821525574, 0.9262499809265137, 0.9524219036102295, 0.9486718773841858, 0.8860937356948853, 0.9403125047683716, 0.8509374856948853, 0.9124218821525574, 0.9137499928474426, 0.9193750023841858, 0.9092187285423279, 0.9633593559265137, 0.9080469012260437, 0.9225780963897705, 0.9271093606948853, 0.9295312762260437, 0.932812511920929, 0.9300781488418579, 0.901562511920929, 0.9514062404632568, 0.9146875143051147, 0.9044530987739563, 0.875, 0.9096875190734863, 0.9403125047683716, 0.9072656035423279, 0.8987500071525574, 0.9315624833106995, 0.9431250095367432, 0.9453125, 0.9477343559265137, 0.9525781273841858, 0.934765636920929, 0.889843761920929, 0.9225780963897705, 0.9398437738418579, 0.9368749856948853], "val_loss": [1.8738887310028076, 1.8521803617477417, 1.785083293914795, 1.7771209478378296, 1.6910295486450195, 1.6234153509140015, 1.5588326454162598, 1.4832653999328613, 1.4062623977661133, 1.35591459274292, 1.2988919019699097, 1.2599823474884033, 1.2390094995498657, 1.214401364326477, 1.2038863897323608, 1.1882178783416748, 1.1805102825164795, 1.177627444267273, 1.1748371124267578, 1.1657887697219849, 1.163414478302002, 1.1599109172821045, 1.1590572595596313, 1.155829906463623, 1.152066707611084, 1.1501743793487549, 1.148128628730774, 1.1476794481277466, 1.1450120210647583, 1.143118143081665, 1.1440317630767822, 1.135635495185852, 1.1332385540008545, 1.1324464082717896, 1.1334017515182495, 1.1282811164855957, 1.1259738206863403, 1.1252936124801636, 1.1243817806243896, 1.123180866241455, 1.1228519678115845, 1.127260446548462, 1.1196798086166382, 1.1183842420578003, 1.1209492683410645, 1.1207300424575806, 1.118943214416504, 1.119063377380371, 1.1189459562301636, 1.1215986013412476, 1.118259072303772, 1.1198699474334717, 1.118697166442871, 1.1177647113800049, 1.122551679611206, 1.1249902248382568, 1.1182880401611328, 1.1178003549575806, 1.1211766004562378, 1.1176912784576416, 1.116094946861267, 1.1212579011917114, 1.1145646572113037, 1.119499683380127, 1.1187663078308105, 1.1197198629379272, 1.1193605661392212, 1.112807273864746, 1.11935293674469, 1.1145601272583008, 1.1126686334609985, 1.1173499822616577, 1.1194897890090942, 1.1182124614715576, 1.117081880569458, 1.1224923133850098, 1.1198650598526, 1.114241600036621, 1.1188846826553345, 1.125293493270874, 1.1152632236480713, 1.1194630861282349, 1.1173715591430664, 1.1164058446884155, 1.1173925399780273, 1.1170384883880615], "val_acurracy": [0.16484375298023224, 0.16945312917232513, 0.16828125715255737, 0.17156249284744263, 0.1921093761920929, 0.2428906261920929, 0.28187501430511475, 0.30125001072883606, 0.31937500834465027, 0.31664061546325684, 0.3217187523841858, 0.32414063811302185, 0.3239062428474426, 0.33351561427116394, 0.3423437476158142, 0.33445313572883606, 0.3407031297683716, 0.33765625953674316, 0.34687501192092896, 0.3607812523841858, 0.36054688692092896, 0.3597656190395355, 0.3553124964237213, 0.35453125834465027, 0.36820313334465027, 0.36054688692092896, 0.36625000834465027, 0.3666406273841858, 0.36937499046325684, 0.3714062571525574, 0.3748437464237213, 0.37992188334465027, 0.37617188692092896, 0.3792968690395355, 0.3785156309604645, 0.38187500834465027, 0.375, 0.388671875, 0.36812499165534973, 0.3739062547683716, 0.3851562440395355, 0.3792968690395355, 0.39601561427116394, 0.39335936307907104, 0.3911718726158142, 0.3888281285762787, 0.38374999165534973, 0.38578125834465027, 0.3914843797683716, 0.3911718726158142, 0.3929687440395355, 0.38874998688697815, 0.3943749964237213, 0.3984375, 0.3903124928474426, 0.37648436427116394, 0.37687501311302185, 0.39125001430511475, 0.39039063453674316, 0.39710938930511475, 0.3957812488079071, 0.38773438334465027, 0.3967968821525574, 0.39265623688697815, 0.3927343785762787, 0.3914843797683716, 0.38749998807907104, 0.3941406309604645, 0.3953906297683716, 0.39476561546325684, 0.40046873688697815, 0.3942187428474426, 0.3952343761920929, 0.39546874165534973, 0.40171873569488525, 0.3893750011920929, 0.39210936427116394, 0.4048437476158142, 0.4007812440395355, 0.3914843797683716, 0.39867186546325684, 0.39359375834465027, 0.39390623569488525, 0.39742186665534973, 0.4034374952316284, 0.40132811665534973]}