{"loss": [1.0529288053512573, 0.3053929805755615, 0.18048211932182312, 0.2723994851112366, 0.27165594696998596, 0.18679839372634888, 0.22357884049415588, 0.1982489973306656, 0.17485809326171875, 0.1261201649904251, 0.16259923577308655, 0.13205187022686005, 0.1572314202785492, 0.13880136609077454, 0.1412161886692047, 0.12430678308010101, 0.21202102303504944, 0.14786051213741302, 0.1613902896642685, 0.15812872350215912, 0.134194016456604, 0.18175218999385834, 0.14476007223129272, 0.15734127163887024, 0.15577496588230133, 0.12037069350481033, 0.2036585658788681, 0.13408567011356354, 0.16688749194145203, 0.1668764352798462, 0.19216367602348328, 0.13109153509140015, 0.15383180975914001, 0.11773429065942764, 0.19922903180122375, 0.12938156723976135, 0.16392768919467926, 0.17396461963653564, 0.15011242032051086, 0.22260421514511108, 0.17315804958343506, 0.0939924493432045, 0.10525672137737274, 0.125268816947937, 0.12660008668899536, 0.18067699670791626, 0.11386904120445251, 0.10224474221467972, 0.09133805334568024, 0.14857985079288483, 0.11646018922328949, 0.14652618765830994, 0.11267177760601044, 0.10104081779718399, 0.10228987783193588, 0.1569894552230835, 0.12486377358436584, 0.1334010362625122, 0.18116077780723572, 0.09160667657852173, 0.13711553812026978, 0.15849079191684723, 0.11277458816766739, 0.10100850462913513, 0.2046995311975479, 0.15707038342952728, 0.07871182262897491, 0.13667717576026917, 0.14473257958889008], "acurracy": [0.787109375, 0.8974999785423279, 0.9326562285423279, 0.8837500214576721, 0.8798437714576721, 0.9189062714576721, 0.9017968773841858, 0.9103906154632568, 0.9212499856948853, 0.9401562213897705, 0.9212499856948853, 0.9353125095367432, 0.9192968606948853, 0.9287499785423279, 0.9268749952316284, 0.9342968463897705, 0.8868749737739563, 0.9210156202316284, 0.9142187237739563, 0.9158594012260437, 0.9300000071525574, 0.9032812714576721, 0.9215624928474426, 0.9140625, 0.9153906106948853, 0.934374988079071, 0.8892187476158142, 0.9260156154632568, 0.9088281393051147, 0.9111718535423279, 0.897265613079071, 0.928906261920929, 0.9175781011581421, 0.9388281106948853, 0.8938281536102295, 0.9318749904632568, 0.9110937714576721, 0.9097656011581421, 0.9183593988418579, 0.8818749785423279, 0.9053124785423279, 0.9501562714576721, 0.9426562786102295, 0.9311718940734863, 0.9341406226158142, 0.9000781178474426, 0.9379687309265137, 0.9479687213897705, 0.9526562690734863, 0.923046886920929, 0.9364843964576721, 0.921875, 0.9396874904632568, 0.9474999904632568, 0.9453125, 0.9160937666893005, 0.932812511920929, 0.9287499785423279, 0.9042187333106995, 0.9516406059265137, 0.927734375, 0.9146093726158142, 0.9387500286102295, 0.9461718797683716, 0.8917187452316284, 0.9185156226158142, 0.9579687714576721, 0.9255468845367432, 0.9228906035423279], "val_loss": [2.008498430252075, 2.147529125213623, 1.9945985078811646, 1.8052573204040527, 1.680518388748169, 1.6069722175598145, 1.5063976049423218, 1.4316085577011108, 1.3634469509124756, 1.3210160732269287, 1.2760120630264282, 1.2483237981796265, 1.2245686054229736, 1.2066954374313354, 1.1964235305786133, 1.1904199123382568, 1.1809914112091064, 1.1769143342971802, 1.1722400188446045, 1.1687865257263184, 1.1657408475875854, 1.1622527837753296, 1.1623141765594482, 1.1646814346313477, 1.1592307090759277, 1.1550153493881226, 1.1561145782470703, 1.1573362350463867, 1.1529449224472046, 1.1507855653762817, 1.147417426109314, 1.1488521099090576, 1.1446961164474487, 1.142296314239502, 1.1402745246887207, 1.136638879776001, 1.1375046968460083, 1.1371986865997314, 1.131795048713684, 1.1340510845184326, 1.1293784379959106, 1.133963942527771, 1.1286497116088867, 1.1294037103652954, 1.1258845329284668, 1.12540864944458, 1.1236482858657837, 1.12456214427948, 1.125665545463562, 1.1278905868530273, 1.126991629600525, 1.1294773817062378, 1.1254080533981323, 1.1204349994659424, 1.1251726150512695, 1.1249072551727295, 1.1221063137054443, 1.1215733289718628, 1.1237037181854248, 1.127753496170044, 1.125718355178833, 1.122169017791748, 1.1260746717453003, 1.1243230104446411, 1.1292555332183838, 1.1210342645645142, 1.1234608888626099, 1.1218554973602295, 1.1214274168014526], "val_acurracy": [0.1599999964237213, 0.16750000417232513, 0.16429688036441803, 0.17460937798023224, 0.22914062440395355, 0.26781249046325684, 0.3204687535762787, 0.34101563692092896, 0.34773436188697815, 0.3479687571525574, 0.3499999940395355, 0.3531250059604645, 0.3540624976158142, 0.35148438811302185, 0.35234373807907104, 0.3536718785762787, 0.35218751430511475, 0.3536718785762787, 0.3631249964237213, 0.3628906309604645, 0.3666406273841858, 0.3639843761920929, 0.3682812452316284, 0.3599218726158142, 0.3627343773841858, 0.37031251192092896, 0.3748437464237213, 0.3617187440395355, 0.36429688334465027, 0.3655468821525574, 0.37203124165534973, 0.37171876430511475, 0.37281250953674316, 0.3810156285762787, 0.37601563334465027, 0.3766406178474426, 0.3851562440395355, 0.3821093738079071, 0.38499999046325684, 0.3858593702316284, 0.38609373569488525, 0.3824999928474426, 0.3861718773841858, 0.38414061069488525, 0.3907812535762787, 0.39554688334465027, 0.3936718702316284, 0.3949218690395355, 0.39250001311302185, 0.38804686069488525, 0.3913281261920929, 0.3875781297683716, 0.39460936188697815, 0.3934375047683716, 0.3911718726158142, 0.39281249046325684, 0.39195311069488525, 0.3936718702316284, 0.39453125, 0.3920312523841858, 0.38999998569488525, 0.39546874165534973, 0.3931249976158142, 0.39195311069488525, 0.39164063334465027, 0.4002343714237213, 0.3984375, 0.39937499165534973, 0.3996874988079071]}