{"loss": [0.848175585269928, 0.28451934456825256, 0.23932212591171265, 0.19031840562820435, 0.20343945920467377, 0.27016037702560425, 0.2566152811050415, 0.10785633325576782, 0.23922672867774963, 0.21206218004226685, 0.19983986020088196, 0.1454561948776245, 0.23421846330165863, 0.17262983322143555, 0.129129558801651, 0.19066055119037628, 0.18979527056217194, 0.21192169189453125, 0.18543052673339844, 0.15911157429218292, 0.1209569200873375, 0.13388286530971527, 0.15643908083438873, 0.2295026183128357, 0.035746991634368896, 0.10792504251003265, 0.11797954887151718, 0.0960950255393982, 0.22507229447364807, 0.18860647082328796, 0.14226974546909332, 0.1282614767551422, 0.10537992417812347], "acurracy": [0.892578125, 0.9000781178474426, 0.907421886920929, 0.9245312213897705, 0.9176562428474426, 0.8824999928474426, 0.8844531178474426, 0.9507031440734863, 0.8879687786102295, 0.9033593535423279, 0.9090625047683716, 0.9320312738418579, 0.8903906345367432, 0.9159374833106995, 0.9335156083106995, 0.9028906226158142, 0.9005468487739563, 0.8868749737739563, 0.9006249904632568, 0.9176562428474426, 0.9370312690734863, 0.9247656464576721, 0.9168750047683716, 0.8758593797683716, 0.9797656536102295, 0.9428125023841858, 0.9361718893051147, 0.9482031464576721, 0.8787500262260437, 0.8984375, 0.9221875071525574, 0.9320312738418579, 0.9432812333106995], "val_loss": [2.2640373706817627, 2.607975721359253, 2.6111199855804443, 2.587529182434082, 2.529543399810791, 2.2698748111724854, 2.276276111602783, 2.313559055328369, 2.0144741535186768, 1.8666943311691284, 1.8115366697311401, 1.7192414999008179, 1.5111573934555054, 1.5424950122833252, 1.523149013519287, 1.4391913414001465, 1.4709177017211914, 1.408406376838684, 1.41748046875, 1.4530154466629028, 1.4992713928222656, 1.4600074291229248, 1.4398483037948608, 1.5694166421890259, 1.6345100402832031, 1.6184083223342896, 1.5767794847488403, 1.6282944679260254, 1.629673957824707, 1.6047582626342773, 1.5929585695266724, 1.5297889709472656, 1.649743676185608], "val_acurracy": [0.12335937470197678, 0.1661718785762787, 0.16968749463558197, 0.16648437082767487, 0.16523437201976776, 0.16757813096046448, 0.16484375298023224, 0.16703124344348907, 0.17687499523162842, 0.1940625011920929, 0.2180468738079071, 0.2357812523841858, 0.2713281214237213, 0.26945313811302185, 0.27882811427116394, 0.29976561665534973, 0.30281248688697815, 0.3169531226158142, 0.31203123927116394, 0.29374998807907104, 0.30054688453674316, 0.30937498807907104, 0.3157031238079071, 0.28984373807907104, 0.2940624952316284, 0.28984373807907104, 0.2887499928474426, 0.3000781238079071, 0.30460938811302185, 0.30601561069488525, 0.30078125, 0.3009375035762787, 0.2964843809604645]}