{"loss": [1.3771919012069702, 0.38017475605010986, 0.15781556069850922, 0.21723192930221558, 0.3030930757522583, 0.23820823431015015, 0.1332763284444809, 0.2170582264661789, 0.17791062593460083, 0.15344852209091187, 0.10909666866064072, 0.23751096427440643, 0.1310490071773529, 0.14097723364830017, 0.20102989673614502, 0.22271783649921417], "acurracy": [0.6674218773841858, 0.9228906035423279, 0.9498437643051147, 0.9114843606948853, 0.8714062571525574, 0.9007031321525574, 0.9439843893051147, 0.9046093821525574, 0.9178906083106995, 0.9271093606948853, 0.9478124976158142, 0.8815624713897705, 0.9325781464576721, 0.9278125166893005, 0.895312488079071, 0.883984386920929], "val_loss": [1.7818759679794312, 1.8028254508972168, 1.8388959169387817, 1.8807049989700317, 1.9682916402816772, 2.056196689605713, 2.1247828006744385, 2.296259880065918, 2.4602200984954834, 2.6478991508483887, 2.797506093978882, 3.0971221923828125, 3.2515125274658203, 3.3705904483795166, 3.596367835998535, 3.7632126808166504], "val_acurracy": [0.16960936784744263, 0.16257812082767487, 0.15796874463558197, 0.12539061903953552, 0.049296874552965164, 0.02445312589406967, 0.020390624180436134, 0.009296875447034836, 0.007734375074505806, 0.005937499925494194, 0.004999999888241291, 0.006015624850988388, 0.005546874832361937, 0.0054687499068677425, 0.005156250204890966, 0.0053906249813735485]}