{"loss": [1.0966285467147827, 0.31785571575164795, 0.30315831303596497, 0.27208414673805237, 0.260806679725647, 0.17777390778064728, 0.26144540309906006, 0.3894619643688202, 0.20746494829654694, 0.19789846241474152, 0.14540310204029083, 0.19923420250415802, 0.1324121654033661, 0.17252129316329956, 0.180354043841362, 0.22683455049991608, 0.1537066400051117, 0.2430868148803711, 0.1623871624469757, 0.13631774485111237, 0.16403314471244812, 0.15896885097026825, 0.20670421421527863, 0.15721911191940308, 0.1815769076347351, 0.16987036168575287, 0.19369147717952728, 0.1565496325492859, 0.10744409263134003, 0.14360402524471283, 0.11802369356155396, 0.12957684695720673, 0.17601878941059113, 0.14267541468143463, 0.09536112844944, 0.1747557520866394, 0.11548692733049393, 0.0708259791135788], "acurracy": [0.7307812571525574, 0.8996875286102295, 0.8823437690734863, 0.8928124904632568, 0.8920312523841858, 0.9264062643051147, 0.8854687213897705, 0.821484386920929, 0.9067187309265137, 0.911328136920929, 0.9345312714576721, 0.91015625, 0.939453125, 0.9207812547683716, 0.9158594012260437, 0.8885156512260437, 0.9231250286102295, 0.8759375214576721, 0.9157031178474426, 0.9320312738418579, 0.9149218797683716, 0.9163281321525574, 0.8922656178474426, 0.9153906106948853, 0.9021093845367432, 0.9103906154632568, 0.8966405987739563, 0.9163281321525574, 0.9427343606948853, 0.9232812523841858, 0.9372656345367432, 0.9303125143051147, 0.9045312404632568, 0.9228906035423279, 0.9485156536102295, 0.9064062237739563, 0.9359375238418579, 0.9626562595367432], "val_loss": [2.108581304550171, 2.512993335723877, 2.472935199737549, 2.3201072216033936, 2.294969320297241, 2.302734613418579, 2.1335089206695557, 1.8911627531051636, 1.8859314918518066, 1.8811951875686646, 1.8417603969573975, 1.6532341241836548, 1.6692686080932617, 1.5455806255340576, 1.497939109802246, 1.3861989974975586, 1.3547101020812988, 1.3168939352035522, 1.333665370941162, 1.3084219694137573, 1.307336688041687, 1.3256049156188965, 1.2841932773590088, 1.3234076499938965, 1.3101227283477783, 1.3393722772598267, 1.3262706995010376, 1.3300585746765137, 1.3738293647766113, 1.3632452487945557, 1.4016220569610596, 1.3901628255844116, 1.375773310661316, 1.3924790620803833, 1.4020209312438965, 1.4740246534347534, 1.4589837789535522, 1.4257930517196655], "val_acurracy": [0.12359374761581421, 0.16062499582767487, 0.16234375536441803, 0.16593749821186066, 0.16343750059604645, 0.16578124463558197, 0.16828125715255737, 0.17640624940395355, 0.18718749284744263, 0.20156249403953552, 0.2146874964237213, 0.2544531226158142, 0.2592187523841858, 0.27351561188697815, 0.2864062488079071, 0.30250000953674316, 0.29976561665534973, 0.30726563930511475, 0.30570313334465027, 0.3010937571525574, 0.31343749165534973, 0.3034375011920929, 0.33351561427116394, 0.31062498688697815, 0.3149999976158142, 0.3169531226158142, 0.3197656273841858, 0.3151562511920929, 0.3180468678474426, 0.3133593797683716, 0.3089062571525574, 0.31148436665534973, 0.314453125, 0.3192187547683716, 0.3107031285762787, 0.3028906285762787, 0.31578123569488525, 0.31328123807907104]}