{"loss": [0.9447160363197327, 0.3395192623138428, 0.3891810178756714, 0.246595099568367, 0.1465681791305542, 0.15421094000339508, 0.23862016201019287, 0.1655217409133911, 0.185635507106781, 0.23220022022724152, 0.22421053051948547, 0.11677366495132446, 0.22868430614471436, 0.18825708329677582, 0.13614049553871155, 0.13723771274089813, 0.13692478835582733, 0.1839645951986313, 0.19567686319351196, 0.13458822667598724, 0.19681353867053986, 0.18204666674137115, 0.15853893756866455, 0.192718505859375, 0.1683121919631958, 0.16740833222866058, 0.1322484165430069, 0.17531843483448029, 0.10643987357616425, 0.1076313853263855, 0.13116513192653656, 0.1658879816532135, 0.1671014428138733, 0.09388936311006546, 0.16403043270111084, 0.1636863350868225, 0.12603889405727386, 0.1278659701347351, 0.16317470371723175, 0.1510814130306244, 0.23564472794532776, 0.14902544021606445, 0.14926625788211823, 0.14072221517562866, 0.1723528802394867, 0.21777480840682983, 0.18545536696910858, 0.11429555714130402, 0.21774068474769592, 0.13534221053123474, 0.20468580722808838, 0.05544736981391907, 0.13563679158687592, 0.16969110071659088, 0.1355283558368683, 0.12557801604270935, 0.1223573312163353, 0.12315811961889267, 0.0903027132153511, 0.15557020902633667, 0.11220592260360718, 0.15810464322566986, 0.15782375633716583, 0.13443692028522491, 0.11279873549938202, 0.12106533348560333, 0.1460343301296234, 0.08991705626249313, 0.110008105635643, 0.1678686887025833, 0.1097659096121788, 0.19943535327911377, 0.16716080904006958, 0.11080851405858994, 0.14467908442020416, 0.1219722107052803, 0.18745946884155273, 0.13959991931915283, 0.1307419091463089, 0.1123051717877388, 0.16452202200889587, 0.14146220684051514, 0.17752768099308014, 0.14422953128814697, 0.15151965618133545, 0.16223813593387604], "acurracy": [0.8277343511581421, 0.890625, 0.8421875238418579, 0.8946093916893005, 0.9370312690734863, 0.9330468773841858, 0.8938281536102295, 0.9258593916893005, 0.9146875143051147, 0.8891406059265137, 0.8889843821525574, 0.939453125, 0.8842187523841858, 0.9012500047683716, 0.9306250214576721, 0.9278125166893005, 0.9264843463897705, 0.9020312428474426, 0.8974218964576721, 0.9275000095367432, 0.8942187428474426, 0.9012500047683716, 0.914843738079071, 0.8967187404632568, 0.9108593463897705, 0.9100000262260437, 0.9276562333106995, 0.9096093773841858, 0.9432812333106995, 0.9438281059265137, 0.9300000071525574, 0.9107031226158142, 0.9100000262260437, 0.9485156536102295, 0.9134374856948853, 0.9135156273841858, 0.9332812428474426, 0.9314062595367432, 0.9139843583106995, 0.9185937643051147, 0.8712499737739563, 0.921093761920929, 0.9193750023841858, 0.9229687452316284, 0.9068750143051147, 0.8835155963897705, 0.8994531035423279, 0.9381250143051147, 0.8849218487739563, 0.9306250214576721, 0.8893749713897705, 0.9710937738418579, 0.9278125166893005, 0.91015625, 0.9287499785423279, 0.9335156083106995, 0.9350781440734863, 0.934765636920929, 0.9528906345367432, 0.9176562428474426, 0.9422656297683716, 0.9181249737739563, 0.9166406393051147, 0.926562488079071, 0.9396093487739563, 0.9369531273841858, 0.9208593964576721, 0.9517968893051147, 0.9429687261581421, 0.908984363079071, 0.9405468702316284, 0.8929687738418579, 0.9124218821525574, 0.9398437738418579, 0.9257031083106995, 0.9353125095367432, 0.8965625166893005, 0.9278125166893005, 0.9320312738418579, 0.940234363079071, 0.9128124713897705, 0.9253125190734863, 0.9072656035423279, 0.9235937595367432, 0.9200780987739563, 0.9127343893051147], "val_loss": [1.9419746398925781, 1.9354803562164307, 1.808631181716919, 1.7313226461410522, 1.6557247638702393, 1.5951331853866577, 1.4964818954467773, 1.414537787437439, 1.3463644981384277, 1.2804620265960693, 1.2342396974563599, 1.22489595413208, 1.2002915143966675, 1.191022515296936, 1.1860721111297607, 1.183388113975525, 1.1763370037078857, 1.1712350845336914, 1.1676340103149414, 1.1677446365356445, 1.1634119749069214, 1.161129355430603, 1.1625415086746216, 1.1584367752075195, 1.156172752380371, 1.1564877033233643, 1.153954267501831, 1.1503032445907593, 1.1488834619522095, 1.1468273401260376, 1.1432684659957886, 1.1411421298980713, 1.1403487920761108, 1.1371709108352661, 1.138641595840454, 1.1378494501113892, 1.136609435081482, 1.1346498727798462, 1.1333167552947998, 1.130846381187439, 1.1316955089569092, 1.130131483078003, 1.1298933029174805, 1.1296641826629639, 1.1262829303741455, 1.1261261701583862, 1.1248279809951782, 1.1248605251312256, 1.1246610879898071, 1.121199607849121, 1.121260404586792, 1.123641014099121, 1.1196184158325195, 1.1157488822937012, 1.1199945211410522, 1.1147269010543823, 1.1197694540023804, 1.1145251989364624, 1.1172337532043457, 1.1151628494262695, 1.119564414024353, 1.1149523258209229, 1.114264726638794, 1.116804599761963, 1.115657925605774, 1.1176317930221558, 1.1162357330322266, 1.1158900260925293, 1.1195762157440186, 1.1157572269439697, 1.111310601234436, 1.1210365295410156, 1.1194322109222412, 1.117684006690979, 1.1204767227172852, 1.118648648262024, 1.1139029264450073, 1.1170450448989868, 1.112135410308838, 1.1126023530960083, 1.11265230178833, 1.1118671894073486, 1.1207748651504517, 1.1164982318878174, 1.1115756034851074, 1.116896390914917], "val_acurracy": [0.16437500715255737, 0.17109374701976776, 0.17148438096046448, 0.18195313215255737, 0.21210937201976776, 0.255859375, 0.31828126311302185, 0.3362500071525574, 0.3467968702316284, 0.3511718809604645, 0.35593751072883606, 0.35664063692092896, 0.359375, 0.3604687452316284, 0.3578124940395355, 0.35359373688697815, 0.36125001311302185, 0.3610156178474426, 0.35624998807907104, 0.3556250035762787, 0.3624218702316284, 0.36125001311302185, 0.36210936307907104, 0.36460936069488525, 0.37187498807907104, 0.36625000834465027, 0.36742186546325684, 0.3684374988079071, 0.36765626072883606, 0.36992186307907104, 0.37312498688697815, 0.36992186307907104, 0.37031251192092896, 0.3787499964237213, 0.3773437440395355, 0.3753125071525574, 0.3766406178474426, 0.3801562488079071, 0.38093748688697815, 0.3804687559604645, 0.3836718797683716, 0.38484373688697815, 0.3826562464237213, 0.38789063692092896, 0.39140623807907104, 0.39304688572883606, 0.3920312523841858, 0.38968750834465027, 0.38804686069488525, 0.3904687464237213, 0.39359375834465027, 0.39156249165534973, 0.3992968797683716, 0.39515626430511475, 0.3977343738079071, 0.4037500023841858, 0.39546874165534973, 0.40156251192092896, 0.40562498569488525, 0.40406250953674316, 0.3984375, 0.4027343690395355, 0.40328124165534973, 0.4037500023841858, 0.3996874988079071, 0.39671874046325684, 0.3982812464237213, 0.39765626192092896, 0.39460936188697815, 0.4019531309604645, 0.4057031273841858, 0.40031251311302185, 0.39992186427116394, 0.39945313334465027, 0.40296876430511475, 0.4069531261920929, 0.40242186188697815, 0.4080468714237213, 0.40476563572883606, 0.40210938453674316, 0.4000781178474426, 0.4076562523841858, 0.39906251430511475, 0.4026562571525574, 0.40492188930511475, 0.39640626311302185]}