{"loss": [1.0632160902023315, 0.22187328338623047, 0.3677816092967987, 0.18335451185703278, 0.18924275040626526, 0.16297532618045807, 0.27085065841674805, 0.11335509270429611, 0.16506534814834595, 0.13319647312164307, 0.13302123546600342, 0.1156863272190094, 0.10160908102989197, 0.18866826593875885, 0.19900286197662354, 0.21990562975406647], "acurracy": [0.7946875095367432, 0.9412500262260437, 0.8453906178474426, 0.9233593940734863, 0.9173437356948853, 0.9286718964576721, 0.8764062523841858, 0.9466406106948853, 0.9201562404632568, 0.9327343702316284, 0.9312499761581421, 0.942578136920929, 0.9478906393051147, 0.9000781178474426, 0.896484375, 0.8824218511581421], "val_loss": [1.8030433654785156, 1.8349169492721558, 1.9081006050109863, 1.9678653478622437, 2.0686070919036865, 2.176090955734253, 2.4631824493408203, 2.6260671615600586, 2.838789939880371, 3.0441694259643555, 3.190333366394043, 3.3762407302856445, 3.4977691173553467, 3.6820309162139893, 3.828671455383301, 3.9912078380584717], "val_acurracy": [0.17273437976837158, 0.166015625, 0.1287499964237213, 0.09734375029802322, 0.05429687350988388, 0.034687500447034836, 0.013124999590218067, 0.009453125298023224, 0.007499999832361937, 0.006796875037252903, 0.005156250204890966, 0.0053906249813735485, 0.005781250074505806, 0.004921874962747097, 0.004843750037252903, 0.004921874962747097]}