{"loss": [1.649972677230835, 1.62259840965271, 1.5942773818969727, 1.5672427415847778, 1.5377753973007202, 1.5097657442092896, 1.4781150817871094, 1.4478474855422974, 1.4109396934509277, 1.378687858581543, 1.332835078239441, 1.2949427366256714, 1.2496575117111206, 1.201602816581726, 1.1502593755722046, 1.0971941947937012, 1.044843077659607, 0.9803286790847778, 0.9137318134307861, 0.8503501415252686, 0.7917355895042419, 0.7252213358879089, 0.6639350056648254, 0.6037270426750183, 0.5361273288726807, 0.49796822667121887, 0.4352456033229828, 0.3784441351890564, 0.36029669642448425, 0.3062655031681061, 0.2736692726612091, 0.25086310505867004, 0.21454982459545135, 0.19022022187709808, 0.18447571992874146, 0.14404988288879395, 0.12173253297805786, 0.10902959108352661, 0.11670507490634918, 0.12531596422195435], "acurracy": [0.05062500014901161, 0.1028124988079071, 0.20749999582767487, 0.3490625023841858, 0.5224999785423279, 0.6659374833106995, 0.8028125166893005, 0.9003124833106995, 0.9512500166893005, 0.9653124809265137, 0.9912499785423279, 0.9871875047683716, 0.9878125190734863, 0.984375, 0.9962499737739563, 0.996874988079071, 0.9965624809265137, 0.9965624809265137, 0.9959375262260437, 0.9925000071525574, 0.995312511920929, 0.996874988079071, 0.9962499737739563, 0.9962499737739563, 1.0, 0.9881250262260437, 0.9921875, 1.0, 0.984375, 0.9946874976158142, 0.9956250190734863, 0.9931250214576721, 0.9959375262260437, 0.9956250190734863, 0.9893749952316284, 0.9971874952316284, 1.0, 1.0, 0.9934375286102295, 0.9878125190734863], "val_loss": [1.6260238885879517, 1.6083641052246094, 1.5915054082870483, 1.5748614072799683, 1.5567028522491455, 1.5383999347686768, 1.5177913904190063, 1.495548963546753, 1.475111484527588, 1.4509729146957397, 1.424892544746399, 1.396150827407837, 1.3659570217132568, 1.3368808031082153, 1.3020309209823608, 1.2712621688842773, 1.2485759258270264, 1.2164149284362793, 1.199175477027893, 1.1665456295013428, 1.1469855308532715, 1.1317858695983887, 1.1087868213653564, 1.1079012155532837, 1.107649803161621, 1.109114408493042, 1.1328926086425781, 1.1410304307937622, 1.153135061264038, 1.1721303462982178, 1.198381781578064, 1.2177786827087402, 1.256035327911377, 1.2747409343719482, 1.3131725788116455, 1.329018235206604, 1.3724015951156616, 1.4184364080429077, 1.442008376121521, 1.4035027027130127], "val_acurracy": [0.1171875, 0.12781250476837158, 0.19249999523162842, 0.3149999976158142, 0.4634374976158142, 0.5453125238418579, 0.5746874809265137, 0.581250011920929, 0.5756250023841858, 0.5746874809265137, 0.5803124904632568, 0.578125, 0.5815625190734863, 0.5796874761581421, 0.5834375023841858, 0.5831249952316284, 0.5759375095367432, 0.5787500143051147, 0.5706250071525574, 0.5759375095367432, 0.5746874809265137, 0.5765625238418579, 0.5824999809265137, 0.5793750286102295, 0.5818750262260437, 0.5821874737739563, 0.5765625238418579, 0.5790625214576721, 0.5806249976158142, 0.5793750286102295, 0.5793750286102295, 0.5821874737739563, 0.5778124928474426, 0.5834375023841858, 0.5762500166893005, 0.578125, 0.5806249976158142, 0.578125, 0.5774999856948853, 0.5846874713897705]}