{"loss": [1.5559077262878418, 1.4896178245544434, 1.4124842882156372, 1.3121496438980103, 1.1828974485397339, 1.010878324508667, 0.839128851890564, 0.6739640831947327, 0.5053744316101074, 0.39787688851356506, 0.2946237623691559, 0.19699586927890778, 0.18758220970630646, 0.114529088139534, 0.1640119105577469, 0.09474092721939087, 0.05770053341984749, 0.04988029971718788], "acurracy": [0.6771875023841858, 0.9375, 0.9865624904632568, 0.9950000047683716, 0.9909374713897705, 0.9996874928474426, 0.9931250214576721, 0.9918749928474426, 0.9956250190734863, 0.9909374713897705, 0.995312511920929, 1.0, 0.9909374713897705, 1.0, 0.987500011920929, 0.9962499737739563, 1.0, 1.0], "val_loss": [1.5515625476837158, 1.546803593635559, 1.5441148281097412, 1.5456792116165161, 1.5466434955596924, 1.5556750297546387, 1.5836386680603027, 1.6164909601211548, 1.666823387145996, 1.726865291595459, 1.8002830743789673, 1.8868434429168701, 1.9505479335784912, 1.9969260692596436, 2.052396535873413, 2.1229207515716553, 2.166050672531128, 2.2223117351531982], "val_acurracy": [0.6000000238418579, 0.581250011920929, 0.5724999904632568, 0.5706250071525574, 0.5718749761581421, 0.5765625238418579, 0.5724999904632568, 0.5737500190734863, 0.5787500143051147, 0.5831249952316284, 0.5806249976158142, 0.5743749737739563, 0.5759375095367432, 0.581250011920929, 0.5806249976158142, 0.5737500190734863, 0.5790625214576721, 0.5824999809265137]}