{"loss": [1.4080390930175781, 1.261325716972351, 1.071394681930542, 0.8733883500099182, 0.6811935901641846, 0.5309839844703674, 0.3714602291584015, 0.28475311398506165, 0.21939654648303986, 0.1686004400253296, 0.16307789087295532, 0.12979765236377716, 0.09610828757286072, 0.12415255606174469, 0.14113496243953705, 0.11916717886924744, 0.06494368612766266], "acurracy": [0.7465624809265137, 0.9331250190734863, 0.9921875, 0.9971874952316284, 0.9950000047683716, 0.9912499785423279, 1.0, 0.9959375262260437, 0.9962499737739563, 0.9962499737739563, 0.9903125166893005, 0.9937499761581421, 0.9965624809265137, 0.9900000095367432, 0.9862499833106995, 0.9881250262260437, 0.9959375262260437], "val_loss": [1.5243152379989624, 1.5240402221679688, 1.5273319482803345, 1.5362221002578735, 1.5506900548934937, 1.5652060508728027, 1.5977146625518799, 1.6318097114562988, 1.670639991760254, 1.7014042139053345, 1.7326446771621704, 1.7562508583068848, 1.7924304008483887, 1.8276417255401611, 1.810703158378601, 1.8437752723693848, 1.865492343902588], "val_acurracy": [0.526562511920929, 0.5478125214576721, 0.5587499737739563, 0.5640624761581421, 0.5634375214576721, 0.578125, 0.5796874761581421, 0.5743749737739563, 0.5765625238418579, 0.5806249976158142, 0.5815625190734863, 0.578125, 0.5787500143051147, 0.5715625286102295, 0.582812488079071, 0.5771874785423279, 0.578125]}