{"loss": [1.6499890089035034, 1.6046088933944702, 1.5458804368972778, 1.4973455667495728, 1.440488576889038, 1.3792567253112793, 1.3194907903671265, 1.2507452964782715, 1.1831870079040527, 1.1075854301452637, 1.0270791053771973, 0.9408621191978455, 0.837299644947052, 0.7740894556045532, 0.6747013330459595, 0.5864501595497131, 0.5028188228607178, 0.4223446547985077, 0.38604453206062317, 0.31042546033859253, 0.3006136119365692, 0.2782997488975525, 0.22764688730239868, 0.22287040948867798, 0.18302667140960693, 0.16000470519065857, 0.18359100818634033, 0.13876549899578094, 0.1441863477230072, 0.08667488396167755, 0.07728452980518341, 0.06571828573942184, 0.08054865151643753], "acurracy": [0.11968749761581421, 0.19249999523162842, 0.31718748807907104, 0.4390625059604645, 0.5821874737739563, 0.7081249952316284, 0.800000011920929, 0.8849999904632568, 0.9228125214576721, 0.9596874713897705, 0.9684374928474426, 0.9837499856948853, 0.9915624856948853, 0.979687511920929, 0.9893749952316284, 0.9956250190734863, 1.0, 0.9996874928474426, 0.9918749928474426, 1.0, 0.9912499785423279, 0.989062488079071, 0.9931250214576721, 0.9896875023841858, 0.9918749928474426, 0.9940624833106995, 0.9856250286102295, 0.9937499761581421, 0.9906250238418579, 1.0, 1.0, 1.0, 0.9959375262260437], "val_loss": [1.6230276823043823, 1.6063886880874634, 1.5918982028961182, 1.5753060579299927, 1.5592057704925537, 1.540351152420044, 1.5222485065460205, 1.5007115602493286, 1.4814293384552002, 1.4519466161727905, 1.4280320405960083, 1.397467017173767, 1.3742473125457764, 1.349850058555603, 1.326383352279663, 1.3123774528503418, 1.3013882637023926, 1.2803071737289429, 1.2934056520462036, 1.2875710725784302, 1.3141590356826782, 1.3112791776657104, 1.3141862154006958, 1.3085012435913086, 1.3379768133163452, 1.3515424728393555, 1.3638207912445068, 1.3689911365509033, 1.3640260696411133, 1.3668737411499023, 1.3968397378921509, 1.4383904933929443, 1.4435168504714966], "val_acurracy": [0.05249999836087227, 0.14781250059604645, 0.29124999046325684, 0.4412499964237213, 0.5134375095367432, 0.550000011920929, 0.5625, 0.5712500214576721, 0.5706250071525574, 0.5768749713897705, 0.5793750286102295, 0.5815625190734863, 0.581250011920929, 0.5796874761581421, 0.5803124904632568, 0.574999988079071, 0.5771874785423279, 0.5818750262260437, 0.578125, 0.5756250023841858, 0.5678125023841858, 0.5743749737739563, 0.5793750286102295, 0.5815625190734863, 0.5774999856948853, 0.5718749761581421, 0.5768749713897705, 0.5756250023841858, 0.5809375047683716, 0.5853124856948853, 0.5821874737739563, 0.5728124976158142, 0.573437511920929]}