{"loss": [0.07848269492387772, 0.04272940009832382, 0.009210578165948391, 0.02558896131813526, 0.02345176413655281, 0.033906832337379456, 0.01748005673289299, 0.03801394999027252, 0.01604495197534561, 0.02770877629518509, 0.014363403432071209, 0.03820297494530678], "accuracy": [0.9768750071525574, 0.9893749952316284, 0.9978125095367432, 0.9896875023841858, 0.9903125166893005, 0.9850000143051147, 0.9940624833106995, 0.9821875095367432, 0.9918749928474426, 0.9884374737739563, 0.9940624833106995, 0.9821875095367432], "val_loss": [0.6085885167121887, 0.5548327565193176, 0.5682060122489929, 0.4712156355381012, 0.3452490270137787, 0.31716224551200867, 0.31488072872161865, 0.500382661819458, 0.40372559428215027, 0.3324896991252899, 0.341277539730072, 0.4153040051460266], "val_accuracy": [0.9068750143051147, 0.9006249904632568, 0.903124988079071, 0.8987500071525574, 0.8974999785423279, 0.9028124809265137, 0.9053124785423279, 0.9024999737739563, 0.90625, 0.9034374952316284, 0.9056249856948853, 0.9059374928474426]}