{"loss": [0.08917487412691116, 0.11444592475891113, 0.06624362617731094, 0.09176848083734512, 0.04440910369157791, 0.104277104139328, 0.05185725539922714, 0.08690094202756882, 0.06451671570539474], "accuracy": [0.96875, 0.9828125238418579, 0.9906250238418579, 0.9850000143051147, 0.9943749904632568, 0.9806249737739563, 0.9921875, 0.9846875071525574, 0.9884374737739563], "val_loss": [0.7210533618927002, 0.5588911175727844, 0.5604658722877502, 0.4756852388381958, 0.5053882002830505, 0.4763489067554474, 0.5159977078437805, 0.48860791325569153, 0.5363426208496094], "val_accuracy": [0.9068750143051147, 0.9068750143051147, 0.9068750143051147, 0.9068750143051147, 0.9068750143051147, 0.9068750143051147, 0.9068750143051147, 0.9068750143051147, 0.9068750143051147]}