{"loss": [0.07877644896507263, 0.024435043334960938, 0.010115498676896095, 0.03029724396765232, 0.009273301810026169, 0.028831569477915764, 0.021188898012042046, 0.00642766710370779, 0.021735630929470062, 0.011673972941935062, 0.02062828280031681, 0.022079866379499435, 0.01271967776119709, 0.030880440026521683], "accuracy": [0.9859374761581421, 0.9956250190734863, 0.9981250166893005, 0.9893749952316284, 0.9962499737739563, 0.9850000143051147, 0.9909374713897705, 0.9962499737739563, 0.9896875023841858, 0.9950000047683716, 0.9896875023841858, 0.9884374737739563, 0.9918749928474426, 0.9850000143051147], "val_loss": [0.5863735675811768, 0.5355525016784668, 0.43608787655830383, 0.3700679540634155, 0.3413512110710144, 0.3312356472015381, 0.349547803401947, 0.3758952021598816, 0.2989266812801361, 0.4392612874507904, 0.44148239493370056, 0.3093167841434479, 0.3588378429412842, 0.3679409921169281], "val_accuracy": [0.9068750143051147, 0.9068750143051147, 0.9059374928474426, 0.887499988079071, 0.8790624737739563, 0.8999999761581421, 0.8793749809265137, 0.8981249928474426, 0.8921874761581421, 0.8931249976158142, 0.895312488079071, 0.8759375214576721, 0.90625, 0.8837500214576721]}