{"loss": [0.06533882766962051, 0.02897605486214161, 0.036853134632110596, 0.007862874306738377, 0.028904175385832787, 0.03032432124018669, 0.04562665522098541, 0.000563895097002387, 0.030315229669213295, 0.027851605787873268, 0.02572961524128914], "accuracy": [0.9834374785423279, 0.9931250214576721, 0.9884374737739563, 0.9971874952316284, 0.9868749976158142, 0.9862499833106995, 0.9775000214576721, 1.0, 0.9853125214576721, 0.9884374737739563, 0.9881250262260437], "val_loss": [0.6102928519248962, 0.6831239461898804, 0.7062584757804871, 0.6469810009002686, 0.49764037132263184, 0.4513230621814728, 0.5234009027481079, 0.5808827877044678, 0.5073801875114441, 0.5779573321342468, 0.6069208383560181], "val_accuracy": [0.9068750143051147, 0.9075000286102295, 0.1784375011920929, 0.8959375023841858, 0.9043750166893005, 0.9068750143051147, 0.9037500023841858, 0.8846874833106995, 0.8987500071525574, 0.9043750166893005, 0.8856250047683716]}