{"loss": [0.1135367751121521, 0.04254436865448952, 0.04672464728355408, 0.039051517844200134, 0.023428993299603462, 0.021948236972093582, 0.014479934237897396, 0.00049778469838202, 0.03289078176021576, 0.005981694906949997, 0.029132883995771408, 0.019573692232370377, 0.014715167693793774, 0.02185397408902645, 0.03792685270309448, 0.0242023803293705, 0.03965497389435768, 0.0060358657501637936, 0.03470349684357643, 0.025624439120292664, 0.021529648452997208, 0.027543503791093826, 0.007143982220441103], "accuracy": [0.9574999809265137, 0.9878125190734863, 0.9831249713897705, 0.9818750023841858, 0.989062488079071, 0.9909374713897705, 0.9937499761581421, 1.0, 0.9806249737739563, 0.996874988079071, 0.9871875047683716, 0.9918749928474426, 0.9937499761581421, 0.9893749952316284, 0.9784374833106995, 0.9896875023841858, 0.9815624952316284, 0.9975000023841858, 0.9831249713897705, 0.989062488079071, 0.989062488079071, 0.9859374761581421, 0.995312511920929], "val_loss": [1.3715096712112427, 1.2825392484664917, 0.9814954400062561, 1.2400670051574707, 0.9511390924453735, 1.1221976280212402, 1.0792697668075562, 1.0550510883331299, 0.618218719959259, 0.6205142736434937, 1.1074026823043823, 0.5539901256561279, 0.4640873670578003, 0.5077100992202759, 0.34197333455085754, 0.38079819083213806, 0.36762896180152893, 0.32225650548934937, 0.4478133022785187, 0.39452022314071655, 0.40179720520973206, 0.42828330397605896, 0.39566463232040405], "val_accuracy": [0.2068749964237213, 0.2043749988079071, 0.19468750059604645, 0.1875, 0.20031249523162842, 0.19687500596046448, 0.19437499344348907, 0.1953125, 0.8899999856948853, 0.890625, 0.20656250417232513, 0.90625, 0.9065625071525574, 0.8981249928474426, 0.9068750143051147, 0.9059374928474426, 0.9065625071525574, 0.9059374928474426, 0.9037500023841858, 0.9040625095367432, 0.9046875238418579, 0.8956249952316284, 0.8912500143051147]}