{"loss": [0.06705206632614136, 0.0012107102666050196, 0.03437237814068794, 0.023585069924592972, 0.021863095462322235, 0.017066726461052895, 0.029159249737858772, 0.026536671444773674, 0.019129790365695953, 0.013531854376196861, 0.029313629493117332, 0.006783151999115944, 0.020675037056207657], "accuracy": [0.9809374809265137, 1.0, 0.9915624856948853, 0.9915624856948853, 0.9893749952316284, 0.9915624856948853, 0.9887499809265137, 0.9862499833106995, 0.9900000095367432, 0.9921875, 0.9856250286102295, 0.996874988079071, 0.9900000095367432], "val_loss": [0.6133729815483093, 0.7047337889671326, 0.564860999584198, 0.6554170250892639, 0.5811731219291687, 0.45809462666511536, 0.6681317090988159, 0.35564160346984863, 0.5005714893341064, 0.5573950409889221, 0.6127609610557556, 0.6964058876037598, 0.938143789768219], "val_accuracy": [0.9068750143051147, 0.9068750143051147, 0.8903124928474426, 0.8324999809265137, 0.8978124856948853, 0.9059374928474426, 0.9028124809265137, 0.8871874809265137, 0.8834375143051147, 0.8949999809265137, 0.8890625238418579, 0.8912500143051147, 0.19062499701976776]}