{"loss": [0.09616830945014954, 0.04557083174586296, 0.036537542939186096, 0.05044820159673691, 0.09567150473594666, 0.062210775911808014], "accuracy": [0.9837499856948853, 0.9937499761581421, 0.995312511920929, 0.9934375286102295, 0.9837499856948853, 0.9915624856948853], "val_loss": [0.5052891969680786, 0.5317361354827881, 0.5846633911132812, 0.5670700073242188, 0.5710316300392151, 0.5383598208427429], "val_accuracy": [0.9068750143051147, 0.9068750143051147, 0.9068750143051147, 0.9068750143051147, 0.9068750143051147, 0.9068750143051147]}