{"loss": [0.08591413497924805, 0.033576592803001404, 0.03347735106945038, 0.009276846423745155, 0.012186157517135143, 0.0005057714297436178, 0.003979048226028681, 0.034024305641651154, 0.02634524367749691, 0.009033555164933205, 0.022957026958465576, 0.039198681712150574, 0.029912283644080162, 0.05505724996328354, 0.007560121826827526, 0.024412663653492928, 0.013002770021557808, 0.007697802037000656, 0.021646441891789436, 0.012767979875206947, 0.01865815930068493], "accuracy": [0.9728124737739563, 0.9918749928474426, 0.9893749952316284, 0.9965624809265137, 0.996874988079071, 1.0, 0.9981250166893005, 0.9846875071525574, 0.9909374713897705, 0.996874988079071, 0.9878125190734863, 0.9809374809265137, 0.9846875071525574, 0.9728124737739563, 0.9956250190734863, 0.9887499809265137, 0.9925000071525574, 0.995312511920929, 0.9900000095367432, 0.9918749928474426, 0.9906250238418579], "val_loss": [0.8483612537384033, 0.8417165875434875, 0.5822546482086182, 0.5978779792785645, 0.39901143312454224, 0.40794238448143005, 0.40734976530075073, 0.3939208984375, 0.42392808198928833, 0.3288170099258423, 0.32577237486839294, 0.29692018032073975, 0.3679772615432739, 0.3320745825767517, 0.3867855966091156, 0.29303112626075745, 0.4450089633464813, 0.2955273389816284, 0.3308456838130951, 0.3356034457683563, 0.342559278011322], "val_accuracy": [0.9068750143051147, 0.2068749964237213, 0.9018750190734863, 0.8996875286102295, 0.8909375071525574, 0.895312488079071, 0.8971874713897705, 0.9024999737739563, 0.9040625095367432, 0.9009374976158142, 0.8949999809265137, 0.8959375023841858, 0.8762500286102295, 0.9024999737739563, 0.9028124809265137, 0.8999999761581421, 0.8828125, 0.8946874737739563, 0.8956249952316284, 0.8990625143051147, 0.8903124928474426]}