{"loss": [0.03407936915755272, 0.05214261636137962, 0.018383096903562546, 0.034926947206258774, 0.02722466178238392, 0.0074532111175358295, 0.02979295700788498, 0.018108371645212173, 0.05658816173672676, 0.03336171805858612, 0.04198188707232475, 0.030066974461078644, 0.006617379374802113], "accuracy": [0.9903125166893005, 0.9856250286102295, 0.9931250214576721, 0.9828125238418579, 0.9859374761581421, 0.9962499737739563, 0.984375, 0.9900000095367432, 0.9728124737739563, 0.9818750023841858, 0.9765625, 0.9846875071525574, 0.9962499737739563], "val_loss": [1.0728596448898315, 0.7293043732643127, 0.9352338910102844, 0.5519288182258606, 0.572914183139801, 0.46384909749031067, 0.5117944478988647, 0.39889323711395264, 0.7185832262039185, 0.672210156917572, 0.7520197033882141, 0.7310224175453186, 0.817043125629425], "val_accuracy": [0.2068749964237213, 0.8924999833106995, 0.18312500417232513, 0.8962500095367432, 0.8899999856948853, 0.8809375166893005, 0.9040625095367432, 0.8849999904632568, 0.9040625095367432, 0.8865625262260437, 0.20218749344348907, 0.2018750011920929, 0.20093749463558197]}