{"loss": [0.0488559752702713, 0.020044701173901558, 0.016583049669861794, 0.009937507100403309, 0.02701842039823532, 0.028872335329651833, 0.023168068379163742, 0.013036017306149006, 0.01604117825627327, 0.008209237828850746, 0.0179994385689497, 0.016014210879802704, 0.022169120609760284, 0.028365612030029297, 0.016328709200024605, 0.02814464084804058, 0.013290354050695896, 0.020495539531111717, 0.01989332213997841, 0.03614982217550278], "accuracy": [0.9893749952316284, 0.9965624809265137, 0.9962499737739563, 0.9946874976158142, 0.9878125190734863, 0.987500011920929, 0.989062488079071, 0.995312511920929, 0.9940624833106995, 0.9959375262260437, 0.9906250238418579, 0.9906250238418579, 0.9906250238418579, 0.984375, 0.9915624856948853, 0.9846875071525574, 0.9940624833106995, 0.989062488079071, 0.9900000095367432, 0.979687511920929], "val_loss": [0.7318341135978699, 0.588731050491333, 0.6802188754081726, 0.7117255926132202, 0.6892572641372681, 0.38819050788879395, 0.4129957854747772, 0.3631419837474823, 0.40580886602401733, 0.3190600275993347, 0.46285876631736755, 0.8354021310806274, 0.6210707426071167, 0.28212493658065796, 0.24621304869651794, 0.26613226532936096, 0.26668640971183777, 0.3827822506427765, 0.5584585666656494, 0.286382257938385], "val_accuracy": [0.9068750143051147, 0.9065625071525574, 0.8918750286102295, 0.8715624809265137, 0.8665624856948853, 0.8934375047683716, 0.8931249976158142, 0.9003124833106995, 0.8993750214576721, 0.8893749713897705, 0.8896874785423279, 0.1912499964237213, 0.8737499713897705, 0.903124988079071, 0.8984375, 0.9040625095367432, 0.8940625190734863, 0.8921874761581421, 0.8999999761581421, 0.8981249928474426]}