{"loss": [0.0896998941898346, 0.06368274241685867, 0.02656807005405426, 0.009703311137855053, 0.046818941831588745, 0.03172934427857399, 0.008340203203260899, 0.008143061771988869, 0.03084547445178032, 0.01997772790491581, 0.013672963716089725], "accuracy": [0.9793750047683716, 0.9771875143051147, 0.9868749976158142, 0.995312511920929, 0.9765625, 0.9868749976158142, 0.9962499737739563, 0.9959375262260437, 0.9831249713897705, 0.9887499809265137, 0.9940624833106995], "val_loss": [0.6833357214927673, 0.572612464427948, 0.45930221676826477, 0.49830350279808044, 0.5777681469917297, 0.38647717237472534, 0.43315669894218445, 0.4033907949924469, 0.510301411151886, 0.6614543795585632, 0.5594490766525269], "val_accuracy": [0.9068750143051147, 0.8943750262260437, 0.8999999761581421, 0.9053124785423279, 0.8915625214576721, 0.9040625095367432, 0.9018750190734863, 0.8987500071525574, 0.890625, 0.9068750143051147, 0.9028124809265137]}