{"loss": [0.05549020692706108, 0.04323336482048035, 0.03628319874405861, 0.016990771517157555, 0.0224585123360157, 0.04001062735915184, 0.023074254393577576, 0.008861878886818886, 0.0518738329410553, 0.024280419573187828, 0.013127166777849197], "accuracy": [0.9828125238418579, 0.9931250214576721, 0.9893749952316284, 0.9950000047683716, 0.9896875023841858, 0.9825000166893005, 0.9900000095367432, 0.9975000023841858, 0.9750000238418579, 0.9893749952316284, 0.9950000047683716], "val_loss": [0.8792661428451538, 0.7171868085861206, 0.8232463598251343, 0.542615532875061, 0.57292240858078, 0.4843878149986267, 0.5473453402519226, 0.600612461566925, 0.8037615418434143, 1.0164059400558472, 0.828885018825531], "val_accuracy": [0.9068750143051147, 0.9068750143051147, 0.19968749582767487, 0.893750011920929, 0.8856250047683716, 0.8981249928474426, 0.8987500071525574, 0.8878124952316284, 0.19687500596046448, 0.19374999403953552, 0.19843749701976776]}