{"loss": [0.057417795062065125, 0.041110724210739136, 0.01885330304503441, 0.030427318066358566, 0.019834747537970543, 0.02490689978003502, 0.008154182694852352, 0.019368663430213928], "accuracy": [0.984375, 0.9903125166893005, 0.9918749928474426, 0.9896875023841858, 0.9928125143051147, 0.9887499809265137, 0.9962499737739563, 0.9915624856948853], "val_loss": [0.7186614274978638, 0.36205047369003296, 0.3225041627883911, 0.3635900020599365, 0.37336716055870056, 0.43026092648506165, 0.38636279106140137, 0.4615851640701294], "val_accuracy": [0.9068750143051147, 0.9021875262260437, 0.8965625166893005, 0.9068750143051147, 0.9018750190734863, 0.895312488079071, 0.9009374976158142, 0.9049999713897705]}