{"loss": [0.048111528158187866, 0.070636086165905, 0.011148983612656593, 0.016113517805933952, 0.020652972161769867, 0.01647004671394825, 0.021487994119524956, 0.04391412436962128, 0.00039968316559679806, 0.005297787953168154, 0.007388165220618248, 0.03969302028417587, 0.020688220858573914, 0.014190583489835262, 0.021085133776068687, 0.02316100522875786, 0.014462389051914215, 0.018780233338475227, 0.019093729555606842, 0.014851386658847332, 0.016861267387866974], "accuracy": [0.9865624904632568, 0.9790624976158142, 0.9962499737739563, 0.9934375286102295, 0.9909374713897705, 0.9921875, 0.9900000095367432, 0.9790624976158142, 1.0, 0.9981250166893005, 0.9965624809265137, 0.9778125286102295, 0.9887499809265137, 0.9925000071525574, 0.9868749976158142, 0.9906250238418579, 0.9937499761581421, 0.9912499785423279, 0.9906250238418579, 0.9925000071525574, 0.9909374713897705], "val_loss": [0.6767021417617798, 0.6224578619003296, 0.6434846520423889, 0.7927327752113342, 0.733134388923645, 0.6784751415252686, 0.5950561165809631, 0.3823658227920532, 0.4427129030227661, 0.3670045733451843, 0.3376948833465576, 0.2853962779045105, 0.38090068101882935, 0.2960205376148224, 0.34278813004493713, 0.2716969847679138, 0.299888014793396, 0.42544257640838623, 0.3164280652999878, 0.5647565126419067, 0.3200138211250305], "val_accuracy": [0.9068750143051147, 0.885937511920929, 0.8856250047683716, 0.1953125, 0.8968750238418579, 0.8721874952316284, 0.8909375071525574, 0.9009374976158142, 0.9006249904632568, 0.9043750166893005, 0.8915625214576721, 0.8793749809265137, 0.8940625190734863, 0.8893749713897705, 0.9003124833106995, 0.9021875262260437, 0.8978124856948853, 0.8981249928474426, 0.8912500143051147, 0.8878124952316284, 0.9043750166893005]}