{"loss": [0.20899812877178192, 0.08241412043571472, 0.008042266592383385, 0.021361224353313446, 0.02421196550130844, 0.03610435873270035, 0.012002605013549328, 0.019790582358837128, 0.019112223759293556, 0.011288175359368324, 0.0013668653555214405, 0.02296333573758602, 0.0010982502717524767, 0.013861807994544506, 0.010940083302557468, 0.0007425824296660721, 0.017664417624473572, 0.0008135180687531829, 0.01363743282854557, 0.004015946760773659, 0.006697352975606918, 0.01516660489141941, 0.0017721386393532157, 0.02842753194272518, 0.015879526734352112, 0.002550770528614521, 0.005382571369409561, 0.01116647757589817, 0.004922662861645222, 0.005482623353600502, 0.00025887382798828185, 0.01896674372255802, 0.00871948804706335, 0.023816153407096863, 0.010614092461764812, 0.006808696314692497, 0.011912553571164608, 0.0023674636613577604, 0.004580835346132517, 0.004445989616215229, 0.00014434827608056366], "acurracy": [0.9440624713897705, 0.9825000166893005, 1.0, 0.9965624809265137, 0.9956250190734863, 0.9896875023841858, 0.9975000023841858, 0.9959375262260437, 0.9943749904632568, 0.996874988079071, 1.0, 0.9934375286102295, 1.0, 0.9956250190734863, 0.9971874952316284, 1.0, 0.9946874976158142, 1.0, 0.9965624809265137, 0.9987499713897705, 0.9978125095367432, 0.9965624809265137, 0.9996874928474426, 0.9915624856948853, 0.9956250190734863, 0.9993749856948853, 0.9987499713897705, 0.9962499737739563, 0.9978125095367432, 0.9978125095367432, 1.0, 0.9962499737739563, 0.996874988079071, 0.9937499761581421, 0.9962499737739563, 0.9975000023841858, 0.9965624809265137, 0.9987499713897705, 0.9987499713897705, 0.9981250166893005, 1.0], "val_loss": [1.3261840343475342, 1.1233763694763184, 1.1267451047897339, 1.1085811853408813, 1.0338462591171265, 0.8500068783760071, 0.8405834436416626, 0.815712571144104, 0.7884973287582397, 0.7222053408622742, 0.7406753301620483, 0.6824721693992615, 0.7036952376365662, 0.6547893285751343, 0.636278510093689, 0.6210083961486816, 0.6319435238838196, 0.6432512402534485, 0.6195075511932373, 0.5989353656768799, 0.6109846234321594, 0.5781625509262085, 0.5751561522483826, 0.5384602546691895, 0.5269164443016052, 0.5419638752937317, 0.5415136218070984, 0.5178283452987671, 0.5377277731895447, 0.5228852033615112, 0.5269544124603271, 0.5023060441017151, 0.5325449109077454, 0.5238736867904663, 0.5086082220077515, 0.4974207580089569, 0.5132552981376648, 0.5119007229804993, 0.518686056137085, 0.5073157548904419, 0.5066899657249451], "val_acurracy": [0.4593749940395355, 0.6100000143051147, 0.6134374737739563, 0.6206250190734863, 0.6521875262260437, 0.7368749976158142, 0.7431250214576721, 0.7462499737739563, 0.7584375143051147, 0.7818750143051147, 0.7721874713897705, 0.7984374761581421, 0.7934374809265137, 0.8062499761581421, 0.8090624809265137, 0.8165624737739563, 0.8084375262260437, 0.809374988079071, 0.8087499737739563, 0.8131250143051147, 0.8065624833106995, 0.8118749856948853, 0.8165624737739563, 0.8284375071525574, 0.8374999761581421, 0.8331249952316284, 0.8334375023841858, 0.8418750166893005, 0.8306249976158142, 0.8368750214576721, 0.8356249928474426, 0.8331249952316284, 0.8265625238418579, 0.8278124928474426, 0.8334375023841858, 0.8321874737739563, 0.832812488079071, 0.8337500095367432, 0.8315625190734863, 0.8306249976158142, 0.8306249976158142]}