{"loss": [0.41897347569465637, 0.040172647684812546, 0.03413835167884827, 0.05401736870408058, 0.03541286289691925, 0.018011515960097313, 0.027450913563370705, 0.020908711478114128, 0.020281562581658363, 0.0023526353761553764, 0.010450496338307858, 0.018649989739060402, 0.0066760992631316185, 0.025075247511267662, 0.0013106040423735976, 0.010034498758614063, 0.0008636736893095076, 0.01558017823845148, 0.0007331837550736964], "acurracy": [0.8650000095367432, 0.9959375262260437, 0.9940624833106995, 0.9881250262260437, 0.9915624856948853, 0.9965624809265137, 0.9921875, 0.9937499761581421, 0.9937499761581421, 1.0, 0.996874988079071, 0.9946874976158142, 0.9978125095367432, 0.9925000071525574, 1.0, 0.9978125095367432, 1.0, 0.995312511920929, 1.0], "val_loss": [1.3581041097640991, 1.3289128541946411, 1.2399399280548096, 1.162834644317627, 1.0490410327911377, 1.0781079530715942, 1.0103731155395508, 0.9938185811042786, 0.9551317095756531, 0.9832231998443604, 0.9798848628997803, 0.9558171033859253, 0.9115267395973206, 0.8874828219413757, 0.9188069105148315, 0.8978634476661682, 0.9009089469909668, 0.9247748851776123, 0.9111933708190918], "val_acurracy": [0.4256249964237213, 0.4634374976158142, 0.5440624952316284, 0.5871875286102295, 0.6471874713897705, 0.6331250071525574, 0.6743749976158142, 0.6853125095367432, 0.703125, 0.6943749785423279, 0.699999988079071, 0.7106249928474426, 0.7387499809265137, 0.7465624809265137, 0.7387499809265137, 0.7459375262260437, 0.7484375238418579, 0.7387499809265137, 0.7446874976158142]}