{"loss": [0.5715650320053101, 0.06905842572450638, 0.053604401648044586, 0.025108855217695236, 0.020458653569221497, 0.005092584062367678, 0.023761171847581863, 0.05523163825273514, 0.07200081646442413, 0.023442083969712257, 0.013748884201049805, 0.017313271760940552, 0.01938435435295105, 0.009630266577005386, 0.004420657642185688, 0.017879117280244827, 0.008252098225057125, 0.019001983106136322, 0.014280702918767929, 0.0009686345583759248, 0.01583460159599781, 0.022251855581998825, 0.008581092581152916, 0.0007800005259923637, 0.022721506655216217, 0.021785423159599304, 0.008622467517852783], "acurracy": [0.8118749856948853, 0.9900000095367432, 0.9915624856948853, 0.9959375262260437, 0.996874988079071, 1.0, 0.9962499737739563, 0.9881250262260437, 0.9781249761581421, 0.9940624833106995, 0.9959375262260437, 0.9956250190734863, 0.9937499761581421, 0.9975000023841858, 0.9993749856948853, 0.9959375262260437, 0.9975000023841858, 0.9946874976158142, 0.9956250190734863, 1.0, 0.9962499737739563, 0.9943749904632568, 0.9984375238418579, 1.0, 0.9959375262260437, 0.9940624833106995, 0.9978125095367432], "val_loss": [1.6738110780715942, 1.5539344549179077, 1.4362753629684448, 1.408197045326233, 1.3995000123977661, 1.4436182975769043, 1.3757061958312988, 1.2261115312576294, 1.035322904586792, 0.9889968037605286, 0.9948803186416626, 1.0064430236816406, 0.9523699283599854, 0.9332801103591919, 0.9049559831619263, 0.8875673413276672, 0.883375883102417, 0.8770267963409424, 0.856715977191925, 0.8753141164779663, 0.8560435771942139, 0.8455002307891846, 0.8607949018478394, 0.8873957991600037, 0.8964693546295166, 0.8829684257507324, 0.8879154920578003], "val_acurracy": [0.20093749463558197, 0.3140625059604645, 0.4021874964237213, 0.44874998927116394, 0.46937501430511475, 0.47562500834465027, 0.4975000023841858, 0.5196874737739563, 0.6399999856948853, 0.6696875095367432, 0.6781250238418579, 0.6743749976158142, 0.7018749713897705, 0.71875, 0.7337499856948853, 0.745312511920929, 0.753125011920929, 0.7596874833106995, 0.7699999809265137, 0.7681249976158142, 0.7753124833106995, 0.7759374976158142, 0.7768750190734863, 0.7734375, 0.7612500190734863, 0.7649999856948853, 0.7643749713897705]}