{"loss": [0.5962631106376648, 0.15665394067764282, 0.02441687509417534, 0.07481025904417038, 0.03148592263460159, 0.06894068419933319, 0.02642142027616501, 0.023487284779548645, 0.026414213702082634, 0.02692261151969433, 0.004688037559390068, 0.025539502501487732, 0.04332452639937401, 0.04845162481069565, 0.044888246804475784, 0.028496455401182175, 0.03780404478311539, 0.005502648185938597, 0.0441950187087059, 0.004988653585314751, 0.01891096495091915, 0.035152122378349304, 0.030771786347031593, 0.04954634979367256], "acurracy": [0.8043749928474426, 0.9743750095367432, 0.9996874928474426, 0.9887499809265137, 0.996874988079071, 0.989062488079071, 0.9971874952316284, 0.9975000023841858, 0.9965624809265137, 0.9962499737739563, 1.0, 0.9962499737739563, 0.9931250214576721, 0.9912499785423279, 0.9912499785423279, 0.995312511920929, 0.9934375286102295, 1.0, 0.9921875, 1.0, 0.9959375262260437, 0.9925000071525574, 0.9934375286102295, 0.9896875023841858], "val_loss": [1.1418014764785767, 0.9695619344711304, 0.9426764845848083, 0.847942054271698, 0.839012622833252, 0.758314311504364, 0.7655301094055176, 0.7657930850982666, 0.7439108490943909, 0.7071064114570618, 0.7425864934921265, 0.7060396671295166, 0.6537734270095825, 0.5760487914085388, 0.5342199802398682, 0.5481391549110413, 0.5225343108177185, 0.5335263013839722, 0.503269374370575, 0.5156583189964294, 0.5326135158538818, 0.527431309223175, 0.5192217230796814, 0.52171790599823], "val_acurracy": [0.6228125095367432, 0.6721875071525574, 0.6412500143051147, 0.6893749833106995, 0.690625011920929, 0.7465624809265137, 0.7346875071525574, 0.7293750047683716, 0.7549999952316284, 0.7721874713897705, 0.7574999928474426, 0.7774999737739563, 0.8149999976158142, 0.8543750047683716, 0.8628125190734863, 0.8600000143051147, 0.8584374785423279, 0.8575000166893005, 0.862500011920929, 0.8587499856948853, 0.8596875071525574, 0.8540624976158142, 0.8525000214576721, 0.8481249809265137]}