{"loss": [0.5667736530303955, 0.2999385893344879, 0.12716372311115265, 0.06355978548526764, 0.056752096861600876, 0.11869286745786667, 0.07421810925006866, 0.03874655067920685, 0.07750184834003448, 0.04785975441336632, 0.07003974914550781, 0.08679855614900589, 0.07578912377357483, 0.07305198907852173, 0.08065124601125717, 0.02606109529733658, 0.04763185605406761, 0.0718473568558693, 0.05140478536486626, 0.08861298859119415, 0.06604713201522827, 0.11655832082033157], "accuracy": [0.8959375023841858, 0.9878125190734863, 0.9915624856948853, 0.9950000047683716, 0.9950000047683716, 0.9790624976158142, 0.9893749952316284, 0.9962499737739563, 0.9871875047683716, 0.9934375286102295, 0.9887499809265137, 0.9859374761581421, 0.987500011920929, 0.987500011920929, 0.9859374761581421, 0.9975000023841858, 0.9937499761581421, 0.9884374737739563, 0.9925000071525574, 0.9850000143051147, 0.9893749952316284, 0.9790624976158142], "val_loss": [0.6161220669746399, 0.4936511516571045, 0.41711971163749695, 0.3906674087047577, 0.38280123472213745, 0.38221728801727295, 0.38000696897506714, 0.3824318051338196, 0.3808597922325134, 0.3834913372993469, 0.38434332609176636, 0.3820742666721344, 0.3801213502883911, 0.38150689005851746, 0.38263070583343506, 0.3892709016799927, 0.3920465409755707, 0.3894575834274292, 0.391941100358963, 0.38654178380966187, 0.39226463437080383, 0.3830585181713104], "val_accuracy": [0.9068750143051147, 0.9068750143051147, 0.9068750143051147, 0.9068750143051147, 0.9068750143051147, 0.9068750143051147, 0.9068750143051147, 0.9068750143051147, 0.9068750143051147, 0.9068750143051147, 0.9068750143051147, 0.9068750143051147, 0.9068750143051147, 0.9068750143051147, 0.9068750143051147, 0.9068750143051147, 0.9068750143051147, 0.9068750143051147, 0.9068750143051147, 0.9068750143051147, 0.9068750143051147, 0.9068750143051147]}