{"loss": [0.6354924440383911, 0.3658455014228821, 0.13863560557365417, 0.0833275243639946, 0.06901241838932037, 0.052050381898880005, 0.05573403462767601, 0.11001739650964737, 0.09453081339597702, 0.047302912920713425, 0.061577245593070984, 0.052660390734672546, 0.0860278531908989, 0.05891704931855202, 0.03226248919963837, 0.06605663150548935, 0.05870703607797623, 0.06321312487125397, 0.04128357395529747, 0.09778690338134766, 0.10838092118501663, 0.06666046380996704, 0.043695464730262756, 0.04679237678647041], "accuracy": [0.7134374976158142, 0.9912499785423279, 0.9984375238418579, 0.9915624856948853, 0.9912499785423279, 0.9940624833106995, 0.9931250214576721, 0.9840624928474426, 0.9853125214576721, 0.9943749904632568, 0.9918749928474426, 0.9934375286102295, 0.9868749976158142, 0.9915624856948853, 0.9959375262260437, 0.9893749952316284, 0.9915624856948853, 0.9906250238418579, 0.9943749904632568, 0.9840624928474426, 0.9815624952316284, 0.9893749952316284, 0.9934375286102295, 0.9934375286102295], "val_loss": [0.6254469156265259, 0.49351873993873596, 0.3868786096572876, 0.35651248693466187, 0.3518719971179962, 0.35425978899002075, 0.35617026686668396, 0.35128334164619446, 0.351276695728302, 0.3560953140258789, 0.3592017889022827, 0.36185574531555176, 0.3603036105632782, 0.35952723026275635, 0.3698086142539978, 0.36580315232276917, 0.36648106575012207, 0.36825796961784363, 0.3736506998538971, 0.3666408061981201, 0.3587881922721863, 0.36204659938812256, 0.37048226594924927, 0.376365065574646], "val_accuracy": [0.9068750143051147, 0.9068750143051147, 0.9068750143051147, 0.9068750143051147, 0.9068750143051147, 0.9068750143051147, 0.9068750143051147, 0.9068750143051147, 0.9068750143051147, 0.9068750143051147, 0.9068750143051147, 0.9068750143051147, 0.9068750143051147, 0.9068750143051147, 0.9068750143051147, 0.9068750143051147, 0.9068750143051147, 0.9068750143051147, 0.9068750143051147, 0.9068750143051147, 0.9068750143051147, 0.9068750143051147, 0.9068750143051147, 0.9068750143051147]}