{"loss": [0.5611855983734131, 0.2003551721572876, 0.10901018977165222, 0.0426546111702919, 0.12758758664131165, 0.04322283715009689, 0.08589666336774826, 0.05207943543791771, 0.06447245925664902, 0.02943233773112297, 0.06273183226585388, 0.11699876189231873, 0.07170521467924118, 0.04696565121412277, 0.06660029292106628, 0.02950160764157772, 0.09897647053003311, 0.013615734875202179, 0.04963798075914383, 0.06090090423822403, 0.11393101513385773, 0.10481628775596619, 0.10223358869552612, 0.047888170927762985, 0.07629241794347763, 0.08244061470031738, 0.03697828948497772, 0.08077020943164825, 0.0661974623799324, 0.01247683446854353, 0.055442605167627335, 0.050027817487716675, 0.027031343430280685, 0.034748584032058716, 0.03963274881243706, 0.021562619134783745, 0.04586222767829895, 0.06840579211711884, 0.06768716126680374, 0.05797303095459938, 0.04096385836601257, 0.017795763909816742, 0.04755380004644394, 0.05798282101750374, 0.02797476202249527], "accuracy": [0.8615624904632568, 0.9950000047683716, 0.9859374761581421, 0.9981250166893005, 0.9768750071525574, 0.995312511920929, 0.9859374761581421, 0.9925000071525574, 0.9896875023841858, 0.9965624809265137, 0.9903125166893005, 0.9790624976158142, 0.9881250262260437, 0.9928125143051147, 0.9893749952316284, 0.9965624809265137, 0.9828125238418579, 1.0, 0.9925000071525574, 0.9903125166893005, 0.9787499904632568, 0.9806249737739563, 0.9803125262260437, 0.9943749904632568, 0.987500011920929, 0.9846875071525574, 0.9956250190734863, 0.9859374761581421, 0.9893749952316284, 1.0, 0.9906250238418579, 0.9925000071525574, 0.9965624809265137, 0.9946874976158142, 0.9940624833106995, 0.9971874952316284, 0.9928125143051147, 0.9884374737739563, 0.9887499809265137, 0.9900000095367432, 0.9937499761581421, 0.9981250166893005, 0.9925000071525574, 0.9906250238418579, 0.9956250190734863], "val_loss": [0.6090076565742493, 0.4914707839488983, 0.45149433612823486, 0.4214584231376648, 0.42702987790107727, 0.4112987518310547, 0.4106888473033905, 0.4043196737766266, 0.4030635952949524, 0.39619141817092896, 0.3964540362358093, 0.4053990840911865, 0.4032362103462219, 0.3975176215171814, 0.39707478880882263, 0.39290645718574524, 0.3944515883922577, 0.39161205291748047, 0.3909361660480499, 0.3914255201816559, 0.3949788808822632, 0.39718708395957947, 0.39869388937950134, 0.3918422758579254, 0.3905511498451233, 0.3904400169849396, 0.38888928294181824, 0.3899661600589752, 0.3885497748851776, 0.38784071803092957, 0.38862285017967224, 0.38893961906433105, 0.39046984910964966, 0.3915855884552002, 0.39077550172805786, 0.39292585849761963, 0.3916653096675873, 0.3883722722530365, 0.3885170817375183, 0.3883221447467804, 0.39070412516593933, 0.3944995105266571, 0.3938768804073334, 0.3910280466079712, 0.39373496174812317], "val_accuracy": [0.9068750143051147, 0.9068750143051147, 0.9068750143051147, 0.9068750143051147, 0.9068750143051147, 0.9068750143051147, 0.9068750143051147, 0.9068750143051147, 0.9068750143051147, 0.9068750143051147, 0.9068750143051147, 0.9068750143051147, 0.9068750143051147, 0.9068750143051147, 0.9068750143051147, 0.9068750143051147, 0.9068750143051147, 0.9068750143051147, 0.9068750143051147, 0.9068750143051147, 0.9068750143051147, 0.9068750143051147, 0.9068750143051147, 0.9068750143051147, 0.9068750143051147, 0.9068750143051147, 0.9068750143051147, 0.9068750143051147, 0.9068750143051147, 0.9068750143051147, 0.9068750143051147, 0.9068750143051147, 0.9068750143051147, 0.9068750143051147, 0.9068750143051147, 0.9068750143051147, 0.9068750143051147, 0.9068750143051147, 0.9068750143051147, 0.9068750143051147, 0.9068750143051147, 0.9068750143051147, 0.9068750143051147, 0.9068750143051147, 0.9068750143051147]}