{"loss": [0.5887012481689453, 0.28968390822410583, 0.062215059995651245, 0.04922664538025856, 0.04989675059914589, 0.06923039257526398, 0.06319310516119003, 0.0644814744591713, 0.07707329839468002, 0.050004564225673676, 0.06405752897262573, 0.10494450479745865, 0.031904127448797226, 0.034196678549051285, 0.0790150836110115, 0.020577874034643173, 0.05378070846199989, 0.09045345336198807, 0.05343097820878029, 0.022547468543052673, 0.045061077922582626, 0.047706641256809235, 0.08176996558904648, 0.06492350250482559, 0.07550263404846191, 0.02347065880894661, 0.061067089438438416, 0.06325779855251312, 0.021488554775714874, 0.10348200798034668, 0.10643891245126724, 0.05298609286546707, 0.03630634769797325, 0.054852891713380814, 0.019515424966812134, 0.006681965664029121, 0.013727801851928234, 0.046563614159822464, 0.06074197217822075, 0.10616156458854675, 0.03508853539824486, 0.10392042994499207, 0.0693192407488823, 0.05062811076641083, 0.0400213859975338, 0.04652322456240654, 0.06891340017318726, 0.05199386551976204, 0.07285623252391815, 0.042072221636772156, 0.06345349550247192, 0.03428388014435768, 0.028123443946242332, 0.045767396688461304, 0.07676269114017487, 0.040298428386449814, 0.008079374209046364], "accuracy": [0.932812511920929, 0.9818750023841858, 1.0, 0.9934375286102295, 0.9937499761581421, 0.9868749976158142, 0.9900000095367432, 0.9900000095367432, 0.9862499833106995, 0.9925000071525574, 0.9900000095367432, 0.9809374809265137, 0.9965624809265137, 0.9946874976158142, 0.9853125214576721, 0.9978125095367432, 0.9903125166893005, 0.9825000166893005, 0.9915624856948853, 0.996874988079071, 0.9934375286102295, 0.9925000071525574, 0.9837499856948853, 0.9868749976158142, 0.9859374761581421, 0.9975000023841858, 0.9893749952316284, 0.9887499809265137, 0.9971874952316284, 0.9806249737739563, 0.9787499904632568, 0.9906250238418579, 0.9946874976158142, 0.9900000095367432, 0.9978125095367432, 1.0, 0.9981250166893005, 0.9931250214576721, 0.9900000095367432, 0.9759374856948853, 0.9934375286102295, 0.9781249761581421, 0.9871875047683716, 0.9909374713897705, 0.9934375286102295, 0.9912499785423279, 0.987500011920929, 0.9915624856948853, 0.9862499833106995, 0.9912499785423279, 0.9878125190734863, 0.9940624833106995, 0.9950000047683716, 0.9928125143051147, 0.9862499833106995, 0.9921875, 1.0], "val_loss": [0.5862345099449158, 0.4262861907482147, 0.37729811668395996, 0.37761589884757996, 0.3814193308353424, 0.378764808177948, 0.37583327293395996, 0.374787837266922, 0.3702479302883148, 0.370186984539032, 0.36971327662467957, 0.3591192960739136, 0.3654053807258606, 0.37622958421707153, 0.3643643856048584, 0.37306731939315796, 0.36876460909843445, 0.3516923487186432, 0.35558757185935974, 0.3685567080974579, 0.367728590965271, 0.36127394437789917, 0.35212793946266174, 0.34663769602775574, 0.34493488073349, 0.361439973115921, 0.35484710335731506, 0.35249030590057373, 0.36924120783805847, 0.34088948369026184, 0.33121463656425476, 0.34106799960136414, 0.35543936491012573, 0.34795770049095154, 0.36434483528137207, 0.38556739687919617, 0.40117236971855164, 0.3856559693813324, 0.3667660653591156, 0.337249219417572, 0.348215252161026, 0.3295295834541321, 0.33354565501213074, 0.34007397294044495, 0.34459030628204346, 0.3534824848175049, 0.3350493311882019, 0.3391422927379608, 0.33023878931999207, 0.3389092683792114, 0.3338578939437866, 0.3441537618637085, 0.3558562994003296, 0.35191163420677185, 0.331956684589386, 0.3430093824863434, 0.3610948324203491], "val_accuracy": [0.9068750143051147, 0.9068750143051147, 0.9068750143051147, 0.9068750143051147, 0.9068750143051147, 0.9068750143051147, 0.9068750143051147, 0.9068750143051147, 0.9068750143051147, 0.9068750143051147, 0.9068750143051147, 0.9068750143051147, 0.9068750143051147, 0.9068750143051147, 0.9068750143051147, 0.9068750143051147, 0.9068750143051147, 0.9068750143051147, 0.9068750143051147, 0.9068750143051147, 0.9068750143051147, 0.9068750143051147, 0.9068750143051147, 0.9068750143051147, 0.9068750143051147, 0.9068750143051147, 0.9068750143051147, 0.9068750143051147, 0.9068750143051147, 0.9068750143051147, 0.9068750143051147, 0.9068750143051147, 0.9068750143051147, 0.9068750143051147, 0.9068750143051147, 0.9068750143051147, 0.9068750143051147, 0.9068750143051147, 0.9068750143051147, 0.9068750143051147, 0.9068750143051147, 0.9068750143051147, 0.9068750143051147, 0.9068750143051147, 0.9068750143051147, 0.9068750143051147, 0.9068750143051147, 0.9068750143051147, 0.9068750143051147, 0.9068750143051147, 0.9068750143051147, 0.9068750143051147, 0.9068750143051147, 0.9068750143051147, 0.9068750143051147, 0.9068750143051147, 0.9068750143051147]}