{"loss": [0.5724637508392334, 0.35875850915908813, 0.20926597714424133, 0.12562154233455658, 0.06666669249534607, 0.05522223562002182, 0.03587600961327553, 0.05217498913407326, 0.08844640105962753, 0.04000929743051529, 0.1018906980752945, 0.04699999839067459, 0.05921337008476257, 0.030423447489738464, 0.03350549563765526, 0.026627469807863235, 0.03692770376801491, 0.04557499289512634, 0.03645244613289833], "accuracy": [0.9424999952316284, 0.9965624809265137, 0.979687511920929, 0.9846875071525574, 0.9928125143051147, 0.9925000071525574, 0.9962499737739563, 0.9918749928474426, 0.984375, 0.9946874976158142, 0.9815624952316284, 0.9931250214576721, 0.9906250238418579, 0.9959375262260437, 0.9956250190734863, 0.996874988079071, 0.9940624833106995, 0.9934375286102295, 0.9950000047683716], "val_loss": [0.6056930422782898, 0.4697325825691223, 0.38048842549324036, 0.36532604694366455, 0.3826781213283539, 0.4087139070034027, 0.4369613528251648, 0.44867122173309326, 0.4387088716030121, 0.45267924666404724, 0.4328869581222534, 0.44413742423057556, 0.4475094974040985, 0.467772901058197, 0.4797956943511963, 0.49499472975730896, 0.5056273341178894, 0.4920942783355713, 0.5001276135444641], "val_accuracy": [0.9068750143051147, 0.9068750143051147, 0.9068750143051147, 0.9068750143051147, 0.9068750143051147, 0.9068750143051147, 0.9068750143051147, 0.9068750143051147, 0.9068750143051147, 0.9068750143051147, 0.9068750143051147, 0.9068750143051147, 0.9068750143051147, 0.9068750143051147, 0.9068750143051147, 0.9068750143051147, 0.9068750143051147, 0.9068750143051147, 0.9068750143051147]}