{"loss": [0.6098607778549194, 0.39272838830947876, 0.21827855706214905, 0.110353022813797, 0.06838846951723099, 0.05465015396475792, 0.07605677843093872, 0.07738637179136276, 0.06497067213058472, 0.06975468248128891, 0.07764961570501328, 0.06924843788146973, 0.07286625355482101, 0.06999307125806808, 0.07586205005645752, 0.039423320442438126, 0.04796900227665901, 0.09928324073553085, 0.012143424712121487], "accuracy": [0.8209375143051147, 0.9881250262260437, 0.9856250286102295, 0.9921875, 0.9931250214576721, 0.9937499761581421, 0.9871875047683716, 0.9856250286102295, 0.9896875023841858, 0.9878125190734863, 0.9878125190734863, 0.9887499809265137, 0.987500011920929, 0.9881250262260437, 0.987500011920929, 0.9946874976158142, 0.9925000071525574, 0.9818750023841858, 1.0], "val_loss": [0.6274944543838501, 0.5159114599227905, 0.4187011420726776, 0.3804754912853241, 0.38521939516067505, 0.40689539909362793, 0.4115283191204071, 0.4179242253303528, 0.42617180943489075, 0.42319023609161377, 0.4216445982456207, 0.42959171533584595, 0.4210447072982788, 0.42142337560653687, 0.42139002680778503, 0.43521153926849365, 0.443744421005249, 0.42716357111930847, 0.4521959722042084], "val_accuracy": [0.9068750143051147, 0.9068750143051147, 0.9068750143051147, 0.9068750143051147, 0.9068750143051147, 0.9068750143051147, 0.9068750143051147, 0.9068750143051147, 0.9068750143051147, 0.9068750143051147, 0.9068750143051147, 0.9068750143051147, 0.9068750143051147, 0.9068750143051147, 0.9068750143051147, 0.9068750143051147, 0.9068750143051147, 0.9068750143051147, 0.9068750143051147]}