{"loss": [0.5549333095550537, 0.1496308147907257, 0.08348098397254944, 0.09142380952835083, 0.019155152142047882, 0.012320581823587418, 0.0834934264421463, 0.11264193803071976, 0.042000483721494675, 0.08893417567014694, 0.05694042146205902, 0.07753906399011612, 0.03675484284758568, 0.035048555582761765, 0.027538476511836052, 0.09080339223146439, 0.047870516777038574, 0.03954410180449486, 0.08210138976573944, 0.15633134543895721, 0.108666330575943, 0.052227750420570374, 0.019105276092886925, 0.045410774648189545, 0.09364734590053558, 0.03358679637312889, 0.08143299072980881, 0.04159615561366081, 0.0921911895275116, 0.04947447404265404, 0.023887718096375465, 0.046996135264635086, 0.08091616630554199, 0.02673003263771534, 0.04664606600999832, 0.04953742027282715, 0.035447824746370316, 0.02576921135187149, 0.04731642082333565, 0.02628564089536667, 0.05358443781733513, 0.04244627803564072, 0.05813717469573021, 0.08282175660133362, 0.03336619213223457, 0.036153510212898254, 0.045009661465883255, 0.09610074758529663, 0.05825238302350044, 0.09023832529783249, 0.028406642377376556, 0.04374910891056061, 0.03644957020878792, 0.05824797973036766, 0.07861001789569855], "accuracy": [0.8050000071525574, 0.9959375262260437, 0.9871875047683716, 0.9856250286102295, 1.0, 1.0, 0.9881250262260437, 0.9821875095367432, 0.995312511920929, 0.9850000143051147, 0.9912499785423279, 0.9884374737739563, 0.995312511920929, 0.9956250190734863, 0.996874988079071, 0.984375, 0.9931250214576721, 0.9946874976158142, 0.9865624904632568, 0.9696875214576721, 0.9803125262260437, 0.9934375286102295, 0.9990624785423279, 0.9934375286102295, 0.9828125238418579, 0.9959375262260437, 0.9862499833106995, 0.9937499761581421, 0.984375, 0.9925000071525574, 0.9975000023841858, 0.9931250214576721, 0.9862499833106995, 0.9971874952316284, 0.9925000071525574, 0.9925000071525574, 0.9950000047683716, 0.996874988079071, 0.9934375286102295, 0.9965624809265137, 0.9918749928474426, 0.9937499761581421, 0.9903125166893005, 0.9850000143051147, 0.9959375262260437, 0.995312511920929, 0.9928125143051147, 0.9834374785423279, 0.9903125166893005, 0.9837499856948853, 0.996874988079071, 0.9928125143051147, 0.9950000047683716, 0.9906250238418579, 0.9859374761581421], "val_loss": [0.6210958957672119, 0.5305817723274231, 0.49947506189346313, 0.4944168031215668, 0.46836936473846436, 0.44841811060905457, 0.4610101580619812, 0.47579577565193176, 0.45774781703948975, 0.4611915349960327, 0.4509458541870117, 0.4453418254852295, 0.4375506639480591, 0.4259987771511078, 0.41624560952186584, 0.4312640130519867, 0.42748963832855225, 0.4188980758190155, 0.429920494556427, 0.4510364830493927, 0.44540560245513916, 0.4211527705192566, 0.406095415353775, 0.40327632427215576, 0.41224154829978943, 0.4014027714729309, 0.40723517537117004, 0.40185368061065674, 0.40929070115089417, 0.40108203887939453, 0.3916172683238983, 0.39270302653312683, 0.401162713766098, 0.39109867811203003, 0.3907946050167084, 0.39326608180999756, 0.3903977870941162, 0.3850404620170593, 0.3872506618499756, 0.3830506503582001, 0.3858169615268707, 0.3857487738132477, 0.3881208300590515, 0.3963012397289276, 0.38990747928619385, 0.3871705234050751, 0.3865636885166168, 0.3932882249355316, 0.3913896083831787, 0.3935990631580353, 0.38677746057510376, 0.3854181170463562, 0.38441604375839233, 0.38523781299591064, 0.389766126871109], "val_accuracy": [0.9068750143051147, 0.9068750143051147, 0.9068750143051147, 0.9068750143051147, 0.9068750143051147, 0.9068750143051147, 0.9068750143051147, 0.9068750143051147, 0.9068750143051147, 0.9068750143051147, 0.9068750143051147, 0.9068750143051147, 0.9068750143051147, 0.9068750143051147, 0.9068750143051147, 0.9068750143051147, 0.9068750143051147, 0.9068750143051147, 0.9068750143051147, 0.9068750143051147, 0.9068750143051147, 0.9068750143051147, 0.9068750143051147, 0.9068750143051147, 0.9068750143051147, 0.9068750143051147, 0.9068750143051147, 0.9068750143051147, 0.9068750143051147, 0.9068750143051147, 0.9068750143051147, 0.9068750143051147, 0.9068750143051147, 0.9068750143051147, 0.9068750143051147, 0.9068750143051147, 0.9068750143051147, 0.9068750143051147, 0.9068750143051147, 0.9068750143051147, 0.9068750143051147, 0.9068750143051147, 0.9068750143051147, 0.9068750143051147, 0.9068750143051147, 0.9068750143051147, 0.9068750143051147, 0.9068750143051147, 0.9068750143051147, 0.9068750143051147, 0.9068750143051147, 0.9068750143051147, 0.9068750143051147, 0.9068750143051147, 0.9068750143051147]}