{"loss": [0.5863653421401978, 0.27496159076690674, 0.06552698463201523, 0.02749163843691349, 0.05888477712869644, 0.030121423304080963, 0.05333825945854187, 0.0648530125617981, 0.057201266288757324, 0.0655549168586731, 0.07261954993009567, 0.071513332426548, 0.04300392046570778, 0.02947908826172352, 0.063014455139637, 0.06327666342258453, 0.0710875540971756, 0.06456518173217773, 0.05326944962143898, 0.02207922749221325, 0.030383478850126266, 0.045268334448337555, 0.055231064558029175, 0.01817275583744049, 0.050315242260694504, 0.04361379146575928, 0.04292205721139908, 0.04635166749358177, 0.04684917628765106, 0.04705406725406647, 0.04642999544739723, 0.023057682439684868, 0.06061973422765732, 0.03860064223408699, 0.04087726026773453, 0.022422438487410545, 0.03942296281456947, 0.04187307879328728, 0.020133204758167267, 0.0497155524790287, 0.05272671580314636, 0.04212170094251633, 0.03663307800889015, 0.06799852848052979, 0.05965658649802208, 0.02130456455051899, 0.021285925060510635, 0.06530553102493286, 0.025790179148316383, 0.045225728303194046, 0.021494466811418533, 0.023931844159960747, 0.04587585851550102, 0.0614716000854969, 0.02962757833302021, 0.021241994574666023, 0.05163097754120827, 0.05398176610469818, 0.029087524861097336, 0.011802630499005318, 0.04872304946184158, 0.02548312582075596, 0.056348565965890884, 0.05972345173358917, 0.03766649216413498, 0.020955026149749756, 0.02573709562420845, 0.029558870941400528, 0.03752853348851204, 0.0318017452955246, 0.033809348940849304, 0.03313032537698746, 0.009331795386970043, 0.03394646942615509, 0.0483018197119236, 0.015869341790676117, 0.021627381443977356, 0.04079444706439972, 0.004025832284241915], "accuracy": [0.9665625095367432, 0.9928125143051147, 0.9956250190734863, 0.996874988079071, 0.9903125166893005, 0.9965624809265137, 0.9906250238418579, 0.9893749952316284, 0.9893749952316284, 0.9893749952316284, 0.9853125214576721, 0.9853125214576721, 0.9921875, 0.9950000047683716, 0.989062488079071, 0.9865624904632568, 0.9850000143051147, 0.9856250286102295, 0.9878125190734863, 0.996874988079071, 0.9950000047683716, 0.9915624856948853, 0.9878125190734863, 0.9975000023841858, 0.9900000095367432, 0.9912499785423279, 0.9906250238418579, 0.9893749952316284, 0.9884374737739563, 0.9884374737739563, 0.9906250238418579, 0.9975000023841858, 0.984375, 0.9931250214576721, 0.9912499785423279, 0.9959375262260437, 0.9915624856948853, 0.9909374713897705, 0.9965624809265137, 0.9893749952316284, 0.9900000095367432, 0.9900000095367432, 0.9912499785423279, 0.9853125214576721, 0.9859374761581421, 0.996874988079071, 0.9965624809265137, 0.9831249713897705, 0.9943749904632568, 0.9887499809265137, 0.9959375262260437, 0.9943749904632568, 0.9903125166893005, 0.9828125238418579, 0.9931250214576721, 0.9946874976158142, 0.9868749976158142, 0.9862499833106995, 0.9940624833106995, 0.9984375238418579, 0.9881250262260437, 0.9946874976158142, 0.989062488079071, 0.9862499833106995, 0.9918749928474426, 0.995312511920929, 0.9943749904632568, 0.9909374713897705, 0.9928125143051147, 0.9943749904632568, 0.9912499785423279, 0.9925000071525574, 0.9975000023841858, 0.9925000071525574, 0.9878125190734863, 0.9981250166893005, 0.9943749904632568, 0.9887499809265137, 1.0], "val_loss": [0.5757013559341431, 0.40084728598594666, 0.37949833273887634, 0.40077218413352966, 0.40121975541114807, 0.4108227789402008, 0.4056181311607361, 0.39503780007362366, 0.39136257767677307, 0.3850807547569275, 0.37614214420318604, 0.3624510169029236, 0.36885321140289307, 0.3793904185295105, 0.3707188665866852, 0.36411771178245544, 0.3567884564399719, 0.34927207231521606, 0.3510279059410095, 0.36962890625, 0.3767968416213989, 0.3725539445877075, 0.36175936460494995, 0.3770085275173187, 0.36598679423332214, 0.35909703373908997, 0.35707706212997437, 0.3540745973587036, 0.34982308745384216, 0.3478347361087799, 0.34920012950897217, 0.3601609468460083, 0.3421398997306824, 0.34905922412872314, 0.34133464097976685, 0.3504847586154938, 0.34874430298805237, 0.3446633517742157, 0.35680997371673584, 0.34759941697120667, 0.33790338039398193, 0.32936209440231323, 0.3286750912666321, 0.3123963475227356, 0.31454458832740784, 0.32419487833976746, 0.3331962823867798, 0.3179415464401245, 0.32261425256729126, 0.31521159410476685, 0.32723018527030945, 0.3376311957836151, 0.3226069211959839, 0.3096080720424652, 0.31987443566322327, 0.33512142300605774, 0.3161551356315613, 0.31180834770202637, 0.31292665004730225, 0.3360452950000763, 0.3244330585002899, 0.33247870206832886, 0.2996416687965393, 0.29363441467285156, 0.30017346143722534, 0.31711167097091675, 0.3220864236354828, 0.32561466097831726, 0.3174382448196411, 0.3210882842540741, 0.30824601650238037, 0.30883070826530457, 0.3295901417732239, 0.32561954855918884, 0.30791279673576355, 0.31941357254981995, 0.32208412885665894, 0.31271448731422424, 0.32578349113464355], "val_accuracy": [0.9068750143051147, 0.9068750143051147, 0.9068750143051147, 0.9068750143051147, 0.9068750143051147, 0.9068750143051147, 0.9068750143051147, 0.9068750143051147, 0.9068750143051147, 0.9068750143051147, 0.9068750143051147, 0.9068750143051147, 0.9068750143051147, 0.9068750143051147, 0.9068750143051147, 0.9068750143051147, 0.9068750143051147, 0.9068750143051147, 0.9068750143051147, 0.9068750143051147, 0.9068750143051147, 0.9068750143051147, 0.9068750143051147, 0.9068750143051147, 0.9068750143051147, 0.9068750143051147, 0.9068750143051147, 0.9068750143051147, 0.9068750143051147, 0.9068750143051147, 0.9068750143051147, 0.9068750143051147, 0.9068750143051147, 0.9068750143051147, 0.9068750143051147, 0.9068750143051147, 0.9068750143051147, 0.9071875214576721, 0.9071875214576721, 0.9071875214576721, 0.9075000286102295, 0.9068750143051147, 0.9071875214576721, 0.9075000286102295, 0.9078124761581421, 0.9078124761581421, 0.9078124761581421, 0.9068750143051147, 0.9068750143051147, 0.9065625071525574, 0.9071875214576721, 0.9065625071525574, 0.9059374928474426, 0.9068750143051147, 0.9068750143051147, 0.90625, 0.9053124785423279, 0.9043750166893005, 0.9049999713897705, 0.9049999713897705, 0.9046875238418579, 0.9040625095367432, 0.9043750166893005, 0.9046875238418579, 0.9043750166893005, 0.9043750166893005, 0.9043750166893005, 0.9043750166893005, 0.9043750166893005, 0.90625, 0.9059374928474426, 0.9065625071525574, 0.9065625071525574, 0.9068750143051147, 0.9059374928474426, 0.9065625071525574, 0.90625, 0.9034374952316284, 0.90625]}